date,year,month,Amazonie_T2m,Amazonie_PWAT,Amazonie_APCP,Amazonie_TCDC,Indonesie_T2m,Indonesie_PWAT,Indonesie_APCP,Indonesie_TCDC,Siberie_T2m,Siberie_PWAT,Siberie_APCP,Siberie_TCDC,Sahel_T2m,Sahel_PWAT,Sahel_APCP,Sahel_TCDC
1979-01-01,1979,1,297.5167715609735,46.45498040130031,0.7334612285751894,63.27923221763246,299.5593792796287,48.872325177114355,1.3521385535548456,63.37496601388032,239.40596256411828,1.7493607012975425,0.1559333780518859,79.7087047902073,295.45986042500783,15.569243720111158,0.013945112856539026,21.235752385265553
1979-02-01,1979,2,297.80760983101845,47.11845250051591,0.8702492140467792,72.13239365412579,299.66293107357274,48.66776351239992,1.236347098437974,60.590718027577566,244.38367444619982,2.424672497805407,0.2152173341561899,80.58992363714334,296.68636974963204,11.30479476926904,0.0036455332587375243,10.48528585241004
1979-03-01,1979,3,297.5143238381892,51.1409159356493,1.59514988637701,77.66156017492446,299.75363352560277,50.65434463261743,1.3684517327797463,67.30836037216116,255.42557957347012,3.469846610306583,0.22600879651020986,84.80134565886719,299.49965833543916,17.687973198975172,0.01804667604476027,23.15392777139951
1979-04-01,1979,4,297.24707991949106,51.99996960452733,1.766874728174093,74.25000820146352,300.01724665874195,49.665610748040244,1.1964303771375673,55.085943070784865,264.148114685553,5.206559859737648,0.327549809761197,88.01828026515646,301.7965420391643,17.62963209635091,0.034681236870764236,25.02752856131444
1979-05-01,1979,5,297.1371872737247,50.276642600390744,1.2288330774444873,66.0301974807994,300.3169548603761,51.15746993913903,1.0996032742273507,51.870187638556324,274.5009172130801,10.033856051159091,0.5157834005335883,84.11923399719834,303.07743771858827,29.233483787233748,0.2550212775676504,47.66326957368668
1979-06-01,1979,6,296.5774360165787,47.43218872699189,1.0591459127096534,65.50340777820655,299.93913817034223,50.341644496904046,0.9962373684327849,52.09434053338867,286.07316534060465,17.43492807963629,0.47486890294024575,65.40458662823602,303.3179491431609,35.62605220130772,0.4725410739900373,57.19519347170059
1979-07-01,1979,7,297.02209501339894,41.58185575006588,0.5249835015068958,52.73821521626379,299.26298377303044,45.778226631034066,0.6991877790078214,54.57451230607634,289.53214753799216,20.145239289421554,0.35984406243900724,55.131802907820564,301.98253635974044,38.370291123582234,0.8640156418742316,60.000729054638285
1979-08-01,1979,8,298.3283248175231,43.38206505613797,0.6359820335725725,55.70135452120353,299.2611837363849,43.51171536744654,0.5190112032936546,48.479371728310475,284.12082000573224,17.74972438605161,0.4982176927503963,72.26091827192958,301.1794115053782,41.04566080885783,1.0253885493899264,63.92868156097166
1979-09-01,1979,9,299.1111966149008,39.8599483879285,0.3938214135628616,48.849917206069655,299.3733752438145,47.36995593076607,0.9494046360607449,52.955299727150226,278.3986420848334,12.80393688920933,0.41229213258808983,74.78741764316896,301.87331264253976,35.79488115924965,0.5399940951114469,53.06883110191939
1979-10-01,1979,10,299.4375497794457,45.59615781135767,0.7332110559430761,61.40178844395252,299.9377679289577,43.897336594610145,0.6595990613077515,60.19949120633419,265.87880159902824,6.584668291648655,0.40886798299537896,87.54984284624122,301.3132165754228,28.859816495883173,0.13357663810123113,40.852748236819906
1979-11-01,1979,11,299.40085330208524,45.50624152790672,0.7309405079207717,62.54444365788376,299.95027307215787,48.3255181154061,0.9656649202330435,53.191747786354895,254.8658042992155,4.109989431864009,0.31782267891671656,88.36682407718232,298.0239013499413,19.411493738744042,0.01926132128384268,16.343022116843322
1979-12-01,1979,12,298.03255999873574,47.69910902868266,1.0407205891417357,69.20262066678707,299.51479446268036,49.688852755559076,1.227611243072249,64.70577324387087,251.6441832763849,3.6830024515271442,0.2794094977989485,85.27299469767819,293.8045228630719,14.584485774674757,0.006301642934314378,19.222217590807364
1980-01-01,1980,1,297.92914579342334,46.50158133287191,0.9041226609862701,66.63321966253196,299.60514511819804,51.91630171241763,1.4515044894592692,74.92496513722492,245.7854718067951,2.5166542425128853,0.13944396682192411,79.43270304799132,295.0205700494752,14.425105437273636,0.004265389428120295,18.36345868583774
1980-02-01,1980,2,298.85619281971054,44.432749229373115,0.6396327399112434,71.20955468930926,299.54709600720645,50.807417120280725,1.3476488580560442,73.4908607397491,251.04592743918315,3.0521128532731012,0.15449498583192386,78.05723797120703,296.67403594994664,15.170398007668368,0.006142578583365235,21.402093048143538
1980-03-01,1980,3,297.8777361814613,49.96026401405239,1.5045957507799503,82.08984769322012,299.6407891795504,48.80536978184772,1.3351550739644797,64.98868325312327,254.8697083134044,3.0389118420061854,0.1725647092892694,81.98720787735087,299.6945663392901,15.998933572492305,0.004994312995550525,18.031147096018234
1980-04-01,1980,4,297.4474777581102,52.35029276960556,1.7671717493686703,80.93920530143698,299.9440900105201,52.583903581684424,1.3587210962915472,62.27375035949745,265.4604254857571,5.584262030777926,0.3206087679340027,85.99674124381367,302.90168274768394,19.546487519798927,0.020805194616607323,28.316765302886946
1980-05-01,1980,5,297.2206863036009,51.55250806310203,1.4210289480842386,66.88184407463939,300.22474478502943,48.59837864838021,0.8370771864422003,48.433021797521484,274.3288642510879,9.085585695332814,0.4768153144868858,81.38040996600972,304.1395721451265,27.19760327897029,0.12677554868771487,40.20616695887826
1980-06-01,1980,6,296.96151085348976,46.734676616837085,0.998766466661077,54.29693029471896,299.82340824480855,48.86148199752051,0.7797859633180234,48.56506894779013,284.28673593712676,15.643151575929856,0.4118652658430778,66.77620575675085,303.7553141933324,31.481845026915245,0.3259131867149941,48.218235545087616
1980-07-01,1980,7,297.2665100285119,42.94928399225522,0.6810665989123881,47.99503170298225,299.5072593148975,46.5503081796286,0.6151429544147486,47.636485524268764,289.2104676202284,23.069309204414086,0.5151847026230503,66.67338142508629,301.9365180486925,39.01748129457397,0.6767183108914384,57.140461070658894
1980-08-01,1980,8,298.56102728440624,40.40875583285003,0.4668848164871172,50.25975744005939,299.2182524210659,47.186976127444005,0.9186718920686289,57.28208938178133,286.3224933496643,20.236266824886844,0.47244912190150284,65.8147001850851,301.554935175855,39.28476706594641,0.7497970393151315,61.006207814384425
1980-09-01,1980,9,299.6977973846196,40.49299000417265,0.40940988566295944,48.11771876656853,299.5848165785654,42.877237770319404,0.5395815166493546,50.32332659118833,278.482494524325,13.251055572512628,0.4425109972595999,77.3923123860336,302.24513235398217,32.68861611055662,0.2922226702230372,42.45373649950139
1980-10-01,1980,10,299.3034543942271,42.722059386945936,0.6261574082551306,56.882714003532634,299.8635738731944,46.76742072862347,0.9511389225561119,59.38045442838617,268.84405679898003,7.486851049256259,0.339755967138036,88.12647967859787,301.0831956424855,25.815081010039332,0.09512685626465367,31.66988977862073
1980-11-01,1980,11,298.960191678549,45.06140900207282,0.8911741192004857,64.0130407047635,299.9991031346131,47.071362479149485,0.9913615540995124,51.899269567758644,255.47196615373244,4.215220769426428,0.326251536551036,87.16696538850664,297.8900679217428,18.850443890170283,0.007567190530277268,18.638362994245867
1980-12-01,1980,12,298.70316325560464,45.29920648978055,0.7730485046260794,65.42511133645647,299.8812791450484,51.56886040823075,1.463589315307533,64.18884213276749,251.38274120093794,3.6931432560373083,0.22298046856363818,83.18671021304581,293.95100449884274,14.473782665740151,0.003308631624567885,16.68512394930828
1981-01-01,1981,1,297.8146306297834,47.17048607981457,1.0321901557843332,74.4717468362629,299.7301431473701,50.30493693050565,1.4754482435664316,72.79859553983545,253.29806177059584,3.8138696155635468,0.1730231128773093,80.43735125216385,293.34667638061904,13.730608864308934,0.0018405027777125258,18.528279390418227
1981-02-01,1981,2,297.5756825400176,50.73062199634504,1.6140549994213593,79.67341587313227,299.5190106481766,51.12256025349106,1.519703307092314,73.53077280458851,250.80319687793957,2.9537128509826833,0.16002963120614153,81.1686055216739,296.12142067837135,13.81431499910888,0.0019687324948500944,19.33462366236121
1981-03-01,1981,3,298.83986453202505,46.53945863789575,0.8045344487381516,68.97758097703672,299.75655535373676,48.60225765939102,1.1503446197025806,59.341971875044514,257.6816808306924,4.2780738782652845,0.2668805968495985,84.99182034350001,299.8700438975506,17.309161424756358,0.031703462344185446,29.841467576103177
1981-04-01,1981,4,298.1053533934614,50.92567103033857,1.5045738313878527,74.73754420306622,299.9930801427637,48.70644689608675,1.0642253581062695,51.857103729278634,268.8765422341542,6.649461351761989,0.39985296174779567,84.83955359600724,302.06085002979626,18.44853476914447,0.03788872650669815,21.223887690516577
1981-05-01,1981,5,297.24050574310047,52.870154954460155,1.7300964097282663,75.69060649316565,300.1918231188151,52.37859314290175,1.2951565014343427,54.671168751512,276.40821921790655,9.847537978231202,0.407656878840272,75.21627063972926,303.5384687547384,27.796731915645882,0.16771373102315357,44.56436187564451
1981-06-01,1981,6,297.10905095025356,46.93675790421663,0.951732120116608,58.90081835045667,299.8400706601842,48.4751613404901,0.7497077816607043,48.874405010394625,285.58084588414806,16.557469301436367,0.40513809753869634,60.7306541474666,303.8765181046388,30.189200049356483,0.2428791675282189,41.31616063702331
1981-07-01,1981,7,296.5650338203942,43.24338423114265,0.8889375813276977,60.856130593174676,299.55922956470033,49.61930752035611,1.2213368583728297,50.691933001454025,287.54683315512517,20.433873804876892,0.526609183347466,62.437879194593854,301.76373519449993,38.1418297839976,0.717639008427264,58.91846114311626
1981-08-01,1981,8,298.41057512979864,40.85625083193575,0.46580915987610594,56.52481557073334,299.6429469238121,40.638478308930836,0.35933718114511704,50.72116541107047,285.6506520002879,19.408276946295576,0.42563185829148,60.27961489127176,301.8102994850253,37.61267766682816,0.6043018818796191,55.562753309673866
1981-09-01,1981,9,299.64591793057195,39.3135749546531,0.35371728611199993,50.76390763790288,299.6800768566277,48.89592006050719,1.1234749312472279,60.72368103654556,277.25500995994656,12.484063181624743,0.4268834519555475,81.38696466822095,301.5700600198241,33.42524111966965,0.4474908762691806,49.65830316457865
1981-10-01,1981,10,299.9489226238404,40.53605935582181,0.3485351104849253,55.56445903963643,299.94441490699916,47.15439630016924,0.9252629989246302,56.00252996968666,267.0148110751469,7.214909867476484,0.3211988511156631,85.89646404669945,301.06684854990056,23.85680208993378,0.07062534274818441,28.294441068996946
1981-11-01,1981,11,299.73532282361185,44.96819014031835,0.5768983181670364,66.85481543778741,299.8131343533155,51.948774693243664,1.4563269404040438,66.96705016994876,256.45202554516396,4.698843453198518,0.20274531367982948,82.66291384974804,296.32184308986666,16.406409394273307,0.005819719739377787,15.739750702773957
1981-12-01,1981,12,298.7533056391412,48.20886942579147,0.8963009815919285,70.80512505074547,299.4754822279214,51.51096276099487,1.620685183793578,72.40396810573925,253.3859358160531,3.9025263959764565,0.281885661177775,87.79818528650162,294.86219124876254,11.119867728497573,0.00171728313621703,17.100402203563718
1982-01-01,1982,1,297.2321483865273,49.18138719056286,1.3514784087099605,82.91707044514794,299.3691013049504,50.566083682606155,1.636698836140606,74.88528252913005,245.06475766446994,2.503787099926038,0.1797340101722217,79.32617031380721,294.2847913820652,14.077701165074958,0.008998133218156628,23.54218752702148
1982-02-01,1982,2,297.38361736697885,51.836367551682976,1.7086033346739293,85.61643613649917,299.4030501174361,50.96940613328825,1.4833357633260202,72.90005661670762,252.326094374796,3.0848494543518927,0.1712410517508241,81.3870057100843,295.3358159261182,14.939021567466733,0.011529553999827373,27.187200623255315
1982-03-01,1982,3,297.36683875762185,51.95452633794246,1.7911586455960853,84.83619758913589,299.4634574038991,50.24075512619721,1.482410163326626,74.71216920439797,253.53157991262242,3.0120820846607352,0.17375868231629463,82.85984619734748,299.2069452258067,19.151558911937286,0.01724491799762512,29.164523828353445
1982-04-01,1982,4,296.7379101649778,53.7443264142304,2.451587246044783,88.67629085418271,299.9692775019309,50.75097594877933,1.4145632800987753,66.39154960739218,269.96966257575997,7.738653170197352,0.5011360245852965,88.9268175220104,302.07887348296845,21.21212313652871,0.02899019901733026,27.132073667157087
1982-05-01,1982,5,296.6561580962176,52.21306578648502,1.8699376570066075,70.85790205721366,299.87495845295626,47.86909022114605,1.0688022644685558,57.1476527422857,276.0911233657142,9.88090079719463,0.46755361440565685,78.40058048485263,303.03517010755763,26.702472531587695,0.11718115635401126,40.05964251565935
1982-06-01,1982,6,296.8174784014425,45.04888747876197,0.6874630408871218,48.23630494349754,299.57406296286325,45.54594487856377,0.6742304535917037,48.13239235515899,285.7066008846935,17.236056612169527,0.4151494232763155,64.7510896191947,303.76490671200855,29.184439072104738,0.16125981448220925,39.22869716388498
1982-07-01,1982,7,296.952899972347,41.72852492975642,0.5986182048836921,52.72586559565167,299.01976432505194,39.009697296008795,0.2881282818882609,41.79083972611296,288.88437969226413,21.78922591660191,0.48750561876375764,60.92081400273772,302.19061367037665,34.77067721715289,0.5097516583714108,51.905503297558354
1982-08-01,1982,8,298.1525585556965,38.64045386525648,0.349266472207039,48.78720925392979,298.8800022159452,40.039056392393704,0.396115706403163,42.92765314231157,285.10433770283805,18.203147684644915,0.4666987328263788,67.7874266363654,300.9894648971449,39.145889196050575,0.7717035320631376,57.676076967364494
1982-09-01,1982,9,299.58471115288637,38.97924033572926,0.30294526451623555,50.41280251009465,299.1490066755013,37.49209369435159,0.33088054343622897,41.35797144567865,276.61907197668376,11.749837637557867,0.4900490612249674,80.41145801882062,302.082235139176,31.401343492614494,0.276271140691632,43.34635810150704
1982-10-01,1982,10,300.3458111341069,37.46014597094592,0.2203184194923487,51.59276933891793,299.2720616043163,38.405146784256836,0.5375267006802584,49.05919642254733,263.45354618588505,5.9400979906439835,0.37976591680203264,87.30585591563595,300.3769523342524,26.990630288090763,0.12190885848364995,37.52539474754295
1982-11-01,1982,11,300.09916584595163,41.249550019037166,0.315441871540473,57.52972060261757,299.65701493332733,41.122702888192215,0.5903831882389197,43.116876336453416,254.34789378539497,4.570729975039612,0.30562196493550886,85.55538882243,295.6293661145948,15.47872444004542,0.012629803097270688,24.953067192619663
1982-12-01,1982,12,298.98360165285345,46.6963099450138,0.7206089649639015,69.21197624135445,299.8816617279971,47.682405757945624,0.9966336487948098,52.07439422400822,253.29508057808184,4.107623909485195,0.2948389558262475,87.50614143179136,293.40047259062214,13.389241062188855,0.004336168362638405,17.608595479780703
1983-01-01,1983,1,299.58356355508965,44.014456983993895,0.36196915366913235,55.74455177609611,299.8329296265707,48.87908275440488,1.1898028689125661,59.01325379650419,251.67463878101012,3.700152610816565,0.22534862760164007,85.12236561478838,291.2176939963557,12.53475923792334,0.005078655302433974,17.532265304585742
1983-02-01,1983,2,299.4803844871963,45.75131517975681,0.5338350296640134,65.19746550883205,299.89053473915095,48.30886198198807,1.0324777147733606,54.904378749500005,251.77164559780084,3.411202395359715,0.16815797510807387,80.10165409591627,296.511952506985,15.22886680254884,0.004469776942676,19.501842496417378
1983-03-01,1983,3,299.22870174324277,48.77599297822414,1.0875124963131226,70.17369784319337,300.1441252709002,48.31373430703341,0.8871721511770001,52.885844403169635,260.2795955738927,4.658601816276654,0.28633190568307476,87.02055160612075,298.29501220387,15.530463568480648,0.009113703817215948,23.908519116852673
1983-04-01,1983,4,297.83020151391963,54.376826821323554,2.145404637291845,81.29740218044957,300.12908143608706,50.221022730273354,1.2432606366686796,55.906724529622565,263.6515671280934,5.485748341645972,0.38671949264994115,88.87227137930256,301.83931433049463,18.338998504473473,0.016276868774376695,23.77689386923914
1983-05-01,1983,5,298.1624728623751,50.55814207847092,1.0422385809711074,64.96417506694863,300.0027129479625,53.10197150539017,1.5493816539472784,62.96065481873131,273.8063199918828,9.10088589075789,0.4820645600531237,84.46694516063835,304.2438066806032,25.718734633148436,0.08178939828420267,35.10925663625087
1983-06-01,1983,6,297.9110594033509,43.578953952787906,0.5550730069432792,54.317667145710686,299.8950495851728,49.68631198630307,1.1403095352724422,51.82194140820799,285.8574080382779,16.87387536723896,0.39075792628639433,58.121554352206026,304.0018259308116,32.56545573311895,0.25821791193606386,50.334209148347526
1983-07-01,1983,7,298.116717980589,40.396853659921334,0.4183574092506489,50.65397339522764,299.1854415747502,48.56321610222685,1.0692688829595103,57.14880572306051,288.19860622282073,20.345764884468032,0.4353196973147041,59.63293813073258,303.0633488740639,34.73559615590776,0.4072959496930971,49.814437988748026
1983-08-01,1983,8,298.7612008596765,41.21378772862094,0.43322703546358127,50.092710981394134,299.15538412267944,46.56015210549026,0.8899337181776986,50.450702018033056,285.502674462949,19.860901334989443,0.5553082598944157,68.1838069882523,301.7442404712025,37.31905695246515,0.5455055430198664,55.52691532558371
1983-09-01,1983,9,300.33898611243,37.04550881070085,0.1868558754453828,46.15653408466296,299.52803418677,45.157027962191485,0.9247032913371976,50.184754294578205,278.7365759004095,13.72003313894852,0.5276745450495222,85.66031778247009,302.0839083499549,31.870179303526598,0.29414926782509543,44.09804481520586
1983-10-01,1983,10,299.97751286716937,41.19797962836934,0.4677805903590283,57.29022196742151,299.7856057137652,48.05141077226371,1.0765122530460804,56.07623475061584,268.9848901150292,8.0347639738733,0.4159368173324515,87.15374207172304,299.8678668416268,20.332304943953503,0.038664860484851,21.28595072947757
1983-11-01,1983,11,299.91932008120864,40.961804679271495,0.3739501361719802,56.708133840780256,299.81273758227616,49.01137547912244,1.3103380430557299,63.30453022950183,261.67046967339587,5.406757865277524,0.4128045634137585,91.64652650516284,297.402068649303,15.520677386572912,0.007336882159021304,16.3649543040723
1983-12-01,1983,12,298.2722246268688,46.70042379526548,0.9454894898931365,72.14718873807836,299.4525771673796,49.64235677881038,1.342545726761521,65.56118145344982,253.76879682998847,4.138135545618258,0.2590429739282029,84.29186040345941,294.6286059120062,13.858495220134381,0.0022783836912388168,16.579361780423234
1984-01-01,1984,1,297.12579402105524,47.39819686134386,1.42329710154771,81.0345266754184,299.29764857157227,50.817419464428276,1.5331142714301966,71.51804657796491,250.8227095973474,3.4660366524649455,0.16819624493720203,81.80795730155509,292.88789149701324,11.172807081319174,0.0027976295073286416,14.164618269153078
1984-02-01,1984,2,297.1820140663467,47.09349929150886,1.22452978233921,77.6576696839942,299.16951531999837,52.420375378129556,1.828615959528298,80.03619071459241,249.4211611520577,2.8598113705988877,0.19325849327464226,81.47673006648573,295.66738287980155,9.704087662219884,0.0011660598323024118,13.312631274956548
1984-03-01,1984,3,297.6213533236663,48.38172644576829,1.174933641921567,82.5054427209983,299.4643283057266,51.24589127427687,1.5543656547784324,69.87964252153228,257.0126134302495,3.7285611745031755,0.18006056118270292,85.97792026069108,299.94390224021487,16.44212428249212,0.005122222682123406,21.375711549903468
1984-04-01,1984,4,297.2260124741908,49.266598143865004,1.4414333745298193,86.28694521004275,299.867160046421,52.631088955399676,1.5759991636247122,64.57211619440703,261.3167520796664,4.872557583424654,0.4081484191226416,86.45657189675161,302.49283934103227,19.736790411632793,0.020737749059594506,27.894520876011402
1984-05-01,1984,5,296.8146212015467,51.303768625483706,1.7507836103426073,83.97186632332746,299.84425016698935,51.99248710879606,1.45905337044814,62.652095044906694,276.33400899564015,10.322869748410017,0.47923367558023405,80.48272722855314,304.39154668136786,25.33438971525555,0.07736963268794149,33.412911834824115
1984-06-01,1984,6,296.367276731704,47.24397988402212,1.2399422598708303,56.606786888151596,299.5047380000939,48.67758967368334,0.9535792746499355,50.62505731857755,286.0300990347006,16.803391210969824,0.38130930899736665,59.59732492265472,303.46856710339927,26.858487966880304,0.16620616513451494,36.98752651999447
1984-07-01,1984,7,296.3181686123859,43.73073016322289,0.9600918616340126,52.93545171680406,298.95391721583974,46.92119037825918,1.1229632593682761,56.6941419033769,290.0195661788019,21.397588554216554,0.4017036804371956,55.51514123072363,302.39789003596553,32.27895399789188,0.36458843717114964,47.66245095475564
1984-08-01,1984,8,297.3144294255415,42.60499793300885,0.7448387787065099,48.32721213951735,299.1317159987552,45.698641855601224,0.8010145114177015,57.87203626183137,285.6929021202829,18.521609980481223,0.41935555929395535,61.40219753181117,302.51211607210854,30.86603289996908,0.26323316036067324,42.01155557084156
1984-09-01,1984,9,297.7407890501791,43.29502111698779,0.9094073788901208,58.384425510807105,299.2014421109435,48.14103246931854,1.2690560540012799,67.19364140160465,278.4115220408372,13.338911936375743,0.37759121347125585,73.53994170900963,302.3107829657817,30.81949168861239,0.22110782467175363,42.68210939214786
1984-10-01,1984,10,298.78977267750986,43.70270580587137,0.6794236761420941,55.86153913940381,299.6277926902182,45.45045429330302,0.9339552568155013,64.3685802517085,264.9426385618463,6.255899442811706,0.36123017866763957,83.51736606154947,300.9752226384554,22.403502466037576,0.0660236492213936,25.962383258632254
1984-11-01,1984,11,298.2646393722246,45.798025106140564,1.058109031615739,64.21460157425044,299.79990665449486,46.44933460259856,1.025713226521516,59.40321181847061,250.4917269558269,3.0897865911152858,0.22875508084079546,83.58801664231075,297.2011727381965,16.632514668267337,0.004648181918918814,13.55446978315888
1984-12-01,1984,12,297.91652250567546,46.426995931788554,0.9572445081520738,68.12782226215609,299.4953993225656,51.56816652240367,1.8610451393724086,76.06233732601194,246.67708030198892,2.6744241611433037,0.2176319632633142,86.0389852772866,293.63065269631386,13.693097441443667,0.004762336630906782,19.866725797493473
1985-01-01,1985,1,297.41351176094184,47.85464416921126,1.1514815076070903,79.269298695073,299.5592857579608,48.73411580778781,1.2171031513912673,66.18485282835938,245.50718674222537,2.6229820953646583,0.16764411527228607,81.45512327152905,295.4007884735647,15.373836244440716,0.0027438032621232003,27.397399963326077
1985-02-01,1985,2,296.93609469641564,44.66332963672591,1.1271823253624722,74.0934503931523,299.5766645669944,50.561272218721705,1.5321840916110956,70.62440821684183,243.120765603345,2.2404466209807614,0.07513017797122713,73.93035163496371,294.3532673798101,8.179179514841731,0.0015515941630390641,8.477786376270114
1985-03-01,1985,3,297.5873221071439,48.944650300333045,1.2167291858475586,76.96470629791372,299.57773628767694,49.069752754387856,1.3812070303148822,67.32912915540122,255.8289510651077,3.5168273522108056,0.2653832613958282,87.27819055713964,299.87081114537193,17.66774954465008,0.01461579489861161,27.983629899761038
1985-04-01,1985,4,297.6662764899774,46.175440591311194,1.04355384007646,75.74987526112582,299.93882081821147,50.57134634096989,1.2033463981300305,63.123305660416555,266.8339246415438,6.49948741608312,0.3998299967138497,86.85268389045723,300.4508656879741,16.280733876523357,0.025461045325604253,24.361292163450933
1985-05-01,1985,5,296.4935732219545,50.583322631629684,1.7149865024294422,81.3984651867627,299.97663151925997,50.43624330420005,1.1373997423894127,52.147295958098155,275.09437493868575,9.06106375288236,0.47032846961692365,80.89054397917987,303.2497806354124,23.523378255326353,0.07639160317555782,32.32819187253351
1985-06-01,1985,6,295.4111955695087,45.42152022818212,1.318649690504612,63.20363014417933,299.52262973538984,47.36208181373899,1.0444832148259549,54.688201510875686,286.9054677524668,16.90250905914076,0.37094091142746816,60.672089586763946,303.2862477451846,28.746022328953433,0.24457741592608612,39.24798261007048
1985-07-01,1985,7,295.81219574695615,43.61611375033335,1.0541894716453233,52.9201346611258,298.76535949856196,45.84518395944111,1.1129594596556203,57.46674440680306,288.1652043679177,19.36715096454449,0.4021825035242844,57.39042038666003,301.1762669927777,35.845910753385745,0.7072102587948141,59.58236264153294
1985-08-01,1985,8,297.23436537883555,41.54159431126073,0.6471485903803685,48.10279363429703,298.9895046835512,46.20105574111793,1.0150121292905894,54.96106997312604,285.2075044063501,18.70181697611217,0.5050647794176586,68.32161037409044,301.7989086172233,36.38265563428536,0.5783841922316744,52.90313910637306
1985-09-01,1985,9,298.40638670712264,40.584702904023466,0.5367634505883981,49.234973733879286,299.18568068192025,46.339404019256314,0.9449267465218196,59.82546987045817,277.9303356538843,12.953325287209273,0.4436776948395044,81.97302899960941,301.8980295304668,32.90853225710346,0.35352922810418114,47.03679749736186
1985-10-01,1985,10,299.2225906872491,41.42069269600939,0.5053103319341015,58.896255364304366,299.47308019525616,47.124265883126576,1.1340773982807066,62.357966931737366,268.56177409802837,7.104026055254991,0.3612684123993268,88.08268519572417,300.34791029780297,22.09492740681366,0.04901387232545652,25.252178899489355
1985-11-01,1985,11,298.4505402973099,44.67685919808814,0.8328639897871163,68.75163329042397,299.595618004749,49.18944335876083,1.3492995266696173,64.47202914899606,256.59792103164517,4.551396109769546,0.2553836708082052,87.51699780569005,297.3147110262639,16.121019077859938,0.008088394174093487,14.360968141616988
1985-12-01,1985,12,297.37197145225014,47.00667606474691,1.10044400843634,76.939099252201,299.5405388660629,49.37558469475484,1.2353883716032765,67.278206584146,248.09617707928095,3.19901949157345,0.15630317340945596,80.21615076624289,293.59680891562425,14.235629828850623,0.004945580386217102,21.551763433825336
1986-01-01,1986,1,297.4220486687483,47.22192499234909,1.036896580824522,69.98852878782836,299.36170680326944,52.88961085066821,1.8236147701319736,80.14210326515644,248.06945648502239,3.0579001251467424,0.16821852199069862,82.32740957232896,292.87706162227886,10.24095622458506,0.0017813133842414315,14.724648494367798
1986-02-01,1986,2,297.17721357628034,47.943081954121155,1.4270799788788915,79.0835776578038,299.193350365488,48.99191068360657,1.4001140569249957,72.59536942119429,252.29490994767784,2.967429411359937,0.18891425500480108,84.4245401081577,296.8532872964714,13.19986133239019,0.005477415685772949,15.551244878479716
1986-03-01,1986,3,297.1475629412414,48.007119441109424,1.3294344345142304,78.32057314213984,299.3566925349456,51.70347091355813,1.7248994230257797,72.50609724766062,257.659653729454,3.7711212404203533,0.28212698641075307,86.02951772354868,299.2323065169137,14.195686849772132,0.0077390224462010205,19.67277468453516
1986-04-01,1986,4,297.5111514265152,49.54527109032545,1.4262789567341876,77.68429320498372,299.73436321101906,50.75424084467336,1.4321246163371275,69.33121528554064,265.83435499707974,6.021571252226978,0.42924480913110497,88.70047364068509,302.46114965386005,17.834420826299855,0.018245481957193152,25.00852997246528
1986-05-01,1986,5,297.1633220990411,50.1373792962288,1.3556670568316986,69.74800746398364,300.0393430885115,46.58620882050421,0.8551772933013907,48.10274555663677,274.53909455776727,9.722521467228974,0.43318510950327127,81.4614478197485,303.33337303943074,23.447345357075864,0.05040925841255938,38.6174482097726
1986-06-01,1986,6,296.1622219539901,47.52388628679266,1.3184067905259034,69.99308036990799,299.7533464387389,49.45469499979243,1.000868418960896,49.975509424344665,284.8144923389498,15.501823627137437,0.43635329667279804,62.601240739952566,303.61894212793305,27.25826429963946,0.17120290119411813,39.981595429184246
1986-07-01,1986,7,296.1140525438773,42.701926835993326,0.8708481102869118,49.73753144030757,299.30701433951197,46.2682695333637,0.9885063986692935,53.52275745839154,291.5459861222101,22.79475432395163,0.433494691369716,57.47279159541194,301.89105919297594,35.78444255052646,0.5190751021874216,53.380415739733884
1986-08-01,1986,8,298.1070961964477,38.055184805101355,0.3423186493199815,43.01782986262241,299.26301974807296,43.644604623502865,0.6264585446076099,59.63497884344419,285.42553115156574,19.984205390153512,0.5180015356078967,69.63190529807856,302.0944880141182,35.961965977591866,0.527772194187585,52.29422660536802
1986-09-01,1986,9,298.74284219471014,40.81536817982853,0.5068145158969108,52.18672622325672,299.37022153829514,44.44062370915548,0.8971781952033786,57.051324075649866,277.6780789462867,12.876573442231496,0.5299136390142309,78.20080141006393,301.7977222199097,34.84776018888425,0.47982472613167076,51.8360477848763
1986-10-01,1986,10,299.10759039401626,41.79364666495959,0.6099128922965,61.20375168487441,299.60277915415907,47.6363651362253,1.1525447701086833,58.850994340916436,269.4195573623499,7.761384816268905,0.34917341939885144,82.38771964549213,300.58570432215174,23.81081601666495,0.059198242368527464,27.846833250014598
1986-11-01,1986,11,298.3807441343658,46.47410971511248,1.0255330942374281,69.51057824313322,299.5970552062351,48.288253939356316,1.401040661419618,66.24637103282578,258.8298027408184,4.898996072147791,0.26516789151967407,88.69782704982883,296.76754176781736,16.957258194317124,0.008182491929406508,17.201884338915566
1986-12-01,1986,12,298.0670752869914,45.79914424655215,0.7911605997304582,63.52306644219087,299.6580623859483,46.181242287572054,1.0442873927028207,62.98174933513787,247.42137150325755,2.742346422535864,0.19433165062883506,81.61607532653427,292.3337866417742,12.498612491283689,0.004128764273130111,17.73623613098588
1987-01-01,1987,1,297.8059360084923,47.444399148487186,0.8849974651503532,65.90378927348662,299.4655537610964,52.558211760892185,2.0138410777222497,77.07709957119125,244.12273295533774,2.4364093805280667,0.18934174174222201,78.95615231372936,293.8397106483553,11.483539720995005,0.0035398460242879824,14.219722329961028
1987-02-01,1987,2,298.17873817534274,47.479389356755,0.922876883045443,63.82993793083082,299.37136772620437,49.21994238368369,1.333194450698928,68.07011066282308,249.47903583901441,2.9717533246776853,0.1814158897317374,81.62598403726848,296.78733671285295,13.120701128184223,0.0030179278552615717,19.015958799629132
1987-03-01,1987,3,298.2812512966084,48.10562061439202,1.0208255520083627,74.64081360737444,299.66679951949754,47.45669162938321,1.1234040293066478,53.255039720959154,254.25558429660015,3.176344426854008,0.1893683976768619,82.02748240268592,299.2428829968833,15.928244411741108,0.023096460134264175,24.275289963705724
1987-04-01,1987,4,297.74112179261806,51.72634399515194,1.6449044547192595,71.90163120363908,299.94064305181814,47.725075723532406,1.0929215196279838,53.212911696457795,264.6504510748915,5.42456448382145,0.3459628484058453,85.86118065723025,301.07424434602046,15.300014131573263,0.01878425282190961,23.378729901434465
1987-05-01,1987,5,297.1622485009255,50.091434051339384,1.3942298498260413,63.247991487038234,300.01799470629925,49.934027926403765,1.2231704613976173,52.944312906756814,275.11469459318806,9.647412710480978,0.4085745008714349,78.9479692639506,303.6406905888909,26.119847170914266,0.17361793821431679,39.32675750940488
1987-06-01,1987,6,296.8977759036073,48.069874580315556,1.0375842771059542,53.2610096325997,299.97710988521067,47.329577854895234,0.6872071320399267,43.43179337660674,281.8551982436123,13.906712430967776,0.5021714855667487,71.04380031331277,303.22807014698003,31.052354461701366,0.36036540149963814,41.52077420216988
1987-07-01,1987,7,297.6133243162936,44.4966192521371,0.6820104573970543,49.20945802185891,299.4504123536004,42.57435210054708,0.49318637683167327,42.92101945330577,289.0107853581942,20.398220246069812,0.3743727235469882,55.100894521646985,303.7320967920384,35.00058234776613,0.3881533827142057,47.984461392621526
1987-08-01,1987,8,298.64000451087844,41.26241695957184,0.4547605120362268,48.16904577205099,299.1897612742583,44.082327557014196,0.6695781108856735,48.0277580687716,286.14783567837077,19.42642487263582,0.42171185173138565,62.15310948990048,302.08819814420474,39.77896465163531,0.7862525856628718,60.83471360429865
1987-09-01,1987,9,300.054424877244,40.85575661732653,0.42905425027577276,48.78427645424775,299.5812777250709,42.657680015124285,0.5419788683858431,46.21536790142151,277.77190124145585,11.866826367349312,0.38450000699497333,73.26354162656722,302.6703675158023,34.90320528833873,0.31224369610709035,49.059586144502624
1987-10-01,1987,10,300.166825099414,41.80772605977738,0.4153367324046399,55.67346904570566,299.90931152140337,44.5513130159678,0.7386296231782656,51.83120975945678,266.7788909137481,6.799965343672799,0.3617564190297017,88.54375422764622,300.84955630117366,26.892542179111274,0.09933756484440297,31.723714160507193
1987-11-01,1987,11,300.1942381233247,42.87046933752892,0.47663255244572145,58.09582296711892,300.0521401648557,50.39045547657004,1.1179496874905697,61.57085521426572,249.879097962184,3.0491204231466082,0.20452581046122537,82.28402809906655,297.81223803279585,17.09818711222613,0.004335963415779006,11.529074109520861
1987-12-01,1987,12,299.6495002049498,45.07269329093893,0.5829714735131319,59.25717934283323,299.9120009030836,52.5592254409291,1.552999689985916,67.935485507399,249.1596287793252,3.266261111893046,0.25625921391264495,86.99815229487356,294.69332746490653,12.801610327602528,0.005090550851211044,16.30793764920499
1988-01-01,1988,1,298.01066562222957,48.45524233668935,0.9668035789930843,69.49935297060179,299.86177004465725,51.64672656493119,1.3761559123927203,66.77095083806375,249.2373118588375,3.1493732245856823,0.19929969727488764,83.55609191750398,294.0751612281833,14.438369981990988,0.0036606390514684587,21.92691330138255
1988-02-01,1988,2,298.264630005953,50.59028157703861,1.171722997381139,75.5738127787938,299.8591831474638,51.23385141326573,1.5140783714873012,68.30410317340336,246.93397139840914,2.602735548364653,0.12114806935095941,79.35250824300061,296.6106847740926,15.56046624602555,0.010340759923302377,24.880159089301333
1988-03-01,1988,3,298.2379349995722,48.507099175288914,1.0352494096853295,73.87381458636692,300.2485170129874,54.58612600540193,1.7299577867621703,69.91205649554756,257.3468117572559,3.6942222897552504,0.21754994968057617,85.81134324048504,299.891239904906,16.453918108384034,0.007964125649130035,19.818164111082123
1988-04-01,1988,4,298.089302475336,51.38645733101378,1.308365946421709,82.73737467967753,300.29391406297157,49.607995532540436,1.119452144343481,51.20130796816032,265.48105003618326,6.26394837536469,0.5020688221457288,87.4960036563064,302.72758039373167,19.844455321608134,0.03376916037686494,32.435167030376356
1988-05-01,1988,5,297.0638074548157,53.65680059452272,1.9126792328102242,81.23549602642076,300.4806504503469,52.132696984702214,1.1571246017817378,50.538997120034445,275.8879326988913,9.632379855908656,0.43736835783633277,79.2942630144561,303.9714893721931,24.863095897463797,0.07028374150094632,31.815606596434026
1988-06-01,1988,6,296.52078297850977,49.3567829363158,1.3658999555945668,68.60057878036112,299.7940742320857,47.62387835868758,0.9484966833113956,46.31908063999164,283.8489561038353,16.45307093397384,0.637273688406683,72.696205330824,304.0196540258062,33.055953773131186,0.2858988281091952,46.96078639747521
1988-07-01,1988,7,296.37142051438633,45.45497905171816,1.0602516344848754,70.91681115634371,299.47724332200613,48.16216011744155,1.0133334110689738,52.08970133158374,288.7283585798791,22.781452997614064,0.5436268103454257,59.600893926461474,301.76411104387137,39.84675366375589,0.7501557467825242,60.734688277405546
1988-08-01,1988,8,298.2744439128031,42.148596205855746,0.5837655368642959,53.332805355596115,299.55422560119194,48.81964399681322,1.2016658277705048,49.141095178591584,285.3040284571897,20.065035309985454,0.5621129736696855,68.04765524452993,300.4491452653518,44.937410248880205,1.132959666066404,69.72955792066193
1988-09-01,1988,9,299.08047505312146,42.74744143984456,0.6179020006154944,54.757286821176045,299.8870818878383,48.24846202091873,1.0455396184475358,52.15075217125846,279.6655729138918,15.137381980526765,0.5109344605096359,81.04426552639555,301.87839953071403,36.62869740913409,0.5351437880712507,52.20588794278247
1988-10-01,1988,10,299.6389023376565,42.116284306087344,0.4676225593923298,54.706385713339984,300.13901264224705,48.4831642373533,0.9848920897069822,60.8586492261712,269.75155917203176,7.994012649084499,0.46611677733145024,86.09696016952424,300.2056095828506,23.99075947399274,0.06378546069937832,25.341239862712015
1988-11-01,1988,11,298.7688940767054,47.22496773376775,1.00213905919369,71.21855601999538,300.036497295956,51.73995589120638,1.5623958723159637,68.08758942936367,259.63376785271333,5.173204434195876,0.3742709536559552,88.63019794186394,297.0031965334289,16.32709527052271,0.005789750302371969,14.462165182852585
1988-12-01,1988,12,297.42748965722984,48.70903977818083,1.3093909155392627,70.85651248750801,299.3690822342151,50.43909755851351,1.673035875586917,77.87046978027254,255.38229424438663,4.224046075318287,0.23969150125066074,83.81104746076225,293.96738229934437,15.095946074294583,0.0017514357181824894,16.25605673879448
1989-01-01,1989,1,297.09065444616857,49.304275766397936,1.367155865470066,76.22654136498888,299.94227055368185,51.03563790422044,1.4253615954021912,68.02613827684286,249.4151186515327,2.873662940543001,0.19722005714026228,82.99173112801834,291.79925276210474,10.692085456206105,0.004174633864635319,17.20346593930164
1989-02-01,1989,2,296.9065037736722,50.07177971067489,1.657735487641853,79.96645740757913,299.38447206879215,51.64545765247996,1.642807709248739,79.47696792757469,255.35600806738512,3.4315746217470324,0.23543060544154823,88.07853349939901,294.0971161045784,12.537632609175363,0.005527433151134221,19.71814347536562
1989-03-01,1989,3,296.5281156819285,50.139703350508775,1.882995152797581,88.49267935839868,299.42256936275476,50.42212590413589,1.617186050550951,71.29576134600998,261.72698845469733,5.240747559029193,0.34106713828453483,89.65962912204236,298.09330795322995,14.886326419478918,0.022215507264355148,23.227361168665478
1989-04-01,1989,4,296.95726040872773,50.54595964622806,1.6206128197506602,84.98460416931775,299.8388839330279,49.75063691508396,1.261494233851311,66.01119004476647,264.6321231510903,5.346278026790525,0.37266479067377406,86.20407625939795,301.4515404512755,16.04378241976361,0.02157654862345926,20.925792381056706
1989-05-01,1989,5,295.9863940910771,51.8745642331731,2.2854410338927167,89.80473160625634,300.08143486219933,49.920383767589136,0.948624921105077,51.849987613528796,276.8275357146888,10.804739780533325,0.5136934663813174,80.23019917758917,303.2368894579193,25.312687309801248,0.101054759105312,37.73770244366651
1989-06-01,1989,6,296.099862516506,49.34692415420104,1.6603607256963737,69.79819108545075,299.66180875565675,48.70300973612541,0.9750989301531996,49.53087021713784,282.86182629446864,14.911796368308037,0.46156561199975504,67.82476176811329,303.87478313118686,30.84778885893841,0.28281110449526353,49.10975169728216
1989-07-01,1989,7,296.0578433972353,43.49123338555678,0.9073230028251927,58.1417671293977,299.49111693673314,48.36840696418031,0.9713809975402085,50.58360423034685,288.21757609387225,20.397132548847246,0.39763010745191785,58.858119510802794,302.36151758778436,36.32055094293506,0.5123212386999489,57.34145434433699
1989-08-01,1989,8,297.62417417075824,41.279487472611,0.6751191519092403,52.675292761949045,299.46365015294344,46.570136482228875,0.8907178287065107,55.477433250224855,284.7562883452528,18.019490747542534,0.4706163186528324,65.74610095623936,301.22826958088297,40.8019652072931,0.8906983742547988,63.807114703937586
1989-09-01,1989,9,299.26298204364446,38.04585297763142,0.3104409176986645,52.95361298453786,299.6799444649388,45.49488504086694,0.9725562688798816,50.88832305759528,276.54697579562793,11.572010792772945,0.4307097386867389,72.74043558661413,302.63943030180485,33.25293450382364,0.3019688303823922,45.68667586550945
1989-10-01,1989,10,298.6939578687304,45.39504821342452,0.9537085375329283,66.07466012919681,299.9287856025736,47.59795763834286,1.2164279862462963,62.563534996458685,268.342860711419,7.516195616345605,0.44453354191488387,86.26234709586929,300.44257648130764,24.66205096382729,0.11569516309399538,30.937649152011854
1989-11-01,1989,11,298.3015409352568,49.1051312100222,1.2825984928676943,78.20095573586389,299.90955034991117,48.281932722717286,1.3344489664709298,61.733579435677335,256.84663554427595,4.4935748238523106,0.31166676634561064,87.55221164836681,297.7945202998901,19.624315485579967,0.009558778217499493,24.897537116501287
1989-12-01,1989,12,298.0893174994888,46.1717685313434,0.8260132304958375,72.85612394671415,299.68297183359556,48.54625062774763,1.39461058128856,67.59453546396873,251.41713423380358,3.31322546783014,0.22902433505678366,83.16911752772133,294.57711878560826,14.96335524789324,0.012450913474820385,21.59683128258072
1990-01-01,1990,1,297.6172810833641,49.795524936095795,1.181451198828642,74.08180052597667,299.6144642874608,52.8949024885968,1.9331976557987254,77.72166343808614,243.93268400502933,2.225804209112861,0.12111429115877781,77.55416570183328,294.422291206404,15.701803468506872,0.004459032963809935,20.61610554498168
1990-02-01,1990,2,297.6264279016207,50.8786663519386,1.392344196564609,83.24253931474996,299.8031192256291,47.12171275723199,0.9462272112619908,47.212286889729434,250.94830098706507,3.1703614662661255,0.17850951054571282,80.81332755209756,295.2948153610482,13.496758751870287,0.009333825889301435,19.201182778503938
1990-03-01,1990,3,297.30960072837905,52.88614582785785,1.771772284115659,80.91030059229472,299.95487665442204,49.48351332837341,1.3576915129776996,65.3653686713323,264.6149413788832,5.471821104693559,0.3908218309230035,88.22485275731358,298.078132560605,13.40549605031967,0.007002568894572017,22.343803689690517
1990-04-01,1990,4,297.5135420255173,54.17208260173863,1.8897024020969817,80.34497314615655,300.2842345047664,49.76570109906937,1.0533513664844716,55.51625936438409,267.7626942511698,5.753539927585456,0.35485195037402056,83.90090738193634,302.595741415066,20.921042059861158,0.021291259317563135,28.772835933537063
1990-05-01,1990,5,296.9824400513128,51.528343659594846,1.577851818838375,65.73651185224557,300.45884569990784,52.305341830697934,1.0680350869998696,46.87956846408596,278.42537098133585,11.236614880320364,0.5126256876540283,73.25006924107876,303.89533113405713,25.239117866141477,0.07532107181499037,32.21028799003603
1990-06-01,1990,6,296.85402387288127,47.74207582030874,1.038794665239736,53.38401208910825,299.89759769706103,47.983058052305914,0.8368861991994105,50.58864074860584,286.2116505302685,16.076650390544174,0.37201950711576803,60.591563261649206,304.0299855587575,27.806394752657546,0.13485569112114765,35.67988009888577
1990-07-01,1990,7,296.43132107638223,43.65106828272308,0.901746959675714,52.99824238362575,299.42486606120985,46.55871374973534,0.7643035154450362,43.415267675511636,289.91353333987547,21.17344299515153,0.33080532546717245,50.90841732615174,301.8683004303334,37.93398386409762,0.6696108534942218,60.23363063149279
1990-08-01,1990,8,297.9516184784744,41.07026759766554,0.5643942789535704,50.071114184365335,299.49980328119,43.51183582595451,0.5133743554767648,52.839398408023264,286.3593729168922,18.177675045403113,0.3495440096509511,56.153677596204375,302.45392053135936,35.42765844643762,0.4219352755618073,47.64556647278241
1990-09-01,1990,9,299.36061895343397,39.42920083383812,0.32607749159922483,48.42925446875085,299.6317519364717,44.069604111365635,0.752707394248483,52.33440895725495,277.2426145500184,11.689931723066612,0.43372450276868424,80.61075490000259,302.5714221839556,30.837108461632862,0.1787948387924504,37.27414148509859
1990-10-01,1990,10,300.42636356745527,40.57513685982978,0.324294746315909,55.40854390174194,299.98866201092505,46.307619942875384,0.8324387863250027,49.572049644456726,269.12430199069644,7.990006208078384,0.4589749350390441,85.55608734059433,301.31022804269475,23.227523875624822,0.03450397809608958,25.022869862640103
1990-11-01,1990,11,299.8230992475835,43.83323627575691,0.5032236182122742,62.43918955355954,300.1309413778858,45.1021137270352,0.9054445167681938,57.9597083164076,254.75533792792513,3.753348455620424,0.3084537192862383,85.74828820115562,298.5400390597191,17.572143475108753,0.003708700359955386,14.371699153379703
1990-12-01,1990,12,298.6069973800711,46.446208783368334,0.8610632995653791,62.46275914209205,299.71490174422644,49.45050925758079,1.4415234929007095,64.48139319766257,250.1360738367719,3.2440784772440066,0.24957267655918713,82.16551087134536,296.17923376064454,16.106589029498565,0.000779191535908236,14.543664780906457
1991-01-01,1991,1,297.6787973763515,48.49559307118766,1.116892125902118,74.63341289806272,299.72602578545303,52.33647821753457,1.5355458929904928,72.18153081303828,250.88927322298724,3.1885003700812145,0.191811405780185,80.04156648859227,294.4915732873571,16.304015349216403,0.0054712151653722165,26.98241755857647
1991-02-01,1991,2,298.09022634381216,48.51137961732792,1.0297459856204405,68.50707297106624,299.6416816150865,51.58978106197013,1.594908805618858,80.18495973207405,247.65821942868806,2.5352969803025664,0.16176379497918458,79.62710126713597,297.00303316985753,15.465643941978236,0.004467443333743273,22.441927639245282
1991-03-01,1991,3,297.8771110533025,50.39539046750978,1.2963798221996516,78.78276089477207,299.78453598791987,47.311629231736,1.1693166072491377,63.42226312470756,253.5900594509039,3.087060566258483,0.15820896213977464,81.70130057595146,299.3278704037812,16.220226875825134,0.0174734358302112,23.176256742161556
1991-04-01,1991,4,297.2499071793659,52.25599033476232,1.8479112085270395,81.4885212610876,299.853301099378,52.278670821977286,1.4499514234006041,65.799813043025,267.619812441184,6.894357670739367,0.4257527294365415,86.35271426070881,302.6144371249938,22.11417256633663,0.03262448522398903,31.74971661894343
1991-05-01,1991,5,297.1605265961539,52.71959441094941,1.8063850348132628,77.06598398725575,299.93461479790415,47.71555171369903,1.0316236966989827,58.05991480970866,276.1322518167101,10.051440519696653,0.38881246633269256,74.34153965969358,303.43598379459706,31.412973677009585,0.26893842259965156,48.23460784958553
1991-06-01,1991,6,297.050659443952,50.27901549015985,1.2881172981187634,64.32691072821062,299.7817294830725,43.869707780658345,0.5613595017333542,38.70618422407286,284.9982442085011,16.299730211493216,0.39568507116895435,66.38714946624019,304.59845556933686,29.94360676268111,0.1470936567840202,38.52783081256085
1991-07-01,1991,7,296.6824627139994,44.83745433731583,0.9133541784985069,55.82392623782998,299.2545073884769,43.73053431649443,0.5533581221362074,41.20009106149862,290.95801160577037,22.429822537232905,0.33272374809109373,54.27356875013104,302.69971971051933,37.68893981615294,0.47788204717361343,53.28929260673781
1991-08-01,1991,8,297.81908056168345,39.79098028293822,0.47837925585272656,48.764979790348725,299.32466564901125,44.20684976692829,0.4854500155254571,47.74480415002836,285.10937354272846,19.739694368360865,0.5225438264659171,74.72988347961925,301.69338936405705,39.211414318375404,0.6158749473117053,55.22918218269293
1991-09-01,1991,9,299.5822201603219,39.13602056771609,0.258261726398407,46.503818054748066,299.4523050127098,39.93771670633499,0.4057572287530044,50.15463095345169,279.9066857165046,13.780696565180019,0.3384933302889495,73.53267887791824,302.85534295856326,30.169172313111776,0.18336599582201757,37.05337710884373
1991-10-01,1991,10,299.94029686737974,36.53349690778466,0.21179854675010176,48.29306519771121,299.6220116706912,42.301118649774,0.8041901884052567,45.155029306016836,268.07955051671837,7.53944762856412,0.46619072231573777,85.20891134670363,300.6363117798143,24.461664087228783,0.09550255264360226,26.45067303289813
1991-11-01,1991,11,300.507993197939,37.534838145798346,0.140735295473468,50.5928735696849,299.69480840670894,45.74977373366229,1.142551004835876,55.086340348729664,257.8700852291168,4.80513022852587,0.2867294691833869,88.15391790996853,297.3971523816137,15.867347547861204,0.0026041877992969598,19.071219068239348
1991-12-01,1991,12,299.5417262295494,43.91587874455852,0.3988977563839601,61.63055053197071,299.6031269887345,48.88886554264682,1.5395473609913235,62.249792749699154,248.7794030388307,2.975845386783758,0.17315489814794655,79.28227002701794,293.77460985529905,14.917265981627802,0.007201071733408686,23.685541938319272
1992-01-01,1992,1,298.8632352183824,44.864277684177026,0.5361054982553046,63.70550657844526,299.4166894268912,46.09859968322959,1.1111157094686648,54.17109882234561,252.94776641400165,3.3771410022793127,0.22170581052322713,84.72766429336014,292.87077055029283,13.227046303051178,0.007260596299014529,22.972072992096464
1992-02-01,1992,2,298.54803074728187,48.121055700612445,1.1146342115727546,74.19775388376961,299.63333576877,48.08496219247989,1.2758165723901547,68.41324480253401,252.8088184409358,3.292556205123992,0.19625275477080165,84.58493150680548,294.73714428073225,13.05615798057512,0.01032767624894545,18.8465654218451
1992-03-01,1992,3,298.07168334121843,50.90912332206766,1.2545538788386525,75.69240121019511,299.81787749559277,49.591661151660354,1.2658791826753868,60.38928428987303,257.9197782874835,3.7910753318394868,0.2587336250875971,83.6400530500799,299.016798817153,18.080071658730642,0.007727317879591761,37.63236347899141
1992-04-01,1992,4,297.742356620794,52.47386641677462,1.4433504922252094,76.9503108814372,300.0896676233953,49.763814272750125,1.3347775113490086,59.557404751563844,263.43235987028703,5.093737602669534,0.366495937791243,88.54070582899432,301.82742986333903,20.646376776686505,0.017469795018583922,34.37159983571748
1992-05-01,1992,5,297.9409797594713,48.56018593427226,0.8578855671528679,56.004203897531326,300.2891499382725,49.52026550865185,1.066473335965472,48.9384298877758,277.27165570970027,10.776128055432405,0.3991461546345778,75.13319520930835,303.23791395907784,28.01611715219685,0.10894138300373586,47.63700793791805
1992-06-01,1992,6,297.5864583824211,42.49284696559889,0.48055049901213914,47.528961387584616,299.9499363941718,47.41279946184406,0.8138819909505796,48.99264204119319,283.23322066959537,14.564514090634464,0.42337579264044584,66.25124602905228,303.92847599633427,28.173314786883665,0.15650094263482373,39.985647809215926
1992-07-01,1992,7,297.218783190996,38.26293579445175,0.3829684705503045,52.89418747384157,299.22992748380443,46.47137331024688,0.903352255076891,45.99790903519801,288.707117633229,20.400433094796043,0.35720112726277614,59.27320020457137,302.09191800732907,34.902399409498614,0.520168361485124,54.0699265890356
1992-08-01,1992,8,298.60534547238433,39.044096777015476,0.40714547206142554,51.1708545096549,299.34968739773336,43.56902008181447,0.6061995676753702,45.235142661510935,286.36750619417614,18.137299659024634,0.329682669396222,57.330073938039234,300.7499369156338,40.15726933927194,0.8501821041962232,65.8403991195289
1992-09-01,1992,9,299.96212886258394,36.07466107907406,0.1945669064663017,46.652395020484384,299.5239759143689,45.22876845406334,0.8268658764183145,52.264324680931765,275.78832675972365,11.110624689100396,0.3530921441451581,78.38164893414792,301.5469653904006,31.709566897475614,0.30254240210104466,42.20762245038045
1992-10-01,1992,10,300.5048267061082,37.018147558951945,0.17781126176062637,47.30180634833521,299.6967131941533,46.36924174163121,1.0884819261578305,58.84072044294281,268.42044816180794,7.637643109762797,0.4306933390138067,81.06379757594352,300.39313873436646,22.780923449527357,0.0591174358934248,27.103604085618027
1992-11-01,1992,11,299.5723128120733,42.8924478818772,0.5331439978650195,65.58283361864429,299.56293938314525,46.70955650700663,1.2112771370129478,60.794910487802056,252.90656023668427,3.8147489131943204,0.2546316523412268,82.1637607652799,296.2067296267305,17.04047272978813,0.019362141002426662,24.264844110434986
1992-12-01,1992,12,298.7650823271576,46.521440218764,0.7098681298636503,72.54473755971775,299.4455478733926,50.68620537857557,1.7711128903249043,74.74829027005055,252.15918178273992,3.4278157453560323,0.23128902691080658,84.60916751623472,293.854952412416,12.980026634960032,0.0039586962991446225,19.604526102938756
1993-01-01,1993,1,297.8517310620554,47.610397062957304,1.0136888377487208,74.75597087770807,299.57680818967646,49.20541068882363,1.658046784548043,69.44872493051898,252.88246870478744,3.3486077162060552,0.21856307496254862,85.25174708946832,292.17574995644395,13.18218131061205,0.005933079505726395,19.35263576561161
1993-02-01,1993,2,297.6988817301791,47.92229865252751,1.1234827063463886,74.78330569922448,299.3716243592289,47.03645411448596,1.1719645468298052,69.10877980582433,253.85393728549573,3.19129283488557,0.1999038958024081,83.94186354869913,295.38664389866,14.290691313804572,0.004831398531099531,22.770539515764366
1993-03-01,1993,3,296.91870298051293,50.34031418616276,1.8974807089857424,83.1529761589847,299.51000313338193,47.58388583637359,1.287647726659392,60.237993474512734,261.0332605587821,4.456880333118965,0.25936659882298274,87.21922025347453,299.2676861196093,15.427138312675096,0.012433671516923936,21.332128701978974
1993-04-01,1993,4,297.3195770417201,52.67759177545266,1.749880350359589,80.26124458182215,299.7530265264996,50.80441116231361,1.5287266730980411,66.6572818189488,265.6101482421409,5.64669208534319,0.31814338783602303,84.17163319209165,302.21405405526673,21.161647954062616,0.03770025449894464,38.31747532804515
1993-05-01,1993,5,297.2762765136933,51.367649850018715,1.5117501666808544,69.64914431227834,299.8912303974986,48.92467352358003,1.0570636466656982,50.4019409133755,274.61622555006596,8.913986659954741,0.4613682713757051,79.14678769619566,303.7456624072851,26.914524575904963,0.11174988701233231,39.67132150978066
1993-06-01,1993,6,297.0247860116233,47.379930378662635,1.0419439405845161,53.81426550020275,299.6834463474498,48.81361517113456,0.8793393631450482,47.44876727358161,285.0928277253799,15.743453119009892,0.3640289357883545,64.45385153023085,303.6613529861554,29.017221701640217,0.2053514202767589,42.0954300843333
1993-07-01,1993,7,297.18474580802484,42.18019938933459,0.6279940308743223,50.8491488826917,299.1847214341388,45.668715806008926,0.7875421890853721,47.2798342621393,290.2305418618478,20.7208224938397,0.2952861713754246,53.69067509531035,302.4536893934045,35.33314892137358,0.4893596623958037,56.09207039725927
1993-08-01,1993,8,298.1264748338365,40.50266714321,0.5130457440493771,48.34627644189912,299.12690534359285,40.838689263750965,0.5011921408265424,48.81835502722918,285.5202921557431,18.97863884069564,0.4325158066170262,63.29417015212644,302.0267756634848,37.85541653110507,0.5724829242243268,57.47517829203993
1993-09-01,1993,9,299.4716523741726,39.305353458260555,0.4097031451477705,48.41770567990436,299.29429920652956,42.48367458461339,0.6670385229017054,45.0049567101554,277.04680080594164,11.71663225457825,0.43138390429309303,79.4726086808092,302.5535513606368,32.476759573195466,0.30351296589389865,46.10332675361065
1993-10-01,1993,10,299.5535025831714,42.31614516705518,0.5087096963510513,58.1790846863047,299.5545523205841,43.4854299028431,0.7666042670657678,50.56668250309394,267.57956098806517,7.023802094168868,0.4880498350887697,87.6322722345467,301.39260313143797,24.803626491553036,0.06686560398262006,30.47351156530229
1993-11-01,1993,11,298.79326963711344,48.07991692773542,1.0645684590123972,72.52489104471441,300.0248252426978,48.29834214793929,1.0808906375343026,53.82879122541231,254.24734000548156,3.4782075379259334,0.22428971544506843,85.95934823968442,298.2715402920506,18.841023642661252,0.006140530105507572,16.667850415968086
1993-12-01,1993,12,298.57074882706837,47.298887370169496,0.8197739110283881,68.03435385274342,299.93686236884713,52.43615351485894,1.5896216657009241,69.07789503448113,249.05150486484624,3.0795169018316266,0.1900216419590467,84.40139040567723,294.2921474354787,13.667157082535656,0.002564175320507986,15.155460710773799
1994-01-01,1994,1,297.52050401028083,49.52821566762502,1.326273610533144,78.65340904007265,299.5679535011088,51.58783632847604,1.5882650261909141,74.65009228753057,244.4015667316703,2.4584523790688926,0.14385874141168084,81.6821585976681,293.8967839178336,12.783334059997816,0.001822702996979394,16.212874921508902
1994-02-01,1994,2,297.2979630756542,49.431185809489435,1.4240656742754034,84.5312301459792,299.76174763192665,50.838619526144704,1.5254884208492332,72.39837345901043,246.02199240180198,2.024366362153685,0.11200746549694875,77.39874578816249,295.2230628357253,10.453238291152338,0.0025674766053174055,13.22270405085977
1994-03-01,1994,3,297.3220513159078,49.77443785297565,1.4957348651105247,81.64540287108518,299.615333869377,52.54527230109288,1.8543211085687674,73.13002072578108,258.93688950234673,4.034308019053671,0.24798245360210447,84.94966924161695,299.0274879964701,14.846127332872488,0.0060688547909590294,20.89805388076543
1994-04-01,1994,4,297.2580169602991,51.73632020048651,1.7016219930494128,80.55756310479443,299.9079282378705,51.79938897652843,1.5202187352417242,65.51012027124615,266.3251232292325,5.885753596369568,0.37930714608002386,86.6757838077853,302.49256850867545,19.06512012246565,0.012974034237870895,25.295391892083263
1994-05-01,1994,5,296.9573737508222,53.17756722016753,1.8820883971427824,79.2921483009648,299.92501045189107,49.52855506877256,1.1450230344299106,56.72445942418363,275.7651329746759,9.950905435845975,0.4643000167062832,79.04230685423796,303.7149713672673,24.386529563941263,0.0625429223738879,36.50020792043286
1994-06-01,1994,6,296.485202286701,46.981878299494475,1.0846736966669586,57.01466985727142,299.5144606591146,47.87233437293102,0.9099569661338497,47.36558509251531,286.14746022416034,17.47351462114849,0.39489304667489095,64.45121840334339,303.4578064082268,27.921142668808194,0.1947732163670139,41.515116277719166
1994-07-01,1994,7,296.69318762911456,41.9915897418527,0.6312202543745794,48.46406490761565,299.0387482353582,41.54442759898817,0.5046592707177792,48.07243245310264,290.154004138846,21.02834403658728,0.33690723111435533,54.535205707947604,301.91462669759056,36.72482292450631,0.48349248143267365,56.669920274314066
1994-08-01,1994,8,298.1975432133033,40.539887585419756,0.5201510229558577,51.34539390826116,298.9105711381129,42.22983922592139,0.5232146104576689,44.64164639278375,285.4241778264678,16.6135604543801,0.2695128064219772,55.308933464435555,300.85566096592987,41.66552608543692,0.9092217202922586,63.10867741801924
1994-09-01,1994,9,299.73431953559884,40.04147409241667,0.34808259637673455,52.05763846066601,299.17689614057747,37.49875224278559,0.24308080878208316,49.2640802827411,277.791940270114,12.522680156820595,0.48102416117316465,82.25062213865563,301.68554229502524,36.93546046159856,0.5041354822440484,53.101752908852006
1994-10-01,1994,10,299.7661488667275,40.44534874830626,0.4264706924354718,54.983485489930345,299.4555083867151,40.67714231308355,0.47229014998726543,46.47092592245204,269.95968588301616,8.202657576772596,0.38115830145494306,82.82234960578285,301.52227632087016,30.01995948824808,0.1533358336512876,39.554209746075166
1994-11-01,1994,11,299.330432510231,44.066029326002955,0.7225573608860836,64.59793924577873,299.9240692310496,45.45438910493403,0.9316953829214402,49.60022663253941,255.5703716577377,4.105377214804029,0.2792277074428398,82.04648203777231,296.8867009299449,17.17667683631851,0.009898221875391588,16.15205503429401
1994-12-01,1994,12,298.75041291690974,46.936085117198544,0.6092083032601261,64.40443958258088,299.8199276480395,49.53738518551622,1.3181370415744413,65.24634880616583,248.91722015827264,2.963797924316706,0.14911990725852306,77.29108246572376,293.08356351346936,12.776697767420993,0.004867163188338152,19.267933580460333
1995-01-01,1995,1,298.31415154065115,44.92240491169524,0.6636031007793265,61.802577159798986,299.7005018852914,52.399222994652,1.658946353030921,70.2582328841725,252.08938769872557,3.5401731137728962,0.23890350995699663,84.74146716935465,292.9408377642807,11.57518525269131,0.00171297766283371,15.187161079927929
1995-02-01,1995,2,298.7710007575839,45.15920094556275,0.7255821711015565,70.31493371000789,299.44768020755964,52.659577485555474,1.7098289589769393,75.18871857065027,257.00728006721124,4.374941562647125,0.2257162799307928,85.2965090728934,295.2567291840727,12.807690720935026,0.00288246480746745,21.28995811543246
1995-03-01,1995,3,298.0812018928862,50.06621467871224,1.450460256782123,75.95982154084709,299.68782177504556,52.955428984703225,1.7084151976225785,73.09426452082,257.89638039086054,4.268497860705043,0.26488012563994434,87.04160045454202,299.836194537887,18.652950294144482,0.008694611809410837,23.931291135914382
1995-04-01,1995,4,297.9683286791051,52.33384157155994,1.4983066368828197,77.85931287423303,299.9169709950892,51.48133612662525,1.6100935728072694,68.44915793351399,268.5981349812127,6.78915073014667,0.3700163688166284,87.5329364117994,302.4158018839187,21.95800030531897,0.027435059009615913,29.669273317061624
1995-05-01,1995,5,297.1166110450125,52.39040977346721,1.902009481277452,78.15243935558284,300.1799227057068,50.366915232743175,1.187654280990037,49.82112529149401,275.02185059347596,9.743458852251152,0.44673065830415604,78.39308408715748,303.5737722790075,26.526572681303975,0.11659427898342123,42.94314475098827
1995-06-01,1995,6,296.98965869310524,49.95255283759717,1.2532402109450678,64.26626423993028,299.9816704109133,52.07508264589445,1.2061156830669595,52.158703302410665,283.2609150613881,15.805887082598172,0.5324654355548385,73.37822031322344,304.52329557085153,31.94220094239492,0.24159196862382942,43.95596152743788
1995-07-01,1995,7,297.0586172869071,44.00788306943848,0.7317378350684866,51.83571975487218,299.4560634075868,48.179925326004906,1.1160499520499771,48.95860400633184,288.37112217368326,20.306338411105123,0.4104851499454078,60.58544456886671,302.31082008494826,38.33560868895698,0.6240329365777723,59.29018516097919
1995-08-01,1995,8,298.9441773672931,40.24646496371451,0.38546944676081873,48.75398555019511,299.3998621564319,48.305624912563054,1.1971125812556824,53.80797455317434,286.483499127669,19.840734719006566,0.42560329758163223,61.60290820162591,302.381675733691,40.839107229174736,0.7001506637695292,58.86546174091406
1995-09-01,1995,9,299.96574371895144,39.99934858013592,0.33563195279729535,46.85057197629792,299.71930310751833,47.151707674607664,0.959396174381558,58.27848311584634,277.31960953597525,12.689692049965574,0.5207773933754632,83.41811200369494,302.58013714648865,35.51856201027444,0.3767991041264427,46.23104378682444
1995-10-01,1995,10,300.5547349743364,40.08616974909781,0.32605276947611367,51.220441720031545,300.00899081981817,48.51723783689444,1.0709730785185192,56.08352067172514,269.58543490325127,7.82785581391648,0.48474516297166736,87.39100300725545,301.2726296936848,25.49203956250427,0.05967038511820537,27.917825188649662
1995-11-01,1995,11,299.1830178970556,48.10990851815693,0.876265576903504,65.21044174113538,300.2199490975902,53.746553674922595,1.8121569829274942,66.22195121869282,258.2919972968669,4.926568419295988,0.35905796847918414,87.09777792683371,296.8550572413341,15.392328397322837,0.008401805210852143,15.234479207738895
1995-12-01,1995,12,298.52231360206787,48.47488228438591,0.9185710161569839,68.0926950387653,299.7560878941195,52.27522915284945,1.6144958050326244,72.57932243237684,252.72080692203915,3.273027822003317,0.2701728934414295,85.17953007473626,295.24070097894827,17.851533887240716,0.04746358763392325,28.08918016221206
1996-01-01,1996,1,297.5264346830295,49.55815041296505,1.3151752429841863,76.88986494819927,299.55256846632625,51.71048945772447,1.535192220841795,71.2386685430454,245.44002064706376,2.2972629560849978,0.15768458676119265,85.32771987962415,294.9395537598202,12.260187923916957,0.008495140894398939,15.608412826236595
1996-02-01,1996,2,297.3463970183409,50.66201854504879,1.7400408580367623,76.8795793381118,299.4801903501859,53.03556970403244,1.9034024922834407,76.09743498018159,251.54536181012207,2.8889516701720956,0.16012878531518238,81.22804589212325,297.2462720390431,14.091041250791363,0.0033058074467632627,17.72032711569582
1996-03-01,1996,3,297.57571659359104,51.42430738751502,1.5345283403144572,80.9760454068362,299.97582245325435,50.56738808704229,1.21147240623784,65.14686371688798,258.4204106908365,3.526975457452283,0.18436774130206088,87.37814850571526,299.8340500376469,17.848383292006773,0.023172582510278428,28.050820182024058
1996-04-01,1996,4,297.3369361446116,51.55923870699872,1.6246857595492465,79.61143393536945,300.1872790623415,52.00134897691137,1.4147422225108879,65.52190625413533,265.48789087370125,5.1755040524017115,0.3947273221203093,88.25622750265228,301.74358857879497,19.688045080334,0.025861587535231833,28.89869234506264
1996-05-01,1996,5,296.9719414410367,53.486165448041454,2.0268291540389365,80.52822509288367,300.2181758544507,48.40060082341069,1.0305221605902264,50.77190085192339,274.03625958615555,9.89000181565377,0.5654637057800518,86.00632701552865,304.06059836069034,27.98988478424558,0.16777375875355094,43.247710100725556
1996-06-01,1996,6,296.6185320780557,49.23806066521041,1.4058974210293198,67.58233103878875,299.97450568045446,49.97836399809502,1.2305335544420648,48.37500425442934,282.42258308220005,17.147080155175466,0.5919751951793509,79.31524618221444,303.56847133155105,32.13905392189715,0.25374108913139426,47.10391736584554
1996-07-01,1996,7,296.54531088546753,44.06749760891177,0.9127955025954673,60.74718244193974,299.58160837359037,46.0774232534933,0.9655558356443439,52.390868113385864,289.80717999902475,23.509953628866498,0.45861279449589054,58.66798285128798,302.50547044079923,34.758328756756875,0.44468989621819777,52.73649907933684
1996-08-01,1996,8,297.7552024789525,42.18166803790564,0.6540832655904799,52.43742194390667,299.5760679624208,47.63549213809614,1.1995620652358474,51.87600834290304,282.413318681219,16.726972482593624,0.6047818727330668,81.88404035737167,301.6425954966366,39.237263747902205,0.7244466247140163,59.67619963234617
1996-09-01,1996,9,299.66664667877944,39.59705210633108,0.36713370271003987,48.605811613631055,299.8018738351703,45.61869154614221,0.8353895700163867,53.67310747691849,274.66303707298783,10.042841339707923,0.480702911886171,85.90436467514544,302.3041396446449,34.59829017259199,0.4198610289903659,49.49629483764944
1996-10-01,1996,10,299.90501336165585,41.25056187117234,0.4269473730877762,55.480227925310864,300.05380592508584,51.05551365193019,1.5576895158393542,62.55046235748044,266.6457795939743,6.890311986026549,0.3546429206712926,90.5767587089939,300.86201425616554,23.53952552182238,0.05750556534137814,27.263576465007937
1996-11-01,1996,11,299.3397893542852,46.52007189709999,0.8482765197706819,67.79813375225503,300.0307610944546,49.63052776454065,1.3631123199549462,65.42073095648766,256.15811625982377,4.394434755373174,0.24755606980577533,82.56752724037106,296.33782979101267,14.449417804639769,0.013819185842033278,17.76221675818183
1996-12-01,1996,12,298.8815363311374,45.16122815635996,0.6485946049872965,64.87001307871677,299.8686225663215,52.28791979704138,2.0778224839271435,76.21618799110975,247.66702928182758,2.9685935116991993,0.23427525210634179,83.19709861094172,294.860040810034,12.633207938982318,0.0036597229677199383,21.818224980153246
1997-01-01,1997,1,297.7327756466803,50.90346048299673,1.3903811868621825,83.03798091841408,299.6882922423445,50.19110582840583,1.2946570415469465,70.41866071676357,247.673244812922,2.5742460210157447,0.16296901372450903,78.99408932688475,294.7498966049998,14.284334360003324,0.005342781879429882,19.2316837731607
1997-02-01,1997,2,297.3155053415455,51.32672572068651,1.6433250948151192,78.7588427513974,299.6779940868916,53.82211183100648,1.8623182671486151,79.70841480910948,250.74884580815555,2.8898138406958442,0.20133129206521624,84.07887274572732,294.4989478924967,11.190875495642596,0.0016763983308958246,15.0977631546843
1997-03-01,1997,3,297.56510799673254,50.39793052684901,1.2036226768535896,82.28898534352143,299.78207227140246,46.03757895574049,0.9100419772549597,60.93961262667836,258.99115650529734,4.372030412762316,0.24523863905150423,85.29357519662608,298.79595807752077,18.394068399584214,0.014652526260507373,40.6757678360528
1997-04-01,1997,4,297.3224531331955,51.3570503622966,1.659041429380035,80.00745995824109,299.84458492836643,48.44877390230664,1.278878519467169,62.73710453526081,271.6529933646284,8.082175852196471,0.424746040483659,90.36582007974518,301.5385695138004,22.28238961662432,0.0795916778496983,41.057046847239945
1997-05-01,1997,5,296.8802415732583,52.019870235854675,1.761960211111329,74.77423171774211,300.0817102909318,45.628513576208434,0.7292083247325034,45.83312306438274,277.3120073806685,10.747668654832927,0.479329253558843,76.90617943139041,303.28057021066104,28.762075361825495,0.15472432347820336,49.03307872572266
1997-06-01,1997,6,297.40453538554823,43.896031951735274,0.6710826233635473,52.66191288424653,299.7870647303281,41.613985354197496,0.4744077835685165,37.22068745697295,284.0946447748693,14.888805317393407,0.41773753058965907,66.26784003677511,303.8625437493057,32.650253389178665,0.29087546110487683,51.15537337300398
1997-07-01,1997,7,297.5361557579909,41.21490121794652,0.5400980040658224,53.34207349323723,299.2563479545408,44.38891957532006,0.6910530452758806,50.92901844089249,287.483022617139,20.308986300897313,0.49835180693721287,67.56482881212668,302.57283496379347,35.67966660940977,0.46474327218056943,50.09527454924784
1997-08-01,1997,8,298.5186023814877,39.92683677075524,0.3866899205788469,52.48554475185569,299.2219263485921,36.31597489687547,0.2440869596420167,44.21104520844883,284.8082700490844,18.927632473431547,0.5749919885858336,72.59015876471524,302.2747754057049,39.52358108393581,0.564188686246169,55.04484309740569
1997-09-01,1997,9,300.4547934380131,39.7155264177053,0.30673133546862846,50.55686334782114,299.33230605120355,36.55206120025819,0.31400715992762646,35.529948921329634,278.0384761852314,12.27338269332492,0.41188918494847854,81.36292983189892,303.25590587877014,33.382446867519135,0.2519718912894863,43.36148417302687
1997-10-01,1997,10,301.7270484561938,40.165920726519296,0.2001758973091713,49.87220539895706,299.6771047060725,39.45062712576678,0.5122716243754786,45.428567648186394,270.79649406706756,8.914802290363005,0.38089306718890953,83.77475959693605,301.9367803213646,29.962358568168483,0.12865860255612674,43.74123457979803
1997-11-01,1997,11,300.5961235005993,44.92931165711644,0.542410613558197,61.07246408893599,299.88871417780246,44.46112182115118,0.873256801735399,51.71184569696735,254.25380754814418,3.7116614799355956,0.3222808677363515,85.69095941730194,298.2491998831832,18.44537693684661,0.023366815282562653,25.086674263312037
1997-12-01,1997,12,299.54725774353466,46.10047833850549,0.44254428251729727,61.912280356793,299.9758603645635,50.188119722763524,1.385396274456439,63.47890752771317,247.1280116700458,2.4655636943515433,0.18356670837390748,82.53203066767219,294.1977137719993,12.645097623168104,0.004516003561603356,26.11873153876629
1998-01-01,1998,1,299.37245736227896,48.79084278715796,0.6264262422857033,62.479151399330014,300.12721849824015,48.42091012524151,0.9875001643579632,62.609062854262625,246.56071226734852,2.577891723353433,0.12879782258932995,78.10035314678491,293.6227159786987,11.84699464237278,0.007789929457353219,20.306134718774455
1998-02-01,1998,2,299.99444866577437,49.216007722512934,0.7016962432580671,66.75402328723143,300.2349265167606,50.608588032000014,1.1740215762484028,59.717483194607034,251.49689640624464,2.963787127397719,0.2091757421857413,82.72906550098523,296.9175863086444,13.112390096054728,0.0039728319888555266,16.57669329315425
1998-03-01,1998,3,299.16298934183493,53.12330901525772,1.149416251274662,73.11949712872581,300.3971193349331,50.96664063076423,1.1912744341780217,60.963068105684734,259.00966121811194,3.8875661216849022,0.26173893478242843,86.73637476848046,298.30866544662877,15.232243600196517,0.01663099580850484,29.354594614785945
1998-04-01,1998,4,298.5601503338452,57.8086109954531,1.8939845422726616,79.87111317553976,300.5317755299565,54.93045484066601,1.6408389874231988,66.1828772346292,265.58410135112985,5.370042040425731,0.4379509266062378,89.05051778822386,303.352335648541,20.232481783658137,0.016288716603016135,25.250937234201633
1998-05-01,1998,5,297.81709351144394,55.069552692297364,1.657521161480451,73.731377359868,300.77399756121577,55.691927151235234,1.4266927578697248,58.739841957446174,274.35868007774945,9.856973911382909,0.5286678248313116,85.06936582670517,304.7999324921492,27.133042797486958,0.059731357694749534,32.25636622458152
1998-06-01,1998,6,297.1366231732311,48.52446101492517,1.1265817214701763,54.21715202590801,300.3545585995231,54.342535424141666,1.3713012524890553,56.35817855887771,284.2643425839751,17.13750388314863,0.47022088242893534,70.87953747095919,304.44863192040276,30.545937142758582,0.13910930134231,38.02128836684288
1998-07-01,1998,7,297.07473788947465,44.80156099098398,0.8939220542493507,51.26330608988984,300.03347257039127,51.75661730457589,1.3591333113971062,50.77200012646621,290.57228868396317,21.580931623052997,0.3066940258182564,51.36675608355991,302.8271162758687,37.048171158104566,0.42970132532924304,55.74797637163188
1998-08-01,1998,8,298.9408059266994,41.3342323305084,0.4277922866232313,50.27708642677821,299.88078864262974,48.817798153943876,1.295891604358206,50.7969779280115,288.5526505345286,21.272214550571114,0.3654897916747822,56.770833543459524,301.869554615451,42.427001119292655,0.7634054794815647,61.41025565716171
1998-09-01,1998,9,300.0770772435793,39.55695788757638,0.32192774454080075,49.524667350395966,300.0959651476656,48.48641884193332,1.134604482972759,53.977703904684965,274.8778534105205,10.727693425919698,0.5094086885412776,83.68408970610979,302.5769986611251,37.648850426448526,0.4610003806130713,48.51860926694124
1998-10-01,1998,10,300.13932686847585,42.72665204280006,0.521754457378428,55.985393967869385,300.4476639693685,52.26547982352229,1.4093382349110948,59.72064152956059,265.27822818901683,6.632717803310232,0.44583054043156156,89.67681413098072,301.6048928112393,25.86393208287743,0.05257783940635722,26.673533416067478
1998-11-01,1998,11,299.1628661362176,49.668211364929974,1.1254099166535807,74.5135912798513,300.4465882224447,55.48285540536672,1.6077837357932183,70.0359722386421,248.95774985455498,3.155629049737596,0.17264144901002848,78.30406243208456,297.67807150606603,15.658055626741874,0.0018367460945082792,17.489988261213654
1998-12-01,1998,12,299.11262066762845,49.21109974300567,1.019583022019733,69.90735081715843,300.13545928983655,55.85641977692535,1.8505433468987205,76.15850224769592,252.02480499721028,3.550558151670818,0.2825927359606142,83.80447725788451,294.67660915094416,13.832820019372909,0.0022051755743706953,14.168163213031427
1999-01-01,1999,1,297.45965197493,53.44519223200278,1.8564743284886327,84.9514926857196,300.13105987616837,55.56682192951292,1.861235313439157,75.38859347370682,246.4743555819008,2.8171634751092696,0.14584773664628226,77.39628084712065,293.8725876129253,13.212877764150123,0.01076358634389228,16.607730709841498
1999-02-01,1999,2,297.36718661449675,52.641731801626115,2.0321274872122967,85.01203534060981,300.0440969458119,53.45683503649702,1.7141907399464231,74.37533366051548,253.79552735959246,3.6480001742807686,0.17116358221122335,80.66359927408537,296.9452813523532,13.532561879159669,0.0007480452973412971,20.886804487438383
1999-03-01,1999,3,297.49430343911126,50.975227192859506,1.781646536123508,83.38582798506059,300.2240822143143,55.48921072380913,1.6517216086001165,73.60528687239018,249.48916054177707,2.355987707523911,0.11650744086122179,81.32480481931984,299.33357422856955,12.572225458436252,0.0025399176262750505,15.767805523385759
1999-04-01,1999,4,296.86266370157017,53.2425302546742,2.1490161646369312,82.70402141709248,300.4513816199602,54.34096054063981,1.3261650032966301,64.98774329543926,265.74021011198994,5.615560011058175,0.4293401895048517,89.7882619423918,302.2243062912089,17.59565066573854,0.008739372456432257,20.168179561474528
1999-05-01,1999,5,296.62406314938835,52.68185462220444,2.3114333690791025,82.05955054534913,300.01210118797377,50.88283362898316,1.3203730532865083,60.46172575469379,277.32306925693723,11.202365247745552,0.4271722395345597,77.6797372031298,303.84303663690184,22.96292744598239,0.04313830584593862,31.90978555039856
1999-06-01,1999,6,296.83464279556597,49.36746496922248,1.4008824872228518,67.94536939633386,299.82871591727115,49.47528481513013,1.134861217462378,53.8361331790295,283.54125027206976,13.646049265495964,0.3324196032955374,66.63203352128886,304.2548415251937,26.286904588599995,0.07454677148021628,31.534895397126682
1999-07-01,1999,7,296.76203452444423,42.11387111648499,0.7020609215011084,53.952267007120135,299.42351480815415,47.10903200407852,0.9287293893309215,54.257373258730105,290.82289938246896,21.148585552824173,0.26706127019446196,55.79594101852444,302.74463572662444,36.36974469086719,0.3381490938128355,48.89419068832783
1999-08-01,1999,8,297.98675316270607,41.635497257705396,0.6139690449832431,53.13709124995574,299.3108723436701,45.54907668894047,0.8896836532283309,56.28256329733333,283.81879612166887,17.111374249519454,0.4710135095143202,74.651966432731,301.9573552803795,41.096520770594445,0.6543808064922815,55.14507361777552
1999-09-01,1999,9,299.1268475101235,42.99100357858859,0.6508874511121694,55.64457139841792,299.5660940429796,44.670637210050586,0.8448523296035829,48.327069595612315,276.8813312381857,11.06052437215566,0.35097584012621985,75.98050095006417,302.8441199259314,34.69301798637377,0.2743090852614597,45.678553336172584
1999-10-01,1999,10,299.6932791159563,41.49277677790734,0.4819177888785514,50.723665042504685,299.88419747796024,51.09221962291033,1.419916570893699,63.10867493685973,268.25984170195704,7.546513985840806,0.35096393564352346,82.1468967287984,301.10860313298923,25.975396554825622,0.09839509317346941,29.55603550326113
1999-11-01,1999,11,299.6681120521826,44.37293722445173,0.6122740900232988,60.74915644504797,299.9918401935881,52.48449542035535,1.383097006905426,68.37376106393887,257.7036274434992,4.318962056051138,0.24711338517309678,77.87118063255389,297.75384489825876,17.06757369174957,0.0045157359844817885,15.302782137981062
1999-12-01,1999,12,298.844142924705,47.024540723971356,0.807703062404942,63.33191711868372,300.0607885308343,54.490211238880704,1.6704080744159135,73.23178600079609,255.91900005105666,3.9627384684987423,0.22219339745686154,81.27716445290828,294.12903434354155,12.765798644760503,0.005719848114022542,18.23863278425359
2000-01-01,2000,1,297.6864218248314,48.96911607465563,1.436997627216491,76.09178503875845,299.757775051115,53.71173580431424,1.8520129112514934,76.30639839931627,247.36012226310672,2.3925577583971394,0.1032349424748124,77.53342251376789,294.9443091031831,15.509925806404395,0.0058765679284834334,19.741503337409245
2000-02-01,2000,2,297.31443015938163,48.64115831356187,1.4784208289852538,77.3299039832501,299.86535597235786,54.14797415729908,1.5779684647909895,76.74361880450651,252.12509538250555,3.068607694362592,0.15512742134796673,78.81828750282148,294.9230769000058,11.948460454508735,0.0009686384814585875,16.307795630222575
2000-03-01,2000,3,297.2137190776476,51.55447809032097,1.7283486120295737,82.3087998992475,299.9635181730341,53.01962090787497,1.3628889596926885,71.43715720246566,259.12090459427253,4.006982585741789,0.23729517133637243,87.26531774493593,298.6969506942307,11.749980991239209,0.0009219156631445047,10.998231560314197
2000-04-01,2000,4,296.7218813915231,54.43866037685618,2.587280866176935,89.83899434528504,300.22272160939457,55.02231864134619,1.4740095510739917,68.13769310612574,267.67083789249693,6.722039649268443,0.4471528157192176,91.09924130458495,302.9280548978856,17.143771097186843,0.02047447514847123,15.448772756662366
2000-05-01,2000,5,296.75959692630414,53.33233355872789,2.090967006069428,83.16903487857189,300.39446777945454,52.38874670492488,1.176323974097901,54.370342699771584,275.9696542140656,10.14262776818289,0.46717194498638265,82.243846622407,304.0792008358659,22.954906662410345,0.05002763426218406,26.636640286612288
2000-06-01,2000,6,296.8114063887035,47.01982194516253,1.016838945360148,58.936364169230224,299.7134112592236,51.77381371191562,1.431579857609584,61.598229890698946,286.805129290233,16.92763165258639,0.3197986595376062,61.5004223493803,304.382365043874,25.67234471775513,0.060467301318109026,30.374047115588375
2000-07-01,2000,7,296.5740515457775,44.61184491585016,0.8802903988384704,59.475817630806155,299.49261803572693,46.82213969846218,0.8820173756616345,51.27910382254381,287.79454025057987,19.733601341574648,0.3942560146756191,63.542372009422884,303.4917357700723,32.297005475145646,0.21836123712250782,41.06543968531973
2000-08-01,2000,8,298.2245724361883,39.22204925932609,0.37881057918062244,46.791978949481475,299.4779033779332,46.01120302282082,0.8794927615571285,54.01057634586225,286.42272287834254,19.47532747849456,0.43597916445679286,64.29716106917402,302.9828862013913,33.34487145800824,0.2628624428971929,41.657795704185496
2000-09-01,2000,9,299.49327720590406,40.45608292630691,0.37826497024890426,54.82256936722659,299.9401003898804,46.117446484990275,0.879702226284624,46.72123812719142,277.39988215288275,12.149166616833572,0.4723088995093445,80.58678346761633,302.93619155990444,28.232093655033733,0.12700024656645165,35.22539042473595
2000-10-01,2000,10,299.89932806481664,42.22053026697332,0.39166108173932646,51.96385931750499,300.1628248973083,52.26265289617877,1.3303031334906814,67.77935377394122,265.67950656678045,6.314655390185017,0.3107117926389249,82.20492677452532,300.61354991374765,22.807941769993356,0.061184090271298584,29.12221884842907
2000-11-01,2000,11,299.5812161423027,45.41487024591843,0.6217208899056783,66.58394234657445,300.2921577156439,53.27017336591395,1.5223680234353965,64.84947640398512,252.02474407181964,3.2635053555547353,0.18696794394666047,81.48099917393658,297.5446180428165,15.218652638784222,0.010017767481471278,23.011688731834468
2000-12-01,2000,12,298.62481443994807,45.48594663228497,0.663408149642108,60.167656952594655,300.34281812982977,53.21748473081407,1.388220977561984,70.04587531908767,243.6476321263055,2.3079364053317937,0.11624891340356142,75.63771768292838,293.99771576655564,11.2823333472403,0.0041539342171698235,26.441281530988963
2001-01-01,2001,1,297.1941639665802,49.05676280388611,1.4226166541818346,77.18208976557071,300.0539893618749,55.42651689620556,1.8358407886331658,75.40359190052561,243.6856134995407,2.051411961686129,0.12269061247223402,75.95073392557117,293.2797335115259,7.8572493806716945,0.0028850562565655912,14.870423332432917
2001-02-01,2001,2,297.23852575812174,49.945093092102915,1.3527889236147927,78.97091089797962,300.0100277817047,54.803240959094616,1.895720253241862,80.8559219296849,248.24409248711723,2.5196049457827967,0.148842078432329,83.05128539632891,295.5595274539925,10.604151253866188,0.0021227661376967684,28.672159603216667
2001-03-01,2001,3,297.8526516779296,49.91738805358152,1.397639319888585,75.44820096091672,300.12873683508,54.78971280183957,1.4548603193217204,75.18379806602366,256.95224836530326,4.1413990822405955,0.3031641167746711,86.73248509170124,299.72192976189245,12.214012536351754,0.01109376528206852,22.26509571999158
2001-04-01,2001,4,297.3890989329165,52.041536271912754,1.707757732229888,79.52039246089618,300.3388690728317,54.50297885517665,1.5360857099087168,71.87094073186508,264.71388240213554,5.419222484805064,0.3868275387759415,86.68895672208568,302.7385439736618,17.82663824151256,0.009326353034157455,25.686980323422198
2001-05-01,2001,5,297.3978091634178,52.14074775632781,1.592208101784205,72.98273465334059,300.5337133705244,51.56818239432424,1.089487880705345,55.743855917399124,277.90480671695224,11.590269846512289,0.43854180637220785,77.61399651002029,304.19363205654315,22.19372816253563,0.03593156764045481,31.09794152342497
2001-06-01,2001,6,296.3144760182607,47.948515627246415,1.2744390213000352,69.12458212246113,300.10523860105656,50.95528497787911,1.1734122867056447,57.507379554630674,288.07834492742137,18.042728405313472,0.31210634728359177,64.63258064931898,303.8837774530341,27.505092687250983,0.12558605231667425,37.8503848830073
2001-07-01,2001,7,297.3100797965017,43.15646147511402,0.6695932149236442,54.73617506379009,299.7771741192503,45.545298609254786,0.7656572029803101,47.90948387115945,289.90105903358483,21.16608597153572,0.3644718785888613,65.41095607206063,303.021042008624,35.04804453020036,0.4383529086678244,50.173135615113615
2001-08-01,2001,8,299.0048088424996,38.95318685196211,0.2967730725779647,47.968827656234204,299.7433648253619,45.21234337980456,0.577071807252102,56.790091607543886,287.2844476134363,20.04655128097869,0.3512298485928994,58.99524277418633,303.1415392991035,38.24706199371461,0.5082237430348466,49.97695925894
2001-09-01,2001,9,299.65955550388435,40.81827439101841,0.45614297069581206,51.0561482279588,299.8659262805238,48.75444651950586,1.1273546610888765,56.97719235444426,277.3417648964565,11.872977139080056,0.4129014058818647,78.88194162251392,303.23062222282954,31.576921391324333,0.2208600335476759,42.179181100442705
2001-10-01,2001,10,300.470640572394,42.09725150460724,0.5316575101286044,55.984772471624765,300.1551037297792,51.18277672622198,1.2242811647745708,64.90574414508008,267.7690127211532,7.09889506005848,0.3641383184431103,83.63292417856486,301.0029878154277,21.791586404017544,0.0334765250258256,22.672328952862646
2001-11-01,2001,11,300.2021235022428,44.84846998616393,0.6300810272392781,60.404850643381586,300.1863347743888,55.052320203080555,1.623870199301016,74.44172144800666,260.53866041144437,5.224688507842921,0.353488656239735,85.37634021570679,297.57892035241247,15.152300515818386,0.009227514740812742,19.728584298279987
2001-12-01,2001,12,299.0389865225335,52.24589480622544,1.222982608351355,77.22441389258044,299.8893168436402,52.53086041823823,1.4788332503774533,72.7948571751308,250.18686259674277,2.9848657396499703,0.17849290688156033,81.18131140524984,295.9997186526659,14.357032717944705,0.004462800268666629,27.860618204583556
2002-01-01,2002,1,298.19510147283665,48.46616747828602,1.2112008138266501,74.75743936626156,299.85239651202335,53.31744716508136,1.7016288673156759,71.23965348899384,251.64538997395334,3.364525425455374,0.27036272014581114,85.78431974717576,293.15123813591305,12.866225091008314,0.021481232301855578,23.74248965001398
2002-02-01,2002,2,298.01030275768693,52.01814743801764,1.337483929649806,78.4807198780718,299.8933151611075,52.76524850673171,1.4376097012087297,74.85552066005513,253.48258523869723,3.5716354496808553,0.26906062556507837,82.88181859132936,296.38290689557044,11.68851803373352,0.0022129746190236643,22.561737499127837
2002-03-01,2002,3,297.82450014613556,53.56982355244046,1.9763424340653213,83.88443020815241,300.09131408590446,52.5032739003868,1.233511462056786,69.25035143880358,260.6764072829375,4.476130524946448,0.33230774872927027,88.24887813240423,299.7514563021567,14.225462783142735,0.004267611180175584,24.008956744763353
2002-04-01,2002,4,297.4171088001871,55.377941338043115,2.4456446114005055,85.83428178187503,300.4572133969651,52.46241941410106,1.3085766103367098,61.5572494675157,264.96225495823023,5.225994163715583,0.3293317922910843,90.1344403494313,302.42845361084704,17.62838788650005,0.007305767791186455,22.392810599523642
2002-05-01,2002,5,297.4219808602973,54.36530819928393,1.7388503962373696,76.73154440343886,300.60529080198785,49.78309007166374,1.04169699936887,50.076816148261805,277.22879409922297,10.989482762123735,0.43850666634162466,76.83914485058934,304.03254135417546,19.909676441516964,0.014774226844706868,24.33903999786699
2002-06-01,2002,6,296.73199631501257,47.37080343438178,1.0819768231072355,66.41943371657617,300.14758540363243,50.38597482062088,1.1156357091511129,55.10643511368376,287.25515529538274,17.241991766000073,0.3475835290711659,62.80397996391009,304.5500507616732,26.88785048462875,0.08743407543008613,35.02266942489437
2002-07-01,2002,7,297.6815403834552,41.071753635577984,0.36136656644638904,54.930373179828386,299.92876864348125,45.17073367307183,0.5405897656095949,47.9441473054233,289.9497727185107,21.718776541154476,0.3392731867406425,59.95921510969888,303.9776586023196,33.56256743182551,0.3166068419815168,45.27826227601118
2002-08-01,2002,8,299.04945346661054,39.68449936880933,0.3410683867274057,51.52571515360474,299.6666646733289,41.41475220669716,0.4393567931971162,47.213942661128996,285.9571645673879,18.95643301495809,0.4432958295600821,68.08745978430358,303.4023739429114,36.30224048482115,0.3677342756303886,49.614094987898206
2002-09-01,2002,9,300.3250120946796,37.822901364216754,0.2873572697455934,47.31342206268182,299.7382155810762,42.9137847886789,0.5495135667061116,48.74276627670541,276.9214186372254,12.197411842602815,0.5379791545535506,82.21928001728098,303.69376483185926,32.31220624032655,0.24651371418926465,45.153235930595706
2002-10-01,2002,10,300.3457677944792,44.1298831802019,0.6847981019638353,58.894654180589406,300.3231284827761,42.45712240683513,0.5606594232788259,46.482880777199455,266.90351198393984,6.850468481426608,0.2923420157990572,83.45980655534056,301.41041920502033,26.420996452892997,0.1097448661213151,38.16971492070282
2002-11-01,2002,11,299.50002732179183,47.2083699283022,0.974273840676755,59.65121094780495,300.41127002767615,51.234282212507146,1.202621243463375,64.51538003890549,255.26527358151242,4.169625365786465,0.2175636471354745,84.20529279564731,298.0419919619454,16.694929309460697,0.005326192155110551,25.156774268895003
2002-12-01,2002,12,298.61670299761187,50.64522655534934,0.9978154516678474,69.69552905712966,300.48479643842114,52.64959847828356,1.3190695609115912,58.04522543682499,245.77493110068266,2.1843196344275517,0.11100830498306895,77.2212067747474,294.97303359075096,13.230213536230778,0.011153099897390568,27.378872328010342
2003-01-01,2003,1,298.9446773159142,45.808456491054066,0.5786683804669245,66.29984519523948,300.2261936772883,53.87147736392615,1.5536058782488724,71.50878734511508,249.72343529834282,2.944770851147045,0.1866045594264907,81.89278047360796,294.4890351343137,11.19338139355838,0.002518641469631516,23.61107543298588
2003-02-01,2003,2,298.35026355489214,51.094195977206866,1.265671989255202,80.08954289577854,300.1428805677995,54.795386520755414,1.6988688297689016,76.04599640193754,251.23134017751644,2.8232929161199345,0.178469347164553,84.20294986754867,297.3804803372027,14.018095681384136,0.0059270480869020965,24.61685051430414
2003-03-01,2003,3,298.21019665559163,52.08220894407495,1.5448300661387988,81.8187924760873,300.2215719461522,52.760077010888,1.290962870258888,68.02136217669162,259.486036654745,3.7666618595789703,0.2627181840284386,86.06414527397601,299.23645334069545,13.410426360698192,0.003856294080006181,24.958183527109068
2003-04-01,2003,4,297.8181659813883,54.68367179357028,2.21524185622554,84.49768563048629,300.5429594091188,52.33214179790597,1.2564787860072673,63.43169962154878,266.7553741296579,5.806324837417678,0.4576780974795047,88.3819931411428,302.8390864971733,18.526274664782825,0.01172162219168777,28.80462023426317
2003-05-01,2003,5,297.20217731150734,53.58477211033912,1.8504264518430864,76.44197594333833,300.63527560082343,49.91737993589272,0.9372513241637733,57.729152533278814,275.9987764767956,9.73492219374179,0.3736000082698957,75.16756683728434,304.1433089200058,21.767212280879303,0.04558241832165408,29.122407691119122
2003-06-01,2003,6,296.9722349018455,49.225161676817976,1.2664596834579438,65.12242830409068,300.189451409405,45.47329931421759,0.6890602331293292,39.90372777411914,287.26146076493416,16.12648465191595,0.28136682421835585,55.726302255147786,304.4276037006111,31.126666653616464,0.17458726157591264,45.09643723687371
2003-07-01,2003,7,297.14311371983473,43.81289051405019,0.6884541543985951,62.3672529973718,299.68395693204116,47.94970805496169,0.8648411952180616,54.66511895810861,289.37986726270583,21.241783247415476,0.3619148891499125,62.01069704418282,303.25650140314383,37.33127054331141,0.49168125709399735,54.68354451917568
2003-08-01,2003,8,298.3433673614883,42.830380994585475,0.584587695576423,52.14176504747507,299.63855728691254,47.34832047785981,0.7133515836471633,51.15202389391264,286.7559753409474,19.619917871056423,0.32236283884582223,60.85381377005949,302.9077579659291,39.99509409116848,0.557986270953176,56.94134436307057
2003-09-01,2003,9,299.37960232078666,44.183058526543654,0.6875475142347882,57.48019686217158,299.8436184894321,47.65317987728797,0.728157561681498,59.446123235820664,279.01115248488765,13.535630706819044,0.4265561271106362,80.71864724174415,303.0930232788021,33.5321523133627,0.2865937220705831,47.848954775050096
2003-10-01,2003,10,299.77537616014627,46.504020409816434,1.0168121766784934,66.72035173658384,300.21152975517623,49.17729296333574,1.0512528298640296,64.22838981978887,268.7491827370146,7.605414983324156,0.388803988685097,82.19669289256917,302.21723948447305,26.008571121466325,0.0686067787975097,33.526269075829475
2003-11-01,2003,11,299.2886444100104,49.4905808665782,1.212860388126396,73.23301504027337,300.33605434994195,51.40157038808888,1.2754191992043236,64.67042493111788,253.3300969353123,3.4781240100274715,0.18414709524800518,81.0761010515632,298.55528930141384,17.948194613694028,0.006758430184071322,22.709569088703738
2003-12-01,2003,12,299.1069835364071,47.56440059494078,0.7881900693350572,62.10755057161603,299.9792319963359,55.48424961520669,1.7142114772092427,78.57565056188149,254.7526663768805,4.069928587146986,0.2878420551146831,84.91251006452964,294.5699405258865,12.87084266402457,0.004832243517989762,25.986662548382558
2004-01-01,2004,1,298.79734796548115,48.48359438373884,0.9685004052293401,79.62290328910592,300.0058196760545,54.24941252790731,1.4354313761671689,67.16089554242706,249.42395770192,3.0485545188872942,0.13706861602767514,80.83565602875022,294.9349057867276,14.096278886288841,0.007990825189602943,29.71951714022024
2004-02-01,2004,2,297.95724208641815,50.800107336125464,1.4558015332552414,80.47312248383334,299.9419938800907,54.535196838518594,1.43756174385864,77.28619882405874,250.24405411954166,3.0167611974200983,0.19164543777593626,82.71722016791058,296.21113999304214,11.691346811963575,0.002422564894952725,19.3223274134559
2004-03-01,2004,3,297.89408942892226,54.976739347596144,1.8964068303572204,86.57412333083174,300.33789755045166,54.10687858669669,1.385110964441297,69.85133643462379,255.2845678707386,3.485806923007098,0.2623978856160673,85.15471642630025,298.99060690478353,12.39212369821394,0.003467459742726662,17.979247021599363
2004-04-01,2004,4,297.8714617635865,55.53666263856028,2.134725014486191,84.57541715926821,300.6504186585948,51.16582814293578,1.0676343800187889,60.49405718946388,265.04319407540805,5.059069598472662,0.3823990199720826,88.16945416105442,302.5769410609778,19.544085388779862,0.0212931557848866,28.30048773917124
2004-05-01,2004,5,297.36984214559413,53.76208377434804,1.8028933382851957,75.53111171191061,300.5342415512755,52.89572088948316,1.1893649373462876,60.72885250832358,275.67921197616437,10.302979084949639,0.43752489605101325,82.0554523167757,304.5304954225174,22.96572954817364,0.04562691600270325,26.615888548177253
2004-06-01,2004,6,296.8154381497881,46.6402116251496,0.9431841295825258,57.8167782685582,299.9799260895521,45.95083056210111,0.7554619741187326,54.282105889989325,285.7431749336911,17.20532285887004,0.4193445707370572,65.72265448121655,304.1783754605489,27.459861948583697,0.11789858546552363,41.10923794713619
2004-07-01,2004,7,297.1187411944278,44.74447315172304,0.8019953617065082,60.36054516977949,299.3497408916374,47.62293186174479,0.9414137987702053,54.76111169469986,288.462335434665,19.95207918692557,0.3774683792509838,61.2471948448215,303.3289689174856,34.79308781866843,0.3404990417286658,49.72690941614593
2004-08-01,2004,8,298.27526389056834,41.469928776841,0.488445351508428,50.05782421667188,299.4570129221969,40.5231187581504,0.3721464967615951,55.037169001913654,284.03453511728725,17.600610227473396,0.5064357968689788,73.71953572880416,303.18748142804066,37.58868557231078,0.43815021282201677,51.616521571610164
2004-09-01,2004,9,299.28420708675424,44.42319450022742,0.7627994372548323,55.7322082808019,299.60773504016464,47.297515559953666,0.9429575841741938,55.15878767166198,277.8698247941537,12.914846847844464,0.5390797846739255,82.66240654710926,303.2727011697104,29.787880069285773,0.11973585818268605,40.376743580160074
2004-10-01,2004,10,299.9227826184914,45.87102303250401,0.7830920179748015,61.598158130146444,300.0277931770348,44.24192228151051,0.7324278360902614,55.851058639969615,268.0461595222349,7.5688605211179585,0.4349348551547629,86.11146917487977,301.5558881411277,22.220045660136673,0.03235376377109829,25.89889879991034
2004-11-01,2004,11,300.1833341094746,46.05500597038871,0.6245806955819796,59.94620321413143,300.36066892573774,50.31839456070106,1.1505154248848184,58.376381398223685,260.74856523971187,5.176150896819337,0.3565073827204994,86.2742543416255,298.1472322360255,17.704007973755367,0.013143588384294587,20.047970940606984
2004-12-01,2004,12,299.35597707519173,48.19989707001233,0.7680434840840963,69.38980878355075,300.2202510579029,53.45786963823702,1.4246558092224133,69.84014129270223,246.81636890428058,2.7512975870965692,0.12018930551619321,73.79041518919637,295.39836790064817,14.865168253300267,0.004624209577036088,22.019605467432886
2005-01-01,2005,1,298.83010385252237,52.081192997119054,1.3321499199298252,75.80915372722293,300.09488889002967,53.08677306463128,1.4555712329347392,71.2397854616843,251.30339001184404,3.350130045415714,0.15051888684208783,80.62620812525228,293.4752287693929,12.849889963946973,0.006042783941854911,23.031411920146418
2005-02-01,2005,2,298.14227676417835,55.43187758016265,1.7746228990492636,85.95874664006756,300.32369921578436,52.50378510023159,1.2213953715560193,62.672555318779146,247.89764388932832,2.431428730663847,0.08799327880950696,79.88599912195505,298.859806640496,18.468783375198743,0.010655819231249978,26.057347835697584
2005-03-01,2005,3,297.96933252345156,54.20270189983905,1.790628757803482,85.80847038722271,300.45466718616206,53.93813033571016,1.374153326473534,66.55433408820171,258.7234553894597,3.8628392837829404,0.263087122766824,84.80856051922396,300.775708026677,15.91675853146791,0.010455002948133252,19.584047712286946
2005-04-01,2005,4,297.8909413859483,57.91059709762028,2.348316609877052,85.50094952753797,300.41965028327974,53.05278064030843,1.3594737285104248,63.27181454259035,267.8595138253293,6.420571402387186,0.4336651354235872,87.7661371430753,302.9512688502061,17.542613752418102,0.01194433557292045,23.95610305549694
2005-05-01,2005,5,297.6803402532342,54.82813584908892,1.843899539102405,79.76619148163229,300.5361883221932,51.26328028773326,1.0599083376367444,57.37553839658139,277.5556304497738,10.558709857595831,0.34955139330975665,74.75670850198509,303.99489916885744,24.131822935005175,0.05360426099637473,40.184786506713536
2005-06-01,2005,6,297.5721128898383,47.39518117666225,0.790297485424844,57.9033359943153,300.2828078646018,51.076283228539545,0.9557127004879897,49.92329442939258,286.58456615346444,17.814697863787803,0.4283263194719101,66.63769023392382,304.74403429945596,32.63334778216359,0.14771857589718293,43.359210945099065
2005-07-01,2005,7,297.50832320626114,44.20792049958902,0.6992059630715814,59.984388621372574,299.90890837740864,50.32873398085847,1.064979620946129,56.78892864432344,290.25972648738633,23.02114162560393,0.4556100067884811,61.89910529753883,303.3481829821905,37.35317308551157,0.4182910337432174,53.33085974006519
2005-08-01,2005,8,298.89455839667534,43.42332538650331,0.6081649405206268,52.788650756189256,299.8814689759472,47.23067748513165,0.7487347386587776,51.2622041872219,284.78878701067066,19.066901799340737,0.5173871324703749,72.7752721789188,303.03992773523925,39.58044822166318,0.5364434658439441,54.63275799906266
2005-09-01,2005,9,300.1157030614003,41.089087368019534,0.3380809991029218,50.970928566915674,300.1290792661381,47.44012075289244,0.7902679306113652,54.432378911919166,279.8584741580226,14.311182866297596,0.4773133410522742,81.13411068616979,303.120122509211,33.56594919774803,0.2535034150214524,43.82274531428664
2005-10-01,2005,10,300.3354234457055,44.688144782164244,0.5760342097189521,58.96451728207594,300.2593250104559,51.96864030037557,1.3125832900587266,63.10644931491154,270.2296097703552,8.665692105141845,0.4757480623213775,89.08363729895066,301.55814342772163,23.645774591194026,0.04187971253424523,26.89571981226302
2005-11-01,2005,11,299.4775230792269,50.633717851033076,1.2096917170156478,73.59503978537889,300.38024196147074,53.737223459545596,1.4948099398013999,71.88355564359108,259.08169512749475,4.963516629127533,0.2790728728291137,84.90452528777787,297.7391274591894,15.71753986468871,0.004811064406336033,18.883182254957735
2005-12-01,2005,12,297.80433902588453,53.531130472603664,1.8239881734002235,82.26809269847772,300.21790935911486,56.24462595359751,1.571371917922926,77.82411693739927,250.20261663923782,3.182775657596438,0.12152329282736538,73.66591807793785,296.14103642858294,14.08978236628379,0.0014804541276564182,20.94230256641729
2006-01-01,2006,1,297.6361801259875,54.47031953851048,1.9507808758924352,80.0212345071095,300.08559262224475,54.93786748799918,1.6494109707426603,78.88332496719053,241.20358644482758,1.771761149946015,0.0970595551097539,76.26873161492274,295.5539021278198,14.681856302178284,0.0026871221251879396,24.033200586124163
2006-02-01,2006,2,297.8005000203795,52.59337476321688,1.490851170255327,80.48526262206595,300.27469112655416,54.40874461695211,1.567329517436498,69.08084800509017,249.51776940817874,2.6942367381586014,0.14503653017347223,80.91477807867811,297.8048774380389,14.513400421328106,0.005486279253985279,23.59244753384896
2006-03-01,2006,3,297.87628784623337,52.63565515256124,1.482454146328263,82.36713823380425,300.3337985302872,53.77927072151171,1.4834229669135015,74.72090231225911,257.54736267259364,3.62295325210908,0.2560887034687637,84.95496668223979,299.78408545833884,12.50646824298846,0.006695792354291814,21.676071000241322
2006-04-01,2006,4,297.6075752695983,54.52857283686069,2.042654699128843,87.044315828139,300.3772162053137,55.36881493475449,1.4195677218717642,74.7458470744328,263.1436727350334,4.862662204509694,0.3214688909698435,87.3637943877757,301.90678407957057,15.335891394308481,0.009471001813039816,24.493547278879625
2006-05-01,2006,5,296.69509402041353,54.42978888006301,2.298281640339142,87.4001722040276,300.4494069421149,51.70743049064431,1.0969197320146753,59.354197356334666,275.080674513802,9.670583267458944,0.48958627471384525,83.7802165899033,303.9200108660699,25.92434634273949,0.06653992516601362,37.428125026759005
2006-06-01,2006,6,296.8459075696068,48.41496900700238,1.109577339931383,72.78220727874444,300.03003796796486,51.7009626190649,1.3661406896386257,62.57822808399941,286.89961866002005,18.68020105852327,0.43390241085080894,65.0964618661464,304.596263307602,27.498321407678855,0.08398600574040097,35.102064081459645
2006-07-01,2006,7,297.35673795412765,46.000519499962635,0.8451609766747747,62.93987076251006,299.79061237244474,46.8576294066827,0.6521220885811804,50.066020414634636,290.2977209577988,22.380556451819988,0.3868619018363098,57.14247466056493,303.4873125674541,34.60343071729041,0.30203021925234463,49.72803826866501
2006-08-01,2006,8,298.6334387141836,43.07679598529526,0.5968178961602865,49.8454186060148,299.55497160598264,42.915244784791575,0.5042209586008145,49.966818160823955,283.8634609509532,17.638144823899097,0.5656768240114601,73.44851941039144,302.7485871798534,40.05236416515867,0.54061935359871,57.934603415810244
2006-09-01,2006,9,299.54774513127813,41.24514654375898,0.478055299781604,51.76689456883289,299.542623361451,44.75729575450103,0.6832291767136757,53.77729916851019,278.91145331379346,13.88810682343589,0.5814911512399539,79.36188218659325,302.7472820713315,35.632713643437725,0.39753050925362965,49.203401491339605
2006-10-01,2006,10,300.40302662586953,46.063890804118664,0.7431288157926176,62.18005429605546,299.95067761215915,42.51876476536677,0.46026383107423563,48.95100543411594,266.3236953617447,6.129233638707517,0.4096088570568038,84.29955682126901,302.0228969177916,28.030936056215918,0.08424156159566079,38.24661615376051
2006-11-01,2006,11,298.77338559376165,51.750699485682524,1.5050670089244205,76.30503266637055,300.32676440092354,47.40339592467145,0.8357314937765677,50.592505260016914,255.78150086141974,4.573533127920333,0.2516081379904014,82.6972481350072,296.9658911046162,14.65725935397547,0.0035195003128985964,20.884405497721897
2006-12-01,2006,12,298.9568002527205,50.71639221345584,1.0163370318698555,72.91536893842897,300.49923033500073,54.30242867540056,1.4822104092192727,63.25932700747013,255.53168629672552,3.9404547595298975,0.26587654947030237,83.987485613278,293.34756478395593,11.21244115847322,0.005446692927482902,18.48415056489753
2007-01-01,2007,1,298.88346729869517,50.99037364629969,0.9746055820955591,71.47374749246354,300.36100008656985,54.92149469245049,1.5262930998079076,73.23698371134441,256.52015597559745,4.2996571954579865,0.2615194814632599,85.76364341459004,293.38882408622413,11.369582142282647,0.004940502676298378,20.82173814302659
2007-02-01,2007,2,299.00308202341154,45.682222305561226,0.7561970881832466,70.81190154699912,300.13809292231036,52.63996853381366,1.3571960985899936,70.1905854666203,245.86167062527355,2.2100198721265096,0.14986455204763752,81.15470470322497,296.8099352636557,10.60557757224122,0.00258752040953563,21.159421712399965
2007-03-01,2007,3,298.0551025315858,53.97725890615799,1.863162781447787,83.84264530794756,300.18977880616114,54.292204166203845,1.4201722333798938,75.9683085760381,257.68918092111414,3.7190348114771763,0.20721073735297663,82.82291177839636,299.7742514826824,14.22508674146182,0.0024446026519856414,20.942397392005475
2007-04-01,2007,4,297.61053464452505,55.827007805465634,2.3167137017065023,84.56186644302326,300.3535190184424,54.3441134432213,1.374314925604609,69.55605247485929,271.45486551151106,7.832370591802748,0.42590303930308165,88.94359682438235,303.16585170344916,19.217537680041282,0.009392144094425276,30.211902672597198
2007-05-01,2007,5,297.3160679001589,54.5199464350876,1.8506193815768606,79.81275673525693,300.57596837699583,52.77724169067871,1.0401581913796487,56.59137436481236,274.9011175826946,10.349852411247866,0.6438466427125964,87.3979850491925,304.53604800038994,24.33692815725605,0.038445722714632556,33.38752739187539
2007-06-01,2007,6,296.8488729410308,47.480246358332394,1.0641301720232426,62.084714803235386,300.24329324487223,54.29905624697051,1.3319917435670101,64.56439204590531,284.085603210335,17.32434689467718,0.5609314686690483,74.89213259156992,304.38996339761474,29.138857443017212,0.1373673938137629,43.80112807800644
2007-07-01,2007,7,297.48650141549405,45.01942463212462,0.7770519688139939,55.858435392965866,299.5995807836472,48.355969823717565,1.0552783014204237,64.87840058618923,288.9921507352173,22.191435615676905,0.46081972408348343,60.129968758035474,302.9178351278829,38.61542358734362,0.5344786832153503,56.77007748446666
2007-08-01,2007,8,298.37349351174896,44.65344102335439,0.8217032928503435,56.31563627610592,299.43028013572274,47.957295847889185,0.8490223734122019,57.05694923792043,285.1276908240971,20.199963593561097,0.5869274140120162,76.802817569084,302.08066298052626,42.22156576004987,0.7751139773732969,61.815996910252565
2007-09-01,2007,9,299.3242837389717,43.74239391919586,0.7383375926779938,54.83435039107453,299.7229733172618,46.427688898450484,0.7954942770421926,59.600150679078915,278.612426286865,13.733888932080617,0.5083429077659916,81.93926284803882,302.3936682678991,32.79619430410673,0.3224040670472995,42.72519356084493
2007-10-01,2007,10,299.1699327449599,48.42596029317594,1.2265419390295522,72.02093609330451,300.1893453058062,49.0574858472737,0.9580581674591143,60.15977455711502,270.287662438566,8.229164862357495,0.422307767707107,85.46343553249025,301.43267825315706,23.3667968924523,0.03924199143048207,28.485715911916273
2007-11-01,2007,11,299.3780060464288,48.24759936219976,0.9274076859519872,68.01917684231287,300.30709656959715,52.13668959403282,1.2060548691411066,72.09432010663274,259.8345763492024,5.141284394383063,0.26935591991843283,82.64989979322183,298.3416190141264,16.725026514646103,0.007518922447639687,23.1033555905398
2007-12-01,2007,12,297.7757715334461,53.38431798695868,1.7798102776036635,81.87020133036751,300.3106797426155,55.46292418338905,1.7532483300064943,73.77361110527778,253.93471162880329,3.763493795320865,0.24417878113795594,86.03316546775291,294.6006112090126,12.627025357233629,0.0023448346894991263,17.71118366766565
2008-01-01,2008,1,297.60330331047885,51.09691968561898,1.2143697260387656,80.20084479970515,300.22708724552564,52.40376687442626,1.2840815504866319,68.97603815620238,247.87597661646245,2.6572453666613987,0.13383083619063638,80.37127163490983,293.07129735312725,12.785337046058405,0.003956807711795585,26.139597365947814
2008-02-01,2008,2,297.4405567715667,51.34747036322729,1.5784831275937063,79.36903702754117,300.08997978236107,54.92666629506516,1.6171830548918893,84.6316437953741,254.24251077321475,3.311966052688597,0.2481409731570106,84.17082702455447,295.76354095702874,12.520263397254958,0.0035974942815593784,15.791453906523742
2008-03-01,2008,3,297.2689351654922,51.13991607397803,1.638158536998455,84.37291404025383,299.90843562867093,53.94008070447203,1.5009922973685932,76.68849098123175,261.73241436061954,4.968947018115905,0.3219073643738658,88.82258586306322,300.48556017606796,13.709335678048527,0.0014860525269286683,15.220473493087557
2008-04-01,2008,4,297.40608226039427,53.40448925227684,1.9297528493727125,86.4850599698176,300.1952226242761,52.59702385470266,1.3525144104646323,70.17988284230198,265.0422118271643,5.536596356542467,0.39137948386863547,85.88837573955207,302.2920288223635,19.50078919963778,0.04221768885164112,31.708866839015677
2008-05-01,2008,5,296.70556433846747,53.852330144525695,2.2289182624354735,86.7176447350157,300.21941054577627,48.651848713590304,0.934893613089332,57.109637453303996,277.0384133159631,10.17506160362872,0.34390316587236536,77.806243840649,304.1344010175269,25.9788490595645,0.06748666261305515,40.75714473661027
2008-06-01,2008,6,296.5291262401965,50.23970281168465,1.5032665288116729,76.32265012262432,299.7823354921494,50.12469425398167,1.1661391481474015,58.84497395736139,287.0882901255637,17.763967280180633,0.3776002024015063,64.51265332243162,304.39553993792083,29.922867187958115,0.18357138086738925,42.28033440057618
2008-07-01,2008,7,296.9762148525125,46.24583802216548,0.992560770912029,62.09289650197995,299.4025122736179,48.11064834811524,1.0934252673558267,58.80778859408973,288.88076699135905,21.74358111059814,0.4322509419533753,64.44978095795086,303.10366561798304,36.810583178697,0.4819071922097219,52.60181541361417
2008-08-01,2008,8,298.4078291851491,44.62573580541378,0.8063002998666347,56.943185005449465,299.43968807896425,50.146288718105026,1.2156571908291731,60.888749089665104,285.1315872555184,19.70924604065272,0.5795185261931215,77.2639123123279,302.3164969398734,40.549923467617035,0.719400450692077,59.424031799095474
2008-09-01,2008,9,299.06094902382114,45.41547963025956,0.8408492138676712,57.87869950911391,299.88717222427067,49.051414671864016,0.9701864754993269,64.7614242288953,277.7010754091888,12.351005862173688,0.3890919249576464,80.16789256889936,302.96398002959495,35.36073956209065,0.35399948293819006,48.626812020859425
2008-10-01,2008,10,299.4050328608619,47.68110692604547,1.0411765280328318,65.53974676796862,300.2042452577512,52.16065768837079,1.303214159405158,66.13395822135023,270.906767573685,8.504667188311954,0.40951628220125774,86.4481616015784,301.13276370433965,25.606556332735035,0.08240877444822112,29.03423726127704
2008-11-01,2008,11,299.24525727714985,51.07897380906899,1.4715559524674253,74.65229387964604,300.3372197919803,56.259665568680525,1.568226016142505,76.22027812165666,257.63960294976215,4.781078718935851,0.3339926443317228,86.13340906279988,297.74452613007793,15.40751915449616,0.008918063007387723,17.80374577376804
2008-12-01,2008,12,297.72895967803953,54.038395907759586,1.8909847760448988,84.55669505584645,300.07865747474733,56.10814050874907,1.7065817673918529,81.69086805625136,249.00989028511913,3.2441123140316552,0.21652633431422277,83.13348863348078,295.55645930526254,15.017353230837976,0.0026303638203925735,22.796895999968008
2009-01-01,2009,1,297.334344334097,53.91155452272406,1.9156305296201315,83.27522547586138,300.02587688154193,54.45558702798744,1.5321374828121619,76.89572560844803,252.20000814537784,2.6748815935516697,0.1434611036809223,81.48006176829875,294.8991032307128,13.134455954142508,0.004257444385978634,25.17123175973524
2009-02-01,2009,2,297.4328968680223,52.97261029929792,1.6905244398261372,82.97083296339933,299.9583495956019,55.15245849072382,1.5122670791981256,81.76032328309128,247.0981723449438,2.1015835691636546,0.1230906313123478,80.13321242900047,297.882961819663,15.614684000920823,0.0051128534691530225,24.429045056179948
2009-03-01,2009,3,297.4653032136248,54.28088837314446,2.129915860234032,88.35385382648653,300.04308350016356,52.82307318005404,1.2970392755719105,70.95149959144808,257.88191202810725,3.4669042147410867,0.18543897515787222,82.38508588313147,299.97341518601024,16.853766359483465,0.00777304872396055,28.399627054948596
2009-04-01,2009,4,297.52409099710036,53.25705015022196,1.6698610160692586,81.4278388421659,300.5049471145705,53.635898896926314,1.255341210456306,65.84835382834774,269.9794141016994,6.742560647028826,0.3808333422182388,79.93202590284,303.10211835856666,20.903494686686347,0.01816610545429723,32.503938870014736
2009-05-01,2009,5,297.33929513692,52.36031149453786,1.564598789400289,79.62143211964101,300.55837312402303,52.855245091826355,1.0961084366143365,56.30263742265988,274.69925472654876,9.505177637717749,0.5698699989394773,82.95623803087469,303.968848240821,23.85688136549573,0.05573429381006822,33.75937464070542
2009-06-01,2009,6,296.73669427993616,51.94285547161452,1.611131116033961,76.85488889523351,300.27723371477055,49.30567161227323,0.8449805247820549,53.81300172206318,284.5578102331611,17.586190282336545,0.455590746247841,74.18552803023074,304.66511610307765,30.756462270478774,0.13108989522281805,44.88112731391611
2009-07-01,2009,7,297.2637654792935,44.879600224766364,0.763385345987178,53.01995734050415,299.956676635801,47.80976375053142,0.7348742469984201,58.6570872666463,289.4696574409467,20.522500882792713,0.33139998602752896,60.78665064695257,303.4124641306794,37.132090891859164,0.40611119218425484,52.36505265091585
2009-08-01,2009,8,298.6468337414449,43.73960038574778,0.6168802427525175,52.84570814203828,299.9291252599148,46.25295345124575,0.6608654238719404,52.12559849610134,286.2586412242797,18.616197502111923,0.3586121933852649,61.27034142091674,302.86735931382464,40.555927067993196,0.6343301395932199,54.3533596021451
2009-09-01,2009,9,299.70080216453897,40.904920204780225,0.4415703244737212,51.13401394721777,300.21515550944173,46.81205894015102,0.6537460527812055,57.58605623167087,278.7961856706868,13.787048814212397,0.5053468849623883,83.95979024046932,303.1288499526738,35.50925263234815,0.4206199178338993,44.55244716698312
2009-10-01,2009,10,299.8409739830067,46.395424728873365,0.956681928535959,64.30723874142909,300.238302264309,48.37265331359822,0.9180033434420974,60.86172578854627,269.00041824875706,7.684166651806362,0.32473245082033636,86.84336265239024,301.8403923371219,28.18033153105781,0.08967986450259065,36.23850307120342
2009-11-01,2009,11,300.22826459580017,48.22110727101706,0.6754470418956495,64.32086187220223,300.3545740774703,52.56512843864738,1.4039485430171557,67.9003518190219,254.19142634549164,3.4082153509924753,0.22111731032906345,82.90331403016356,297.681725737693,18.73285330737443,0.029123427958241875,33.69444770239564
2009-12-01,2009,12,298.67339155791865,51.78746198939269,1.1290773644815244,75.22669228390524,300.1110009094214,52.96822297090656,1.3233983157762006,68.87607025721607,245.37009302915072,2.129968374986496,0.13579404640376402,80.20867612658947,295.5289690631051,13.740225936743096,0.004093004891506492,24.550648850573534
2010-01-01,2010,1,298.58096176374755,50.33968785044956,0.9875823955166494,71.66211940446212,300.02462565362424,55.513351420979056,1.654111781211183,77.24021704450082,245.51410112992835,2.1879769539173717,0.12054635571984472,76.81859324266865,295.643143820094,11.630439847755188,0.0018960018742368054,25.919991288072705
2010-02-01,2010,2,299.05389068162145,53.19992397754026,1.1726630359667685,81.05719623984251,300.3551463543964,52.91567282431195,1.3297978076152548,64.10550881326755,245.95001292494106,1.8996818441142163,0.09713892367786048,78.36293587036366,298.92896454920685,14.25888435328829,0.0057765828531969625,32.6589501522634
2010-03-01,2010,3,299.51096708211355,53.5526590016285,1.364684564005043,76.278534114328,300.4521392869458,54.02596119678831,1.3830401283252727,68.8711758098225,257.73286275634104,3.489478431368977,0.20253490338409266,79.91866974617835,300.13061846746416,13.884520045935647,0.006727284827941848,36.94819107976069
2010-04-01,2010,4,298.26192939817435,59.69487840108475,2.718746577745311,90.82997029669096,300.8399861275616,56.48779436526053,1.2436945549300877,70.1785419965675,267.1019766330225,5.815651213813677,0.3217576860110565,81.68429925641462,303.78880546505394,21.450904924473473,0.02075359364973869,41.68699810233974
2010-05-01,2010,5,297.972060256636,57.52542742140693,1.8946510804878185,84.80113793022514,301.004645255892,59.19878535532261,1.5647593499831953,70.58698155857894,275.92161111587865,10.082565512917943,0.5167427059358237,79.80327630071959,304.8989642383257,27.360750958075386,0.06185307660471255,46.32359014908208
2010-06-01,2010,6,297.51356827157565,50.99338702968588,1.22272647135865,68.31469143322258,300.39709576223197,54.633619518607006,1.4863282834803642,70.93391531157891,284.4345620115509,17.16973255647159,0.5197104761437109,74.88900700511435,304.89744818792127,32.59227505829413,0.14767047026717714,51.874894906189446
2010-07-01,2010,7,297.61963113505396,49.888583628820776,1.159658543475407,72.21220457626647,299.9543793431658,53.584100086384794,1.5065528152919543,73.6360215111244,288.3503105501452,20.890836662282492,0.40576401048459687,68.25332640937559,302.86323354829256,40.12237279210496,0.5804621459479726,66.4972416757128
2010-08-01,2010,8,298.5026198366541,46.29806103606854,0.8878073216384634,67.73727101278772,299.89649788639053,52.62606444111129,1.2644000838867027,65.78886497787533,285.03014663799746,18.450632625697367,0.40744291667790766,70.02611647044948,302.369776260817,42.9788907826273,0.7326782030846503,67.1606103351998
2010-09-01,2010,9,299.7167655807184,45.536306613116736,0.8272319228880616,67.87934752970853,300.0698855998059,53.49418010299287,1.4170805736810979,71.16944956111901,276.34867194001146,11.471454581870011,0.45464922757853227,81.18834538040007,302.2085715841193,38.040605907533276,0.5657553017812342,57.72345379159962
2010-10-01,2010,10,299.8276944693894,47.27821976567226,1.0297990769215073,75.17482688510678,300.31610005370595,53.73205236148986,1.3715695777450811,75.4800723400837,268.9368013900571,7.555820190243461,0.3685479857137811,86.93176733404624,301.94986320531314,30.684394412340062,0.20202640540940536,43.280491492682614
2010-11-01,2010,11,298.84240974006,51.822058480115444,1.5837111875413954,77.47266501814045,300.33928842949535,54.18169132999435,1.4501379435093997,73.2538116318624,259.4308200759162,4.997889922042336,0.3473734195124988,88.11591320574385,299.0542701099052,19.46103784793512,0.012653399339868645,29.990911644718057
2010-12-01,2010,12,298.06283846291194,52.063604977527305,1.6307704305213637,79.57375567622819,300.0247601329978,55.39073208541483,1.7277747612332106,84.06282751189875,245.76526120197173,2.4432236144098005,0.13873863698649033,83.4515063657187,295.2655178671284,12.794042128295986,0.004774506969891857,27.01655361559476
2011-01-01,2011,1,297.2632980166117,51.234081540113074,1.5568151113231623,79.44198246737098,299.9437060954794,54.2234021936646,1.5228937202912418,81.94062413636861,247.36120596580412,2.807553242646876,0.10702780216748276,77.06013514804563,294.0295858862497,13.332895095670821,0.005321786282014517,39.41707564848118
2011-02-01,2011,2,297.40890041091575,53.630479024621195,1.8647376801146822,86.1876993906303,299.972252690384,53.13397280344551,1.4344743270736127,80.90227323691887,248.0770818929055,2.497830453827989,0.15084299720286756,80.78408453700222,297.1033556316443,15.060888184028254,0.004400359663578558,40.09452416157279
2011-03-01,2011,3,297.22438177925375,54.01717463685114,2.1373942782233257,86.89746481700578,299.9841205287434,55.739700653222165,1.5444699299424334,81.92424634265745,260.9580728118887,4.259545965717631,0.28259070277666976,87.51269525821697,299.8906571414022,15.88990309640942,0.01318001060004814,34.97700975886911
2011-04-01,2011,4,297.20499430636977,54.8038712694103,2.206852945092384,88.96934752119965,300.11725694131934,55.48317423562094,1.3633637577228388,77.96555599338134,270.43321041227176,7.824573725650571,0.4056781960511438,84.77806348917365,302.2288676715557,19.5182179576814,0.010992929154435501,48.17687541011574
2011-05-01,2011,5,296.9007366540956,56.40554049664378,2.5368351830707865,90.03660864922011,300.2162897218338,52.991251789846565,1.2114381777929433,76.2591862507209,278.6976192032836,10.078658685722528,0.29592343436648505,65.66029837308864,303.41246044627627,26.59911179084048,0.13032835376650673,57.468375578515655
2011-06-01,2011,6,297.0654340031402,49.94492170697409,1.311784884170683,69.79643767521311,299.75058632687364,49.677207953714344,1.0328964050289944,73.33253194388968,287.9832482131372,17.369822558246888,0.28060378059161795,60.04139658567033,304.124173032904,31.689776521282127,0.1565422765710457,55.70153087556078
2011-07-01,2011,7,297.2079024942965,46.125855692759096,0.8958978034413193,62.17102538042116,299.5484020120472,46.62541036233448,0.7516080103548077,67.81728382108739,287.7964244250098,20.698352738506042,0.4424480820006223,70.2889064515095,303.0335066441477,36.22017585136333,0.3843897682179558,64.23461001799858
2011-08-01,2011,8,298.2344031991507,43.0138183102352,0.8180769433019174,58.95787323245312,299.36609940679244,45.86201214575341,0.716944155992181,67.23484525034212,285.1338123421856,19.62823434357825,0.5193206502762531,72.41264805047813,301.6777251966017,40.845492788605746,0.7573603614168261,71.79723865212245
2011-09-01,2011,9,298.6318304013333,45.714992624824085,1.0218359907386647,67.60315427666931,299.57925186773804,47.931514315198086,0.8548254353875909,71.09976657744023,277.8706437331122,12.192622966705223,0.3139666810361755,71.45932854396516,301.794896300375,33.97319791055411,0.3490777822043979,57.85864049088274
2011-10-01,2011,10,298.3702177986352,49.678164796561646,1.5581213097029964,80.44124627886863,299.9537371697936,49.20214459446958,1.0575976369602385,70.22860437211853,270.9514587036378,9.135726639644416,0.44127567246195515,86.48068049131396,300.9034286460993,26.788126325388752,0.07831475682141693,49.867480286926956
2011-11-01,2011,11,298.13610713886885,51.53836130142426,1.498925286218091,77.67922148270462,300.1187984280674,52.944553682317995,1.3568849404049712,76.84920273178261,256.0603111853358,4.0128613108592255,0.24338386847819976,82.22214229697244,296.56158135193624,14.570880911215674,0.012237837614492519,36.33742403635616
2011-12-01,2011,12,298.19105780574995,49.29618253450437,1.1905461797852028,77.5214560054319,300.1761012923733,57.01552331073657,1.8409408946114305,85.65644222307434,252.49513143529862,3.76648083146429,0.16687969759421384,81.69626259719185,293.3533456827213,11.564622999695155,0.001520336573253849,33.47788224399508
2012-01-01,2012,1,297.2746019828232,53.36982948774476,1.9181964668248042,86.08655057099071,300.0299271973012,54.528367515190574,1.6290545718911096,85.62921912678765,247.75177338933315,2.6630831334496707,0.1001974657887242,76.71703919667415,293.2455700942946,12.778725494685146,0.0029294759551140486,32.278334423044576
2012-02-01,2012,2,297.00484374761885,52.16232877479762,2.0276912774605984,88.90835998508655,299.9371723344685,52.71437010951188,1.3348539932011882,80.15855323970891,251.12623441163515,2.7888982100551947,0.12488043445145164,82.26122250072147,296.81070828040544,15.020331638304391,0.0027210601314244603,42.04670181440338
2012-03-01,2012,3,297.039908965127,53.12894705726394,2.124460675188322,89.32094648252188,300.0286536333598,54.98087575602284,1.783057935952657,87.6127737595507,256.98987939918084,3.6001808136263485,0.19906722735749566,84.27549747638534,298.4672357874344,14.00432173534976,0.00929187808827244,39.64603741254383
2012-04-01,2012,4,297.25069726776184,55.14983271490302,2.5133567065962104,89.49588640907918,300.2037733789432,52.325736558123225,1.1603096167416924,73.00522650799462,267.700033182876,6.515226879611212,0.4171707540286268,85.94591277793144,302.5009898824036,20.946170547908455,0.017295428099257652,49.553396281929665
2012-05-01,2012,5,297.1097061128505,52.04868026144204,1.621143134939172,78.73277453194552,300.39922009884697,53.229456579703886,1.2559049112200076,74.50943543266678,277.16152913762437,10.983359153737648,0.41684727019894857,77.46081896586175,303.92801670045657,26.72653291425907,0.10631151485928378,54.2535664852479
2012-06-01,2012,6,296.9097993740979,46.89697685345239,1.1152783976719147,63.51594980866177,299.77849921993845,47.79792865310482,0.9364277145173918,66.77896118086188,288.84860026722964,17.92655398879677,0.21943586781158964,55.35264997491578,303.97664326095946,32.07220199997312,0.2475397219069773,47.7049340015065
2012-07-01,2012,7,296.9089553877289,46.89094914956644,1.3451723264892752,71.44175772972521,299.3217558127293,48.601061132298675,1.0600514256652405,75.64833811733993,291.3352892645547,21.015199561476166,0.2446809220517578,53.62713949184575,302.2321228104251,39.87751758382818,0.6102867272522675,68.23364935689175
2012-08-01,2012,8,297.8321051495413,43.872395219959905,0.9753895980605083,65.94506555436291,299.20725762208707,45.246166534652545,0.7511282176132156,65.87437160125829,284.1787450926388,16.736086985003436,0.3922890744397518,68.77634393290346,301.38011909596577,41.820242104743876,0.8588526107165908,70.3804596215476
2012-09-01,2012,9,298.8125697255376,43.544557573704395,0.7562911818375894,68.98882086628012,299.56304252903954,45.1110176689595,0.6376728909877244,72.21920026655624,279.74329435645444,14.236170065050823,0.44483971853995297,74.97661310150664,301.5481078880573,36.08965563420061,0.44699167199849066,59.35920585430956
2012-10-01,2012,10,299.1538832541363,46.154208277543944,0.9661262035201803,75.39318305265675,300.0156081857211,48.09849846453502,0.9435614232876682,68.86532042526214,266.3733195767699,6.86735851185652,0.31385736215099264,80.86727965974784,301.1415005499919,28.141390264159515,0.13297329802953517,46.311590926859125
2012-11-01,2012,11,299.3549241914296,48.310011058006204,1.0366972470517866,75.19315439895303,300.13280945440846,52.84299983637038,1.4276492776130891,80.25818468048769,253.521000037855,3.938339780184852,0.1900735494902695,83.06097325288783,298.3632328690248,21.11971453716032,0.02153190268484242,43.17094003932546
2012-12-01,2012,12,298.04209129663775,52.21314998795136,1.4947614607345685,82.18224982197607,300.1816930973842,54.84552825543014,1.5813622329726116,82.69653934104569,244.75654911882407,2.4596902046542195,0.10227094192240449,76.9217282864364,294.28311216169044,13.382228499877469,0.005125063597442841,41.147205463530774
2013-01-01,2013,1,297.95763540617713,51.028988184769986,1.2064731814900265,82.00211705029571,300.15815585547847,56.266352562553394,1.7903244523964215,88.18448406784114,245.21290450014743,2.5151691012239756,0.12960326737158434,79.38675011841765,294.7063864202935,14.410354082836543,0.0031426368124860033,44.93775083995374
2013-02-01,2013,2,297.54952142289227,55.54792670915539,2.108485205041782,87.80820484222454,300.0895427495547,55.10051542746166,1.7288758691505177,82.51514879721942,248.80353236059435,2.648880324027139,0.1494627738275876,83.23116214616208,297.211081832576,13.751378605955427,0.001289737013956215,34.17621314361472
2013-03-01,2013,3,298.0443734093362,54.09253255711263,1.7944403160904026,86.57224119255285,300.4308796351069,52.67256244536622,1.150753578890486,77.97097525216873,253.22459091535544,3.0595232763246805,0.20904625018513934,84.10005092296451,300.86137337123955,15.11695015900235,0.00705970170548348,37.02988626965244
2013-04-01,2013,4,297.7105968523933,54.88913670251224,2.210200084310243,88.03555027581825,300.49994838855025,55.31668875122816,1.5130502087629603,80.29849240888524,267.42330765439664,6.601774851994935,0.371946808458406,86.40714397996688,302.048732952683,19.160074911471064,0.020802911982764693,45.10607603594318
2013-05-01,2013,5,297.1391020636385,55.091927714561486,2.133396072832083,86.23663945307612,300.53421775537515,56.09480037374803,1.3479805850481426,75.49814388363058,276.96055980712356,10.042896572619604,0.4900550498938515,77.42825924597467,304.0446301556426,24.837343079808957,0.06075469164710357,44.30903538495039
2013-06-01,2013,6,297.10775133098923,48.04025920114178,1.046298704356691,70.21896531843358,300.3543147343562,53.64793018400856,1.2589349765732836,71.12663497492578,286.1382768168195,16.2896438865415,0.30461339038063034,63.67011619921065,303.7738184976316,28.379328703802145,0.17358206654038202,49.42565095720709
2013-07-01,2013,7,296.6757906245908,46.884371903958375,1.2302289638933908,70.51441930302475,299.620351008618,51.87639623452784,1.5407703812653917,80.4306534336384,289.2639939832079,19.728557216184186,0.3447677013072462,57.80592264975567,302.6519719722508,36.06559578237997,0.40067746850574515,64.44019830186944
2013-08-01,2013,8,297.4304561220639,47.34884842976787,1.2646272185946705,72.56565820634538,299.54713298679803,47.87246703130491,1.0231270710169906,69.65507427959237,286.2938749302104,19.005646228463586,0.35960112600901384,62.50223488703108,301.1927440733963,42.522761463027635,0.8514401544382675,72.25517746121868
2013-09-01,2013,9,298.07637821672665,46.263585004109714,1.072455642100361,69.74084518477567,299.6819408868762,47.01634855484067,0.9035932658145848,74.5314480625661,276.3349909218214,11.558614576408054,0.4264137092880629,81.04059566032451,302.1230990648795,35.142884372344014,0.3282244393384682,58.63428370054539
2013-10-01,2013,10,298.5414506488888,45.795088410818195,0.9953390086649531,77.15858358819531,300.16229600696624,48.009986112593516,0.915360491174492,77.23762489791807,267.93874437102556,7.164213002824367,0.42677332837662335,85.42022328805592,300.4203482416568,25.873513775875715,0.09550182235300367,41.75888718120756
2013-11-01,2013,11,298.05578441255244,51.79363121117081,1.5261476542515795,82.79929227171908,300.1076243431757,53.05503560030388,1.4257836511573816,83.0341850011251,259.9692189813709,5.364497138167516,0.3717986374290794,86.18549137441762,297.7581374807941,18.571765474774743,0.017550111266740998,39.63974109626556
2013-12-01,2013,12,297.85531491755387,50.88705930343387,1.2982000472096873,77.39859096734625,300.01708983162473,56.342833144750486,1.8531487844060566,84.55916148108287,254.3830893002034,3.990081726584111,0.24694578614766344,83.66723361141327,294.3393565818774,14.768291497806409,0.008859093731887126,34.112978149220694
2014-01-01,2014,1,297.4988440476873,50.12211745312855,1.2201721947723398,77.53521688591768,299.8512224801438,52.11199742290266,1.511656068156422,84.50012793878138,243.57142639941432,2.3842578942200565,0.1376598327253473,80.13766644439555,294.72091371988586,14.55225108112422,0.004669647344005775,38.43178973122997
2014-02-01,2014,2,297.43908684494727,53.3465439566619,1.675636303332412,85.93096201020184,299.92635074239917,49.72561110019216,1.126751721141803,78.44921088362062,245.03194412717303,2.286632910377686,0.11387456512483257,78.54550066041463,295.89380943835863,12.193284460727412,0.004983254576613038,33.13026593576942
2014-03-01,2014,3,297.51980460659735,53.4955773083556,1.8371743435990016,85.65942667179057,300.148567750108,49.87448960364715,0.9968891685275131,72.86704553593509,261.67125969540734,4.920566306935771,0.30888496774010255,86.99199035542946,299.40926370012636,16.639303613756372,0.0506461885117586,48.31479704058784
2014-04-01,2014,4,297.4242039015219,54.544123030876385,2.046969929853439,87.87280441607452,300.48126814918334,53.174502524159806,1.1256015231418377,73.62247291276789,270.7898976729386,7.495437909774682,0.4634554655914436,85.27970731943257,302.7113098395815,22.344572519043783,0.06356638066397956,51.485433337678344
2014-05-01,2014,5,297.2613979929983,54.97643537636642,2.074860617938354,84.92988788212925,300.62406667035725,53.82976441082983,1.1881099308919363,66.74067418894718,276.7626745334214,10.08696312635192,0.39066397915704915,75.79023349812215,303.3355726354389,29.346094647231716,0.15684946394248364,60.165081486561114
2014-06-01,2014,6,296.93501741565,50.42223734108007,1.36943745969913,68.93530307104928,300.3685541155711,53.5833436261563,1.0892345595457709,67.46343756401969,286.40649073566846,16.07715168803318,0.29939172524175284,61.301151995179275,304.3756183709725,29.388141726527373,0.13876315036068795,50.076724514370454
2014-07-01,2014,7,296.97661664503846,45.742491273626996,0.9825137041101164,54.78960783548398,299.8701460895518,48.844554819262484,0.7989292457202859,74.72919195085191,289.39141025586423,20.066952635976357,0.32329779107905793,59.50534088848823,303.04325058321723,36.51247290347664,0.39275177600715,59.01874901452383
2014-08-01,2014,8,297.7064948952634,44.63953326197351,1.0213657906893254,59.2648863788283,299.4862755362343,47.86780463461369,1.03781068175668,68.03101825648525,284.99261154923437,18.92845171767683,0.4671906983237384,68.15511778593451,301.6484732997963,40.85872868518471,0.7179915150188085,66.56344854427219
2014-09-01,2014,9,298.8315875594341,42.34047075940546,0.654297928207561,65.90534662392862,299.6380552830052,43.441232300682174,0.642661406969865,68.00558723504608,276.13152706856215,11.15028369649717,0.4790752182181194,77.45943331542804,302.0385102327814,36.09730349411926,0.4153942788815012,55.62771837495089
2014-10-01,2014,10,298.6851088287776,49.09802260305438,1.2265207300159953,80.40946495779367,300.14256150525665,44.33309437846433,0.7083350223220582,68.2723609162976,265.8360718761671,6.287963218488238,0.34887304269967023,86.00394177958518,300.7489107072481,27.198147524355793,0.11029611861306589,47.36951120575921
2014-11-01,2014,11,299.0149370173359,50.33402659665115,1.1437544012547507,76.97209026294672,300.2699654008163,51.70725824064359,1.2891928008013653,75.56927719539514,254.37049488998088,3.8295610848186907,0.2768150615649931,83.89266254273596,297.7124261990273,18.88477344482596,0.012402137999419235,40.59368469674539
2014-12-01,2014,12,298.4193066803343,49.48560520679677,0.97865505293512,79.56229919291505,300.28905766191434,56.92912820780937,1.654255182099136,84.58824041003109,252.32722680157326,3.77670245638304,0.20895211250110501,83.17438028792881,294.3273611496994,14.133602376388243,0.003959320231622337,33.01768292193592
2015-01-01,2015,1,297.58576933709827,50.82608730393949,1.3818668080167407,79.32567502803444,299.9761484550182,53.5883325743157,1.567401065714991,82.64672283930392,249.6863589508997,3.058197171852455,0.20632306682150764,81.8354718145097,292.79503683709737,11.661960708635545,0.0030094964581001077,38.757164662005906
2015-02-01,2015,2,297.9510338457196,50.745235766312014,1.3817276489940973,84.28068343295675,299.84337412024286,51.856183235948016,1.4334684315238841,82.83898756680863,253.1360517925369,3.3097955366691454,0.1959231290855037,82.9945755195892,297.298349577648,14.637572997421243,0.005497405785920923,37.67492841823481
2015-03-01,2015,3,297.5841350554284,54.97159331156133,2.002041099503008,87.13341753598709,300.11017052098964,50.70233252937221,1.1813382536844517,76.48932248055854,259.71429912543925,4.062606665870217,0.303840225639021,85.61488422700678,299.7242874249396,18.253266056353237,0.012851593093976016,42.50056339053841
2015-04-01,2015,4,297.55189335919215,53.03813350791293,1.8184009668254952,88.43007310136709,300.33436339596204,52.510608439373875,1.26402036303999,76.67452400124316,268.73829995291413,7.032889942040084,0.445753027438271,87.44960689895528,301.0074006412517,15.272751808664438,0.0035596702695612752,36.743993569120555
2015-05-01,2015,5,297.30626754570375,54.23440874568977,1.6911397045955563,83.7645990330394,300.5238229346697,49.31882592193576,0.8564134071583311,65.51212702011647,277.2720516410242,10.357129955941899,0.36596545444537637,77.24365654104476,303.8325109121083,24.08067391042545,0.07879652520977683,48.690742473603414
2015-06-01,2015,6,297.0820933924615,49.71483598967762,1.2821449620408842,70.73164796892998,300.16419509791336,49.080356295678186,1.0196329185299853,68.74789768369773,286.91449277736154,17.116731369807994,0.3327412921732634,61.18618351194363,304.30800142404706,28.598410494117417,0.11642073497429696,46.193363329111264
2015-07-01,2015,7,297.4018399102663,46.44724773998833,0.8713378036592803,61.092233362061435,299.7432094772658,43.26606481831043,0.4792195570893327,58.201750027329766,289.5929879994718,21.929902832021313,0.38658798031399255,63.77305637223105,303.4096513036943,36.94680978142992,0.36590208403285607,53.9830315961955
2015-08-01,2015,8,298.65752699199294,44.37191434312312,0.7813894936609944,61.6799186909953,299.55068750542415,41.64545646205448,0.42021777213364636,60.0523344338578,285.3865884488215,19.321651383278297,0.5075765417518248,70.74609184628883,302.46989303014385,42.852955678146955,0.753735877380997,65.92911660924253
2015-09-01,2015,9,300.08000005762,40.09269544007451,0.3346771320479845,63.47595940255646,299.8556637430584,41.05208710092701,0.3780753274307461,57.32340247066762,277.20401814076877,11.909002110288398,0.41672273112138525,73.55000110389317,302.56542917613046,38.03521475315392,0.46393912083247896,56.29199619878062
2015-10-01,2015,10,300.44767074858714,44.536532451096704,0.5985240851658757,73.5430248049169,300.16254835579116,40.98176272315761,0.49868237623333894,57.22632081320605,267.65262691195386,7.4345695514275905,0.3771998455295103,86.34869247606076,301.8396707684988,31.16011503512009,0.1463835758140593,47.0576084327436
2015-11-01,2015,11,299.8265466968243,48.2912127522637,0.8345011519750271,75.07104107206419,300.4209100172898,51.68655948043656,1.1412319120101349,71.48947762014718,255.30640628470647,3.998440722625788,0.1708442605003187,77.43826468478821,297.43967566182243,19.102393721653808,0.015702824124368412,43.64376871069626
2015-12-01,2015,12,299.06526115108517,49.041262116357316,0.7645753173545937,72.88410196345149,300.5626207866184,53.70222336395511,1.357027833986321,75.48278723831275,254.14866796207332,4.03299415329791,0.23887039478001584,83.93176532772556,292.61618450993024,13.191746617538373,0.01276019983825076,37.757969726783216
2016-01-01,2016,1,299.4529867056486,49.13289569136866,0.6051876382524324,76.31916142064304,300.5905614115107,52.311371877584214,1.2460977376737674,71.12700398928678,249.17269193898852,2.8598502658539147,0.09198830689754153,74.20514584680018,293.6890680571669,13.180818177545182,0.011336935738231798,36.50987835231524
2016-02-01,2016,2,298.6328203787643,54.51960225802015,1.2766295768762836,78.48122192277587,300.4267685895013,55.13739788640238,1.5682584156665897,77.47381626021699,253.78428672140475,3.851198139721586,0.2100836443532658,83.96862592539502,296.2725395371467,10.827901528762213,0.00235519876604307,33.32247313642526
2016-03-01,2016,3,298.7667407698707,56.653526354966814,1.9135952737118636,88.63264396776063,300.72886578104567,55.33022931352011,1.3590082443844318,75.6397591604819,260.60633678129506,4.428497841099462,0.2705351287737955,87.1733336436768,300.89601396062875,20.247238116146907,0.010766926154943892,52.45052666426151
2016-04-01,2016,4,298.04562040427794,58.14272602043871,2.224834546685715,89.2299290106806,300.93350669889696,55.41228896144522,1.2966409699560184,73.8452241462101,269.36095347005164,7.223956765552101,0.3406753961583422,86.87235649657579,303.2933621732452,21.771397824958125,0.026418059388019065,45.133156806310566
2016-05-01,2016,5,297.7226229005437,55.09775432575582,1.7197168782443595,82.3016387763893,301.0533191914464,56.71706359708855,1.2581869662686047,70.75170967788588,274.6131706168571,8.97822497126016,0.4490373062845649,77.13926704194903,304.396297138918,28.275843186564646,0.07580307262665767,48.5114230882993
2016-06-01,2016,6,297.0638834232307,48.33726024909759,1.1366587525866934,66.37049692744436,300.46183293404556,53.32842402784606,1.2375904252529228,72.3556929256434,287.91310727264727,15.81172782511045,0.23520796700556293,54.11610325739438,304.17326176976053,32.855476473759104,0.21010548140107205,53.206299401354094
2016-07-01,2016,7,297.4314696359488,46.92683057186533,1.149622874341692,65.2819157382304,300.1009686151997,51.03613887732175,1.1739626817227418,73.08864359027314,289.8237576852662,20.35582806497245,0.31238204167908135,57.563211911066816,302.5059216342452,40.10872910271887,0.6272519711821279,67.97614660169806
2016-08-01,2016,8,298.77599031741215,44.265963323641856,0.6726946902061679,64.19563815734945,300.12167135723195,48.92603934112766,0.7475421162384674,71.04206212916499,285.45877407942623,18.97118685240323,0.38822062573759186,61.348877680039266,301.9814956352759,42.04077880231066,0.6822651189561229,63.23319608029445
2016-09-01,2016,9,298.6024079900274,46.618390640325515,1.1028486054942788,73.24913663519204,300.17484661886726,52.319130129470246,1.1270795182269473,78.91014497795271,280.3239492550715,14.190443974697777,0.2839931035465141,62.90198612039477,302.38017041559806,36.42056169346319,0.3863961714306661,56.76024049519374
2016-10-01,2016,10,299.44342694046213,47.211455891727425,0.9508222513024304,78.73452401940222,300.33103655336686,54.70451147918058,1.4771749022273628,85.92085768398553,265.0885036701978,5.674550289601511,0.19524716952668694,80.23844942376691,301.1880634376581,25.935399746191774,0.05879406683365117,34.918907780234775
2016-11-01,2016,11,299.15310757154236,49.878729116133066,0.9944637121627722,83.55038503359901,300.4215003944424,54.80600244122913,1.4557025889230006,85.53086514204689,251.73970184408014,3.4761721126846785,0.2064924206024303,84.25271641178868,298.3783561570129,19.553308622343312,0.007591482489233041,41.06058646331936
2016-12-01,2016,12,297.9845499628909,53.4686747133804,1.7140670107581908,87.05113726162298,300.3035921830516,56.17689998896054,1.5875825243645791,85.73098120456787,248.50948586620183,2.7962744438726506,0.19869959790695696,81.97506805607958,295.1504051918129,15.819323206987157,0.004970053233001429,35.12675600713869
2017-01-01,2017,1,297.24097026437994,53.591036500883824,1.8944350072353178,86.57978420840124,300.1313022883635,55.62532596291482,1.6214203933258273,86.32806244174218,248.7962686626919,2.853065021301607,0.1660279542871495,80.49389373007479,294.7174515479303,13.190434308422752,0.0013511158203261685,37.34789260983803
2017-02-01,2017,2,297.45579319107577,52.979937364959746,1.671236710602186,89.1845921891716,299.9551137456414,53.85464138095994,1.5747248469483401,85.09698488030295,252.2235914773929,3.199047114268396,0.17516097555467108,80.78166635203613,296.1531995662566,14.377426020295784,0.012558360848705272,42.15400140244938
2017-03-01,2017,3,297.44117573808364,55.03389408381556,2.2129670377914237,87.22781390650033,299.9957011084464,54.53680381115347,1.443863521290443,84.60198654312494,264.76671617677647,5.3250111491890095,0.2980320974851934,87.97808579969356,299.93371982375004,15.797363351976982,0.005564940201077422,46.312634279526584
2017-04-01,2017,4,297.63344264300065,54.72742958850894,2.025677581022458,85.63488413626249,300.3106688814754,54.921424471739314,1.3962802662969656,79.80814166897842,268.3387606494645,6.795160194545218,0.4576433316197304,87.70713137255328,302.7330475625155,20.523771266656723,0.027489477428119007,40.52771123565373
2017-05-01,2017,5,297.6623040943416,53.38414978826536,1.6586915775940956,76.90363119472211,300.549683151923,55.67878732117542,1.4244468517466082,74.2494043036101,274.6372469280385,10.047399317011454,0.5761534476449528,82.59587999920771,304.505399300568,29.792287156068678,0.1149325635930609,53.809817391341326
2017-07-01,2017,7,297.4924402102356,45.75924635173845,0.9089102652443578,65.26360705755273,299.8073560565976,51.68727689431838,1.1790632954299702,75.16384359383059,288.47175899355733,20.430349699676796,0.37502839554879563,62.10466352469456,303.1501173087822,38.498166142777016,0.47294595096716596,61.97884077479241
2017-08-01,2017,8,299.1773309694489,42.681883195222085,0.5708949588501027,61.52053007556216,299.59486971803625,49.33198315261798,1.0548925710149235,71.35861824039704,285.92094158527703,20.119840382073434,0.43435867283524365,66.76867898557852,302.1698127478655,42.14878122109,0.7771031934113883,66.72176669983544
2017-09-01,2017,9,299.2611447405938,47.12523148801462,0.941793789084277,69.804525512096,299.7716937329048,50.67757441606538,1.1595511262107359,76.84346142257125,276.4853690168889,12.045558214639149,0.4998626027493715,85.09122518771652,302.49792557029684,34.378049885615084,0.3079563336539534,52.634433895248456
2017-10-01,2017,10,299.3879004076109,48.16529166984686,0.9220356877451317,80.55728966734108,300.22247493494746,51.34758993408685,1.0195177052618174,79.77675571058874,267.8188153927879,6.965004193896011,0.2911745355694327,85.54511160044464,300.75494576526245,22.91445420556342,0.048261194321014916,36.78276037218739
2017-11-01,2017,11,299.3377158639754,49.0454125865484,0.8957043213305246,78.8971250109299,300.2669018786761,56.107000022796,1.636567586671094,84.88496828609486,255.62029326067187,4.362690205345663,0.23725446644506346,85.37681816692111,297.38527261361423,17.07508589957468,0.007790241537718113,44.65006970934334
2017-12-01,2017,12,298.18671010250705,52.14085438291335,1.425921924123167,81.52483343409125,300.1638082908842,54.677905460077014,1.3999067736960167,83.62940703076184,251.6653768491979,3.866054836250387,0.19960086837839203,84.01649305101725,294.66614399865466,14.229526572120331,0.0019850423255650435,41.54914142553384
2018-01-01,2018,1,297.580281223488,50.090667838133754,1.220045927863153,78.5667876702259,299.9885164111252,55.51242362237061,1.7161453721514082,86.83272650060073,247.6111432552935,2.7639711853564113,0.15050775618629583,80.77768695174777,292.9853944462036,9.990983252746842,0.0022645518009191037,36.26349171243006
2018-02-01,2018,2,297.775747797049,51.26777314156835,1.5247666268451912,84.63045508028412,299.90656870207505,52.951239368841755,1.299725370454497,81.38641069457123,250.23418746823373,2.803175104517543,0.11656294860842875,82.49637176300631,297.5871394143984,18.08453702337928,0.011901895852727027,49.055820204844856
2018-03-01,2018,3,297.95209734429454,51.334768025444404,1.4012373406251935,80.76231570195756,300.10790791376826,52.583624033910915,1.3880002881734261,82.76620719822024,256.93458184523445,3.705511278286415,0.2683221567420533,86.08277017290315,300.2380849240957,14.462759110681665,0.00695575451562098,45.52064982451577
2018-04-01,2018,4,297.1729896640712,55.57072558025405,2.4106672704919907,90.24951455381073,300.49736051719435,52.91912522635529,1.3360194602072226,72.99678415186429,267.54792385653985,6.369494001314311,0.4047338281345453,84.48864902907904,301.94285865503076,17.319266406064667,0.01649162256824022,37.73450243752958
2018-05-01,2018,5,296.97328722496746,55.419766238078005,2.3014177628816364,88.14036280570465,300.4159316940689,53.157054510306175,1.3303941410058302,68.74123018555753,274.5025783563855,9.078444394145391,0.4656255641995302,80.61744162825467,303.96892072265797,25.020394261788294,0.07648548507792165,46.50598087272274
2018-06-01,2018,6,296.725628869234,48.30124248803049,1.3326193001441182,71.72003816551774,299.97365164445705,50.03834524358594,0.9483966767033556,67.71813162363094,289.0817248669501,18.349124696323045,0.29301015527613367,56.19303721613557,304.14546120642996,32.62700353211236,0.217117873846199,51.29913933948692
2018-07-01,2018,7,297.0140991453424,47.47892831851077,1.1930816394245847,72.35365822105915,299.6292093746818,48.051692237532976,0.7373405844180214,71.26229224670129,288.1696107049423,19.19940077974503,0.3096081438953807,57.22177930103687,302.69138530222494,38.53150353727547,0.4720969639401317,62.76795726883845
2018-08-01,2018,8,297.88312794798014,43.30931144031764,0.7803061353269801,62.420457709208335,299.5732194695147,46.12872048751562,0.614118498253793,64.19476607398849,286.01336900419193,19.67151137293063,0.43646508937349293,66.77597063544466,301.5858134573425,42.97266138508847,0.793925416921058,67.50319888756323
2018-09-01,2018,9,298.7815738515064,45.56297851763325,0.8834959213193601,73.29411171799512,299.6563782142332,45.339346206266676,0.6958410443414008,71.19685622688509,278.5057466077522,13.192128299170385,0.3974213670896051,76.88558992177313,302.22644912959856,37.93794419330416,0.4708342963452102,54.236252254146834
2018-10-01,2018,10,299.89020824223076,45.12303246170737,0.6596136746654586,77.59733164942925,299.90525748393776,46.74485157799699,1.025455117267612,72.0768963877049,272.16620491091084,9.317803182733114,0.3973183574782145,85.00100696801948,301.78073944345687,28.71671790886277,0.09999666612791834,42.307917786266415
2018-11-01,2018,11,299.0739134590939,52.63349009092148,1.3297117500920337,82.1891124507828,300.26979582539076,53.439724641409434,1.3055520057493637,76.40448425162904,254.96486688876837,3.62739409144801,0.29111210234813456,84.97227448864531,297.9866671206171,18.973374984762255,0.01744391194859547,41.95770523895232
2018-12-01,2018,12,297.33359171549523,52.49328967607807,1.3350249915131835,80.3568964540783,300.28060339421086,55.26812406705775,1.4504252327151081,80.88566524714675,248.7253139288221,2.939879692009092,0.16152392021119819,80.97387766602583,294.1571473529305,14.382792278433902,0.0043227177897533125,31.507257783119677
2019-01-01,2019,1,297.6279317343708,51.921734143259776,1.3519452537030898,81.80788257963627,300.20661323499945,55.10905736323505,1.5484139372757293,83.45172449203719,250.04501151779556,2.8289563186446562,0.16802564474343085,85.43873184577433,294.54447798007345,13.653558323650692,0.0014754244716797295,39.97381007826697
2019-02-01,2019,2,298.12697284655326,52.45882833106135,1.3071106045894538,83.65672860623309,300.0552441513635,50.4962602029086,1.1027423627821253,73.9147962834514,251.83980158945496,3.228631481287966,0.16723390020548315,84.49720847875389,296.0572766447632,15.261639844486579,0.009565266891234159,38.82681330917413
2019-03-01,2019,3,298.57395498600846,51.82761964098364,1.2494976600146905,77.7568263904041,300.2064736576438,52.55277821141046,1.2807699632400795,79.08025704260423,262.9071267236939,4.982500593033962,0.2855946610642686,88.42083401081773,299.4379129290683,17.52544651532843,0.01535872813509345,45.84909452808908
2019-04-01,2019,4,298.1103801343461,55.73333786143419,1.9961597907053312,86.60237019633946,300.53887628803255,55.05337973332239,1.3737835094189441,74.85560499577934,267.07730075760406,5.762110197193425,0.4172208549874227,84.32122513512267,302.44393103744676,21.12968344252628,0.02447504848361815,42.59921255132575
2019-05-01,2019,5,297.2760143625961,55.99225524067799,2.245733539910713,89.19298012072238,300.5463913501789,51.291576899443534,1.0275338601271686,63.885293977469196,275.8500440444622,10.142186280808758,0.48084118274509247,80.05122947849914,304.28716145725076,27.8193395458971,0.11634180991606399,50.842235247484055
2019-06-01,2019,6,297.3213959732687,51.35676290241817,1.3748881288785912,71.7284367234828,300.0712243015545,52.14106858542332,1.1159811258572279,72.21967504567195,287.0776078569394,17.837135233292873,0.3899424130233525,64.93701233154054,304.30443611694363,33.146726954132625,0.19878070385878038,49.944957607587526
2019-07-01,2019,7,297.19734747381557,47.09209622465073,1.0792367768232376,67.4084593085595,299.44353033364604,45.82164532712299,0.6334965952049395,62.256049582922685,290.80601001673676,21.10594302670689,0.23437986174369638,50.98353928020674,303.0321471559954,38.7934547093428,0.4633827004206415,64.30455780580361
2019-08-01,2019,8,298.1017989521965,44.476460400693036,0.841963274243478,60.24123142374605,299.36800708645876,44.15954385755562,0.41069250622944004,65.27422870830338,287.57764338716834,19.65295028433479,0.3376134967178546,59.035696523285694,301.403406439315,43.935471565861874,0.8279412531082418,67.39899072137055
2019-09-01,2019,9,299.19637875209327,45.84238021008977,0.8575403480273491,75.81617791851438,299.51113409703,40.78294599062861,0.38184745082362126,60.043805435324145,278.2952655606676,13.054370007999196,0.5129230226966075,80.38724986610703,302.61259061360914,36.824890498731875,0.3767630630771057,56.3388699708023
2019-10-01,2019,10,298.64707549666855,47.86574501876316,1.1296214627783292,75.11273142513238,299.8021729900082,46.0787045979553,0.7706439963708236,69.03906097535359,269.5993584458419,8.260182453301953,0.4362808227241181,85.92240710581596,301.1613550008136,33.18990026426607,0.29353803427231745,57.49402180056723
2019-11-01,2019,11,298.7948823290448,51.99085830448066,1.2977376453984555,82.19351154906408,300.37407836939633,46.58568012217307,0.6368931328640924,65.95997156990543,254.0685914586244,3.6770819901443477,0.24956122889636906,85.51657398009858,298.7122880654487,20.138926201192383,0.02908492311188708,40.04561912160412
2019-12-01,2019,12,298.0579619354026,53.98854497059651,1.5274219385608852,80.76407215408385,300.46963185221955,52.40515929157459,1.200461538520207,74.68991963654469,250.7956133445752,3.6435863353797404,0.20174417772457215,83.13920175171712,294.53897515240226,12.638593422884712,0.007331198258040152,35.46922679627886
2020-01-01,2020,1,298.20036090475134,50.51043558062391,1.0176204934591573,74.74555175797268,300.58789862220345,53.05072206010829,1.3082424773535914,75.20575777693016,256.69937562095623,3.5097985916857186,0.23083736320112433,87.45872485802884,293.3303957385788,13.542402062241502,0.005092645457604399,34.21995220200054
2020-02-01,2020,2,298.58696087710524,51.0233535371898,0.9758664228363276,80.78114585973712,300.61009846802403,54.576108939236505,1.3755526950557,77.6513244753474,258.5407566403374,4.095360644053877,0.21720522308825382,85.0091444305805,296.38056250149447,14.111783191441175,0.0041819429279070595,34.78445741318685
2020-03-01,2020,3,298.66688097483745,53.47385210284181,1.4012170678630806,81.5207319757157,300.7026452856808,54.88205801031751,1.361221634934965,77.83533396750596,262.9101565617586,4.782622299039702,0.39664800443511256,86.64026694531765,300.2949034902988,17.382315508105062,0.008503374458728638,43.414192725723055
2020-04-01,2020,4,297.80973576195623,57.338317443602165,2.2453472500551697,90.41530939096478,300.8960661415899,54.335500957268955,1.3546743884884687,72.62551425299861,272.13404020253284,8.189814150238506,0.4119186828658484,81.29160087732117,303.1001034238599,21.57483028782276,0.028695353426598447,47.14585155335389
2020-05-01,2020,5,297.4408813662097,57.23255680590181,2.2357699936782107,86.26148574119273,301.0005706416527,57.141825248320686,1.4477590620668288,73.00604149566479,278.94111235050093,13.097466647477232,0.5416423423810174,78.57870328457466,304.10274641293586,27.073451812761093,0.07774305433271256,46.530023764840735
2020-06-01,2020,6,297.20842016396966,51.967699552426275,1.5079787299457827,74.38971330704683,300.3988507147292,52.88235004639204,1.2959969796521669,70.04148864310069,286.14431219139266,18.03531142248288,0.52036222577091,68.47106032820183,304.85991588604423,31.466268530453217,0.12749365930422069,48.106427102888354
2020-07-01,2020,7,297.62392713999174,46.259808182703516,0.9444553576558914,68.32042616863491,299.9761217272299,51.00496158539883,1.226056575034874,69.1862285780072,288.577213878506,22.624530374932085,0.45798431027386816,66.26923783210846,302.7036956529052,40.68475562649419,0.505966142617021,66.17814895688154
2020-08-01,2020,8,298.63034464329036,45.5310904893315,0.8712523312461913,64.09053357171715,300.0834613584019,49.12654032063214,0.7883394931623143,61.14045128493148,287.4275056660774,19.368179197932886,0.27666713702910395,55.906272382976155,301.5544948564936,44.85903579690517,0.7886819998766412,72.65977181845723
2020-09-01,2020,9,299.28297975200104,44.86152695928415,0.7544834530799419,65.61049870912544,300.1733263373176,50.813568554980534,1.166343554106115,70.42167508659175,280.3523073370009,15.15846647292254,0.4751419431036823,82.9527391572557,302.21861909822127,38.510268694447674,0.48422874998575555,57.40713534832854
2020-10-01,2020,10,299.56339801611966,46.93659478048323,0.8223519055663933,74.38225853570204,300.4023458294078,52.13490928191402,1.0951507633710236,78.03996822381299,268.92948788182844,7.821121161044363,0.43859232444628926,87.59864769299627,301.4318872141541,26.13314093551479,0.1069087389207583,35.72780604680587
2020-11-01,2020,11,298.3203297273081,53.88527552442594,1.6473740244557353,84.05002590208807,300.5458626743166,53.63694232107771,1.412038418762249,78.50970533534712,262.04063958169706,5.447779139028363,0.2898031052497187,88.7885310689614,297.4873540561343,18.392445206022163,0.009004312458009069,34.28378447343143
2020-12-01,2020,12,298.00174774866105,52.156559049093424,1.4124546056087854,78.96686722803737,300.39051776764984,56.315884641653554,1.4999452623026932,82.11778790637729,251.865326806364,2.771282059202902,0.19685642399270648,85.6610155126545,296.2527132564306,16.260049016615277,0.003070278999385897,31.420006065485335
2021-01-01,2021,1,297.3504086654528,52.221508064589344,1.6400873695273284,81.65666676831725,300.1714246482016,57.095044540188226,1.8110627881725045,86.80263220397902,246.19459524538374,1.9690924194208228,0.11824458767015886,81.85200527740817,295.66563852103894,12.56014267985819,0.0037238604208977284,29.34866567914531
2021-02-01,2021,2,297.8128211494975,52.920957206587666,1.3262183169206776,83.1250347303031,300.2461343454761,53.64051242642274,1.4340931890928188,79.64830348425504,249.96278330786288,2.4543253479205003,0.16345866248755772,82.31600031407527,296.2312753322701,13.89261059632701,0.005406486303901895,28.776763096404217
2021-03-01,2021,3,297.22835746638015,53.674318460024935,2.0604262958897404,85.71355482118031,300.3804988016135,54.07640880512723,1.36899388161555,75.96938903171313,259.5891893950265,3.8241258558977957,0.2770046880803771,86.03676305353711,299.93452143084977,16.919276631603285,0.0030429347235599574,36.619060243168164
2021-04-01,2021,4,297.39160122226457,55.39194273952699,2.3711254137270665,86.51668660978247,300.72961434044817,51.17978828990632,1.0421263055863963,69.84730308177889,267.8900698060616,6.315258806582911,0.3934808692231401,85.25447103568253,302.52281515534816,18.565056184168636,0.022109499356325286,36.525921305281244
2021-05-01,2021,5,297.0956521328026,55.01126346438351,2.1198965782820274,83.72397653255254,300.86966102850926,54.066010580212634,1.2520762938544554,70.35137027015497,276.7365582018732,11.14120167424362,0.48483367614674605,80.6737053484624,304.05290473100575,25.3986507684637,0.07160962447633146,42.68277242450076
2021-06-01,2021,6,297.0605556842515,49.93219489579325,1.3614448323168584,64.65845279753789,300.50913955085,51.87748187150824,1.0422526188046168,61.958030648934304,285.67223868308696,17.574517226264742,0.4287923848162169,69.07019977685422,304.5933118299859,31.99845472883623,0.14444762912019557,48.7254685074199
2021-07-01,2021,7,297.0142186605551,48.834870954876166,1.2176839145781049,66.59226139568624,300.3488649859128,50.428551288740216,1.0111607395158828,64.81106418140845,289.61711856193904,21.177314891300274,0.36017226826353216,55.53637360736205,303.0895161215549,39.16475002648749,0.43383128637094753,60.61106722676343
2021-08-01,2021,8,298.2165443785661,46.53340986479876,0.9528259507338409,62.01216165853369,300.175468989736,51.47132586917017,1.276345198914929,67.32542434435035,287.24571765611637,20.53701159101842,0.34278415418629443,60.282341732208714,302.4628426692689,41.48084838263592,0.53766839042984,62.519859174137814
2021-09-01,2021,9,298.77207070741514,46.10718348017317,0.8834763486839917,62.52436044424807,300.1778855237236,52.56310424920404,1.3377525132781865,73.73082226553088,278.0863459334286,12.76893135980699,0.44065617954341585,77.93386449613828,302.5423728545463,34.71643677106314,0.3003439717710114,53.28069588268894
2021-10-01,2021,10,299.2365650878608,48.84910719645318,1.1216717462849215,72.20488831810341,300.6857718068106,51.314384972595654,0.9834455228426046,67.2932974407628,270.76669276660397,8.118560770613499,0.42934695402755696,88.53650352266186,301.5204092186174,25.76424012812549,0.08453901262115433,42.50141343812987
2021-11-01,2021,11,298.1277741905987,52.63200844011576,1.5086923081096928,78.05422534013914,300.6925466901395,56.48605855181016,1.6144175766344138,79.03781638811341,259.86966015417664,4.524016964706092,0.31358312883472694,87.1019890882718,298.92894960290374,18.39829699195418,0.009770881903966416,31.324940860323203
2021-12-01,2021,12,298.02723936764085,56.782413239490715,1.745344631786196,86.35265900042579,300.5967380293699,56.2819599488761,1.7300551666696702,84.0769489087339,251.85131447973447,3.1386160465054154,0.19877521630345446,80.7337938229643,295.02217751926736,14.89437041490466,0.004847223404589911,35.46814641124261
2022-01-01,2022,1,297.6054673291266,50.027558007888025,1.176209664413477,75.78471002067889,300.35277371981334,53.079764085071595,1.4185895109876716,79.07499437831258,253.42797757996206,3.385146034894975,0.15566594340951975,80.64925705572861,293.5382391657691,14.104577919091323,0.004840492758214395,32.49609417165543
2022-02-01,2022,2,297.64877535637424,53.64274757599101,1.8101940381884605,83.59077882295036,300.3292245666061,55.03877280269553,1.8028188799047107,82.29805615577132,255.76001426609406,3.401523386141787,0.15903452854073236,80.31031379467126,295.4513047867096,11.118932258862564,0.0015597544342574085,28.759299367409884
2022-03-01,2022,3,297.3726692147935,56.16973656907377,2.5002214231457467,89.31089322818173,300.6530024610492,55.286407301399635,1.3520894809381343,74.03286164781625,260.10567296810547,3.686685661492941,0.2531937572842134,84.39282942678402,299.20672248628654,15.017564428343274,0.003625964761005321,36.94113016601485
2022-04-01,2022,4,297.41998871255566,55.6460141759934,2.095248079249669,85.49245246730133,300.8821997339455,53.78677395155235,1.121010395825666,72.76859180083184,269.03764827912227,7.084952646863654,0.4165251446451863,85.28226329509974,303.01019434331204,19.74417531763384,0.023555025868856442,41.79597418499912
2022-05-01,2022,5,297.1030057491862,54.059555684874375,2.012527647620956,81.88700279700353,301.0263298031659,54.758172493638924,1.1972426716635476,67.2341455025661,278.02699419668687,11.834053175001209,0.4870836684566018,75.62180381547388,304.13311447783207,25.123375944424126,0.06052122469706277,38.93189831054277
2022-06-01,2022,6,296.9774585108919,49.22343474245262,1.3948656584361399,72.6347583972254,300.4939162127096,53.068340797844975,1.424586712943785,68.34118703598723,287.0076507857719,19.04149808037654,0.5407248890747006,63.19507555510561,304.1823206480543,32.44991336689544,0.1965975115310777,46.285990219166564
2022-07-01,2022,7,297.8368880693523,48.19039484886759,1.083842440697084,72.56760007855422,300.22656752958153,51.966950242880806,1.2458952090820712,74.7879983079462,289.3572737931115,23.63733361742482,0.5330723017614227,62.963792303725256,302.51412524051653,40.58988416769186,0.6409071729000804,60.949394625157595
2022-08-01,2022,8,298.4578096697879,43.68135692834397,0.7335886804960378,67.86982027573306,300.09862761112873,50.558559776957544,1.186960311946242,70.23936395151445,284.303866600537,18.963539139535147,0.5966930924496853,71.16259451671237,301.3058485650524,45.15378256912269,0.9100974351199463,68.6520202627188
2022-09-01,2022,9,299.8225572525211,42.0867131560976,0.5157128034035127,62.59879693579055,300.2844919998998,50.57573344068294,1.065748887045073,71.96685911913158,276.74505416801367,11.832379762433273,0.4982986220270757,82.15138709673204,301.989089850443,38.7672270862766,0.5925521292661368,56.044953429243975
2022-10-01,2022,10,299.788042457891,48.07408826126332,0.9019953493510917,76.87956415891166,300.5089904302081,54.03909693286345,1.3887066029204622,79.33042765075326,271.037528519065,8.301105612292922,0.3804749174167702,89.77252056340971,300.6223222846826,26.415960194800657,0.10165277757124716,32.952835959899126
2022-11-01,2022,11,298.3727626658733,51.28461692116717,1.453194050029888,81.51231980795608,300.53148923155095,55.67173253439245,1.4957544135987475,80.85641302307106,257.33458442237304,3.978672716869286,0.2324835711571457,84.6114274348578,296.7645963173758,15.49025122952323,0.0032940326357775293,30.981061098002723
2022-12-01,2022,12,297.5332239617134,50.19127783435992,1.3895913888611962,80.51484070575133,300.3200134946788,54.44892591555208,1.6000173687691623,83.39322928629535,252.44631753982,3.0552448884311647,0.17873899944530516,84.41292424468666,294.80829289434274,13.776099513626589,0.011705900226131319,29.77185767816682
2023-01-01,2023,1,297.0837736672724,51.42925766745032,1.669698786392741,80.42257891357082,300.1403297871914,54.678141845546946,1.4766400981160062,81.52277476439211,248.33846834126092,2.487541372718793,0.175674765712086,82.25577587033662,294.2207585616748,12.363877745363146,0.0037342895513156373,32.095369463422806
2023-02-01,2023,2,297.3642628817854,54.220243406292596,1.8617698784314247,87.21168596491356,300.1980414342156,55.95358812856445,1.8066493433977098,85.46571472499515,255.77811376265225,3.441723418141772,0.17822583883611207,84.30850650373712,296.13048684741943,12.87375082750975,0.0045462393219541635,31.974187392447377
2023-03-01,2023,3,297.70278357177926,52.37068790278252,1.5522519529525114,84.08621979533572,300.2534412204091,52.941332031657716,1.3668247733938856,73.63865855117362,262.32254980436124,4.7964375099270455,0.3698545114594034,86.27536714723499,300.08143115693076,15.395642981370445,0.010785388289563633,39.63469962386468
2023-04-01,2023,4,297.6976577378745,54.67122750322187,1.9122025008937793,85.73800905610442,300.67160892476903,53.209864974352755,1.169690994858673,69.64909382825073,266.09565743584676,5.478011693067078,0.3833083430962121,83.7294392243664,302.32961092607485,20.258660063942376,0.03179205232696396,48.33658138749966
2023-05-01,2023,5,297.87279136659015,56.1086886008755,1.8220751062858125,83.62710081164951,300.8669280931018,53.38173751903706,1.1888455665669329,67.46960717304921,276.021864623733,9.725536913311752,0.36834752031681545,75.97473407789596,304.5009354535679,27.330562746259332,0.0793307611496197,50.49276639611084
2023-06-01,2023,6,297.6999737215121,49.64771427772831,1.0183453859075824,59.0617526993894,300.4650758674362,52.302246131771824,0.9477535931815443,63.26719593198706,285.86162819017017,16.87644440751951,0.4348169043818293,67.05584833969002,304.19915468990047,35.41526656109593,0.3612645662659242,56.1942328065665
2023-07-01,2023,7,298.4772131721952,46.560503460078976,0.8060550652761161,57.201974500212906,300.15018514818837,51.09890966030117,0.9776132134667859,69.83219545868182,290.7948341506295,22.564933210970736,0.36257507308968867,55.34870146300591,304.031664976487,38.22966585649258,0.3760973204758362,55.927801792217195
2023-08-01,2023,8,299.93376207013404,42.062683293991554,0.4168688358197459,51.49969034536899,299.93381941916044,46.66051398948832,0.6431009136043428,56.071297516158765,287.9651982272683,20.530932262481848,0.3629417758114173,54.90674306025971,303.1480725076499,42.66356497381754,0.6334868429265373,61.88723564265803
2023-09-01,2023,9,301.0798548094229,41.06529079581379,0.3134146526740075,56.39357071081525,299.8439143033535,46.45048322512306,0.7007792753139983,58.766084310596156,279.0502956767546,13.626535262860719,0.38323181459921096,71.17124447448158,303.22587355482364,36.87031186324734,0.37239054760564055,51.075791750129476
2023-10-01,2023,10,301.65292952581495,43.422304629695205,0.4056027773418364,68.56996721057558,300.33669400741144,46.16822147764964,0.631896892830494,59.35784714607726,271.8206052722458,9.528737081198143,0.4946122295611528,88.17520897095525,301.6181941957828,27.48833708124768,0.10758422737039076,39.6032466559287
2023-11-01,2023,11,300.7369921128197,48.128004228286095,0.7449125204051429,67.64138285089115,300.646295663645,51.70659443525739,1.0616585901294033,66.15658474985705,260.01159142908364,5.076332443723055,0.262764960533888,82.25086773637913,298.67941543563563,19.85032368091163,0.03156870122999539,41.51967317306766
2023-12-01,2023,12,299.3233677980897,54.37095194460569,1.2228894765838363,79.69845146785708,300.7879734427804,55.16929459074939,1.3649483970358254,73.35552731127748,251.73370225544133,3.1649535534204634,0.17233261385029455,82.94589668788062,294.5580060451532,11.55362321921037,0.001860136373473716,29.219072437869166
2024-01-01,2024,1,298.9502247241544,51.765734186511864,1.0417368466618468,79.157693618776,300.71125719696875,58.104018733908454,1.8421095704228512,83.2414817569585,252.25286545405916,2.8604579150572342,0.1645606481353275,81.2751120022675,294.2523844060688,9.870620285230155,0.003310095680729151,32.81492785938022
2024-02-01,2024,2,299.507704196151,50.33808674437503,1.0541309324584598,75.89261089866032,300.78559882953704,55.750757935157644,1.3633984454101546,75.53117816466526,253.29777705270234,2.8606486158623694,0.15806295589472194,79.38167300355406,296.52606695201166,12.298985473038703,0.0038163176823068734,31.743410453019248
2024-03-01,2024,3,299.18598888497684,56.44371882361056,1.534848408009921,85.69208183682369,300.88818678380994,57.233790130459504,1.691043828248286,79.95346492567676,260.24895469913383,4.016956098473476,0.2777808541823047,83.08786017900236,300.8817558374478,16.05732854692317,0.009725566620753032,43.64455298445023
2024-04-01,2024,4,298.66919571237656,58.476852775670054,2.232756762149435,88.18460982848794,301.1565683342642,58.67021780078891,1.690806131429929,79.18446427609014,267.9563309666889,6.871022745928766,0.4340921946009002,86.759995031791,303.43214727590515,19.7311556683831,0.01466246568777151,41.5563636142869
2024-05-01,2024,5,298.28943488127175,58.75545226733312,2.1904263640483057,88.53027624388358,301.13391559134044,57.86708537578286,1.6029580057473096,75.07184424660646,276.3211135788046,10.19517528424679,0.47234053425447275,74.90918504453587,305.2036082514609,25.273538293735342,0.049407558511171144,37.18591957829603
2024-06-01,2024,6,298.09086048231404,52.34079966495651,1.3596221573953289,74.6543455781989,300.549217136129,54.445251740200604,1.2490657612928358,70.19164035255707,286.86430099156195,17.661741536890638,0.36719635095506026,60.39198786449866,305.1660288606704,33.16874000030772,0.22654504010543217,46.16695086270592
2024-07-01,2024,7,298.39895860852477,46.53737752176882,0.7986441855495189,67.9189455418262,300.1438809184146,50.39517268353271,0.9362903897348274,71.4485760995302,291.2868062228381,23.710341175615056,0.3258230335297768,52.89686545891756,303.10469707083234,43.045690471118036,0.6535199610488572,67.71275279624298
2024-08-01,2024,8,299.79189976318224,40.96720286106843,0.4522497391750481,58.1583793847133,299.9761174454523,49.978942636832976,1.1149990129284446,66.89724419639424,287.1489627616576,21.09432357524634,0.48568510697498407,62.87764035981813,301.1715516627011,49.213083170876516,1.053217292203947,77.33524081303602
2024-09-01,2024,9,301.3682504199715,41.989515735235976,0.3673176628199221,61.18670098759938,300.4648090965417,50.27122056143289,0.7652979848539726,64.84126688190302,278.0562021517313,13.651279068173178,0.5314837710488641,85.67529411819216,302.2709550315166,41.64148470076344,0.6262871021018321,59.08549582470061
2024-10-01,2024,10,301.02077462216675,44.8089854130115,0.47692791583774763,68.34849742716092,300.7236910433848,51.07689495283608,0.9698699347150228,65.14720109880787,268.52488954141387,7.316744772012317,0.38153385679783947,87.2347822663757,301.33896215166186,29.091552454505347,0.1795139040533625,45.11564500874367
2024-11-01,2024,11,300.457081578972,48.288395459798274,0.7919193907631373,70.23297337053009,300.84444519778737,56.43784775953036,1.532356509862109,69.53841998221895,261.8189401311906,5.113510542279827,0.3196206316232193,86.16719292005044,296.72173017766846,14.929029943751667,0.011631039785748825,20.444487380156655
2024-12-01,2024,12,298.7137509632305,53.85505815903523,1.4429697990490171,81.14600064888405,300.71805167008876,60.57207051891211,1.9510914465799605,86.74838234616443,257.47047499130343,3.9253239416169348,0.22131489431900433,83.70889509981896,294.0361638880753,11.983293388742078,0.005685435970680602,33.383876799252526
2025-01-01,2025,1,298.2006031028267,50.91974886162825,1.296222143908198,77.64764937998346,300.3563569247857,58.55454888294921,1.9075334669717174,83.95044503538575,254.370327317193,3.2698796353611885,0.20371908207366332,81.75331648616124,294.4562850316957,10.987901156009565,0.0025082885787587775,26.64885903049088
2025-02-01,2025,2,297.9134254695866,55.53845595963999,1.9258967454964462,85.40143099057317,300.395997807348,56.06694285033603,1.437821756282934,80.90977511763381,254.7287068017777,3.186711965170207,0.19121918548549688,80.82881128220441,296.8044147116994,13.966570895480931,0.002367443836901722,33.09419906743031
2025-03-01,2025,3,298.04003336872887,55.099309205581804,1.890437438691587,83.45590147961136,300.6335142246502,57.549387412267514,1.6826375618181337,80.66256109059604,261.28118397144124,4.616357456203212,0.28422969396338404,83.07018040935282,300.4760524252705,16.552530205160632,0.00693314969013855,42.457945896492774
2025-04-01,2025,4,298.01158504160804,55.83837125795648,2.1642652472013015,84.79895711743566,300.669128477467,56.543041142576776,1.3892817959255401,76.54711753027003,269.2015708814549,7.209439527783142,0.5382041325998835,84.86057845132821,302.5032591576525,20.00672454928183,0.023663644649635978,39.905249738959924
2025-05-01,2025,5,297.74486857798695,55.07635669378095,1.9332305023621876,78.90389461798952,300.9732801501472,57.536247841894905,1.3878388198733322,68.70353016882002,276.4419155153143,11.049846062819256,0.4905063106388608,83.0449435913366,304.2937641364678,24.829440634978816,0.05500185724933684,37.97487261688867
2025-06-01,2025,6,297.5016579621904,51.69489370641943,1.5113811019760908,67.00304507582013,300.54548735764286,54.201543319698146,1.3610771297470008,67.56172286835458,286.2495780611909,18.516024385774887,0.44931284440641045,64.72210616110927,304.3765845412308,28.711347825419672,0.111912611893572,36.89167322694846
2025-07-01,2025,7,297.50360576761886,48.603559222578035,1.201820080722503,65.57353585393497,300.3744602235674,50.23150756451186,0.8734100708902355,62.79499645218077,289.4765706045908,21.380607283635022,0.43149074627762857,59.77948061326914,303.25788774557486,36.594667347510075,0.3627746879043755,51.08041334626762
2025-08-01,2025,8,298.418030674054,45.51704183352035,0.8663727513181481,58.93273002476322,300.1200411255523,49.33705068656425,1.0279806320854492,65.58414601361676,287.4144432609338,19.080003041493818,0.2942984434593986,51.92907328780456,302.4584529371776,40.54012640976346,0.5373373129620482,58.513479555915644
2025-09-01,2025,9,300.0330689534978,43.40824704923399,0.5524436057195197,64.8085129350689,300.28497331744535,50.510427464754855,1.155173217088932,66.61582792148786,278.21132087904033,13.016663238212033,0.4517232832005745,73.72685561479484,302.582863277692,34.548711420514984,0.27621322101377493,48.80234412625457
2025-10-01,2025,10,300.2759074440851,45.583868599290476,0.6490295278951764,70.3946602716977,300.68841487887795,50.585245321142565,1.156235937304741,66.86788987575225,267.72757581073273,6.460716646671903,0.23006822659648354,78.64743093186584,301.01856596460306,21.8924666766858,0.04538613376866414,27.96515519801503
2025-11-01,2025,11,300.11510849760873,48.3695281354858,0.8671584183191837,84.76888196986192,300.76901261347484,54.48140848965478,1.5877081253564918,79.63433413817033,257.7699571315508,4.315188610707548,0.3177260854643681,84.5985976879071,298.20065544417747,17.19921073902557,0.004151350429250477,29.76541167123914
2025-12-01,2025,12,298.99469428443376,51.60606798936754,1.193384484937588,85.05672632074605,300.62844634190293,55.78112413873397,1.6672073354721373,78.74923801439753,250.5771937327546,2.938184076411363,0.1948696536548265,82.95724908190842,295.03844960762285,15.698105357278033,0.011633861133170277,40.928608017165836
2026-01-01,2026,1,298.7792289139374,51.38227484133997,1.258221315195248,80.8531276127462,300.3477454647683,53.04528470884784,1.5143969908343167,80.64436486000163,248.23277200827425,2.3601088832160144,0.10771451465256764,78.3142385733212,295.06055666558046,12.38261345887399,0.0007393851358706952,30.563355576366128
2026-02-01,2026,2,298.3364343214695,51.38924981333245,1.300233125979405,80.22782673188594,300.30001582275,54.78139579754007,1.501211189417059,79.06324623030827,252.03556594357224,2.7280775308111664,0.19232022012234337,84.00833730629158,296.90263371867366,10.000344130880897,0.0003626740870413621,30.004585243653473
2026-03-01,2026,3,298.34927049479677,53.88654559002868,1.7782425587233581,86.60969427324463,300.41409226882274,51.74502891525602,1.2992918950635775,77.01460239941794,259.9888562500432,4.284029359376078,0.32486398763315116,85.27020050215559,299.49881946855146,18.423712026096823,0.012053761769455596,39.581037322853675
