var,lambda,log_lambda,coef
T2m,0.0014563089583161596,-6.531850155072453,0.25233121922764423
T2m,0.001561552361122416,-6.462074849224148,0.25747649900733516
T2m,0.001674401412284394,-6.392299543375844,0.2629892145784271
T2m,0.001795405750880349,-6.3225242375275394,0.2693858168535985
T2m,0.00192515473687783,-6.2527489316792355,0.27475331381833956
T2m,0.0020642803216520053,-6.182973625830931,0.28108746401846224
T2m,0.002213460125948372,-6.113198319982627,0.28815932903767805
T2m,0.002373420740281281,-6.043423014134322,0.2957360745959074
T2m,0.002544941263843094,-5.973647708286018,0.3038598049200817
T2m,0.0027288570991604753,-5.903872402437713,0.3125643954200333
T2m,0.0029260640209799547,-5.834097096589408,0.32214468348087455
T2m,0.0031375225392005317,-5.7643217907411035,0.3281184593058395
T2m,0.0033642625771033293,-5.6945464848928,0.33117642872341563
T2m,0.0036073884876638776,-5.624771179044495,0.3347856628677502
T2m,0.003868084432379367,-5.554995873196191,0.3390060919939771
T2m,0.0041476201488088015,-5.485220567347886,0.3435029986869496
T2m,0.004447357134917257,-5.415445261499582,0.34831398044056044
T2m,0.004768755280345517,-5.345669955651277,0.3534532312911925
T2m,0.005113379976903147,-5.275894649802973,0.3578200977620656
T2m,0.005482909742917148,-5.206119343954669,0.3576520420015671
T2m,0.005879144398571105,-5.1363440381063645,0.3574706129531408
T2m,0.006304013832053391,-5.066568732258061,0.35726943085075336
T2m,0.006759587399210549,-4.996793426409755,0.35711177707660036
T2m,0.007248084002487481,-4.92701812056145,0.3576425766838508
T2m,0.007771882898244715,-4.857242814713146,0.35673879632889216
T2m,0.008333535285090399,-4.787467508864842,0.3550046837994078
T2m,0.008935776729668889,-4.717692203016537,0.3533473490091029
T2m,0.00958154049042655,-4.647916897168233,0.34435669191018636
T2m,0.010273971804249106,-4.578141591319929,0.32407399054043295
T2m,0.011016443205554576,-4.508366285471625,0.30232744342732426
T2m,0.011812570952454506,-4.43859097962332,0.2790106101001077
T2m,0.01266623263998823,-4.368815673775016,0.2540138021592434
T2m,0.01358158608621666,-4.299040367926711,0.22719949241965243
T2m,0.014563089583161597,-4.229265062078407,0.19845611269776678
T2m,0.015615523611224159,-4.159489756230102,0.1676338871929979
T2m,0.016744014122843938,-4.089714450381798,0.1345730477389552
T2m,0.017954057508803488,-4.0199391445334935,0.09913289360843057
T2m,0.01925154736877831,-3.950163838685189,0.061130474774501
T2m,0.020642803216520064,-3.880388532836885,0.02038067931052497
T2m,0.022134601259483733,-3.8106132269885804,0.0
T2m,0.02373420740281282,-3.740837921140276,0.0
T2m,0.02544941263843095,-3.6710626152919716,0.0
T2m,0.027288570991604765,-3.6012873094436673,0.0
T2m,0.02926064020979953,-3.531512003595363,0.0
T2m,0.03137522539200532,-3.461736697747058,0.0
T2m,0.033642625771033295,-3.3919613918987537,0.0
T2m,0.036073884876638776,-3.3221860860504493,0.0
T2m,0.03868084432379367,-3.252410780202145,0.0
T2m,0.04147620148808802,-3.1826354743538405,0.0
T2m,0.04447357134917257,-3.112860168505536,0.0
T2m,0.04768755280345517,-3.0430848626572318,0.0
T2m,0.05113379976903147,-2.973309556808928,0.0
T2m,0.05482909742917148,-2.903534250960623,0.0
T2m,0.05879144398571109,-2.833758945112318,0.0
T2m,0.06304013832053394,-2.7639836392640142,0.0
T2m,0.06759587399210545,-2.69420833341571,0.0
T2m,0.07248084002487477,-2.624433027567405,0.0
T2m,0.07771882898244711,-2.554657721719101,0.0
T2m,0.08333535285090395,-2.4848824158707967,0.0
T2m,0.08935776729668884,-2.4151071100224923,0.0
T2m,0.0958154049042655,-2.3453318041741875,0.0
T2m,0.10273971804249106,-2.275556498325883,0.0
T2m,0.11016443205554577,-2.2057811924775788,0.0
T2m,0.11812570952454506,-2.1360058866292744,0.0
T2m,0.12666232639988229,-2.06623058078097,0.0
T2m,0.1358158608621666,-1.9964552749326656,0.0
T2m,0.14563089583161595,-1.9266799690843612,0.0
T2m,0.1561552361122416,-1.8569046632360569,0.0
T2m,0.1674401412284394,-1.7871293573877525,0.0
T2m,0.1795405750880349,-1.717354051539448,0.0
T2m,0.192515473687783,-1.647578745691144,0.0
T2m,0.20642803216520053,-1.5778034398428396,0.0
T2m,0.22134601259483722,-1.5080281339945352,0.0
T2m,0.23734207402812835,-1.4382528281462297,0.0
T2m,0.2544941263843096,-1.3684775222979255,0.0
T2m,0.27288570991604777,-1.2987022164496211,0.0
T2m,0.29260640209799543,-1.2289269106013168,0.0
T2m,0.3137522539200532,-1.1591516047530124,0.0
T2m,0.33642625771033297,-1.089376298904708,0.0
T2m,0.3607388487663878,-1.0196009930564036,0.0
T2m,0.3868084432379367,-0.9498256872080992,0.0
T2m,0.41476201488088016,-0.880050381359795,0.0
T2m,0.4447357134917257,-0.8102750755114906,0.0
T2m,0.4768755280345517,-0.7404997696631863,0.0
T2m,0.5113379976903147,-0.6707244638148819,0.0
T2m,0.5482909742917148,-0.6009491579665776,0.0
T2m,0.5879144398571106,-0.5311738521182732,0.0
T2m,0.6304013832053391,-0.4613985462699689,0.002999528032930544
T2m,0.6759587399210549,-0.3916232404216634,0.030909312880298176
T2m,0.724808400248748,-0.32184793457335914,0.038337238618411845
T2m,0.7771882898244715,-0.25207262872505476,0.0
T2m,0.83335352850904,-0.18229732287675038,0.0
T2m,0.893577672966889,-0.11252201702844604,0.0
T2m,0.958154049042655,-0.042746711180141735,0.0
T2m,1.0273971804249107,0.027028594668162688,0.0
T2m,1.1016443205554576,0.0968039005164669,0.0
T2m,1.1812570952454506,0.16657920636477141,0.0
T2m,1.2666232639988229,0.2363545122130756,0.0
T2m,1.3581586086216662,0.3061298180613801,0.0
T2m,1.456308958316159,0.375905123909684,0.0
T500,0.0014563089583161596,-6.531850155072453,0.6365112372364973
T500,0.001561552361122416,-6.462074849224148,0.6365554258264802
T500,0.001674401412284394,-6.392299543375844,0.6366044183249637
T500,0.001795405750880349,-6.3225242375275394,0.6364759270067599
T500,0.00192515473687783,-6.2527489316792355,0.636277995721284
T500,0.0020642803216520053,-6.182973625830931,0.6361680155646189
T500,0.002213460125948372,-6.113198319982627,0.6361592315456841
T500,0.002373420740281281,-6.043423014134322,0.6361473121651094
T500,0.002544941263843094,-5.973647708286018,0.6361332251863869
T500,0.0027288570991604753,-5.903872402437713,0.6361165801025221
T500,0.0029260640209799547,-5.834097096589408,0.6360912333801665
T500,0.0031375225392005317,-5.7643217907411035,0.635167256355146
T500,0.0033642625771033293,-5.6945464848928,0.634564609773279
T500,0.0036073884876638776,-5.624771179044495,0.6336433111438347
T500,0.003868084432379367,-5.554995873196191,0.6325725844450685
T500,0.0041476201488088015,-5.485220567347886,0.6314302295768369
T500,0.004447357134917257,-5.415445261499582,0.6302073091197856
T500,0.004768755280345517,-5.345669955651277,0.6288999894551864
T500,0.005113379976903147,-5.275894649802973,0.6277735125305943
T500,0.005482909742917148,-5.206119343954669,0.628212679613453
T500,0.005879144398571105,-5.1363440381063645,0.628683782798436
T500,0.006304013832053391,-5.066568732258061,0.6291901920056804
T500,0.006759587399210549,-4.996793426409755,0.6297377191677364
T500,0.007248084002487481,-4.92701812056145,0.630421561102248
T500,0.007771882898244715,-4.857242814713146,0.6311819679210903
T500,0.008333535285090399,-4.787467508864842,0.6324273335142877
T500,0.008935776729668889,-4.717692203016537,0.6345591972970197
T500,0.00958154049042655,-4.647916897168233,0.6368541295372542
T500,0.010273971804249106,-4.578141591319929,0.6384630425535444
T500,0.011016443205554576,-4.508366285471625,0.6402023722526254
T500,0.011812570952454506,-4.43859097962332,0.6420767588685995
T500,0.01266623263998823,-4.368815673775016,0.6441237710979645
T500,0.01358158608621666,-4.299040367926711,0.646237662467161
T500,0.014563089583161597,-4.229265062078407,0.6485683114891506
T500,0.015615523611224159,-4.159489756230102,0.6510553512779673
T500,0.016744014122843938,-4.089714450381798,0.6536417825450618
T500,0.017954057508803488,-4.0199391445334935,0.6564859608938173
T500,0.01925154736877831,-3.950163838685189,0.6595290714873623
T500,0.020642803216520064,-3.880388532836885,0.6627890611303576
T500,0.022134601259483733,-3.8106132269885804,0.6647429078015791
T500,0.02373420740281282,-3.740837921140276,0.665394765288245
T500,0.02544941263843095,-3.6710626152919716,0.6661515338171794
T500,0.027288570991604765,-3.6012873094436673,0.6668820735531975
T500,0.02926064020979953,-3.531512003595363,0.6669020340687557
T500,0.03137522539200532,-3.461736697747058,0.6654942620540868
T500,0.033642625771033295,-3.3919613918987537,0.6636070836944508
T500,0.036073884876638776,-3.3221860860504493,0.6615946739418481
T500,0.03868084432379367,-3.252410780202145,0.6595361513364418
T500,0.04147620148808802,-3.1826354743538405,0.6573595241168628
T500,0.04447357134917257,-3.112860168505536,0.6550413004252662
T500,0.04768755280345517,-3.0430848626572318,0.6525610617479193
T500,0.05113379976903147,-2.973309556808928,0.6499149171296058
T500,0.05482909742917148,-2.903534250960623,0.6473718459235772
T500,0.05879144398571109,-2.833758945112318,0.6445872923341112
T500,0.06304013832053394,-2.7639836392640142,0.6415383247228196
T500,0.06759587399210545,-2.69420833341571,0.6382162663425482
T500,0.07248084002487477,-2.624433027567405,0.6346541168270821
T500,0.07771882898244711,-2.554657721719101,0.6308355532377292
T500,0.08333535285090395,-2.4848824158707967,0.626739901390065
T500,0.08935776729668884,-2.4151071100224923,0.622025962624182
T500,0.0958154049042655,-2.3453318041741875,0.6182134950234793
T500,0.10273971804249106,-2.275556498325883,0.6167960036488179
T500,0.11016443205554577,-2.2057811924775788,0.6150661263000137
T500,0.11812570952454506,-2.1360058866292744,0.6132170585726426
T500,0.12666232639988229,-2.06623058078097,0.6075235296523188
T500,0.1358158608621666,-1.9964552749326656,0.5996971477797176
T500,0.14563089583161595,-1.9266799690843612,0.5883428480798947
T500,0.1561552361122416,-1.8569046632360569,0.57596249998496
T500,0.1674401412284394,-1.7871293573877525,0.5626774070845093
T500,0.1795405750880349,-1.717354051539448,0.5504343544900407
T500,0.192515473687783,-1.647578745691144,0.5376549437619002
T500,0.20642803216520053,-1.5778034398428396,0.5239599757654408
T500,0.22134601259483722,-1.5080281339945352,0.5092661331939975
T500,0.23734207402812835,-1.4382528281462297,0.4935125343566011
T500,0.2544941263843096,-1.3684775222979255,0.4766315343529362
T500,0.27288570991604777,-1.2987022164496211,0.45851938448910917
T500,0.29260640209799543,-1.2289269106013168,0.4339044380139166
T500,0.3137522539200532,-1.1591516047530124,0.40631779008974217
T500,0.33642625771033297,-1.089376298904708,0.37673571031707664
T500,0.3607388487663878,-1.0196009930564036,0.34668342775749716
T500,0.3868084432379367,-0.9498256872080992,0.31981102938987566
T500,0.41476201488088016,-0.880050381359795,0.29097113367022714
T500,0.4447357134917257,-0.8102750755114906,0.26003318365165445
T500,0.4768755280345517,-0.7404997696631863,0.226907162452966
T500,0.5113379976903147,-0.6707244638148819,0.19136742828495798
T500,0.5482909742917148,-0.6009491579665776,0.15325655460894078
T500,0.5879144398571106,-0.5311738521182732,0.11246305668021069
T500,0.6304013832053391,-0.4613985462699689,0.0703193654497473
T500,0.6759587399210549,-0.3916232404216634,0.024547026131847442
T500,0.724808400248748,-0.32184793457335914,0.0
T500,0.7771882898244715,-0.25207262872505476,0.0
T500,0.83335352850904,-0.18229732287675038,0.0
T500,0.893577672966889,-0.11252201702844604,0.0
T500,0.958154049042655,-0.042746711180141735,0.0
T500,1.0273971804249107,0.027028594668162688,0.0
T500,1.1016443205554576,0.0968039005164669,0.0
T500,1.1812570952454506,0.16657920636477141,0.0
T500,1.2666232639988229,0.2363545122130756,0.0
T500,1.3581586086216662,0.3061298180613801,0.0
T500,1.456308958316159,0.375905123909684,0.0
SPFH2m,0.0014563089583161596,-6.531850155072453,-0.16745266577485146
SPFH2m,0.001561552361122416,-6.462074849224148,-0.16193385410807268
SPFH2m,0.001674401412284394,-6.392299543375844,-0.15602200008595274
SPFH2m,0.001795405750880349,-6.3225242375275394,-0.1490422905085339
SPFH2m,0.00192515473687783,-6.2527489316792355,-0.14221435667267204
SPFH2m,0.0020642803216520053,-6.182973625830931,-0.13482144248444203
SPFH2m,0.002213460125948372,-6.113198319982627,-0.126973361272584
SPFH2m,0.002373420740281281,-6.043423014134322,-0.11855985847984243
SPFH2m,0.002544941263843094,-5.973647708286018,-0.10953837851123224
SPFH2m,0.0027288570991604753,-5.903872402437713,-0.09986706691773688
SPFH2m,0.0029260640209799547,-5.834097096589408,-0.08940012723064776
SPFH2m,0.0031375225392005317,-5.7643217907411035,-0.07896957712312155
SPFH2m,0.0033642625771033293,-5.6945464848928,-0.07054699677835385
SPFH2m,0.0036073884876638776,-5.624771179044495,-0.060714426207460065
SPFH2m,0.003868084432379367,-5.554995873196191,-0.049791098990661024
SPFH2m,0.0041476201488088015,-5.485220567347886,-0.03810620390309025
SPFH2m,0.004447357134917257,-5.415445261499582,-0.025586857245822058
SPFH2m,0.004768755280345517,-5.345669955651277,-0.01218191349367516
SPFH2m,0.005113379976903147,-5.275894649802973,-0.0
SPFH2m,0.005482909742917148,-5.206119343954669,-0.0
SPFH2m,0.005879144398571105,-5.1363440381063645,-0.0
SPFH2m,0.006304013832053391,-5.066568732258061,-0.0
SPFH2m,0.006759587399210549,-4.996793426409755,-0.0
SPFH2m,0.007248084002487481,-4.92701812056145,-0.0
SPFH2m,0.007771882898244715,-4.857242814713146,-0.0
SPFH2m,0.008333535285090399,-4.787467508864842,-0.0
SPFH2m,0.008935776729668889,-4.717692203016537,-0.0
SPFH2m,0.00958154049042655,-4.647916897168233,-0.0
SPFH2m,0.010273971804249106,-4.578141591319929,0.0
SPFH2m,0.011016443205554576,-4.508366285471625,0.0
SPFH2m,0.011812570952454506,-4.43859097962332,0.0
SPFH2m,0.01266623263998823,-4.368815673775016,0.0
SPFH2m,0.01358158608621666,-4.299040367926711,0.0
SPFH2m,0.014563089583161597,-4.229265062078407,0.0
SPFH2m,0.015615523611224159,-4.159489756230102,0.0
SPFH2m,0.016744014122843938,-4.089714450381798,0.0
SPFH2m,0.017954057508803488,-4.0199391445334935,0.0
SPFH2m,0.01925154736877831,-3.950163838685189,0.0
SPFH2m,0.020642803216520064,-3.880388532836885,0.0
SPFH2m,0.022134601259483733,-3.8106132269885804,0.0
SPFH2m,0.02373420740281282,-3.740837921140276,0.0
SPFH2m,0.02544941263843095,-3.6710626152919716,0.0
SPFH2m,0.027288570991604765,-3.6012873094436673,0.0
SPFH2m,0.02926064020979953,-3.531512003595363,0.0
SPFH2m,0.03137522539200532,-3.461736697747058,0.0
SPFH2m,0.033642625771033295,-3.3919613918987537,0.0
SPFH2m,0.036073884876638776,-3.3221860860504493,0.0
SPFH2m,0.03868084432379367,-3.252410780202145,0.0
SPFH2m,0.04147620148808802,-3.1826354743538405,0.0
SPFH2m,0.04447357134917257,-3.112860168505536,0.0
SPFH2m,0.04768755280345517,-3.0430848626572318,0.0
SPFH2m,0.05113379976903147,-2.973309556808928,0.0
SPFH2m,0.05482909742917148,-2.903534250960623,0.0
SPFH2m,0.05879144398571109,-2.833758945112318,0.0
SPFH2m,0.06304013832053394,-2.7639836392640142,0.0
SPFH2m,0.06759587399210545,-2.69420833341571,0.0
SPFH2m,0.07248084002487477,-2.624433027567405,0.0
SPFH2m,0.07771882898244711,-2.554657721719101,0.0
SPFH2m,0.08333535285090395,-2.4848824158707967,0.0
SPFH2m,0.08935776729668884,-2.4151071100224923,0.003371812654749026
SPFH2m,0.0958154049042655,-2.3453318041741875,0.0019186076882044406
SPFH2m,0.10273971804249106,-2.275556498325883,0.0
SPFH2m,0.11016443205554577,-2.2057811924775788,0.0
SPFH2m,0.11812570952454506,-2.1360058866292744,0.0
SPFH2m,0.12666232639988229,-2.06623058078097,0.0
SPFH2m,0.1358158608621666,-1.9964552749326656,0.0
SPFH2m,0.14563089583161595,-1.9266799690843612,0.0
SPFH2m,0.1561552361122416,-1.8569046632360569,0.0
SPFH2m,0.1674401412284394,-1.7871293573877525,0.0
SPFH2m,0.1795405750880349,-1.717354051539448,0.0
SPFH2m,0.192515473687783,-1.647578745691144,0.0
SPFH2m,0.20642803216520053,-1.5778034398428396,0.0
SPFH2m,0.22134601259483722,-1.5080281339945352,0.0
SPFH2m,0.23734207402812835,-1.4382528281462297,0.0
SPFH2m,0.2544941263843096,-1.3684775222979255,0.0
SPFH2m,0.27288570991604777,-1.2987022164496211,0.0
SPFH2m,0.29260640209799543,-1.2289269106013168,0.0
SPFH2m,0.3137522539200532,-1.1591516047530124,0.0
SPFH2m,0.33642625771033297,-1.089376298904708,0.0
SPFH2m,0.3607388487663878,-1.0196009930564036,0.0
SPFH2m,0.3868084432379367,-0.9498256872080992,0.0
SPFH2m,0.41476201488088016,-0.880050381359795,0.0
SPFH2m,0.4447357134917257,-0.8102750755114906,0.0
SPFH2m,0.4768755280345517,-0.7404997696631863,0.0
SPFH2m,0.5113379976903147,-0.6707244638148819,0.0
SPFH2m,0.5482909742917148,-0.6009491579665776,0.0
SPFH2m,0.5879144398571106,-0.5311738521182732,0.0
SPFH2m,0.6304013832053391,-0.4613985462699689,0.0
SPFH2m,0.6759587399210549,-0.3916232404216634,0.0
SPFH2m,0.724808400248748,-0.32184793457335914,0.0
SPFH2m,0.7771882898244715,-0.25207262872505476,0.0
SPFH2m,0.83335352850904,-0.18229732287675038,0.0
SPFH2m,0.893577672966889,-0.11252201702844604,0.0
SPFH2m,0.958154049042655,-0.042746711180141735,0.0
SPFH2m,1.0273971804249107,0.027028594668162688,0.0
SPFH2m,1.1016443205554576,0.0968039005164669,0.0
SPFH2m,1.1812570952454506,0.16657920636477141,0.0
SPFH2m,1.2666232639988229,0.2363545122130756,0.0
SPFH2m,1.3581586086216662,0.3061298180613801,0.0
SPFH2m,1.456308958316159,0.375905123909684,0.0
PWAT,0.0014563089583161596,-6.531850155072453,-0.40242955847294903
PWAT,0.001561552361122416,-6.462074849224148,-0.3984993287299319
PWAT,0.001674401412284394,-6.392299543375844,-0.39428719165422926
PWAT,0.001795405750880349,-6.3225242375275394,-0.389562136571458
PWAT,0.00192515473687783,-6.2527489316792355,-0.3851496023067084
PWAT,0.0020642803216520053,-6.182973625830931,-0.3800692161216617
PWAT,0.002213460125948372,-6.113198319982627,-0.3744804621558378
PWAT,0.002373420740281281,-6.043423014134322,-0.36846974450105463
PWAT,0.002544941263843094,-5.973647708286018,-0.36201282819273584
PWAT,0.0027288570991604753,-5.903872402437713,-0.35507989443914645
PWAT,0.0029260640209799547,-5.834097096589408,-0.34738085803551855
PWAT,0.0031375225392005317,-5.7643217907411035,-0.3354798877226442
PWAT,0.0033642625771033293,-5.6945464848928,-0.32300185680993293
PWAT,0.0036073884876638776,-5.624771179044495,-0.3102477621276483
PWAT,0.003868084432379367,-5.554995873196191,-0.2965234271968097
PWAT,0.0041476201488088015,-5.485220567347886,-0.28181497873710915
PWAT,0.004447357134917257,-5.415445261499582,-0.2660473267753153
PWAT,0.004768755280345517,-5.345669955651277,-0.24914518760434679
PWAT,0.005113379976903147,-5.275894649802973,-0.23129940654747466
PWAT,0.005482909742917148,-5.206119343954669,-0.21143158870566656
PWAT,0.005879144398571105,-5.1363440381063645,-0.1901283725605889
PWAT,0.006304013832053391,-5.066568732258061,-0.16728708722123017
PWAT,0.006759587399210549,-4.996793426409755,-0.14272577188758395
PWAT,0.007248084002487481,-4.92701812056145,-0.11533916109757332
PWAT,0.007771882898244715,-4.857242814713146,-0.08726542322885598
PWAT,0.008333535285090399,-4.787467508864842,-0.05669527547005842
PWAT,0.008935776729668889,-4.717692203016537,-0.022577157552179213
PWAT,0.00958154049042655,-4.647916897168233,-0.0
PWAT,0.010273971804249106,-4.578141591319929,-0.0
PWAT,0.011016443205554576,-4.508366285471625,-0.0
PWAT,0.011812570952454506,-4.43859097962332,-0.0
PWAT,0.01266623263998823,-4.368815673775016,-0.0
PWAT,0.01358158608621666,-4.299040367926711,-0.0
PWAT,0.014563089583161597,-4.229265062078407,-0.0
PWAT,0.015615523611224159,-4.159489756230102,-0.0
PWAT,0.016744014122843938,-4.089714450381798,-0.0
PWAT,0.017954057508803488,-4.0199391445334935,0.0
PWAT,0.01925154736877831,-3.950163838685189,0.0
PWAT,0.020642803216520064,-3.880388532836885,0.0
PWAT,0.022134601259483733,-3.8106132269885804,0.0
PWAT,0.02373420740281282,-3.740837921140276,0.0
PWAT,0.02544941263843095,-3.6710626152919716,0.0
PWAT,0.027288570991604765,-3.6012873094436673,0.0
PWAT,0.02926064020979953,-3.531512003595363,0.0
PWAT,0.03137522539200532,-3.461736697747058,0.0
PWAT,0.033642625771033295,-3.3919613918987537,0.0
PWAT,0.036073884876638776,-3.3221860860504493,0.0
PWAT,0.03868084432379367,-3.252410780202145,0.0
PWAT,0.04147620148808802,-3.1826354743538405,0.0
PWAT,0.04447357134917257,-3.112860168505536,0.0
PWAT,0.04768755280345517,-3.0430848626572318,0.0
PWAT,0.05113379976903147,-2.973309556808928,0.0
PWAT,0.05482909742917148,-2.903534250960623,0.029295799273878292
PWAT,0.05879144398571109,-2.833758945112318,0.06568068034855576
PWAT,0.06304013832053394,-2.7639836392640142,0.10432163130727097
PWAT,0.06759587399210545,-2.69420833341571,0.14544753981236253
PWAT,0.07248084002487477,-2.624433027567405,0.18954488217271212
PWAT,0.07771882898244711,-2.554657721719101,0.2368969876243155
PWAT,0.08333535285090395,-2.4848824158707967,0.2876285645129008
PWAT,0.08935776729668884,-2.4151071100224923,0.34154319396776534
PWAT,0.0958154049042655,-2.3453318041741875,0.3795356024269138
PWAT,0.10273971804249106,-2.275556498325883,0.3366737345917506
PWAT,0.11016443205554577,-2.2057811924775788,0.2901576712106576
PWAT,0.11812570952454506,-2.1360058866292744,0.24031098588150476
PWAT,0.12666232639988229,-2.06623058078097,0.1920046479421971
PWAT,0.1358158608621666,-1.9964552749326656,0.14296377213593275
PWAT,0.14563089583161595,-1.9266799690843612,0.10075245864248797
PWAT,0.1561552361122416,-1.8569046632360569,0.056150381385344963
PWAT,0.1674401412284394,-1.7871293573877525,0.008235051594762538
PWAT,0.1795405750880349,-1.717354051539448,0.0
PWAT,0.192515473687783,-1.647578745691144,0.0
PWAT,0.20642803216520053,-1.5778034398428396,0.0
PWAT,0.22134601259483722,-1.5080281339945352,0.0
PWAT,0.23734207402812835,-1.4382528281462297,0.0
PWAT,0.2544941263843096,-1.3684775222979255,0.0
PWAT,0.27288570991604777,-1.2987022164496211,0.0
PWAT,0.29260640209799543,-1.2289269106013168,0.0
PWAT,0.3137522539200532,-1.1591516047530124,0.0
PWAT,0.33642625771033297,-1.089376298904708,0.0
PWAT,0.3607388487663878,-1.0196009930564036,0.0
PWAT,0.3868084432379367,-0.9498256872080992,0.0
PWAT,0.41476201488088016,-0.880050381359795,0.0
PWAT,0.4447357134917257,-0.8102750755114906,0.0
PWAT,0.4768755280345517,-0.7404997696631863,0.0
PWAT,0.5113379976903147,-0.6707244638148819,0.0
PWAT,0.5482909742917148,-0.6009491579665776,0.0
PWAT,0.5879144398571106,-0.5311738521182732,0.0
PWAT,0.6304013832053391,-0.4613985462699689,0.0
PWAT,0.6759587399210549,-0.3916232404216634,0.0
PWAT,0.724808400248748,-0.32184793457335914,0.0
PWAT,0.7771882898244715,-0.25207262872505476,0.0
PWAT,0.83335352850904,-0.18229732287675038,0.0
PWAT,0.893577672966889,-0.11252201702844604,0.0
PWAT,0.958154049042655,-0.042746711180141735,0.0
PWAT,1.0273971804249107,0.027028594668162688,0.0
PWAT,1.1016443205554576,0.0968039005164669,0.0
PWAT,1.1812570952454506,0.16657920636477141,0.0
PWAT,1.2666232639988229,0.2363545122130756,0.0
PWAT,1.3581586086216662,0.3061298180613801,0.0
PWAT,1.456308958316159,0.375905123909684,0.0
APCP,0.0014563089583161596,-6.531850155072453,-1.2912407062002325
APCP,0.001561552361122416,-6.462074849224148,-1.2909371056855392
APCP,0.001674401412284394,-6.392299543375844,-1.2906105294781856
APCP,0.001795405750880349,-6.3225242375275394,-1.2903564756830592
APCP,0.00192515473687783,-6.2527489316792355,-1.2900946035701562
APCP,0.0020642803216520053,-6.182973625830931,-1.2897922122479166
APCP,0.002213460125948372,-6.113198319982627,-1.2894089911454767
APCP,0.002373420740281281,-6.043423014134322,-1.289001252668378
APCP,0.002544941263843094,-5.973647708286018,-1.2885658355662377
APCP,0.0027288570991604753,-5.903872402437713,-1.2881008471452082
APCP,0.0029260640209799547,-5.834097096589408,-1.2876212531790794
APCP,0.0031375225392005317,-5.7643217907411035,-1.2880782862441995
APCP,0.0033642625771033293,-5.6945464848928,-1.2883316729534315
APCP,0.0036073884876638776,-5.624771179044495,-1.288715270111428
APCP,0.003868084432379367,-5.554995873196191,-1.2891717911855338
APCP,0.0041476201488088015,-5.485220567347886,-1.2896579255666356
APCP,0.004447357134917257,-5.415445261499582,-1.2901779634594939
APCP,0.004768755280345517,-5.345669955651277,-1.2907332646144598
APCP,0.005113379976903147,-5.275894649802973,-1.29130230590264
APCP,0.005482909742917148,-5.206119343954669,-1.2919569139777067
APCP,0.005879144398571105,-5.1363440381063645,-1.2926585607812229
APCP,0.006304013832053391,-5.066568732258061,-1.2934093279127203
APCP,0.006759587399210549,-4.996793426409755,-1.294216829349719
APCP,0.007248084002487481,-4.92701812056145,-1.2950860446096573
APCP,0.007771882898244715,-4.857242814713146,-1.295847680688991
APCP,0.008333535285090399,-4.787467508864842,-1.2963215748111658
APCP,0.008935776729668889,-4.717692203016537,-1.2964130529182167
APCP,0.00958154049042655,-4.647916897168233,-1.2953367713609139
APCP,0.010273971804249106,-4.578141591319929,-1.292530290417819
APCP,0.011016443205554576,-4.508366285471625,-1.2895146537042532
APCP,0.011812570952454506,-4.43859097962332,-1.2862768903749398
APCP,0.01266623263998823,-4.368815673775016,-1.2827884853700224
APCP,0.01358158608621666,-4.299040367926711,-1.27908430740775
APCP,0.014563089583161597,-4.229265062078407,-1.2750837600442346
APCP,0.015615523611224159,-4.159489756230102,-1.270799499494621
APCP,0.016744014122843938,-4.089714450381798,-1.2662415733375836
APCP,0.017954057508803488,-4.0199391445334935,-1.2613225792827683
APCP,0.01925154736877831,-3.950163838685189,-1.2560510226111852
APCP,0.020642803216520064,-3.880388532836885,-1.2503998242707817
APCP,0.022134601259483733,-3.8106132269885804,-1.2446026819877594
APCP,0.02373420740281282,-3.740837921140276,-1.2386553062240848
APCP,0.02544941263843095,-3.6710626152919716,-1.2322528122491263
APCP,0.027288570991604765,-3.6012873094436673,-1.2254230235101524
APCP,0.02926064020979953,-3.531512003595363,-1.218966804484556
APCP,0.03137522539200532,-3.461736697747058,-1.2134143586142754
APCP,0.033642625771033295,-3.3919613918987537,-1.2077012290712295
APCP,0.036073884876638776,-3.3221860860504493,-1.201578030229052
APCP,0.03868084432379367,-3.252410780202145,-1.1949670998283988
APCP,0.04147620148808802,-3.1826354743538405,-1.1878660231236866
APCP,0.04447357134917257,-3.112860168505536,-1.1802420568965228
APCP,0.04768755280345517,-3.0430848626572318,-1.1720667238008764
APCP,0.05113379976903147,-2.973309556808928,-1.1632860045689406
APCP,0.05482909742917148,-2.903534250960623,-1.1573312678082313
APCP,0.05879144398571109,-2.833758945112318,-1.151614165620284
APCP,0.06304013832053394,-2.7639836392640142,-1.1445759650024419
APCP,0.06759587399210545,-2.69420833341571,-1.135822643479489
APCP,0.07248084002487477,-2.624433027567405,-1.126436696826056
APCP,0.07771882898244711,-2.554657721719101,-1.1163776741673674
APCP,0.08333535285090395,-2.4848824158707967,-1.1055885107819086
APCP,0.08935776729668884,-2.4151071100224923,-1.093910794937183
APCP,0.0958154049042655,-2.3453318041741875,-1.0813140604835254
APCP,0.10273971804249106,-2.275556498325883,-1.066898912866276
APCP,0.11016443205554577,-2.2057811924775788,-1.0514079847315634
APCP,0.11812570952454506,-2.1360058866292744,-1.0347999188148589
APCP,0.12666232639988229,-2.06623058078097,-1.0164457863823813
APCP,0.1358158608621666,-1.9964552749326656,-0.9965197927592595
APCP,0.14563089583161595,-1.9266799690843612,-0.972190095178276
APCP,0.1561552361122416,-1.8569046632360569,-0.9459173058706483
APCP,0.1674401412284394,-1.7871293573877525,-0.9177349864330925
APCP,0.1795405750880349,-1.717354051539448,-0.8963748586785268
APCP,0.192515473687783,-1.647578745691144,-0.8752989190124696
APCP,0.20642803216520053,-1.5778034398428396,-0.8526933768357308
APCP,0.22134601259483722,-1.5080281339945352,-0.8284616807507464
APCP,0.23734207402812835,-1.4382528281462297,-0.8024770924503717
APCP,0.2544941263843096,-1.3684775222979255,-0.7746056424603315
APCP,0.27288570991604777,-1.2987022164496211,-0.744729141459826
APCP,0.29260640209799543,-1.2289269106013168,-0.7183842514870582
APCP,0.3137522539200532,-1.1591516047530124,-0.6914452690796673
APCP,0.33642625771033297,-1.089376298904708,-0.6625609459574799
APCP,0.3607388487663878,-1.0196009930564036,-0.6290897111507725
APCP,0.3868084432379367,-0.9498256872080992,-0.5861361836018745
APCP,0.41476201488088016,-0.880050381359795,-0.5400817889983037
APCP,0.4447357134917257,-0.8102750755114906,-0.49070161270628476
APCP,0.4768755280345517,-0.7404997696631863,-0.43774438883489825
APCP,0.5113379976903147,-0.6707244638148819,-0.3809635961617887
APCP,0.5482909742917148,-0.6009491579665776,-0.32007989770943374
APCP,0.5879144398571106,-0.5311738521182732,-0.2545164127529796
APCP,0.6304013832053391,-0.4613985462699689,-0.17912936867006352
APCP,0.6759587399210549,-0.3916232404216634,-0.09097680974827897
APCP,0.724808400248748,-0.32184793457335914,-0.006721477554701523
APCP,0.7771882898244715,-0.25207262872505476,-0.0
APCP,0.83335352850904,-0.18229732287675038,-0.0
APCP,0.893577672966889,-0.11252201702844604,-0.0
APCP,0.958154049042655,-0.042746711180141735,-0.0
APCP,1.0273971804249107,0.027028594668162688,-0.0
APCP,1.1016443205554576,0.0968039005164669,-0.0
APCP,1.1812570952454506,0.16657920636477141,0.0
APCP,1.2666232639988229,0.2363545122130756,0.0
APCP,1.3581586086216662,0.3061298180613801,0.0
APCP,1.456308958316159,0.375905123909684,0.0
TCDC,0.0014563089583161596,-6.531850155072453,0.16227884709578663
TCDC,0.001561552361122416,-6.462074849224148,0.16198703476245052
TCDC,0.001674401412284394,-6.392299543375844,0.16167221935537276
TCDC,0.001795405750880349,-6.3225242375275394,0.16157161643374338
TCDC,0.00192515473687783,-6.2527489316792355,0.16140382333942382
TCDC,0.0020642803216520053,-6.182973625830931,0.16114663972100765
TCDC,0.002213460125948372,-6.113198319982627,0.1607776143765755
TCDC,0.002373420740281281,-6.043423014134322,0.16038160648760863
TCDC,0.002544941263843094,-5.973647708286018,0.1599568775350993
TCDC,0.0027288570991604753,-5.903872402437713,0.15950116212503812
TCDC,0.0029260640209799547,-5.834097096589408,0.15902043805623695
TCDC,0.0031375225392005317,-5.7643217907411035,0.1584204760796124
TCDC,0.0033642625771033293,-5.6945464848928,0.15703398414357217
TCDC,0.0036073884876638776,-5.624771179044495,0.15594673956277155
TCDC,0.003868084432379367,-5.554995873196191,0.15490174685571761
TCDC,0.0041476201488088015,-5.485220567347886,0.15377283437367362
TCDC,0.004447357134917257,-5.415445261499582,0.15255942846472972
TCDC,0.004768755280345517,-5.345669955651277,0.15125252259080524
TCDC,0.005113379976903147,-5.275894649802973,0.1496342952049012
TCDC,0.005482909742917148,-5.206119343954669,0.14666246299997446
TCDC,0.005879144398571105,-5.1363440381063645,0.14347537255922468
TCDC,0.006304013832053391,-5.066568732258061,0.14005492887609164
TCDC,0.006759587399210549,-4.996793426409755,0.13638291500727956
TCDC,0.007248084002487481,-4.92701812056145,0.13230644407152642
TCDC,0.007771882898244715,-4.857242814713146,0.12776664981431393
TCDC,0.008333535285090399,-4.787467508864842,0.12213769584715438
TCDC,0.008935776729668889,-4.717692203016537,0.11508825038847775
TCDC,0.00958154049042655,-4.647916897168233,0.10844766982502009
TCDC,0.010273971804249106,-4.578141591319929,0.10316954433945189
TCDC,0.011016443205554576,-4.508366285471625,0.09750846514389752
TCDC,0.011812570952454506,-4.43859097962332,0.09143727079082115
TCDC,0.01266623263998823,-4.368815673775016,0.08492333859203047
TCDC,0.01358158608621666,-4.299040367926711,0.07794736234368692
TCDC,0.014563089583161597,-4.229265062078407,0.07046038307398497
TCDC,0.015615523611224159,-4.159489756230102,0.062433632776818786
TCDC,0.016744014122843938,-4.089714450381798,0.05383518413729302
TCDC,0.017954057508803488,-4.0199391445334935,0.04460802329173775
TCDC,0.01925154736877831,-3.950163838685189,0.034714571577001196
TCDC,0.020642803216520064,-3.880388532836885,0.024106305282390557
TCDC,0.022134601259483733,-3.8106132269885804,0.016650240446882892
TCDC,0.02373420740281282,-3.740837921140276,0.012329097457543459
TCDC,0.02544941263843095,-3.6710626152919716,0.007689432897131979
TCDC,0.027288570991604765,-3.6012873094436673,0.0027234642259042984
TCDC,0.02926064020979953,-3.531512003595363,0.0
TCDC,0.03137522539200532,-3.461736697747058,0.0
TCDC,0.033642625771033295,-3.3919613918987537,0.0
TCDC,0.036073884876638776,-3.3221860860504493,0.0
TCDC,0.03868084432379367,-3.252410780202145,0.0
TCDC,0.04147620148808802,-3.1826354743538405,0.0
TCDC,0.04447357134917257,-3.112860168505536,0.0
TCDC,0.04768755280345517,-3.0430848626572318,0.0
TCDC,0.05113379976903147,-2.973309556808928,0.0
TCDC,0.05482909742917148,-2.903534250960623,0.0
TCDC,0.05879144398571109,-2.833758945112318,0.0
TCDC,0.06304013832053394,-2.7639836392640142,0.0
TCDC,0.06759587399210545,-2.69420833341571,0.0
TCDC,0.07248084002487477,-2.624433027567405,0.0
TCDC,0.07771882898244711,-2.554657721719101,0.0
TCDC,0.08333535285090395,-2.4848824158707967,0.0
TCDC,0.08935776729668884,-2.4151071100224923,0.0
TCDC,0.0958154049042655,-2.3453318041741875,-0.0
TCDC,0.10273971804249106,-2.275556498325883,-0.0
TCDC,0.11016443205554577,-2.2057811924775788,-0.0
TCDC,0.11812570952454506,-2.1360058866292744,-0.0
TCDC,0.12666232639988229,-2.06623058078097,-0.0
TCDC,0.1358158608621666,-1.9964552749326656,-0.0
TCDC,0.14563089583161595,-1.9266799690843612,0.0
TCDC,0.1561552361122416,-1.8569046632360569,0.0
TCDC,0.1674401412284394,-1.7871293573877525,0.0
TCDC,0.1795405750880349,-1.717354051539448,0.0
TCDC,0.192515473687783,-1.647578745691144,0.0
TCDC,0.20642803216520053,-1.5778034398428396,0.0
TCDC,0.22134601259483722,-1.5080281339945352,0.0
TCDC,0.23734207402812835,-1.4382528281462297,0.0
TCDC,0.2544941263843096,-1.3684775222979255,0.0
TCDC,0.27288570991604777,-1.2987022164496211,0.0
TCDC,0.29260640209799543,-1.2289269106013168,0.0
TCDC,0.3137522539200532,-1.1591516047530124,0.0
TCDC,0.33642625771033297,-1.089376298904708,0.0
TCDC,0.3607388487663878,-1.0196009930564036,0.0
TCDC,0.3868084432379367,-0.9498256872080992,0.0
TCDC,0.41476201488088016,-0.880050381359795,0.0
TCDC,0.4447357134917257,-0.8102750755114906,0.0
TCDC,0.4768755280345517,-0.7404997696631863,0.0
TCDC,0.5113379976903147,-0.6707244638148819,0.0
TCDC,0.5482909742917148,-0.6009491579665776,0.0
TCDC,0.5879144398571106,-0.5311738521182732,0.0
TCDC,0.6304013832053391,-0.4613985462699689,0.0
TCDC,0.6759587399210549,-0.3916232404216634,0.0
TCDC,0.724808400248748,-0.32184793457335914,0.0
TCDC,0.7771882898244715,-0.25207262872505476,0.0
TCDC,0.83335352850904,-0.18229732287675038,0.0
TCDC,0.893577672966889,-0.11252201702844604,0.0
TCDC,0.958154049042655,-0.042746711180141735,0.0
TCDC,1.0273971804249107,0.027028594668162688,0.0
TCDC,1.1016443205554576,0.0968039005164669,0.0
TCDC,1.1812570952454506,0.16657920636477141,0.0
TCDC,1.2666232639988229,0.2363545122130756,0.0
TCDC,1.3581586086216662,0.3061298180613801,0.0
TCDC,1.456308958316159,0.375905123909684,0.0
DLWRF,0.0014563089583161596,-6.531850155072453,0.0
DLWRF,0.001561552361122416,-6.462074849224148,0.0
DLWRF,0.001674401412284394,-6.392299543375844,0.0
DLWRF,0.001795405750880349,-6.3225242375275394,0.0
DLWRF,0.00192515473687783,-6.2527489316792355,0.0
DLWRF,0.0020642803216520053,-6.182973625830931,0.0
DLWRF,0.002213460125948372,-6.113198319982627,0.0
DLWRF,0.002373420740281281,-6.043423014134322,0.0
DLWRF,0.002544941263843094,-5.973647708286018,0.0
DLWRF,0.0027288570991604753,-5.903872402437713,0.0
DLWRF,0.0029260640209799547,-5.834097096589408,0.0
DLWRF,0.0031375225392005317,-5.7643217907411035,0.0
DLWRF,0.0033642625771033293,-5.6945464848928,0.0
DLWRF,0.0036073884876638776,-5.624771179044495,0.0
DLWRF,0.003868084432379367,-5.554995873196191,0.0
DLWRF,0.0041476201488088015,-5.485220567347886,0.0
DLWRF,0.004447357134917257,-5.415445261499582,0.0
DLWRF,0.004768755280345517,-5.345669955651277,0.0
DLWRF,0.005113379976903147,-5.275894649802973,0.0
DLWRF,0.005482909742917148,-5.206119343954669,0.0
DLWRF,0.005879144398571105,-5.1363440381063645,0.0
DLWRF,0.006304013832053391,-5.066568732258061,0.0
DLWRF,0.006759587399210549,-4.996793426409755,0.0
DLWRF,0.007248084002487481,-4.92701812056145,0.0
DLWRF,0.007771882898244715,-4.857242814713146,0.0
DLWRF,0.008333535285090399,-4.787467508864842,0.0
DLWRF,0.008935776729668889,-4.717692203016537,0.0
DLWRF,0.00958154049042655,-4.647916897168233,0.0
DLWRF,0.010273971804249106,-4.578141591319929,0.0
DLWRF,0.011016443205554576,-4.508366285471625,0.0
DLWRF,0.011812570952454506,-4.43859097962332,0.0
DLWRF,0.01266623263998823,-4.368815673775016,0.0
DLWRF,0.01358158608621666,-4.299040367926711,0.0
DLWRF,0.014563089583161597,-4.229265062078407,0.0
DLWRF,0.015615523611224159,-4.159489756230102,0.0
DLWRF,0.016744014122843938,-4.089714450381798,0.0
DLWRF,0.017954057508803488,-4.0199391445334935,0.0
DLWRF,0.01925154736877831,-3.950163838685189,0.0
DLWRF,0.020642803216520064,-3.880388532836885,0.0
DLWRF,0.022134601259483733,-3.8106132269885804,0.0
DLWRF,0.02373420740281282,-3.740837921140276,0.0
DLWRF,0.02544941263843095,-3.6710626152919716,0.0
DLWRF,0.027288570991604765,-3.6012873094436673,0.0
DLWRF,0.02926064020979953,-3.531512003595363,0.0
DLWRF,0.03137522539200532,-3.461736697747058,0.0
DLWRF,0.033642625771033295,-3.3919613918987537,0.0
DLWRF,0.036073884876638776,-3.3221860860504493,0.0
DLWRF,0.03868084432379367,-3.252410780202145,0.0
DLWRF,0.04147620148808802,-3.1826354743538405,0.0
DLWRF,0.04447357134917257,-3.112860168505536,0.0
DLWRF,0.04768755280345517,-3.0430848626572318,0.0
DLWRF,0.05113379976903147,-2.973309556808928,0.0
DLWRF,0.05482909742917148,-2.903534250960623,0.0
DLWRF,0.05879144398571109,-2.833758945112318,0.0
DLWRF,0.06304013832053394,-2.7639836392640142,0.0
DLWRF,0.06759587399210545,-2.69420833341571,0.0
DLWRF,0.07248084002487477,-2.624433027567405,0.0
DLWRF,0.07771882898244711,-2.554657721719101,0.0
DLWRF,0.08333535285090395,-2.4848824158707967,0.0
DLWRF,0.08935776729668884,-2.4151071100224923,0.0
DLWRF,0.0958154049042655,-2.3453318041741875,0.0
DLWRF,0.10273971804249106,-2.275556498325883,0.0
DLWRF,0.11016443205554577,-2.2057811924775788,0.0
DLWRF,0.11812570952454506,-2.1360058866292744,0.0
DLWRF,0.12666232639988229,-2.06623058078097,0.0
DLWRF,0.1358158608621666,-1.9964552749326656,0.0
DLWRF,0.14563089583161595,-1.9266799690843612,0.0
DLWRF,0.1561552361122416,-1.8569046632360569,0.0
DLWRF,0.1674401412284394,-1.7871293573877525,0.0
DLWRF,0.1795405750880349,-1.717354051539448,0.0
DLWRF,0.192515473687783,-1.647578745691144,0.0
DLWRF,0.20642803216520053,-1.5778034398428396,0.0
DLWRF,0.22134601259483722,-1.5080281339945352,0.0
DLWRF,0.23734207402812835,-1.4382528281462297,0.0
DLWRF,0.2544941263843096,-1.3684775222979255,0.0
DLWRF,0.27288570991604777,-1.2987022164496211,0.0
DLWRF,0.29260640209799543,-1.2289269106013168,0.0
DLWRF,0.3137522539200532,-1.1591516047530124,0.0
DLWRF,0.33642625771033297,-1.089376298904708,0.0
DLWRF,0.3607388487663878,-1.0196009930564036,0.0
DLWRF,0.3868084432379367,-0.9498256872080992,0.0
DLWRF,0.41476201488088016,-0.880050381359795,0.0
DLWRF,0.4447357134917257,-0.8102750755114906,0.0
DLWRF,0.4768755280345517,-0.7404997696631863,0.0
DLWRF,0.5113379976903147,-0.6707244638148819,0.0
DLWRF,0.5482909742917148,-0.6009491579665776,0.0
DLWRF,0.5879144398571106,-0.5311738521182732,0.0
DLWRF,0.6304013832053391,-0.4613985462699689,0.0
DLWRF,0.6759587399210549,-0.3916232404216634,0.0
DLWRF,0.724808400248748,-0.32184793457335914,0.0
DLWRF,0.7771882898244715,-0.25207262872505476,0.0
DLWRF,0.83335352850904,-0.18229732287675038,0.0
DLWRF,0.893577672966889,-0.11252201702844604,0.0
DLWRF,0.958154049042655,-0.042746711180141735,0.0
DLWRF,1.0273971804249107,0.027028594668162688,0.0
DLWRF,1.1016443205554576,0.0968039005164669,0.0
DLWRF,1.1812570952454506,0.16657920636477141,0.0
DLWRF,1.2666232639988229,0.2363545122130756,0.0
DLWRF,1.3581586086216662,0.3061298180613801,0.0
DLWRF,1.456308958316159,0.375905123909684,0.0
ULWRF,0.0014563089583161596,-6.531850155072453,-0.0
ULWRF,0.001561552361122416,-6.462074849224148,-0.0
ULWRF,0.001674401412284394,-6.392299543375844,-0.0
ULWRF,0.001795405750880349,-6.3225242375275394,-0.0
ULWRF,0.00192515473687783,-6.2527489316792355,-0.0
ULWRF,0.0020642803216520053,-6.182973625830931,-0.0
ULWRF,0.002213460125948372,-6.113198319982627,-0.0
ULWRF,0.002373420740281281,-6.043423014134322,-0.0
ULWRF,0.002544941263843094,-5.973647708286018,-0.0
ULWRF,0.0027288570991604753,-5.903872402437713,-0.0
ULWRF,0.0029260640209799547,-5.834097096589408,-0.0
ULWRF,0.0031375225392005317,-5.7643217907411035,-0.0
ULWRF,0.0033642625771033293,-5.6945464848928,-0.0
ULWRF,0.0036073884876638776,-5.624771179044495,-0.0
ULWRF,0.003868084432379367,-5.554995873196191,-0.0
ULWRF,0.0041476201488088015,-5.485220567347886,-0.0
ULWRF,0.004447357134917257,-5.415445261499582,-0.0
ULWRF,0.004768755280345517,-5.345669955651277,-0.0
ULWRF,0.005113379976903147,-5.275894649802973,-0.0
ULWRF,0.005482909742917148,-5.206119343954669,-0.0
ULWRF,0.005879144398571105,-5.1363440381063645,-0.0
ULWRF,0.006304013832053391,-5.066568732258061,-0.0
ULWRF,0.006759587399210549,-4.996793426409755,-0.0
ULWRF,0.007248084002487481,-4.92701812056145,-0.0
ULWRF,0.007771882898244715,-4.857242814713146,-0.0
ULWRF,0.008333535285090399,-4.787467508864842,-0.0
ULWRF,0.008935776729668889,-4.717692203016537,-0.0
ULWRF,0.00958154049042655,-4.647916897168233,-0.0
ULWRF,0.010273971804249106,-4.578141591319929,-0.0
ULWRF,0.011016443205554576,-4.508366285471625,-0.0
ULWRF,0.011812570952454506,-4.43859097962332,-0.0
ULWRF,0.01266623263998823,-4.368815673775016,-0.0
ULWRF,0.01358158608621666,-4.299040367926711,-0.0
ULWRF,0.014563089583161597,-4.229265062078407,-0.0
ULWRF,0.015615523611224159,-4.159489756230102,-0.0
ULWRF,0.016744014122843938,-4.089714450381798,-0.0
ULWRF,0.017954057508803488,-4.0199391445334935,-0.0
ULWRF,0.01925154736877831,-3.950163838685189,-0.0
ULWRF,0.020642803216520064,-3.880388532836885,-0.0
ULWRF,0.022134601259483733,-3.8106132269885804,-0.0
ULWRF,0.02373420740281282,-3.740837921140276,-0.0
ULWRF,0.02544941263843095,-3.6710626152919716,-0.0
ULWRF,0.027288570991604765,-3.6012873094436673,-0.0
ULWRF,0.02926064020979953,-3.531512003595363,-0.0
ULWRF,0.03137522539200532,-3.461736697747058,-0.0
ULWRF,0.033642625771033295,-3.3919613918987537,-0.0
ULWRF,0.036073884876638776,-3.3221860860504493,-0.0
ULWRF,0.03868084432379367,-3.252410780202145,-0.0
ULWRF,0.04147620148808802,-3.1826354743538405,-0.0
ULWRF,0.04447357134917257,-3.112860168505536,-0.0
ULWRF,0.04768755280345517,-3.0430848626572318,-0.0
ULWRF,0.05113379976903147,-2.973309556808928,-0.0
ULWRF,0.05482909742917148,-2.903534250960623,-0.0
ULWRF,0.05879144398571109,-2.833758945112318,-0.0
ULWRF,0.06304013832053394,-2.7639836392640142,-0.0
ULWRF,0.06759587399210545,-2.69420833341571,-0.0
ULWRF,0.07248084002487477,-2.624433027567405,-0.0
ULWRF,0.07771882898244711,-2.554657721719101,-0.0
ULWRF,0.08333535285090395,-2.4848824158707967,-0.0
ULWRF,0.08935776729668884,-2.4151071100224923,-0.0
ULWRF,0.0958154049042655,-2.3453318041741875,-0.0
ULWRF,0.10273971804249106,-2.275556498325883,-0.0
ULWRF,0.11016443205554577,-2.2057811924775788,-0.0
ULWRF,0.11812570952454506,-2.1360058866292744,-0.0
ULWRF,0.12666232639988229,-2.06623058078097,-0.0
ULWRF,0.1358158608621666,-1.9964552749326656,-0.0
ULWRF,0.14563089583161595,-1.9266799690843612,-0.0
ULWRF,0.1561552361122416,-1.8569046632360569,-0.0
ULWRF,0.1674401412284394,-1.7871293573877525,-0.0
ULWRF,0.1795405750880349,-1.717354051539448,-0.0
ULWRF,0.192515473687783,-1.647578745691144,-0.0
ULWRF,0.20642803216520053,-1.5778034398428396,0.0
ULWRF,0.22134601259483722,-1.5080281339945352,0.0
ULWRF,0.23734207402812835,-1.4382528281462297,0.0
ULWRF,0.2544941263843096,-1.3684775222979255,0.0
ULWRF,0.27288570991604777,-1.2987022164496211,0.0
ULWRF,0.29260640209799543,-1.2289269106013168,0.0
ULWRF,0.3137522539200532,-1.1591516047530124,0.0
ULWRF,0.33642625771033297,-1.089376298904708,0.0
ULWRF,0.3607388487663878,-1.0196009930564036,0.0
ULWRF,0.3868084432379367,-0.9498256872080992,0.0
ULWRF,0.41476201488088016,-0.880050381359795,0.0
ULWRF,0.4447357134917257,-0.8102750755114906,0.0
ULWRF,0.4768755280345517,-0.7404997696631863,0.0
ULWRF,0.5113379976903147,-0.6707244638148819,0.0
ULWRF,0.5482909742917148,-0.6009491579665776,0.0
ULWRF,0.5879144398571106,-0.5311738521182732,0.0
ULWRF,0.6304013832053391,-0.4613985462699689,0.0
ULWRF,0.6759587399210549,-0.3916232404216634,0.0
ULWRF,0.724808400248748,-0.32184793457335914,0.0
ULWRF,0.7771882898244715,-0.25207262872505476,0.0
ULWRF,0.83335352850904,-0.18229732287675038,0.0
ULWRF,0.893577672966889,-0.11252201702844604,0.0
ULWRF,0.958154049042655,-0.042746711180141735,0.0
ULWRF,1.0273971804249107,0.027028594668162688,0.0
ULWRF,1.1016443205554576,0.0968039005164669,0.0
ULWRF,1.1812570952454506,0.16657920636477141,0.0
ULWRF,1.2666232639988229,0.2363545122130756,0.0
ULWRF,1.3581586086216662,0.3061298180613801,0.0
ULWRF,1.456308958316159,0.375905123909684,0.0
DSWRF,0.0014563089583161596,-6.531850155072453,0.037937480088298274
DSWRF,0.001561552361122416,-6.462074849224148,0.021550536131717195
DSWRF,0.001674401412284394,-6.392299543375844,0.003840242157591746
DSWRF,0.001795405750880349,-6.3225242375275394,0.0
DSWRF,0.00192515473687783,-6.2527489316792355,0.0
DSWRF,0.0020642803216520053,-6.182973625830931,0.0
DSWRF,0.002213460125948372,-6.113198319982627,0.0
DSWRF,0.002373420740281281,-6.043423014134322,0.0
DSWRF,0.002544941263843094,-5.973647708286018,0.0
DSWRF,0.0027288570991604753,-5.903872402437713,0.0
DSWRF,0.0029260640209799547,-5.834097096589408,0.0
DSWRF,0.0031375225392005317,-5.7643217907411035,0.0
DSWRF,0.0033642625771033293,-5.6945464848928,0.0
DSWRF,0.0036073884876638776,-5.624771179044495,0.06203004267184842
DSWRF,0.003868084432379367,-5.554995873196191,0.13563156761069575
DSWRF,0.0041476201488088015,-5.485220567347886,0.2140729717812469
DSWRF,0.004447357134917257,-5.415445261499582,0.29801850547873326
DSWRF,0.004768755280345517,-5.345669955651277,0.38769877367354555
DSWRF,0.005113379976903147,-5.275894649802973,0.4802318640497372
DSWRF,0.005482909742917148,-5.206119343954669,0.5662901108618251
DSWRF,0.005879144398571105,-5.1363440381063645,0.6585296074198443
DSWRF,0.006304013832053391,-5.066568732258061,0.7572012407417482
DSWRF,0.006759587399210549,-4.996793426409755,0.8626630797062668
DSWRF,0.007248084002487481,-4.92701812056145,0.9656835054971927
DSWRF,0.007771882898244715,-4.857242814713146,1.0626028532423797
DSWRF,0.008333535285090399,-4.787467508864842,1.1144898652881197
DSWRF,0.008935776729668889,-4.717692203016537,1.1120844331715916
DSWRF,0.00958154049042655,-4.647916897168233,1.1086844040638582
DSWRF,0.010273971804249106,-4.578141591319929,1.1058274839127022
DSWRF,0.011016443205554576,-4.508366285471625,1.102756922376354
DSWRF,0.011812570952454506,-4.43859097962332,1.0994597087542854
DSWRF,0.01266623263998823,-4.368815673775016,1.0959053485287855
DSWRF,0.01358158608621666,-4.299040367926711,1.0921352651961613
DSWRF,0.014563089583161597,-4.229265062078407,1.088060247147534
DSWRF,0.015615523611224159,-4.159489756230102,1.083696849476576
DSWRF,0.016744014122843938,-4.089714450381798,1.0790604060937745
DSWRF,0.017954057508803488,-4.0199391445334935,1.0740512795963992
DSWRF,0.01925154736877831,-3.950163838685189,1.0686845293070169
DSWRF,0.020642803216520064,-3.880388532836885,1.0629318365501725
DSWRF,0.022134601259483733,-3.8106132269885804,1.0581729144432137
DSWRF,0.02373420740281282,-3.740837921140276,1.0544183417432687
DSWRF,0.02544941263843095,-3.6710626152919716,1.0503545499702807
DSWRF,0.027288570991604765,-3.6012873094436673,1.0460470097841996
DSWRF,0.02926064020979953,-3.531512003595363,1.0403541407339847
DSWRF,0.03137522539200532,-3.461736697747058,1.0234768094835633
DSWRF,0.033642625771033295,-3.3919613918987537,1.0012406322832617
DSWRF,0.036073884876638776,-3.3221860860504493,0.9776207428667301
DSWRF,0.03868084432379367,-3.252410780202145,0.952120990375312
DSWRF,0.04147620148808802,-3.1826354743538405,0.9248261922511305
DSWRF,0.04447357134917257,-3.112860168505536,0.8955326947474869
DSWRF,0.04768755280345517,-3.0430848626572318,0.8641626598280249
DSWRF,0.05113379976903147,-2.973309556808928,0.8301197494825913
DSWRF,0.05482909742917148,-2.903534250960623,0.7917443515242553
DSWRF,0.05879144398571109,-2.833758945112318,0.7497597408983506
DSWRF,0.06304013832053394,-2.7639836392640142,0.718651927131165
DSWRF,0.06759587399210545,-2.69420833341571,0.7041709201142046
DSWRF,0.07248084002487477,-2.624433027567405,0.6886436811527392
DSWRF,0.07771882898244711,-2.554657721719101,0.6719565822005708
DSWRF,0.08333535285090395,-2.4848824158707967,0.6540810297336271
DSWRF,0.08935776729668884,-2.4151071100224923,0.6344283225161841
DSWRF,0.0958154049042655,-2.3453318041741875,0.626530954569646
DSWRF,0.10273971804249106,-2.275556498325883,0.659913457397487
DSWRF,0.11016443205554577,-2.2057811924775788,0.6955016970846849
DSWRF,0.11812570952454506,-2.1360058866292744,0.7337006290921609
DSWRF,0.12666232639988229,-2.06623058078097,0.7306921072648705
DSWRF,0.1358158608621666,-1.9964552749326656,0.7067501528780775
DSWRF,0.14563089583161595,-1.9266799690843612,0.6686504111764531
DSWRF,0.1561552361122416,-1.8569046632360569,0.6269003996919901
DSWRF,0.1674401412284394,-1.7871293573877525,0.5820733678691353
DSWRF,0.1795405750880349,-1.717354051539448,0.5468662544560433
DSWRF,0.192515473687783,-1.647578745691144,0.511253160427524
DSWRF,0.20642803216520053,-1.5778034398428396,0.4731199999704119
DSWRF,0.22134601259483722,-1.5080281339945352,0.4321693605627049
DSWRF,0.23734207402812835,-1.4382528281462297,0.3882736314724793
DSWRF,0.2544941263843096,-1.3684775222979255,0.34128008964766887
DSWRF,0.27288570991604777,-1.2987022164496211,0.2908151092728894
DSWRF,0.29260640209799543,-1.2289269106013168,0.22239007035560743
DSWRF,0.3137522539200532,-1.1591516047530124,0.14575941307330958
DSWRF,0.33642625771033297,-1.089376298904708,0.06357805162097276
DSWRF,0.3607388487663878,-1.0196009930564036,0.0
DSWRF,0.3868084432379367,-0.9498256872080992,0.0
DSWRF,0.41476201488088016,-0.880050381359795,0.0
DSWRF,0.4447357134917257,-0.8102750755114906,0.0
DSWRF,0.4768755280345517,-0.7404997696631863,0.0
DSWRF,0.5113379976903147,-0.6707244638148819,0.0
DSWRF,0.5482909742917148,-0.6009491579665776,0.0
DSWRF,0.5879144398571106,-0.5311738521182732,0.0
DSWRF,0.6304013832053391,-0.4613985462699689,0.0
DSWRF,0.6759587399210549,-0.3916232404216634,0.0
DSWRF,0.724808400248748,-0.32184793457335914,0.0
DSWRF,0.7771882898244715,-0.25207262872505476,0.0
DSWRF,0.83335352850904,-0.18229732287675038,0.0
DSWRF,0.893577672966889,-0.11252201702844604,0.0
DSWRF,0.958154049042655,-0.042746711180141735,0.0
DSWRF,1.0273971804249107,0.027028594668162688,0.0
DSWRF,1.1016443205554576,0.0968039005164669,0.0
DSWRF,1.1812570952454506,0.16657920636477141,0.0
DSWRF,1.2666232639988229,0.2363545122130756,0.0
DSWRF,1.3581586086216662,0.3061298180613801,0.0
DSWRF,1.456308958316159,0.375905123909684,0.0
USWRF,0.0014563089583161596,-6.531850155072453,-0.0
USWRF,0.001561552361122416,-6.462074849224148,-0.0
USWRF,0.001674401412284394,-6.392299543375844,-0.0
USWRF,0.001795405750880349,-6.3225242375275394,-0.0
USWRF,0.00192515473687783,-6.2527489316792355,-0.0
USWRF,0.0020642803216520053,-6.182973625830931,-0.0014393136215232161
USWRF,0.002213460125948372,-6.113198319982627,-0.005158796344811983
USWRF,0.002373420740281281,-6.043423014134322,-0.009092844598163329
USWRF,0.002544941263843094,-5.973647708286018,-0.01328345430445037
USWRF,0.0027288570991604753,-5.903872402437713,-0.017742701000791113
USWRF,0.0029260640209799547,-5.834097096589408,-0.02243635762599406
USWRF,0.0031375225392005317,-5.7643217907411035,-0.007789793118002967
USWRF,0.0033642625771033293,-5.6945464848928,-0.0
USWRF,0.0036073884876638776,-5.624771179044495,-0.0
USWRF,0.003868084432379367,-5.554995873196191,-0.0
USWRF,0.0041476201488088015,-5.485220567347886,-0.0
USWRF,0.004447357134917257,-5.415445261499582,-0.0
USWRF,0.004768755280345517,-5.345669955651277,-0.0
USWRF,0.005113379976903147,-5.275894649802973,-0.0
USWRF,0.005482909742917148,-5.206119343954669,-0.0
USWRF,0.005879144398571105,-5.1363440381063645,-0.0
USWRF,0.006304013832053391,-5.066568732258061,-0.0
USWRF,0.006759587399210549,-4.996793426409755,-0.0
USWRF,0.007248084002487481,-4.92701812056145,-0.0
USWRF,0.007771882898244715,-4.857242814713146,-0.0
USWRF,0.008333535285090399,-4.787467508864842,-0.0
USWRF,0.008935776729668889,-4.717692203016537,-0.0
USWRF,0.00958154049042655,-4.647916897168233,-0.0
USWRF,0.010273971804249106,-4.578141591319929,-0.0
USWRF,0.011016443205554576,-4.508366285471625,-0.0
USWRF,0.011812570952454506,-4.43859097962332,0.0
USWRF,0.01266623263998823,-4.368815673775016,0.0
USWRF,0.01358158608621666,-4.299040367926711,0.0
USWRF,0.014563089583161597,-4.229265062078407,0.0
USWRF,0.015615523611224159,-4.159489756230102,0.0
USWRF,0.016744014122843938,-4.089714450381798,0.0
USWRF,0.017954057508803488,-4.0199391445334935,0.0
USWRF,0.01925154736877831,-3.950163838685189,0.0
USWRF,0.020642803216520064,-3.880388532836885,0.0
USWRF,0.022134601259483733,-3.8106132269885804,0.0
USWRF,0.02373420740281282,-3.740837921140276,0.0
USWRF,0.02544941263843095,-3.6710626152919716,0.0
USWRF,0.027288570991604765,-3.6012873094436673,0.0
USWRF,0.02926064020979953,-3.531512003595363,0.0
USWRF,0.03137522539200532,-3.461736697747058,0.0274930698908219
USWRF,0.033642625771033295,-3.3919613918987537,0.06983464494393977
USWRF,0.036073884876638776,-3.3221860860504493,0.1150755262735286
USWRF,0.03868084432379367,-3.252410780202145,0.16358523159212154
USWRF,0.04147620148808802,-3.1826354743538405,0.21547348854887577
USWRF,0.04447357134917257,-3.112860168505536,0.2710077823856282
USWRF,0.04768755280345517,-3.0430848626572318,0.33056622845579176
USWRF,0.05113379976903147,-2.973309556808928,0.3949746365612943
USWRF,0.05482909742917148,-2.903534250960623,0.464851747879915
USWRF,0.05879144398571109,-2.833758945112318,0.5393235305618771
USWRF,0.06304013832053394,-2.7639836392640142,0.5745035136154486
USWRF,0.06759587399210545,-2.69420833341571,0.5518033983752749
USWRF,0.07248084002487477,-2.624433027567405,0.5274627893695035
USWRF,0.07771882898244711,-2.554657721719101,0.5013658990423494
USWRF,0.08333535285090395,-2.4848824158707967,0.47338179631218197
USWRF,0.08935776729668884,-2.4151071100224923,0.4436208605542784
USWRF,0.0958154049042655,-2.3453318041741875,0.410664384363775
USWRF,0.10273971804249106,-2.275556498325883,0.3731450433265234
USWRF,0.11016443205554577,-2.2057811924775788,0.3330740588515418
USWRF,0.11812570952454506,-2.1360058866292744,0.29010416299078545
USWRF,0.12666232639988229,-2.06623058078097,0.24471058605966808
USWRF,0.1358158608621666,-1.9964552749326656,0.1963270866999999
USWRF,0.14563089583161595,-1.9266799690843612,0.18338594644756323
USWRF,0.1561552361122416,-1.8569046632360569,0.172052305145808
USWRF,0.1674401412284394,-1.7871293573877525,0.15990985384404083
USWRF,0.1795405750880349,-1.717354051539448,0.14283110529016574
USWRF,0.192515473687783,-1.647578745691144,0.1236958642699298
USWRF,0.20642803216520053,-1.5778034398428396,0.10317595758504425
USWRF,0.22134601259483722,-1.5080281339945352,0.08117522323256314
USWRF,0.23734207402812835,-1.4382528281462297,0.05758407279439708
USWRF,0.2544941263843096,-1.3684775222979255,0.03228553618668493
USWRF,0.27288570991604777,-1.2987022164496211,0.0051612955739721526
USWRF,0.29260640209799543,-1.2289269106013168,0.0
USWRF,0.3137522539200532,-1.1591516047530124,0.0
USWRF,0.33642625771033297,-1.089376298904708,0.0
USWRF,0.3607388487663878,-1.0196009930564036,0.0
USWRF,0.3868084432379367,-0.9498256872080992,0.0
USWRF,0.41476201488088016,-0.880050381359795,0.0
USWRF,0.4447357134917257,-0.8102750755114906,0.0
USWRF,0.4768755280345517,-0.7404997696631863,0.0
USWRF,0.5113379976903147,-0.6707244638148819,0.0
USWRF,0.5482909742917148,-0.6009491579665776,0.0
USWRF,0.5879144398571106,-0.5311738521182732,0.0
USWRF,0.6304013832053391,-0.4613985462699689,0.0
USWRF,0.6759587399210549,-0.3916232404216634,0.0
USWRF,0.724808400248748,-0.32184793457335914,0.0
USWRF,0.7771882898244715,-0.25207262872505476,0.0
USWRF,0.83335352850904,-0.18229732287675038,0.0
USWRF,0.893577672966889,-0.11252201702844604,0.0
USWRF,0.958154049042655,-0.042746711180141735,0.0
USWRF,1.0273971804249107,0.027028594668162688,0.0
USWRF,1.1016443205554576,0.0968039005164669,0.0
USWRF,1.1812570952454506,0.16657920636477141,0.0
USWRF,1.2666232639988229,0.2363545122130756,0.0
USWRF,1.3581586086216662,0.3061298180613801,0.0
USWRF,1.456308958316159,0.375905123909684,0.0
PRMSL,0.0014563089583161596,-6.531850155072453,-0.744064652420672
PRMSL,0.001561552361122416,-6.462074849224148,-0.7446306110553016
PRMSL,0.001674401412284394,-6.392299543375844,-0.7452371726464271
PRMSL,0.001795405750880349,-6.3225242375275394,-0.7458580915869255
PRMSL,0.00192515473687783,-6.2527489316792355,-0.7465732150371184
PRMSL,0.0020642803216520053,-6.182973625830931,-0.7473380036902203
PRMSL,0.002213460125948372,-6.113198319982627,-0.7481489016230701
PRMSL,0.002373420740281281,-6.043423014134322,-0.7490190313157633
PRMSL,0.002544941263843094,-5.973647708286018,-0.7499523244356063
PRMSL,0.0027288570991604753,-5.903872402437713,-0.7509534787345558
PRMSL,0.0029260640209799547,-5.834097096589408,-0.752025021729554
PRMSL,0.0031375225392005317,-5.7643217907411035,-0.7535360744311854
PRMSL,0.0033642625771033293,-5.6945464848928,-0.7550868012362155
PRMSL,0.0036073884876638776,-5.624771179044495,-0.7567741551930672
PRMSL,0.003868084432379367,-5.554995873196191,-0.7585531269270057
PRMSL,0.0041476201488088015,-5.485220567347886,-0.7604597587018621
PRMSL,0.004447357134917257,-5.415445261499582,-0.7625038701722159
PRMSL,0.004768755280345517,-5.345669955651277,-0.764695079077168
PRMSL,0.005113379976903147,-5.275894649802973,-0.7669159723084402
PRMSL,0.005482909742917148,-5.206119343954669,-0.7684821597425291
PRMSL,0.005879144398571105,-5.1363440381063645,-0.7701615941232883
PRMSL,0.006304013832053391,-5.066568732258061,-0.771962750813347
PRMSL,0.006759587399210549,-4.996793426409755,-0.7738921645118304
PRMSL,0.007248084002487481,-4.92701812056145,-0.7759445332402158
PRMSL,0.007771882898244715,-4.857242814713146,-0.7782017777630782
PRMSL,0.008333535285090399,-4.787467508864842,-0.7806840064130715
PRMSL,0.008935776729668889,-4.717692203016537,-0.7833798773056714
PRMSL,0.00958154049042655,-4.647916897168233,-0.7860810815301988
PRMSL,0.010273971804249106,-4.578141591319929,-0.7885713509819814
PRMSL,0.011016443205554576,-4.508366285471625,-0.7912400696178687
PRMSL,0.011812570952454506,-4.43859097962332,-0.7941006461477574
PRMSL,0.01266623263998823,-4.368815673775016,-0.7971639658610383
PRMSL,0.01358158608621666,-4.299040367926711,-0.800457348174327
PRMSL,0.014563089583161597,-4.229265062078407,-0.8039818771202815
PRMSL,0.015615523611224159,-4.159489756230102,-0.807762403967534
PRMSL,0.016744014122843938,-4.089714450381798,-0.811824827765648
PRMSL,0.017954057508803488,-4.0199391445334935,-0.816173153456963
PRMSL,0.01925154736877831,-3.950163838685189,-0.8208364880440697
PRMSL,0.020642803216520064,-3.880388532836885,-0.825837231975469
PRMSL,0.022134601259483733,-3.8106132269885804,-0.8291094694336939
PRMSL,0.02373420740281282,-3.740837921140276,-0.8306587012299785
PRMSL,0.02544941263843095,-3.6710626152919716,-0.8323140825082015
PRMSL,0.027288570991604765,-3.6012873094436673,-0.8340971453965866
PRMSL,0.02926064020979953,-3.531512003595363,-0.8348687752824299
PRMSL,0.03137522539200532,-3.461736697747058,-0.8350899318975487
PRMSL,0.033642625771033295,-3.3919613918987537,-0.8356369042801997
PRMSL,0.036073884876638776,-3.3221860860504493,-0.8362112402504447
PRMSL,0.03868084432379367,-3.252410780202145,-0.8368136258629346
PRMSL,0.04147620148808802,-3.1826354743538405,-0.8374494151341082
PRMSL,0.04447357134917257,-3.112860168505536,-0.8381262474330495
PRMSL,0.04768755280345517,-3.0430848626572318,-0.8388506539354931
PRMSL,0.05113379976903147,-2.973309556808928,-0.8396532086137006
PRMSL,0.05482909742917148,-2.903534250960623,-0.8402382367415719
PRMSL,0.05879144398571109,-2.833758945112318,-0.8408493791439686
PRMSL,0.06304013832053394,-2.7639836392640142,-0.8396910992556965
PRMSL,0.06759587399210545,-2.69420833341571,-0.8359914412835455
PRMSL,0.07248084002487477,-2.624433027567405,-0.8320244228936223
PRMSL,0.07771882898244711,-2.554657721719101,-0.8277706564051024
PRMSL,0.08333535285090395,-2.4848824158707967,-0.8232097745444634
PRMSL,0.08935776729668884,-2.4151071100224923,-0.8186660231276606
PRMSL,0.0958154049042655,-2.3453318041741875,-0.8126441964471773
PRMSL,0.10273971804249106,-2.275556498325883,-0.8039418731399361
PRMSL,0.11016443205554577,-2.2057811924775788,-0.7948075171271372
PRMSL,0.11812570952454506,-2.1360058866292744,-0.7850104461706663
PRMSL,0.12666232639988229,-2.06623058078097,-0.7794950982497303
PRMSL,0.1358158608621666,-1.9964552749326656,-0.7759556512856387
PRMSL,0.14563089583161595,-1.9266799690843612,-0.766572390545982
PRMSL,0.1561552361122416,-1.8569046632360569,-0.7561512232543692
PRMSL,0.1674401412284394,-1.7871293573877525,-0.7449826496263307
PRMSL,0.1795405750880349,-1.717354051539448,-0.731740188498406
PRMSL,0.192515473687783,-1.647578745691144,-0.7172631614612521
PRMSL,0.20642803216520053,-1.5778034398428396,-0.7017387307914368
PRMSL,0.22134601259483722,-1.5080281339945352,-0.685093760481731
PRMSL,0.23734207402812835,-1.4382528281462297,-0.667245587389384
PRMSL,0.2544941263843096,-1.3684775222979255,-0.6481059267991053
PRMSL,0.27288570991604777,-1.2987022164496211,-0.6275847664678601
PRMSL,0.29260640209799543,-1.2289269106013168,-0.6069399127481879
PRMSL,0.3137522539200532,-1.1591516047530124,-0.5851157098187292
PRMSL,0.33642625771033297,-1.089376298904708,-0.5617145806766688
PRMSL,0.3607388487663878,-1.0196009930564036,-0.5352709060163604
PRMSL,0.3868084432379367,-0.9498256872080992,-0.5030937667867152
PRMSL,0.41476201488088016,-0.880050381359795,-0.4685972966152927
PRMSL,0.4447357134917257,-0.8102750755114906,-0.4316117903809173
PRMSL,0.4768755280345517,-0.7404997696631863,-0.3919398530826035
PRMSL,0.5113379976903147,-0.6707244638148819,-0.3494065572797721
PRMSL,0.5482909742917148,-0.6009491579665776,-0.3038002808339329
PRMSL,0.5879144398571106,-0.5311738521182732,-0.25462890599790555
PRMSL,0.6304013832053391,-0.4613985462699689,-0.1976515956180913
PRMSL,0.6759587399210549,-0.3916232404216634,-0.13535669831021324
PRMSL,0.724808400248748,-0.32184793457335914,-0.06956049640957321
PRMSL,0.7771882898244715,-0.25207262872505476,-0.025761861991175153
PRMSL,0.83335352850904,-0.18229732287675038,-0.0
PRMSL,0.893577672966889,-0.11252201702844604,-0.0
PRMSL,0.958154049042655,-0.042746711180141735,-0.0
PRMSL,1.0273971804249107,0.027028594668162688,-0.0
PRMSL,1.1016443205554576,0.0968039005164669,-0.0
PRMSL,1.1812570952454506,0.16657920636477141,-0.0
PRMSL,1.2666232639988229,0.2363545122130756,-0.0
PRMSL,1.3581586086216662,0.3061298180613801,0.0
PRMSL,1.456308958316159,0.375905123909684,0.0
CSDSF,0.0014563089583161596,-6.531850155072453,1.7248836836608585
CSDSF,0.001561552361122416,-6.462074849224148,1.7258847696262287
CSDSF,0.001674401412284394,-6.392299543375844,1.7270256373371513
CSDSF,0.001795405750880349,-6.3225242375275394,1.7209445884370234
CSDSF,0.00192515473687783,-6.2527489316792355,1.713286806886661
CSDSF,0.0020642803216520053,-6.182973625830931,1.7044853166985021
CSDSF,0.002213460125948372,-6.113198319982627,1.6946606116265697
CSDSF,0.002373420740281281,-6.043423014134322,1.6841571800711792
CSDSF,0.002544941263843094,-5.973647708286018,1.6729108724816815
CSDSF,0.0027288570991604753,-5.903872402437713,1.660871592592464
CSDSF,0.0029260640209799547,-5.834097096589408,1.6480183855049946
CSDSF,0.0031375225392005317,-5.7643217907411035,1.6447580368138233
CSDSF,0.0033642625771033293,-5.6945464848928,1.6433547908221984
CSDSF,0.0036073884876638776,-5.624771179044495,1.6102838397217274
CSDSF,0.003868084432379367,-5.554995873196191,1.571231547633445
CSDSF,0.0041476201488088015,-5.485220567347886,1.5296011444278181
CSDSF,0.004447357134917257,-5.415445261499582,1.4850460076772833
CSDSF,0.004768755280345517,-5.345669955651277,1.437440054060454
CSDSF,0.005113379976903147,-5.275894649802973,1.3880081796708035
CSDSF,0.005482909742917148,-5.206119343954669,1.340360627339397
CSDSF,0.005879144398571105,-5.1363440381063645,1.2892893063481872
CSDSF,0.006304013832053391,-5.066568732258061,1.2346479160875217
CSDSF,0.006759587399210549,-4.996793426409755,1.1762359816191765
CSDSF,0.007248084002487481,-4.92701812056145,1.1188345652060891
CSDSF,0.007771882898244715,-4.857242814713146,1.0642414412496248
CSDSF,0.008333535285090399,-4.787467508864842,1.0326747176335258
CSDSF,0.008935776729668889,-4.717692203016537,1.0291441494230231
CSDSF,0.00958154049042655,-4.647916897168233,1.0253096540457118
CSDSF,0.010273971804249106,-4.578141591319929,1.0202344796274767
CSDSF,0.011016443205554576,-4.508366285471625,1.0147917851336559
CSDSF,0.011812570952454506,-4.43859097962332,1.0089552650466718
CSDSF,0.01266623263998823,-4.368815673775016,1.0026949816222175
CSDSF,0.01358158608621666,-4.299040367926711,0.995986590062691
CSDSF,0.014563089583161597,-4.229265062078407,0.9887900026828101
CSDSF,0.015615523611224159,-4.159489756230102,0.9810739773736489
CSDSF,0.016744014122843938,-4.089714450381798,0.9728037399263312
CSDSF,0.017954057508803488,-4.0199391445334935,0.963933029112982
CSDSF,0.01925154736877831,-3.950163838685189,0.9544210245514253
CSDSF,0.020642803216520064,-3.880388532836885,0.9442215704847979
CSDSF,0.022134601259483733,-3.8106132269885804,0.9307381449891191
CSDSF,0.02373420740281282,-3.740837921140276,0.9138879817502952
CSDSF,0.02544941263843095,-3.6710626152919716,0.8958228945477502
CSDSF,0.027288570991604765,-3.6012873094436673,0.8764495081652098
CSDSF,0.02926064020979953,-3.531512003595363,0.8569594737863477
CSDSF,0.03137522539200532,-3.461736697747058,0.840190592418399
CSDSF,0.033642625771033295,-3.3919613918987537,0.8232720637238542
CSDSF,0.036073884876638776,-3.3221860860504493,0.8050181947666909
CSDSF,0.03868084432379367,-3.252410780202145,0.7854997540337773
CSDSF,0.04147620148808802,-3.1826354743538405,0.7645393867900879
CSDSF,0.04447357134917257,-3.112860168505536,0.7420711498885886
CSDSF,0.04768755280345517,-3.0430848626572318,0.7179673093103144
CSDSF,0.05113379976903147,-2.973309556808928,0.6923769787224319
CSDSF,0.05482909742917148,-2.903534250960623,0.6690409189037105
CSDSF,0.05879144398571109,-2.833758945112318,0.6448558725601206
CSDSF,0.06304013832053394,-2.7639836392640142,0.614056705639728
CSDSF,0.06759587399210545,-2.69420833341571,0.5743712631474195
CSDSF,0.07248084002487477,-2.624433027567405,0.5318176601770369
CSDSF,0.07771882898244711,-2.554657721719101,0.48621362559465214
CSDSF,0.08333535285090395,-2.4848824158707967,0.4373003507952442
CSDSF,0.08935776729668884,-2.4151071100224923,0.38551656627826975
CSDSF,0.0958154049042655,-2.3453318041741875,0.3227666397984857
CSDSF,0.10273971804249106,-2.275556498325883,0.23292967158477998
CSDSF,0.11016443205554577,-2.2057811924775788,0.13698753497335658
CSDSF,0.11812570952454506,-2.1360058866292744,0.03410620423679164
CSDSF,0.12666232639988229,-2.06623058078097,0.0
CSDSF,0.1358158608621666,-1.9964552749326656,0.0
CSDSF,0.14563089583161595,-1.9266799690843612,0.0
CSDSF,0.1561552361122416,-1.8569046632360569,0.0
CSDSF,0.1674401412284394,-1.7871293573877525,0.0
CSDSF,0.1795405750880349,-1.717354051539448,0.0
CSDSF,0.192515473687783,-1.647578745691144,0.0
CSDSF,0.20642803216520053,-1.5778034398428396,0.0
CSDSF,0.22134601259483722,-1.5080281339945352,0.0
CSDSF,0.23734207402812835,-1.4382528281462297,0.0
CSDSF,0.2544941263843096,-1.3684775222979255,0.0
CSDSF,0.27288570991604777,-1.2987022164496211,0.0
CSDSF,0.29260640209799543,-1.2289269106013168,0.0
CSDSF,0.3137522539200532,-1.1591516047530124,0.0
CSDSF,0.33642625771033297,-1.089376298904708,-0.0
CSDSF,0.3607388487663878,-1.0196009930564036,-0.0
CSDSF,0.3868084432379367,-0.9498256872080992,-0.0
CSDSF,0.41476201488088016,-0.880050381359795,-0.0
CSDSF,0.4447357134917257,-0.8102750755114906,-0.0
CSDSF,0.4768755280345517,-0.7404997696631863,-0.0
CSDSF,0.5113379976903147,-0.6707244638148819,-0.0
CSDSF,0.5482909742917148,-0.6009491579665776,-0.0
CSDSF,0.5879144398571106,-0.5311738521182732,-0.0
CSDSF,0.6304013832053391,-0.4613985462699689,-0.0
CSDSF,0.6759587399210549,-0.3916232404216634,-0.0
CSDSF,0.724808400248748,-0.32184793457335914,-0.0
CSDSF,0.7771882898244715,-0.25207262872505476,-0.0
CSDSF,0.83335352850904,-0.18229732287675038,-0.0
CSDSF,0.893577672966889,-0.11252201702844604,-0.0
CSDSF,0.958154049042655,-0.042746711180141735,-0.0
CSDSF,1.0273971804249107,0.027028594668162688,-0.0
CSDSF,1.1016443205554576,0.0968039005164669,0.0
CSDSF,1.1812570952454506,0.16657920636477141,0.0
CSDSF,1.2666232639988229,0.2363545122130756,0.0
CSDSF,1.3581586086216662,0.3061298180613801,0.0
CSDSF,1.456308958316159,0.375905123909684,0.0
CSUSF,0.0014563089583161596,-6.531850155072453,1.100506058905015
CSUSF,0.001561552361122416,-6.462074849224148,1.0995386333190755
CSUSF,0.001674401412284394,-6.392299543375844,1.0984988885354972
CSUSF,0.001795405750880349,-6.3225242375275394,1.0976590258451366
CSUSF,0.00192515473687783,-6.2527489316792355,1.0970915814517839
CSUSF,0.0020642803216520053,-6.182973625830931,1.0978923247184273
CSUSF,0.002213460125948372,-6.113198319982627,1.1010442713370359
CSUSF,0.002373420740281281,-6.043423014134322,1.1043618424910797
CSUSF,0.002544941263843094,-5.973647708286018,1.1078868523838055
CSUSF,0.0027288570991604753,-5.903872402437713,1.1116278054768258
CSUSF,0.0029260640209799547,-5.834097096589408,1.1154904970299735
CSUSF,0.0031375225392005317,-5.7643217907411035,1.097518263341025
CSUSF,0.0033642625771033293,-5.6945464848928,1.0870229194514327
CSUSF,0.0036073884876638776,-5.624771179044495,1.086282287388833
CSUSF,0.003868084432379367,-5.554995873196191,1.0856298279974306
CSUSF,0.0041476201488088015,-5.485220567347886,1.0849222254513597
CSUSF,0.004447357134917257,-5.415445261499582,1.0841609683233282
CSUSF,0.004768755280345517,-5.345669955651277,1.0833390922310753
CSUSF,0.005113379976903147,-5.275894649802973,1.0824789447782106
CSUSF,0.005482909742917148,-5.206119343954669,1.0815068770128256
CSUSF,0.005879144398571105,-5.1363440381063645,1.080463833431594
CSUSF,0.006304013832053391,-5.066568732258061,1.0793407044242047
CSUSF,0.006759587399210549,-4.996793426409755,1.0781129820962467
CSUSF,0.007248084002487481,-4.92701812056145,1.0763609058508916
CSUSF,0.007771882898244715,-4.857242814713146,1.0744688783228151
CSUSF,0.008333535285090399,-4.787467508864842,1.0710972756186043
CSUSF,0.008935776729668889,-4.717692203016537,1.0653679087952317
CSUSF,0.00958154049042655,-4.647916897168233,1.0606850455795904
CSUSF,0.010273971804249106,-4.578141591319929,1.057701087546242
CSUSF,0.011016443205554576,-4.508366285471625,1.054499402305866
CSUSF,0.011812570952454506,-4.43859097962332,1.051064960528386
CSUSF,0.01266623263998823,-4.368815673775016,1.0473768428169188
CSUSF,0.01358158608621666,-4.299040367926711,1.0434341415433424
CSUSF,0.014563089583161597,-4.229265062078407,1.0391970802590424
CSUSF,0.015615523611224159,-4.159489756230102,1.0346555927449803
CSUSF,0.016744014122843938,-4.089714450381798,1.0297979511170599
CSUSF,0.017954057508803488,-4.0199391445334935,1.024578595439631
CSUSF,0.01925154736877831,-3.950163838685189,1.0189831810524441
CSUSF,0.020642803216520064,-3.880388532836885,1.0129840934040226
CSUSF,0.022134601259483733,-3.8106132269885804,1.0020904413546567
CSUSF,0.02373420740281282,-3.740837921140276,0.9862013524899206
CSUSF,0.02544941263843095,-3.6710626152919716,0.9691554730993375
CSUSF,0.027288570991604765,-3.6012873094436673,0.9508900650502518
CSUSF,0.02926064020979953,-3.531512003595363,0.9312664172844004
CSUSF,0.03137522539200532,-3.461736697747058,0.8813042977024846
CSUSF,0.033642625771033295,-3.3919613918987537,0.814288631219407
CSUSF,0.036073884876638776,-3.3221860860504493,0.7425849513306917
CSUSF,0.03868084432379367,-3.252410780202145,0.6657022073429986
CSUSF,0.04147620148808802,-3.1826354743538405,0.5833972387184274
CSUSF,0.04447357134917257,-3.112860168505536,0.4952654667702424
CSUSF,0.04768755280345517,-3.0430848626572318,0.40074577858875543
CSUSF,0.05113379976903147,-2.973309556808928,0.2988243843881261
CSUSF,0.05482909742917148,-2.903534250960623,0.18834631799340482
CSUSF,0.05879144398571109,-2.833758945112318,0.07044697825874204
CSUSF,0.06304013832053394,-2.7639836392640142,0.0
CSUSF,0.06759587399210545,-2.69420833341571,0.0
CSUSF,0.07248084002487477,-2.624433027567405,0.0
CSUSF,0.07771882898244711,-2.554657721719101,0.0
CSUSF,0.08333535285090395,-2.4848824158707967,0.0
CSUSF,0.08935776729668884,-2.4151071100224923,0.0
CSUSF,0.0958154049042655,-2.3453318041741875,0.0
CSUSF,0.10273971804249106,-2.275556498325883,0.0
CSUSF,0.11016443205554577,-2.2057811924775788,0.0
CSUSF,0.11812570952454506,-2.1360058866292744,0.0
CSUSF,0.12666232639988229,-2.06623058078097,0.0
CSUSF,0.1358158608621666,-1.9964552749326656,0.0
CSUSF,0.14563089583161595,-1.9266799690843612,0.0
CSUSF,0.1561552361122416,-1.8569046632360569,0.0
CSUSF,0.1674401412284394,-1.7871293573877525,0.0
CSUSF,0.1795405750880349,-1.717354051539448,0.0
CSUSF,0.192515473687783,-1.647578745691144,0.0
CSUSF,0.20642803216520053,-1.5778034398428396,0.0
CSUSF,0.22134601259483722,-1.5080281339945352,0.0
CSUSF,0.23734207402812835,-1.4382528281462297,0.0
CSUSF,0.2544941263843096,-1.3684775222979255,0.0
CSUSF,0.27288570991604777,-1.2987022164496211,0.0
CSUSF,0.29260640209799543,-1.2289269106013168,0.0
CSUSF,0.3137522539200532,-1.1591516047530124,0.0
CSUSF,0.33642625771033297,-1.089376298904708,0.0
CSUSF,0.3607388487663878,-1.0196009930564036,0.0
CSUSF,0.3868084432379367,-0.9498256872080992,0.0
CSUSF,0.41476201488088016,-0.880050381359795,0.0
CSUSF,0.4447357134917257,-0.8102750755114906,0.0
CSUSF,0.4768755280345517,-0.7404997696631863,-0.0
CSUSF,0.5113379976903147,-0.6707244638148819,-0.0
CSUSF,0.5482909742917148,-0.6009491579665776,-0.0
CSUSF,0.5879144398571106,-0.5311738521182732,-0.0
CSUSF,0.6304013832053391,-0.4613985462699689,-0.0
CSUSF,0.6759587399210549,-0.3916232404216634,-0.0
CSUSF,0.724808400248748,-0.32184793457335914,-0.0
CSUSF,0.7771882898244715,-0.25207262872505476,-0.0
CSUSF,0.83335352850904,-0.18229732287675038,-0.0
CSUSF,0.893577672966889,-0.11252201702844604,-0.0
CSUSF,0.958154049042655,-0.042746711180141735,-0.0
CSUSF,1.0273971804249107,0.027028594668162688,-0.0
CSUSF,1.1016443205554576,0.0968039005164669,0.0
CSUSF,1.1812570952454506,0.16657920636477141,0.0
CSUSF,1.2666232639988229,0.2363545122130756,0.0
CSUSF,1.3581586086216662,0.3061298180613801,0.0
CSUSF,1.456308958316159,0.375905123909684,0.0
CSDLF,0.0014563089583161596,-6.531850155072453,3.0609389450908866
CSDLF,0.001561552361122416,-6.462074849224148,3.04338940999571
CSDLF,0.001674401412284394,-6.392299543375844,3.024580499367916
CSDLF,0.001795405750880349,-6.3225242375275394,3.0034702268575324
CSDLF,0.00192515473687783,-6.2527489316792355,2.9830867690090646
CSDLF,0.0020642803216520053,-6.182973625830931,2.9603777515746192
CSDLF,0.002213460125948372,-6.113198319982627,2.935694400366881
CSDLF,0.002373420740281281,-6.043423014134322,2.9092221551431368
CSDLF,0.002544941263843094,-5.973647708286018,2.8808296282684793
CSDLF,0.0027288570991604753,-5.903872402437713,2.8503862625088554
CSDLF,0.0029260640209799547,-5.834097096589408,2.817275481118312
CSDLF,0.0031375225392005317,-5.7643217907411035,2.7835059565068554
CSDLF,0.0033642625771033293,-5.6945464848928,2.7522675151064298
CSDLF,0.0036073884876638776,-5.624771179044495,2.7185024345529225
CSDLF,0.003868084432379367,-5.554995873196191,2.6817423266100096
CSDLF,0.0041476201488088015,-5.485220567347886,2.642373678770081
CSDLF,0.004447357134917257,-5.415445261499582,2.600178506479074
CSDLF,0.004768755280345517,-5.345669955651277,2.554966616472447
CSDLF,0.005113379976903147,-5.275894649802973,2.50959691005719
CSDLF,0.005482909742917148,-5.206119343954669,2.476022445252139
CSDLF,0.005879144398571105,-5.1363440381063645,2.440022436837408
CSDLF,0.006304013832053391,-5.066568732258061,2.4014243346721207
CSDLF,0.006759587399210549,-4.996793426409755,2.359943261548086
CSDLF,0.007248084002487481,-4.92701812056145,2.3140555219766803
CSDLF,0.007771882898244715,-4.857242814713146,2.2667434187643134
CSDLF,0.008333535285090399,-4.787467508864842,2.2158906454379004
CSDLF,0.008935776729668889,-4.717692203016537,2.1607150555146597
CSDLF,0.00958154049042655,-4.647916897168233,2.119761782043039
CSDLF,0.010273971804249106,-4.578141591319929,2.1101667442969623
CSDLF,0.011016443205554576,-4.508366285471625,2.099845268617403
CSDLF,0.011812570952454506,-4.43859097962332,2.0887560303188986
CSDLF,0.01266623263998823,-4.368815673775016,2.0767786073213603
CSDLF,0.01358158608621666,-4.299040367926711,2.06412488238809
CSDLF,0.014563089583161597,-4.229265062078407,2.0504072733622385
CSDLF,0.015615523611224159,-4.159489756230102,2.0357264435737252
CSDLF,0.016744014122843938,-4.089714450381798,2.0201729157027835
CSDLF,0.017954057508803488,-4.0199391445334935,2.003329265539738
CSDLF,0.01925154736877831,-3.950163838685189,1.9852842309928826
CSDLF,0.020642803216520064,-3.880388532836885,1.9659423441281088
CSDLF,0.022134601259483733,-3.8106132269885804,1.9444251854473062
CSDLF,0.02373420740281282,-3.740837921140276,1.9207216402910707
CSDLF,0.02544941263843095,-3.6710626152919716,1.8951690639012329
CSDLF,0.027288570991604765,-3.6012873094436673,1.8679584439549282
CSDLF,0.02926064020979953,-3.531512003595363,1.8387176138463817
CSDLF,0.03137522539200532,-3.461736697747058,1.805752908361566
CSDLF,0.033642625771033295,-3.3919613918987537,1.770087619643079
CSDLF,0.036073884876638776,-3.3221860860504493,1.7319324434210066
CSDLF,0.03868084432379367,-3.252410780202145,1.6907156343473586
CSDLF,0.04147620148808802,-3.1826354743538405,1.6464701795222476
CSDLF,0.04447357134917257,-3.112860168505536,1.5989674059261678
CSDLF,0.04768755280345517,-3.0430848626572318,1.5480467298789797
CSDLF,0.05113379976903147,-2.973309556808928,1.4932583062029547
CSDLF,0.05482909742917148,-2.903534250960623,1.3949118841717933
CSDLF,0.05879144398571109,-2.833758945112318,1.2827276407490011
CSDLF,0.06304013832053394,-2.7639836392640142,1.165492990386371
CSDLF,0.06759587399210545,-2.69420833341571,1.0436330007338854
CSDLF,0.07248084002487477,-2.624433027567405,0.9129675436803558
CSDLF,0.07771882898244711,-2.554657721719101,0.7727448020718759
CSDLF,0.08333535285090395,-2.4848824158707967,0.6224576809184358
CSDLF,0.08935776729668884,-2.4151071100224923,0.4579461086470484
CSDLF,0.0958154049042655,-2.3453318041741875,0.32976643878312123
CSDLF,0.10273971804249106,-2.275556498325883,0.3644036170024411
CSDLF,0.11016443205554577,-2.2057811924775788,0.40025170894983425
CSDLF,0.11812570952454506,-2.1360058866292744,0.43866395797983226
CSDLF,0.12666232639988229,-2.06623058078097,0.4719182087250431
CSDLF,0.1358158608621666,-1.9964552749326656,0.5035203141222622
CSDLF,0.14563089583161595,-1.9266799690843612,0.5261943226437087
CSDLF,0.1561552361122416,-1.8569046632360569,0.5497897409553602
CSDLF,0.1674401412284394,-1.7871293573877525,0.5751686556984106
CSDLF,0.1795405750880349,-1.717354051539448,0.5656969380703771
CSDLF,0.192515473687783,-1.647578745691144,0.5480059086146003
CSDLF,0.20642803216520053,-1.5778034398428396,0.5290366173516917
CSDLF,0.22134601259483722,-1.5080281339945352,0.5086962110560713
CSDLF,0.23734207402812835,-1.4382528281462297,0.48688591959783645
CSDLF,0.2544941263843096,-1.3684775222979255,0.4634997687959856
CSDLF,0.27288570991604777,-1.2987022164496211,0.4384232520969219
CSDLF,0.29260640209799543,-1.2289269106013168,0.4162741146276042
CSDLF,0.3137522539200532,-1.1591516047530124,0.3936199396722579
CSDLF,0.33642625771033297,-1.089376298904708,0.36932844026690637
CSDLF,0.3607388487663878,-1.0196009930564036,0.3452891324897405
CSDLF,0.3868084432379367,-0.9498256872080992,0.32445695107791
CSDLF,0.41476201488088016,-0.880050381359795,0.3021411068754501
CSDLF,0.4447357134917257,-0.8102750755114906,0.27822458906209546
CSDLF,0.4768755280345517,-0.7404997696631863,0.2525382885463442
CSDLF,0.5113379976903147,-0.6707244638148819,0.22501287213690038
CSDLF,0.5482909742917148,-0.6009491579665776,0.19550068096377915
CSDLF,0.5879144398571106,-0.5311738521182732,0.16373509627410254
CSDLF,0.6304013832053391,-0.4613985462699689,0.12473152646999575
CSDLF,0.6759587399210549,-0.3916232404216634,0.06116997652698
CSDLF,0.724808400248748,-0.32184793457335914,0.0
CSDLF,0.7771882898244715,-0.25207262872505476,0.0
CSDLF,0.83335352850904,-0.18229732287675038,0.0
CSDLF,0.893577672966889,-0.11252201702844604,0.0
CSDLF,0.958154049042655,-0.042746711180141735,0.0
CSDLF,1.0273971804249107,0.027028594668162688,0.0
CSDLF,1.1016443205554576,0.0968039005164669,0.0
CSDLF,1.1812570952454506,0.16657920636477141,0.0
CSDLF,1.2666232639988229,0.2363545122130756,0.0
CSDLF,1.3581586086216662,0.3061298180613801,0.0
CSDLF,1.456308958316159,0.375905123909684,0.0
CSULF,0.0014563089583161596,-6.531850155072453,-2.222316667271471
CSULF,0.001561552361122416,-6.462074849224148,-2.219030139960716
CSULF,0.001674401412284394,-6.392299543375844,-2.215506792855481
CSULF,0.001795405750880349,-6.3225242375275394,-2.2116713707665587
CSULF,0.00192515473687783,-6.2527489316792355,-2.207087707203893
CSULF,0.0020642803216520053,-6.182973625830931,-2.202399670315304
CSULF,0.002213460125948372,-6.113198319982627,-2.1975802230540915
CSULF,0.002373420740281281,-6.043423014134322,-2.1924051495098906
CSULF,0.002544941263843094,-5.973647708286018,-2.1868529678051356
CSULF,0.0027288570991604753,-5.903872402437713,-2.18089440872475
CSULF,0.0029260640209799547,-5.834097096589408,-2.1745535274677015
CSULF,0.0031375225392005317,-5.7643217907411035,-2.1644179824438092
CSULF,0.0033642625771033293,-5.6945464848928,-2.152995072195638
CSULF,0.0036073884876638776,-5.624771179044495,-2.1406390517550498
CSULF,0.003868084432379367,-5.554995873196191,-2.127412854605147
CSULF,0.0041476201488088015,-5.485220567347886,-2.1132287335661566
CSULF,0.004447357134917257,-5.415445261499582,-2.098018608459256
CSULF,0.004768755280345517,-5.345669955651277,-2.081707905409847
CSULF,0.005113379976903147,-5.275894649802973,-2.064275090050258
CSULF,0.005482909742917148,-5.206119343954669,-2.0461749798943205
CSULF,0.005879144398571105,-5.1363440381063645,-2.026766595683916
CSULF,0.006304013832053391,-5.066568732258061,-2.0059545340016443
CSULF,0.006759587399210549,-4.996793426409755,-1.983660280714693
CSULF,0.007248084002487481,-4.92701812056145,-1.9599908873151188
CSULF,0.007771882898244715,-4.857242814713146,-1.9342192845582347
CSULF,0.008333535285090399,-4.787467508864842,-1.906767094454521
CSULF,0.008935776729668889,-4.717692203016537,-1.878669949518541
CSULF,0.00958154049042655,-4.647916897168233,-1.848921922230217
CSULF,0.010273971804249106,-4.578141591319929,-1.8211527013123425
CSULF,0.011016443205554576,-4.508366285471625,-1.7913594928386243
CSULF,0.011812570952454506,-4.43859097962332,-1.759401841118223
CSULF,0.01266623263998823,-4.368815673775016,-1.725089546573517
CSULF,0.01358158608621666,-4.299040367926711,-1.6883960592441603
CSULF,0.014563089583161597,-4.229265062078407,-1.6489730984587718
CSULF,0.015615523611224159,-4.159489756230102,-1.6067157742509168
CSULF,0.016744014122843938,-4.089714450381798,-1.5615025040452712
CSULF,0.017954057508803488,-4.0199391445334935,-1.512935438057671
CSULF,0.01925154736877831,-3.950163838685189,-1.4608667309242924
CSULF,0.020642803216520064,-3.880388532836885,-1.4050383558721053
CSULF,0.022134601259483733,-3.8106132269885804,-1.3650278704682137
CSULF,0.02373420740281282,-3.740837921140276,-1.340819369830447
CSULF,0.02544941263843095,-3.6710626152919716,-1.314783290971285
CSULF,0.027288570991604765,-3.6012873094436673,-1.28697354572941
CSULF,0.02926064020979953,-3.531512003595363,-1.2567351146079062
CSULF,0.03137522539200532,-3.461736697747058,-1.2212168286296057
CSULF,0.033642625771033295,-3.3919613918987537,-1.1821664465027377
CSULF,0.036073884876638776,-3.3221860860504493,-1.140373375562557
CSULF,0.03868084432379367,-3.252410780202145,-1.095370843343587
CSULF,0.04147620148808802,-3.1826354743538405,-1.0470970470342824
CSULF,0.04447357134917257,-3.112860168505536,-0.9953005681035815
CSULF,0.04768755280345517,-3.0430848626572318,-0.9397746691050871
CSULF,0.05113379976903147,-2.973309556808928,-0.8800770135322916
CSULF,0.05482909742917148,-2.903534250960623,-0.8004527655543462
CSULF,0.05879144398571109,-2.833758945112318,-0.7124065069934349
CSULF,0.06304013832053394,-2.7639836392640142,-0.6225839246672746
CSULF,0.06759587399210545,-2.69420833341571,-0.5323567083448659
CSULF,0.07248084002487477,-2.624433027567405,-0.4356094850721704
CSULF,0.07771882898244711,-2.554657721719101,-0.3318169555276319
CSULF,0.08333535285090395,-2.4848824158707967,-0.220554994665483
CSULF,0.08935776729668884,-2.4151071100224923,-0.10030563245111274
CSULF,0.0958154049042655,-2.3453318041741875,-0.0
CSULF,0.10273971804249106,-2.275556498325883,-0.0
CSULF,0.11016443205554577,-2.2057811924775788,-0.0
CSULF,0.11812570952454506,-2.1360058866292744,-0.0
CSULF,0.12666232639988229,-2.06623058078097,-0.0
CSULF,0.1358158608621666,-1.9964552749326656,-0.0
CSULF,0.14563089583161595,-1.9266799690843612,-0.0
CSULF,0.1561552361122416,-1.8569046632360569,-0.0
CSULF,0.1674401412284394,-1.7871293573877525,-0.0
CSULF,0.1795405750880349,-1.717354051539448,-0.0
CSULF,0.192515473687783,-1.647578745691144,-0.0
CSULF,0.20642803216520053,-1.5778034398428396,0.0
CSULF,0.22134601259483722,-1.5080281339945352,0.0
CSULF,0.23734207402812835,-1.4382528281462297,0.0
CSULF,0.2544941263843096,-1.3684775222979255,0.0
CSULF,0.27288570991604777,-1.2987022164496211,0.0
CSULF,0.29260640209799543,-1.2289269106013168,0.0
CSULF,0.3137522539200532,-1.1591516047530124,0.0
CSULF,0.33642625771033297,-1.089376298904708,0.0
CSULF,0.3607388487663878,-1.0196009930564036,0.0
CSULF,0.3868084432379367,-0.9498256872080992,0.0
CSULF,0.41476201488088016,-0.880050381359795,0.0
CSULF,0.4447357134917257,-0.8102750755114906,0.0
CSULF,0.4768755280345517,-0.7404997696631863,0.0
CSULF,0.5113379976903147,-0.6707244638148819,0.0
CSULF,0.5482909742917148,-0.6009491579665776,0.0
CSULF,0.5879144398571106,-0.5311738521182732,0.0
CSULF,0.6304013832053391,-0.4613985462699689,0.0
CSULF,0.6759587399210549,-0.3916232404216634,0.0
CSULF,0.724808400248748,-0.32184793457335914,0.0
CSULF,0.7771882898244715,-0.25207262872505476,0.0
CSULF,0.83335352850904,-0.18229732287675038,0.0
CSULF,0.893577672966889,-0.11252201702844604,0.0
CSULF,0.958154049042655,-0.042746711180141735,0.0
CSULF,1.0273971804249107,0.027028594668162688,0.0
CSULF,1.1016443205554576,0.0968039005164669,0.0
CSULF,1.1812570952454506,0.16657920636477141,0.0
CSULF,1.2666232639988229,0.2363545122130756,0.0
CSULF,1.3581586086216662,0.3061298180613801,0.0
CSULF,1.456308958316159,0.375905123909684,0.0
CDUVB,0.0014563089583161596,-6.531850155072453,-1.2670284487131402
CDUVB,0.001561552361122416,-6.462074849224148,-1.3027466057202586
CDUVB,0.001674401412284394,-6.392299543375844,-1.341067338450511
CDUVB,0.001795405750880349,-6.3225242375275394,-1.3801961196317452
CDUVB,0.00192515473687783,-6.2527489316792355,-1.417193706100059
CDUVB,0.0020642803216520053,-6.182973625830931,-1.4592212916389773
CDUVB,0.002213460125948372,-6.113198319982627,-1.507178312994663
CDUVB,0.002373420740281281,-6.043423014134322,-1.5584215535343047
CDUVB,0.002544941263843094,-5.973647708286018,-1.6132763588825467
CDUVB,0.0027288570991604753,-5.903872402437713,-1.6719801194082595
CDUVB,0.0029260640209799547,-5.834097096589408,-1.7347659882957287
CDUVB,0.0031375225392005317,-5.7643217907411035,-1.740087843982424
CDUVB,0.0033642625771033293,-5.6945464848928,-1.7394032245754658
CDUVB,0.0036073884876638776,-5.624771179044495,-1.7380306293538503
CDUVB,0.003868084432379367,-5.554995873196191,-1.736432452443935
CDUVB,0.0041476201488088015,-5.485220567347886,-1.7347266378882924
CDUVB,0.004447357134917257,-5.415445261499582,-1.7329001287382981
CDUVB,0.004768755280345517,-5.345669955651277,-1.730947102185207
CDUVB,0.005113379976903147,-5.275894649802973,-1.7285448018120086
CDUVB,0.005482909742917148,-5.206119343954669,-1.7240583171112942
CDUVB,0.005879144398571105,-5.1363440381063645,-1.7192486323316387
CDUVB,0.006304013832053391,-5.066568732258061,-1.7140977116999192
CDUVB,0.006759587399210549,-4.996793426409755,-1.7085858478475129
CDUVB,0.007248084002487481,-4.92701812056145,-1.702987739388662
CDUVB,0.007771882898244715,-4.857242814713146,-1.697312516587138
CDUVB,0.008333535285090399,-4.787467508864842,-1.692607172050596
CDUVB,0.008935776729668889,-4.717692203016537,-1.688960740403765
CDUVB,0.00958154049042655,-4.647916897168233,-1.6845197512131025
CDUVB,0.010273971804249106,-4.578141591319929,-1.6785054019909358
CDUVB,0.011016443205554576,-4.508366285471625,-1.672055265865628
CDUVB,0.011812570952454506,-4.43859097962332,-1.665138237568779
CDUVB,0.01266623263998823,-4.368815673775016,-1.6577183219459193
CDUVB,0.01358158608621666,-4.299040367926711,-1.649768759759212
CDUVB,0.014563089583161597,-4.229265062078407,-1.6412395175654093
CDUVB,0.015615523611224159,-4.159489756230102,-1.6320948665961306
CDUVB,0.016744014122843938,-4.089714450381798,-1.6222955207905783
CDUVB,0.017954057508803488,-4.0199391445334935,-1.6117826478957473
CDUVB,0.01925154736877831,-3.950163838685189,-1.6005103412811943
CDUVB,0.020642803216520064,-3.880388532836885,-1.5884236014995432
CDUVB,0.022134601259483733,-3.8106132269885804,-1.5730377834451412
CDUVB,0.02373420740281282,-3.740837921140276,-1.5542616389769888
CDUVB,0.02544941263843095,-3.6710626152919716,-1.5341267743578684
CDUVB,0.027288570991604765,-3.6012873094436673,-1.5125395572682883
CDUVB,0.02926064020979953,-3.531512003595363,-1.4903005507088996
CDUVB,0.03137522539200532,-3.461736697747058,-1.4643325870381525
CDUVB,0.033642625771033295,-3.3919613918987537,-1.4349242376976747
CDUVB,0.036073884876638776,-3.3221860860504493,-1.4033653276060765
CDUVB,0.03868084432379367,-3.252410780202145,-1.3695408261484998
CDUVB,0.04147620148808802,-3.1826354743538405,-1.3332733661438219
CDUVB,0.04447357134917257,-3.112860168505536,-1.2943978541251526
CDUVB,0.04768755280345517,-3.0430848626572318,-1.252712533760912
CDUVB,0.05113379976903147,-2.973309556808928,-1.2080860843676047
CDUVB,0.05482909742917148,-2.903534250960623,-1.1643783127622889
CDUVB,0.05879144398571109,-2.833758945112318,-1.1182342219736188
CDUVB,0.06304013832053394,-2.7639836392640142,-1.0744584046004197
CDUVB,0.06759587399210545,-2.69420833341571,-1.0351483886235404
CDUVB,0.07248084002487477,-2.624433027567405,-0.9929974094315425
CDUVB,0.07771882898244711,-2.554657721719101,-0.947815137980844
CDUVB,0.08333535285090395,-2.4848824158707967,-0.8993582977587181
CDUVB,0.08935776729668884,-2.4151071100224923,-0.8480415092258858
CDUVB,0.0958154049042655,-2.3453318041741875,-0.7884650451852893
CDUVB,0.10273971804249106,-2.275556498325883,-0.7098436092774564
CDUVB,0.11016443205554577,-2.2057811924775788,-0.6259074627308004
CDUVB,0.11812570952454506,-2.1360058866292744,-0.5359135329566161
CDUVB,0.12666232639988229,-2.06623058078097,-0.4969671991721594
CDUVB,0.1358158608621666,-1.9964552749326656,-0.48295682587701577
CDUVB,0.14563089583161595,-1.9266799690843612,-0.46134339657239715
CDUVB,0.1561552361122416,-1.8569046632360569,-0.43770981140385923
CDUVB,0.1674401412284394,-1.7871293573877525,-0.412346780326898
CDUVB,0.1795405750880349,-1.717354051539448,-0.38943939080700857
CDUVB,0.192515473687783,-1.647578745691144,-0.3655957797811717
CDUVB,0.20642803216520053,-1.5778034398428396,-0.3400477175817148
CDUVB,0.22134601259483722,-1.5080281339945352,-0.312631884577772
CDUVB,0.23734207402812835,-1.4382528281462297,-0.28323976423918423
CDUVB,0.2544941263843096,-1.3684775222979255,-0.2517494651470534
CDUVB,0.27288570991604777,-1.2987022164496211,-0.21795721553193456
CDUVB,0.29260640209799543,-1.2289269106013168,-0.18576512910194037
CDUVB,0.3137522539200532,-1.1591516047530124,-0.15220001921912565
CDUVB,0.33642625771033297,-1.089376298904708,-0.11620462319217596
CDUVB,0.3607388487663878,-1.0196009930564036,-0.0857403620298519
CDUVB,0.3868084432379367,-0.9498256872080992,-0.07578564236103388
CDUVB,0.41476201488088016,-0.880050381359795,-0.0651092203004882
CDUVB,0.4447357134917257,-0.8102750755114906,-0.053659889314170144
CDUVB,0.4768755280345517,-0.7404997696631863,-0.041387815448617686
CDUVB,0.5113379976903147,-0.6707244638148819,-0.028226939382723575
CDUVB,0.5482909742917148,-0.6009491579665776,-0.014114692784698455
CDUVB,0.5879144398571106,-0.5311738521182732,-0.0
CDUVB,0.6304013832053391,-0.4613985462699689,-0.0
CDUVB,0.6759587399210549,-0.3916232404216634,-0.0
CDUVB,0.724808400248748,-0.32184793457335914,-0.0
CDUVB,0.7771882898244715,-0.25207262872505476,-0.0
CDUVB,0.83335352850904,-0.18229732287675038,-0.0
CDUVB,0.893577672966889,-0.11252201702844604,-0.0
CDUVB,0.958154049042655,-0.042746711180141735,-0.0
CDUVB,1.0273971804249107,0.027028594668162688,-0.0
CDUVB,1.1016443205554576,0.0968039005164669,-0.0
CDUVB,1.1812570952454506,0.16657920636477141,-0.0
CDUVB,1.2666232639988229,0.2363545122130756,0.0
CDUVB,1.3581586086216662,0.3061298180613801,0.0
CDUVB,1.456308958316159,0.375905123909684,0.0
DUVB,0.0014563089583161596,-6.531850155072453,-0.6588590757071076
DUVB,0.001561552361122416,-6.462074849224148,-0.6094218133064893
DUVB,0.001674401412284394,-6.392299543375844,-0.5563856527192694
DUVB,0.001795405750880349,-6.3225242375275394,-0.5020361482707368
DUVB,0.00192515473687783,-6.2527489316792355,-0.4505279511206041
DUVB,0.0020642803216520053,-6.182973625830931,-0.39195206241211267
DUVB,0.002213460125948372,-6.113198319982627,-0.32542720031922323
DUVB,0.002373420740281281,-6.043423014134322,-0.2543378328494912
DUVB,0.002544941263843094,-5.973647708286018,-0.17823543794703994
DUVB,0.0027288570991604753,-5.903872402437713,-0.09678899932986991
DUVB,0.0029260640209799547,-5.834097096589408,-0.009710983097557585
DUVB,0.0031375225392005317,-5.7643217907411035,-0.0
DUVB,0.0033642625771033293,-5.6945464848928,-0.0
DUVB,0.0036073884876638776,-5.624771179044495,-0.0
DUVB,0.003868084432379367,-5.554995873196191,-0.0
DUVB,0.0041476201488088015,-5.485220567347886,-0.0
DUVB,0.004447357134917257,-5.415445261499582,-0.0
DUVB,0.004768755280345517,-5.345669955651277,-0.0
DUVB,0.005113379976903147,-5.275894649802973,-0.0
DUVB,0.005482909742917148,-5.206119343954669,-0.0
DUVB,0.005879144398571105,-5.1363440381063645,-0.0
DUVB,0.006304013832053391,-5.066568732258061,-0.0
DUVB,0.006759587399210549,-4.996793426409755,-0.0
DUVB,0.007248084002487481,-4.92701812056145,-0.0
DUVB,0.007771882898244715,-4.857242814713146,-0.0
DUVB,0.008333535285090399,-4.787467508864842,-0.0
DUVB,0.008935776729668889,-4.717692203016537,-0.0
DUVB,0.00958154049042655,-4.647916897168233,-0.0
DUVB,0.010273971804249106,-4.578141591319929,-0.0
DUVB,0.011016443205554576,-4.508366285471625,-0.0
DUVB,0.011812570952454506,-4.43859097962332,-0.0
DUVB,0.01266623263998823,-4.368815673775016,-0.0
DUVB,0.01358158608621666,-4.299040367926711,-0.0
DUVB,0.014563089583161597,-4.229265062078407,-0.0
DUVB,0.015615523611224159,-4.159489756230102,-0.0
DUVB,0.016744014122843938,-4.089714450381798,-0.0
DUVB,0.017954057508803488,-4.0199391445334935,-0.0
DUVB,0.01925154736877831,-3.950163838685189,-0.0
DUVB,0.020642803216520064,-3.880388532836885,-0.0
DUVB,0.022134601259483733,-3.8106132269885804,-0.0
DUVB,0.02373420740281282,-3.740837921140276,-0.0
DUVB,0.02544941263843095,-3.6710626152919716,-0.0
DUVB,0.027288570991604765,-3.6012873094436673,-0.0
DUVB,0.02926064020979953,-3.531512003595363,-0.0
DUVB,0.03137522539200532,-3.461736697747058,-0.0
DUVB,0.033642625771033295,-3.3919613918987537,-0.0
DUVB,0.036073884876638776,-3.3221860860504493,-0.0
DUVB,0.03868084432379367,-3.252410780202145,-0.0
DUVB,0.04147620148808802,-3.1826354743538405,-0.0
DUVB,0.04447357134917257,-3.112860168505536,-0.0
DUVB,0.04768755280345517,-3.0430848626572318,-0.0
DUVB,0.05113379976903147,-2.973309556808928,-0.0
DUVB,0.05482909742917148,-2.903534250960623,-0.0
DUVB,0.05879144398571109,-2.833758945112318,-0.0
DUVB,0.06304013832053394,-2.7639836392640142,-0.0
DUVB,0.06759587399210545,-2.69420833341571,-0.0
DUVB,0.07248084002487477,-2.624433027567405,-0.0
DUVB,0.07771882898244711,-2.554657721719101,-0.0
DUVB,0.08333535285090395,-2.4848824158707967,-0.0
DUVB,0.08935776729668884,-2.4151071100224923,-0.0
DUVB,0.0958154049042655,-2.3453318041741875,-0.0
DUVB,0.10273971804249106,-2.275556498325883,-0.0
DUVB,0.11016443205554577,-2.2057811924775788,-0.0
DUVB,0.11812570952454506,-2.1360058866292744,-0.0
DUVB,0.12666232639988229,-2.06623058078097,-0.0
DUVB,0.1358158608621666,-1.9964552749326656,-0.0
DUVB,0.14563089583161595,-1.9266799690843612,-0.0
DUVB,0.1561552361122416,-1.8569046632360569,-0.0
DUVB,0.1674401412284394,-1.7871293573877525,-0.0
DUVB,0.1795405750880349,-1.717354051539448,0.0
DUVB,0.192515473687783,-1.647578745691144,0.0
DUVB,0.20642803216520053,-1.5778034398428396,0.0
DUVB,0.22134601259483722,-1.5080281339945352,0.0
DUVB,0.23734207402812835,-1.4382528281462297,0.0
DUVB,0.2544941263843096,-1.3684775222979255,0.0
DUVB,0.27288570991604777,-1.2987022164496211,0.0
DUVB,0.29260640209799543,-1.2289269106013168,0.0
DUVB,0.3137522539200532,-1.1591516047530124,0.0
DUVB,0.33642625771033297,-1.089376298904708,0.0
DUVB,0.3607388487663878,-1.0196009930564036,0.0
DUVB,0.3868084432379367,-0.9498256872080992,0.0
DUVB,0.41476201488088016,-0.880050381359795,0.0
DUVB,0.4447357134917257,-0.8102750755114906,0.0
DUVB,0.4768755280345517,-0.7404997696631863,0.0
DUVB,0.5113379976903147,-0.6707244638148819,0.0
DUVB,0.5482909742917148,-0.6009491579665776,0.0
DUVB,0.5879144398571106,-0.5311738521182732,0.0
DUVB,0.6304013832053391,-0.4613985462699689,0.0
DUVB,0.6759587399210549,-0.3916232404216634,0.0
DUVB,0.724808400248748,-0.32184793457335914,0.0
DUVB,0.7771882898244715,-0.25207262872505476,0.0
DUVB,0.83335352850904,-0.18229732287675038,0.0
DUVB,0.893577672966889,-0.11252201702844604,0.0
DUVB,0.958154049042655,-0.042746711180141735,0.0
DUVB,1.0273971804249107,0.027028594668162688,0.0
DUVB,1.1016443205554576,0.0968039005164669,0.0
DUVB,1.1812570952454506,0.16657920636477141,0.0
DUVB,1.2666232639988229,0.2363545122130756,0.0
DUVB,1.3581586086216662,0.3061298180613801,0.0
DUVB,1.456308958316159,0.375905123909684,0.0
ALBDO,0.0014563089583161596,-6.531850155072453,-1.202542426562942
ALBDO,0.001561552361122416,-6.462074849224148,-1.1990090457997695
ALBDO,0.001674401412284394,-6.392299543375844,-1.1952233404374895
ALBDO,0.001795405750880349,-6.3225242375275394,-1.190828887167735
ALBDO,0.00192515473687783,-6.2527489316792355,-1.1866608644518728
ALBDO,0.0020642803216520053,-6.182973625830931,-1.1820224942272788
ALBDO,0.002213460125948372,-6.113198319982627,-1.1770471571386258
ALBDO,0.002373420740281281,-6.043423014134322,-1.171715573951652
ALBDO,0.002544941263843094,-5.973647708286018,-1.1659997804563595
ALBDO,0.0027288570991604753,-5.903872402437713,-1.1598736269062238
ALBDO,0.0029260640209799547,-5.834097096589408,-1.153245659153248
ALBDO,0.0031375225392005317,-5.7643217907411035,-1.1475033977263402
ALBDO,0.0033642625771033293,-5.6945464848928,-1.1431515694750183
ALBDO,0.0036073884876638776,-5.624771179044495,-1.137993056914441
ALBDO,0.003868084432379367,-5.554995873196191,-1.1322700915786919
ALBDO,0.0041476201488088015,-5.485220567347886,-1.1261495515391986
ALBDO,0.004447357134917257,-5.415445261499582,-1.1195924711958996
ALBDO,0.004768755280345517,-5.345669955651277,-1.1125725292549884
ALBDO,0.005113379976903147,-5.275894649802973,-1.1053625954338013
ALBDO,0.005482909742917148,-5.206119343954669,-1.0988698590346915
ALBDO,0.005879144398571105,-5.1363440381063645,-1.091908959604372
ALBDO,0.006304013832053391,-5.066568732258061,-1.0844512388752408
ALBDO,0.006759587399210549,-4.996793426409755,-1.0764461341007252
ALBDO,0.007248084002487481,-4.92701812056145,-1.0678759969423162
ALBDO,0.007771882898244715,-4.857242814713146,-1.0593280849239546
ALBDO,0.008333535285090399,-4.787467508864842,-1.0513391964487617
ALBDO,0.008935776729668889,-4.717692203016537,-1.0437412291666177
ALBDO,0.00958154049042655,-4.647916897168233,-1.0373552165934177
ALBDO,0.010273971804249106,-4.578141591319929,-1.0333710960103077
ALBDO,0.011016443205554576,-4.508366285471625,-1.0290948909505344
ALBDO,0.011812570952454506,-4.43859097962332,-1.0245069014858939
ALBDO,0.01266623263998823,-4.368815673775016,-1.0195764112410741
ALBDO,0.01358158608621666,-4.299040367926711,-1.01431346355641
ALBDO,0.014563089583161597,-4.229265062078407,-1.0086513430037007
ALBDO,0.015615523611224159,-4.159489756230102,-1.0025835799790253
ALBDO,0.016744014122843938,-4.089714450381798,-0.9961012303482194
ALBDO,0.017954057508803488,-4.0199391445334935,-0.989129276318731
ALBDO,0.01925154736877831,-3.950163838685189,-0.9816556199785423
ALBDO,0.020642803216520064,-3.880388532836885,-0.9736429955169416
ALBDO,0.022134601259483733,-3.8106132269885804,-0.9603345165579995
ALBDO,0.02373420740281282,-3.740837921140276,-0.9416349948741596
ALBDO,0.02544941263843095,-3.6710626152919716,-0.921567184509358
ALBDO,0.027288570991604765,-3.6012873094436673,-0.9000728827380879
ALBDO,0.02926064020979953,-3.531512003595363,-0.8771906138733059
ALBDO,0.03137522539200532,-3.461736697747058,-0.8504935973568638
ALBDO,0.033642625771033295,-3.3919613918987537,-0.8208712935710859
ALBDO,0.036073884876638776,-3.3221860860504493,-0.7891269021147379
ALBDO,0.03868084432379367,-3.252410780202145,-0.7550628596170166
ALBDO,0.04147620148808802,-3.1826354743538405,-0.7185461361132203
ALBDO,0.04447357134917257,-3.112860168505536,-0.6794022235292146
ALBDO,0.04768755280345517,-3.0430848626572318,-0.6374260585629147
ALBDO,0.05113379976903147,-2.973309556808928,-0.5923460705732954
ALBDO,0.05482909742917148,-2.903534250960623,-0.5433508823289802
ALBDO,0.05879144398571109,-2.833758945112318,-0.49083202019420136
ALBDO,0.06304013832053394,-2.7639836392640142,-0.4456302260589199
ALBDO,0.06759587399210545,-2.69420833341571,-0.41206424882242676
ALBDO,0.07248084002487477,-2.624433027567405,-0.37607256842336795
ALBDO,0.07771882898244711,-2.554657721719101,-0.3374778324229578
ALBDO,0.08333535285090395,-2.4848824158707967,-0.2960950818917112
ALBDO,0.08935776729668884,-2.4151071100224923,-0.25181150085227977
ALBDO,0.0958154049042655,-2.3453318041741875,-0.20735285253436125
ALBDO,0.10273971804249106,-2.275556498325883,-0.1722592392885756
ALBDO,0.11016443205554577,-2.2057811924775788,-0.13478536937486152
ALBDO,0.11812570952454506,-2.1360058866292744,-0.09460466520149838
ALBDO,0.12666232639988229,-2.06623058078097,-0.050576179149598284
ALBDO,0.1358158608621666,-1.9964552749326656,-0.002917183768903044
ALBDO,0.14563089583161595,-1.9266799690843612,-0.0
ALBDO,0.1561552361122416,-1.8569046632360569,-0.0
ALBDO,0.1674401412284394,-1.7871293573877525,-0.0
ALBDO,0.1795405750880349,-1.717354051539448,-0.0
ALBDO,0.192515473687783,-1.647578745691144,-0.0
ALBDO,0.20642803216520053,-1.5778034398428396,-0.0
ALBDO,0.22134601259483722,-1.5080281339945352,-0.0
ALBDO,0.23734207402812835,-1.4382528281462297,-0.0
ALBDO,0.2544941263843096,-1.3684775222979255,-0.0
ALBDO,0.27288570991604777,-1.2987022164496211,-0.0
ALBDO,0.29260640209799543,-1.2289269106013168,-0.0
ALBDO,0.3137522539200532,-1.1591516047530124,-0.0
ALBDO,0.33642625771033297,-1.089376298904708,-0.0
ALBDO,0.3607388487663878,-1.0196009930564036,-0.0
ALBDO,0.3868084432379367,-0.9498256872080992,-0.0
ALBDO,0.41476201488088016,-0.880050381359795,-0.0
ALBDO,0.4447357134917257,-0.8102750755114906,-0.0
ALBDO,0.4768755280345517,-0.7404997696631863,-0.0
ALBDO,0.5113379976903147,-0.6707244638148819,-0.0
ALBDO,0.5482909742917148,-0.6009491579665776,-0.0
ALBDO,0.5879144398571106,-0.5311738521182732,-0.0
ALBDO,0.6304013832053391,-0.4613985462699689,-0.0
ALBDO,0.6759587399210549,-0.3916232404216634,-0.0
ALBDO,0.724808400248748,-0.32184793457335914,-0.0
ALBDO,0.7771882898244715,-0.25207262872505476,-0.0
ALBDO,0.83335352850904,-0.18229732287675038,-0.0
ALBDO,0.893577672966889,-0.11252201702844604,-0.0
ALBDO,0.958154049042655,-0.042746711180141735,-0.0
ALBDO,1.0273971804249107,0.027028594668162688,-0.0
ALBDO,1.1016443205554576,0.0968039005164669,0.0
ALBDO,1.1812570952454506,0.16657920636477141,0.0
ALBDO,1.2666232639988229,0.2363545122130756,0.0
ALBDO,1.3581586086216662,0.3061298180613801,0.0
ALBDO,1.456308958316159,0.375905123909684,0.0
CRE_SW,0.0014563089583161596,-6.531850155072453,1.7937143859490718
CRE_SW,0.001561552361122416,-6.462074849224148,1.7579418394014394
CRE_SW,0.001674401412284394,-6.392299543375844,1.7196923459614124
CRE_SW,0.001795405750880349,-6.3225242375275394,1.6665411276080702
CRE_SW,0.00192515473687783,-6.2527489316792355,1.6124081968010888
CRE_SW,0.0020642803216520053,-6.182973625830931,1.551341957277627
CRE_SW,0.002213460125948372,-6.113198319982627,1.4826922651539152
CRE_SW,0.002373420740281281,-6.043423014134322,1.4093149772205527
CRE_SW,0.002544941263843094,-5.973647708286018,1.3307545005700923
CRE_SW,0.0027288570991604753,-5.903872402437713,1.2466662817043215
CRE_SW,0.0029260640209799547,-5.834097096589408,1.1567458333122902
CRE_SW,0.0031375225392005317,-5.7643217907411035,1.1399245147092052
CRE_SW,0.0033642625771033293,-5.6945464848928,1.1345698921905898
CRE_SW,0.0036073884876638776,-5.624771179044495,1.0708178435117572
CRE_SW,0.003868084432379367,-5.554995873196191,0.9956196790993527
CRE_SW,0.0041476201488088015,-5.485220567347886,0.9154515153901476
CRE_SW,0.004447357134917257,-5.415445261499582,0.8296493665956349
CRE_SW,0.004768755280345517,-5.345669955651277,0.737968107622911
CRE_SW,0.005113379976903147,-5.275894649802973,0.6434770975800235
CRE_SW,0.005482909742917148,-5.206119343954669,0.5567632790464253
CRE_SW,0.005879144398571105,-5.1363440381063645,0.4638193438870733
CRE_SW,0.006304013832053391,-5.066568732258061,0.3643832854754035
CRE_SW,0.006759587399210549,-4.996793426409755,0.2580960149479352
CRE_SW,0.007248084002487481,-4.92701812056145,0.153880749854106
CRE_SW,0.007771882898244715,-4.857242814713146,0.055056806980404015
CRE_SW,0.008333535285090399,-4.787467508864842,0.0
CRE_SW,0.008935776729668889,-4.717692203016537,0.0
CRE_SW,0.00958154049042655,-4.647916897168233,0.0
CRE_SW,0.010273971804249106,-4.578141591319929,0.0
CRE_SW,0.011016443205554576,-4.508366285471625,0.0
CRE_SW,0.011812570952454506,-4.43859097962332,0.0
CRE_SW,0.01266623263998823,-4.368815673775016,0.0
CRE_SW,0.01358158608621666,-4.299040367926711,0.0
CRE_SW,0.014563089583161597,-4.229265062078407,0.0
CRE_SW,0.015615523611224159,-4.159489756230102,0.0
CRE_SW,0.016744014122843938,-4.089714450381798,0.0
CRE_SW,0.017954057508803488,-4.0199391445334935,0.0
CRE_SW,0.01925154736877831,-3.950163838685189,0.0
CRE_SW,0.020642803216520064,-3.880388532836885,0.0
CRE_SW,0.022134601259483733,-3.8106132269885804,0.0
CRE_SW,0.02373420740281282,-3.740837921140276,0.0
CRE_SW,0.02544941263843095,-3.6710626152919716,0.0
CRE_SW,0.027288570991604765,-3.6012873094436673,0.0
CRE_SW,0.02926064020979953,-3.531512003595363,0.0
CRE_SW,0.03137522539200532,-3.461736697747058,0.0
CRE_SW,0.033642625771033295,-3.3919613918987537,0.0
CRE_SW,0.036073884876638776,-3.3221860860504493,0.0
CRE_SW,0.03868084432379367,-3.252410780202145,0.0
CRE_SW,0.04147620148808802,-3.1826354743538405,0.0
CRE_SW,0.04447357134917257,-3.112860168505536,0.0
CRE_SW,0.04768755280345517,-3.0430848626572318,0.0
CRE_SW,0.05113379976903147,-2.973309556808928,0.0
CRE_SW,0.05482909742917148,-2.903534250960623,0.0
CRE_SW,0.05879144398571109,-2.833758945112318,0.0
CRE_SW,0.06304013832053394,-2.7639836392640142,0.0
CRE_SW,0.06759587399210545,-2.69420833341571,0.0
CRE_SW,0.07248084002487477,-2.624433027567405,0.0
CRE_SW,0.07771882898244711,-2.554657721719101,0.0
CRE_SW,0.08333535285090395,-2.4848824158707967,0.0
CRE_SW,0.08935776729668884,-2.4151071100224923,0.0
CRE_SW,0.0958154049042655,-2.3453318041741875,0.0
CRE_SW,0.10273971804249106,-2.275556498325883,0.0
CRE_SW,0.11016443205554577,-2.2057811924775788,0.0
CRE_SW,0.11812570952454506,-2.1360058866292744,0.0
CRE_SW,0.12666232639988229,-2.06623058078097,0.0
CRE_SW,0.1358158608621666,-1.9964552749326656,0.0
CRE_SW,0.14563089583161595,-1.9266799690843612,0.0
CRE_SW,0.1561552361122416,-1.8569046632360569,0.0
CRE_SW,0.1674401412284394,-1.7871293573877525,0.0
CRE_SW,0.1795405750880349,-1.717354051539448,0.0
CRE_SW,0.192515473687783,-1.647578745691144,0.0
CRE_SW,0.20642803216520053,-1.5778034398428396,0.0
CRE_SW,0.22134601259483722,-1.5080281339945352,0.0
CRE_SW,0.23734207402812835,-1.4382528281462297,0.0
CRE_SW,0.2544941263843096,-1.3684775222979255,0.0
CRE_SW,0.27288570991604777,-1.2987022164496211,0.0
CRE_SW,0.29260640209799543,-1.2289269106013168,0.0
CRE_SW,0.3137522539200532,-1.1591516047530124,0.0
CRE_SW,0.33642625771033297,-1.089376298904708,0.0
CRE_SW,0.3607388487663878,-1.0196009930564036,0.0
CRE_SW,0.3868084432379367,-0.9498256872080992,0.0
CRE_SW,0.41476201488088016,-0.880050381359795,0.0
CRE_SW,0.4447357134917257,-0.8102750755114906,0.0
CRE_SW,0.4768755280345517,-0.7404997696631863,0.0
CRE_SW,0.5113379976903147,-0.6707244638148819,0.0
CRE_SW,0.5482909742917148,-0.6009491579665776,0.0
CRE_SW,0.5879144398571106,-0.5311738521182732,0.0
CRE_SW,0.6304013832053391,-0.4613985462699689,0.0
CRE_SW,0.6759587399210549,-0.3916232404216634,0.0
CRE_SW,0.724808400248748,-0.32184793457335914,0.0
CRE_SW,0.7771882898244715,-0.25207262872505476,0.0
CRE_SW,0.83335352850904,-0.18229732287675038,0.0
CRE_SW,0.893577672966889,-0.11252201702844604,0.0
CRE_SW,0.958154049042655,-0.042746711180141735,0.0
CRE_SW,1.0273971804249107,0.027028594668162688,0.0
CRE_SW,1.1016443205554576,0.0968039005164669,0.0
CRE_SW,1.1812570952454506,0.16657920636477141,0.0
CRE_SW,1.2666232639988229,0.2363545122130756,0.0
CRE_SW,1.3581586086216662,0.3061298180613801,0.0
CRE_SW,1.456308958316159,0.375905123909684,0.0
CRE_LW,0.0014563089583161596,-6.531850155072453,-0.14534760128250637
CRE_LW,0.001561552361122416,-6.462074849224148,-0.1514530717660365
CRE_LW,0.001674401412284394,-6.392299543375844,-0.15800871538539818
CRE_LW,0.001795405750880349,-6.3225242375275394,-0.16411435362256502
CRE_LW,0.00192515473687783,-6.2527489316792355,-0.16988560204551867
CRE_LW,0.0020642803216520053,-6.182973625830931,-0.1766807599805206
CRE_LW,0.002213460125948372,-6.113198319982627,-0.18471865270425442
CRE_LW,0.002373420740281281,-6.043423014134322,-0.193303406642363
CRE_LW,0.002544941263843094,-5.973647708286018,-0.20249110286441613
CRE_LW,0.0027288570991604753,-5.903872402437713,-0.21232119707131636
CRE_LW,0.0029260640209799547,-5.834097096589408,-0.22281090513215004
CRE_LW,0.0031375225392005317,-5.7643217907411035,-0.22250330634646148
CRE_LW,0.0033642625771033293,-5.6945464848928,-0.22284944824222086
CRE_LW,0.0036073884876638776,-5.624771179044495,-0.22215756109995266
CRE_LW,0.003868084432379367,-5.554995873196191,-0.2210785442770484
CRE_LW,0.0041476201488088015,-5.485220567347886,-0.21994437189535146
CRE_LW,0.004447357134917257,-5.415445261499582,-0.21873609188945287
CRE_LW,0.004768755280345517,-5.345669955651277,-0.21745629295006771
CRE_LW,0.005113379976903147,-5.275894649802973,-0.2160895931426204
CRE_LW,0.005482909742917148,-5.206119343954669,-0.21424201238706855
CRE_LW,0.005879144398571105,-5.1363440381063645,-0.21226289708526352
CRE_LW,0.006304013832053391,-5.066568732258061,-0.21015290310926865
CRE_LW,0.006759587399210549,-4.996793426409755,-0.20790221540113915
CRE_LW,0.007248084002487481,-4.92701812056145,-0.20595135048479113
CRE_LW,0.007771882898244715,-4.857242814713146,-0.204637324482086
CRE_LW,0.008333535285090399,-4.787467508864842,-0.20514737364549473
CRE_LW,0.008935776729668889,-4.717692203016537,-0.2058391375124549
CRE_LW,0.00958154049042655,-4.647916897168233,-0.2072687979227846
CRE_LW,0.010273971804249106,-4.578141591319929,-0.20793457275557978
CRE_LW,0.011016443205554576,-4.508366285471625,-0.20865661061014082
CRE_LW,0.011812570952454506,-4.43859097962332,-0.20943622091064162
CRE_LW,0.01266623263998823,-4.368815673775016,-0.21029358549562394
CRE_LW,0.01358158608621666,-4.299040367926711,-0.21116621274569872
CRE_LW,0.014563089583161597,-4.229265062078407,-0.21213877021808888
CRE_LW,0.015615523611224159,-4.159489756230102,-0.21317467586360175
CRE_LW,0.016744014122843938,-4.089714450381798,-0.2142378673942226
CRE_LW,0.017954057508803488,-4.0199391445334935,-0.21542012953673362
CRE_LW,0.01925154736877831,-3.950163838685189,-0.21668315194996457
CRE_LW,0.020642803216520064,-3.880388532836885,-0.2180354010393046
CRE_LW,0.022134601259483733,-3.8106132269885804,-0.2186818734717902
CRE_LW,0.02373420740281282,-3.740837921140276,-0.21859235062234644
CRE_LW,0.02544941263843095,-3.6710626152919716,-0.21853661542246905
CRE_LW,0.027288570991604765,-3.6012873094436673,-0.21842336775465268
CRE_LW,0.02926064020979953,-3.531512003595363,-0.21919919617985076
CRE_LW,0.03137522539200532,-3.461736697747058,-0.21776789129347032
CRE_LW,0.033642625771033295,-3.3919613918987537,-0.21441690419491033
CRE_LW,0.036073884876638776,-3.3221860860504493,-0.21069655560031467
CRE_LW,0.03868084432379367,-3.252410780202145,-0.20687604017168268
CRE_LW,0.04147620148808802,-3.1826354743538405,-0.20279771355712733
CRE_LW,0.04447357134917257,-3.112860168505536,-0.19849797041410286
CRE_LW,0.04768755280345517,-3.0430848626572318,-0.1938456746602664
CRE_LW,0.05113379976903147,-2.973309556808928,-0.18897275405541566
CRE_LW,0.05482909742917148,-2.903534250960623,-0.18483096799248291
CRE_LW,0.05879144398571109,-2.833758945112318,-0.18130557516678986
CRE_LW,0.06304013832053394,-2.7639836392640142,-0.18649671448536015
CRE_LW,0.06759587399210545,-2.69420833341571,-0.204119136790196
CRE_LW,0.07248084002487477,-2.624433027567405,-0.22301485044593858
CRE_LW,0.07771882898244711,-2.554657721719101,-0.24330860263437276
CRE_LW,0.08333535285090395,-2.4848824158707967,-0.26505391221768515
CRE_LW,0.08935776729668884,-2.4151071100224923,-0.28853846369429226
CRE_LW,0.0958154049042655,-2.3453318041741875,-0.3029114664932819
CRE_LW,0.10273971804249106,-2.275556498325883,-0.28303819598552865
CRE_LW,0.11016443205554577,-2.2057811924775788,-0.26175386568767106
CRE_LW,0.11812570952454506,-2.1360058866292744,-0.2388978172855779
CRE_LW,0.12666232639988229,-2.06623058078097,-0.24694542990626522
CRE_LW,0.1358158608621666,-1.9964552749326656,-0.27086049967158937
CRE_LW,0.14563089583161595,-1.9266799690843612,-0.30505980084708273
CRE_LW,0.1561552361122416,-1.8569046632360569,-0.3423637416625327
CRE_LW,0.1674401412284394,-1.7871293573877525,-0.38241441389692044
CRE_LW,0.1795405750880349,-1.717354051539448,-0.4146487685694178
CRE_LW,0.192515473687783,-1.647578745691144,-0.4474801791335708
CRE_LW,0.20642803216520053,-1.5778034398428396,-0.48263596627392547
CRE_LW,0.22134601259483722,-1.5080281339945352,-0.5203879250467889
CRE_LW,0.23734207402812835,-1.4382528281462297,-0.5608552368893106
CRE_LW,0.2544941263843096,-1.3684775222979255,-0.604180004924993
CRE_LW,0.27288570991604777,-1.2987022164496211,-0.650703580603454
CRE_LW,0.29260640209799543,-1.2289269106013168,-0.7047975893214369
CRE_LW,0.3137522539200532,-1.1591516047530124,-0.7637288312853545
CRE_LW,0.33642625771033297,-1.089376298904708,-0.8269305848008269
CRE_LW,0.3607388487663878,-1.0196009930564036,-0.872679564094754
CRE_LW,0.3868084432379367,-0.9498256872080992,-0.8606301530433541
CRE_LW,0.41476201488088016,-0.880050381359795,-0.8477057609771892
CRE_LW,0.4447357134917257,-0.8102750755114906,-0.833844766855978
CRE_LW,0.4768755280345517,-0.7404997696631863,-0.8189910309920492
CRE_LW,0.5113379976903147,-0.6707244638148819,-0.8030601506636791
CRE_LW,0.5482909742917148,-0.6009491579665776,-0.7859774725376564
CRE_LW,0.5879144398571106,-0.5311738521182732,-0.7675687081248298
CRE_LW,0.6304013832053391,-0.4613985462699689,-0.7468722761720004
CRE_LW,0.6759587399210549,-0.3916232404216634,-0.7272633938191473
CRE_LW,0.724808400248748,-0.32184793457335914,-0.7060518654160637
CRE_LW,0.7771882898244715,-0.25207262872505476,-0.6678507794216076
CRE_LW,0.83335352850904,-0.18229732287675038,-0.6229554298071189
CRE_LW,0.893577672966889,-0.11252201702844604,-0.5627312853492699
CRE_LW,0.958154049042655,-0.042746711180141735,-0.4981549092735038
CRE_LW,1.0273971804249107,0.027028594668162688,-0.42891177789124774
CRE_LW,1.1016443205554576,0.0968039005164669,-0.3546646377607012
CRE_LW,1.1812570952454506,0.16657920636477141,-0.2750518630707083
CRE_LW,1.2666232639988229,0.2363545122130756,-0.189685694317336
CRE_LW,1.3581586086216662,0.3061298180613801,-0.09815034969449264
CRE_LW,1.456308958316159,0.375905123909684,0.0
CRE_net,0.0014563089583161596,-6.531850155072453,0.0
CRE_net,0.001561552361122416,-6.462074849224148,0.0
CRE_net,0.001674401412284394,-6.392299543375844,0.0
CRE_net,0.001795405750880349,-6.3225242375275394,0.0
CRE_net,0.00192515473687783,-6.2527489316792355,0.0
CRE_net,0.0020642803216520053,-6.182973625830931,0.0
CRE_net,0.002213460125948372,-6.113198319982627,0.0
CRE_net,0.002373420740281281,-6.043423014134322,0.0
CRE_net,0.002544941263843094,-5.973647708286018,0.0
CRE_net,0.0027288570991604753,-5.903872402437713,0.0
CRE_net,0.0029260640209799547,-5.834097096589408,0.0
CRE_net,0.0031375225392005317,-5.7643217907411035,0.0
CRE_net,0.0033642625771033293,-5.6945464848928,0.0
CRE_net,0.0036073884876638776,-5.624771179044495,0.0
CRE_net,0.003868084432379367,-5.554995873196191,0.0
CRE_net,0.0041476201488088015,-5.485220567347886,0.0
CRE_net,0.004447357134917257,-5.415445261499582,0.0
CRE_net,0.004768755280345517,-5.345669955651277,0.0
CRE_net,0.005113379976903147,-5.275894649802973,0.0
CRE_net,0.005482909742917148,-5.206119343954669,0.0
CRE_net,0.005879144398571105,-5.1363440381063645,0.0
CRE_net,0.006304013832053391,-5.066568732258061,0.0
CRE_net,0.006759587399210549,-4.996793426409755,0.0
CRE_net,0.007248084002487481,-4.92701812056145,0.0
CRE_net,0.007771882898244715,-4.857242814713146,0.0
CRE_net,0.008333535285090399,-4.787467508864842,0.0
CRE_net,0.008935776729668889,-4.717692203016537,0.0
CRE_net,0.00958154049042655,-4.647916897168233,0.0
CRE_net,0.010273971804249106,-4.578141591319929,0.0
CRE_net,0.011016443205554576,-4.508366285471625,0.0
CRE_net,0.011812570952454506,-4.43859097962332,0.0
CRE_net,0.01266623263998823,-4.368815673775016,0.0
CRE_net,0.01358158608621666,-4.299040367926711,0.0
CRE_net,0.014563089583161597,-4.229265062078407,0.0
CRE_net,0.015615523611224159,-4.159489756230102,0.0
CRE_net,0.016744014122843938,-4.089714450381798,0.0
CRE_net,0.017954057508803488,-4.0199391445334935,0.0
CRE_net,0.01925154736877831,-3.950163838685189,0.0
CRE_net,0.020642803216520064,-3.880388532836885,0.0
CRE_net,0.022134601259483733,-3.8106132269885804,0.0
CRE_net,0.02373420740281282,-3.740837921140276,0.0
CRE_net,0.02544941263843095,-3.6710626152919716,0.0
CRE_net,0.027288570991604765,-3.6012873094436673,0.0
CRE_net,0.02926064020979953,-3.531512003595363,0.0
CRE_net,0.03137522539200532,-3.461736697747058,0.0
CRE_net,0.033642625771033295,-3.3919613918987537,0.0
CRE_net,0.036073884876638776,-3.3221860860504493,0.0
CRE_net,0.03868084432379367,-3.252410780202145,0.0
CRE_net,0.04147620148808802,-3.1826354743538405,0.0
CRE_net,0.04447357134917257,-3.112860168505536,0.0
CRE_net,0.04768755280345517,-3.0430848626572318,0.0
CRE_net,0.05113379976903147,-2.973309556808928,0.0
CRE_net,0.05482909742917148,-2.903534250960623,0.0
CRE_net,0.05879144398571109,-2.833758945112318,0.0
CRE_net,0.06304013832053394,-2.7639836392640142,0.0
CRE_net,0.06759587399210545,-2.69420833341571,0.0
CRE_net,0.07248084002487477,-2.624433027567405,0.0
CRE_net,0.07771882898244711,-2.554657721719101,0.0
CRE_net,0.08333535285090395,-2.4848824158707967,0.0
CRE_net,0.08935776729668884,-2.4151071100224923,0.0
CRE_net,0.0958154049042655,-2.3453318041741875,0.0
CRE_net,0.10273971804249106,-2.275556498325883,0.0
CRE_net,0.11016443205554577,-2.2057811924775788,0.0
CRE_net,0.11812570952454506,-2.1360058866292744,0.0
CRE_net,0.12666232639988229,-2.06623058078097,0.0
CRE_net,0.1358158608621666,-1.9964552749326656,0.0
CRE_net,0.14563089583161595,-1.9266799690843612,0.0
CRE_net,0.1561552361122416,-1.8569046632360569,0.0
CRE_net,0.1674401412284394,-1.7871293573877525,0.0
CRE_net,0.1795405750880349,-1.717354051539448,0.0
CRE_net,0.192515473687783,-1.647578745691144,0.0
CRE_net,0.20642803216520053,-1.5778034398428396,0.0
CRE_net,0.22134601259483722,-1.5080281339945352,0.0
CRE_net,0.23734207402812835,-1.4382528281462297,0.0
CRE_net,0.2544941263843096,-1.3684775222979255,0.0
CRE_net,0.27288570991604777,-1.2987022164496211,0.0
CRE_net,0.29260640209799543,-1.2289269106013168,0.0
CRE_net,0.3137522539200532,-1.1591516047530124,0.0
CRE_net,0.33642625771033297,-1.089376298904708,0.0
CRE_net,0.3607388487663878,-1.0196009930564036,0.0
CRE_net,0.3868084432379367,-0.9498256872080992,0.0
CRE_net,0.41476201488088016,-0.880050381359795,0.0
CRE_net,0.4447357134917257,-0.8102750755114906,0.0
CRE_net,0.4768755280345517,-0.7404997696631863,0.0
CRE_net,0.5113379976903147,-0.6707244638148819,0.0
CRE_net,0.5482909742917148,-0.6009491579665776,0.0
CRE_net,0.5879144398571106,-0.5311738521182732,0.0
CRE_net,0.6304013832053391,-0.4613985462699689,0.0
CRE_net,0.6759587399210549,-0.3916232404216634,0.0
CRE_net,0.724808400248748,-0.32184793457335914,0.0
CRE_net,0.7771882898244715,-0.25207262872505476,0.0
CRE_net,0.83335352850904,-0.18229732287675038,0.0
CRE_net,0.893577672966889,-0.11252201702844604,0.0
CRE_net,0.958154049042655,-0.042746711180141735,0.0
CRE_net,1.0273971804249107,0.027028594668162688,0.0
CRE_net,1.1016443205554576,0.0968039005164669,0.0
CRE_net,1.1812570952454506,0.16657920636477141,0.0
CRE_net,1.2666232639988229,0.2363545122130756,0.0
CRE_net,1.3581586086216662,0.3061298180613801,0.0
CRE_net,1.456308958316159,0.375905123909684,0.0
