year,month,date,T2m,T500,SPFH2m,PWAT,APCP,TCDC,DLWRF,ULWRF,DSWRF,USWRF,PRMSL,CSDSF,CSUSF,CSDLF,CSULF,CDUVB,DUVB,ALBDO,CRE_SW,CRE_LW,CRE_net
1979,1,1979-01-01,285.4076607215701,257.2586272992795,0.0094057245865619,22.9268017567038,0.5139398317186298,58.42341866901613,329.8821853145477,387.2014880048524,201.42344066455223,29.000391470295646,101148.28242184536,255.59339373412303,35.35811140873564,304.8417515172612,387.1798052588582,4.137095193936758,3.4745522451722644,11.081320870400956,-47.812233131130824,25.018751051292327,-22.793482079838498
1979,2,1979-02-01,285.3695932520479,257.42262979510434,0.0095313692091811,22.98637214023921,0.5102889733670647,58.63387656903796,330.84840609584285,387.5518394053787,199.3112261419581,27.616200188838977,101159.29604153414,252.99182052082625,34.1081984197316,305.3469019364222,387.5242997544799,4.0900140649845005,3.4386717556559963,11.8161358078914,-47.188596147975545,25.473964508521817,-21.714631639453728
1979,3,1979-03-01,286.2674270477901,257.4721742020152,0.0096099442569185,23.35858254798647,0.5076049310651304,58.97956056074382,334.5932149903056,391.5622149083933,197.0079812271033,27.148152812246227,101155.3001943581,249.14563494787348,34.3465978553481,308.56465550597665,391.5454872189909,4.000977850536864,3.3792171200479566,12.289292711952127,-44.93920867766829,26.011831794926593,-18.927376882741697
1979,4,1979-04-01,287.18050259721974,257.74969533119804,0.0097030087678678,23.374228841361447,0.5032311598475587,58.49843383122812,337.1950708587368,395.6366084147546,195.94442441655832,28.492103215445077,101144.74273641656,245.2825954272097,35.95966395224709,311.39368342628387,395.6306824990874,3.9012690411185535,3.321424146934476,11.900347463104364,-41.870610273849366,25.795461516785736,-16.07514875706363
1979,5,1979-05-01,288.26319430676244,258.439126515101,0.0099516397448867,24.274855474278446,0.5249467738089215,58.87704766563499,342.7942300775498,400.53354512998953,191.44950806435932,27.61054085668987,101134.24244304554,241.11467766055804,35.075637581433035,316.69492702212045,400.5502920900552,3.826571985020606,3.236166627023142,10.37201176258421,-42.200072871455575,26.116050015495034,-16.08402285596054
1979,6,1979-06-01,289.1046276139661,259.2627442499126,0.0101628272484533,25.323600131463117,0.5367557921454464,58.9018922694661,347.4377259716291,404.76838396159445,186.80286471271845,25.10596141111964,101134.50341293369,237.83527882400315,32.46359476042011,321.54486217334585,404.7832090776451,3.7887870271688926,3.1758554482820016,9.139724326810828,-43.67478076198424,25.907688914333903,-17.767091847650335
1979,7,1979-07-01,289.3255973751366,259.7192818570975,0.010287591222234,25.881126405299597,0.5386852491395544,58.78168123754466,349.5708609578012,406.1207103714525,184.4734991456272,22.75065216017866,101132.47746273238,236.35439936357227,29.705226024893573,323.7686347066479,406.1303210210192,3.7849417837723776,3.155257870683807,8.813915267358961,-44.926326353230166,25.81183690071998,-19.114489452510185
1979,8,1979-08-01,289.28918767027767,259.39333184306605,0.0102969696425731,25.595837077334448,0.5263665426057823,58.61956515806792,349.3486989799491,406.0869169650271,185.181331145125,21.260133907660776,101138.27273167012,238.10518074895367,27.989572982443825,322.99665770039803,406.092812960639,3.809242350546736,3.1728539976695447,9.307376460201985,-46.194410529045626,26.357937275162953,-19.836473253882673
1979,9,1979-09-01,288.6884141128702,258.72012046256185,0.0099972344189903,24.67210911103838,0.5200434839070305,58.04505909570323,345.1710939624265,402.84175554831,189.3890827519628,22.17852845915138,101141.49561113345,242.6248985504563,28.734369381338063,318.98049025022834,402.8506739943516,3.859960391857867,3.228402551845128,10.302510011458644,-46.6799748763068,26.199522158239745,-20.480452718067056
1979,10,1979-10-01,287.65057690101094,258.1068726772414,0.0096795025248827,23.639945919668293,0.4996102116390714,58.94206194104246,339.90947960051204,397.72898042867286,194.252743711506,25.51414136599882,101136.37933757334,248.538514439001,32.29869665540836,313.34384653991737,397.7380629112324,3.9584680429055457,3.3142654756395,11.041673711475012,-47.50121543808547,26.57471554315424,-20.926499894931226
1979,11,1979-11-01,286.4595124202269,257.44552865798283,0.0094367238571624,23.091528659408308,0.5147123802950201,58.50858789741995,334.18777741294565,391.9243774695109,199.51037695877707,29.749541081628607,101146.7783884819,253.84251779193056,36.55621224266376,307.95480091416994,391.926412012742,4.061591498183987,3.4101133964898613,11.256459244831849,-47.525469672118334,26.235011042006818,-21.290458630111516
1979,12,1979-12-01,285.9963623754594,257.2866733284424,0.0093832488519599,22.922342305082807,0.4947458028349263,58.81467285174775,332.1720077371886,389.5988110728855,202.02671240689136,29.8337051567557,101139.68109959454,256.4263670132344,36.34484857845577,306.3890301425453,389.5796324033772,4.123026443020154,3.4656828546415968,10.603595101799074,-47.888511184642994,25.763798925135006,-22.124712259507987
1980,1,1980-01-01,285.6030418847498,257.35957431191406,0.0094077689114729,22.959815633668697,0.5135609908749327,58.83329920810657,330.76414419614974,388.0681663161291,201.2495836550405,28.67934517000498,101149.5733694558,255.86338781642772,34.95596185224412,305.5656273483075,388.02903620052496,4.134471129823566,3.470500692850844,10.876419641852117,-48.33718747914807,25.15938673223809,-23.17780074690998
1980,2,1980-02-01,285.9236552007301,257.72341660559806,0.0095393002037931,23.25414416721004,0.5047437659380182,58.54890235225127,332.6719258941549,389.64623440443233,198.54607932396337,27.129082651118622,101152.67492791804,253.11644117385,33.71184685271826,307.2724285870501,389.60030578981656,4.091373860984936,3.428538793739328,11.63715804413532,-47.98759764828702,25.353568692489034,-22.634028955797987
1980,3,1980-03-01,286.5464902339826,257.5955212445891,0.0096620040633887,23.52764332027152,0.5097245774543285,58.375040631445614,335.4194754364004,392.70834527404446,197.27703444057943,26.85062311303525,101154.83580952795,248.91346898604485,33.69600896456109,309.6507230078791,392.648275144397,4.009095634611964,3.391382333971627,11.931511235926449,-44.79104869393959,25.70868229887384,-19.082366395065748
1980,4,1980-04-01,287.54915422877883,257.9893866303289,0.0098140247149006,24.17739356664932,0.5086813815180466,58.96630478010581,339.56989141269537,397.39392580009934,194.87219914582172,27.70518852617857,101150.59063908416,244.7947503730605,35.04888815356314,313.83227966880145,397.3925430629543,3.910425955928445,3.319303655146076,11.469236832033962,-42.57885159985423,25.736229006748886,-16.842622593105347
1980,5,1980-05-01,288.6467164556822,258.6849364241581,0.0100166403313102,24.82134856612484,0.5217053423122849,58.97710630831361,344.85231869481066,402.4814418890319,191.22443259411853,27.48790833417632,101132.59566992252,240.80790619116624,34.98614106352029,318.73863729912057,402.518046191456,3.8341728613832746,3.247152622897448,10.23956139826678,-42.08524086770376,26.150285698114203,-15.934955169589557
1980,6,1980-06-01,289.2257615089312,259.4312391851144,0.0101246673872814,25.320599768365646,0.5362509898222817,58.816633008152806,348.1069441036605,405.46983546060943,186.77016457533816,25.10998859437428,101135.4948948051,237.80222859303777,32.47333968526971,321.84542706865795,405.4970968577828,3.789579422407479,3.1773057218273584,9.091999316698544,-43.668712926804176,26.288778432175945,-17.37993449462823
1980,7,1980-07-01,289.5833317032127,259.8370621853856,0.0102838901545325,25.9547816475255,0.5365129357335156,59.26837256006803,350.9908917918966,407.1852485247832,182.96724727421105,22.753644554556683,101119.75146369872,236.31755314829525,30.05860313047495,324.4687000472796,407.20472829879,3.7859628859151657,3.138291386591989,8.878155268230431,-46.04534729816592,26.541671518623787,-19.503675779542135
1980,8,1980-08-01,289.40062037694315,259.6562615655609,0.010280071188448,25.69297698912453,0.5344252983623813,59.24294614521244,349.9671928712443,406.21824190249566,183.8418604876636,21.40709612017036,101131.93906675112,238.06329410705357,28.16111216665889,323.4163669232692,406.2301135120889,3.808794249737252,3.1519435830933262,9.388168125933957,-47.46741757290144,26.562697557568356,-20.904720015333083
1980,9,1980-09-01,288.6923354308192,258.98689345842706,0.009952692851418,24.474410139191967,0.5210914244723911,57.53217450002641,344.66047125106826,402.6102473185156,190.27296507345767,22.54842783169002,101133.64179608718,242.84022523369495,28.98027098621956,318.57291569227743,402.6313058570734,3.867152691727331,3.2416913436330126,10.429101065647188,-46.13541700570775,26.108614097348664,-20.026802908359087
1980,10,1980-10-01,287.5671935387524,257.96561784544974,0.0096086142537986,23.59707367487238,0.5135370807976873,58.65366771899776,339.4026805106068,397.0537267375779,194.1526480178861,26.071290739558485,101140.7072185311,248.7199546831726,32.867689219084184,312.56988828859704,397.07418156623953,3.967574325792988,3.3181466777206468,11.132662058125282,-47.77090818576082,26.85324705067137,-20.917661135089446
1980,11,1980-11-01,286.5145789922727,257.48521561294547,0.0093821061877773,22.86180675875078,0.5081694864190685,58.645557079993246,333.7205880410774,392.01895843792494,200.21260537423169,30.038943329269465,101139.03859287528,253.92513597366747,36.74512350894962,307.84424074543426,392.0116534490534,4.07319798230128,3.426078149848382,11.209528812173822,-47.00635041975562,25.869042306771632,-21.137308112983987
1980,12,1980-12-01,285.8312962071875,257.242557784712,0.0093098756693476,22.68948228883071,0.4991282661743435,58.47012077680517,330.72609625749925,388.83633794789375,202.8763764583321,30.356429999314432,101140.9237604827,256.6501520511184,36.69518501182147,305.2997681018372,388.79703577919486,4.13162691860619,3.4798883397733915,10.660423576215,-47.435020580279286,25.38702598696318,-22.047994593316105
1981,1,1981-01-01,285.93933057799944,257.4884267455551,0.0093847447841395,22.89508673342606,0.5211312667571683,58.59535064238927,331.4996024000787,389.2224247860543,201.1727457026365,28.47482778594562,101144.83047605529,255.83883919396428,34.69340620770782,306.1832560221885,389.1786796964104,4.132657093409638,3.464770244530767,10.735926056992655,-48.44751506956558,25.27260128824628,-23.174913781319304
1981,2,1981-02-01,286.0435096395188,257.7367435895245,0.009559027574787,23.47215911009732,0.5251014045895129,59.41208759014284,333.59024089847264,389.7742081492953,197.1588685707844,26.539073295880225,101152.29838674147,252.78045863466443,33.15365499045664,307.6558810424072,389.74192914124114,4.08846330195906,3.412286018971273,11.39071726089728,-49.007008369303634,25.90208084801128,-23.104927521292353
1981,3,1981-03-01,286.77436765762,257.70552418647844,0.0097152511512829,23.73005337172606,0.50742161129239,58.59397393116861,336.216098595118,393.4459487993395,196.7670393319511,26.23018942510181,101141.76926093236,248.6616685691888,33.12224688318138,310.7789762601427,393.42945558970246,3.996171949834332,3.3751437484239317,11.860567877194647,-45.0025717791581,25.42062912533828,-19.581942653819823
1981,4,1981-04-01,287.5963197413713,257.8574341866262,0.0098050925320976,23.934307157292366,0.504617090990277,58.296510226224285,339.23375240194093,397.41675428300783,195.2556859858536,27.288085410128275,101153.84528880662,244.71083574792385,34.444661322652635,313.68319796412453,397.438625278527,3.8978490918336552,3.314141212769309,11.373166932115517,-42.2985738495459,25.57242543333558,-16.72614841621032
1981,5,1981-05-01,288.5191182177961,258.61789587878184,0.0099312348724151,24.49485598762584,0.5215739959204547,58.35569599805694,343.55169472362746,401.7784575269093,191.9780771477414,27.234730289590075,101136.74921177403,240.8747484409981,34.54905365408617,317.7117149769344,401.8208815117866,3.828943818662835,3.2487319939756785,10.188065080160117,-41.58234792876061,25.882403731570378,-15.699944197190234
1981,6,1981-06-01,289.28984377640955,259.1834046465882,0.0101030886542938,25.0516304730027,0.5303008097442887,58.34961636476475,347.48542911904497,405.70881619865503,187.92126335513396,24.81470365199977,101120.63560404064,237.81498614043292,32.0504926551209,321.5548043726151,405.74477031185006,3.7895336476123034,3.191940901367434,9.013062985991915,-42.65793378217782,25.966578859624917,-16.691354922552904
1981,7,1981-07-01,289.4767338826509,259.8527057838814,0.0103057837626624,25.95415695512688,0.5470230698685722,59.23630384274335,350.2834722628406,406.58443545036494,183.4916250767812,22.714339060111836,101118.08713686124,236.2195780250564,29.908269234420175,324.2425954370507,406.6142157544545,3.786658895950098,3.1446315887898875,8.874902117896045,-45.53402277396685,26.070657129879464,-19.46336564408739
1981,8,1981-08-01,289.4377076298659,259.6665358804195,0.0102297572289762,25.26333672428727,0.5376431842707614,57.85923255725234,348.3615596847947,406.35561920608313,186.6444754808238,21.483338425573333,101116.85186996806,238.29822047638808,28.03374089322075,322.9346857401636,406.3805022791763,3.811403952174556,3.1872006935045074,9.370276464716348,-45.10334252791688,25.451757017724276,-19.651585510192604
1981,9,1981-09-01,288.7208514959834,258.84625917546754,0.0099818680372642,24.38165031826633,0.529842339972572,56.95445104408068,343.51623015723845,402.6105284787661,192.32863514570943,22.603576079026684,101121.4351725716,242.90917731855097,28.895528056675776,318.4367117377626,402.62711517816246,3.865320391629029,3.2645750892269696,10.377957192703906,-44.288590195192455,25.096105118872174,-19.19248507632028
1981,10,1981-10-01,287.5486532213609,257.97843958473203,0.0095855689236638,23.255486951176074,0.5220003177312522,57.78859037205045,337.74388571287244,396.8592608213799,196.36526341304287,26.313974212084823,101135.04170444047,248.9433593267644,32.91107345094952,311.97948483078324,396.8710799660534,3.960686241522867,3.3336938459172587,11.159828672958543,-45.98099667485684,25.7762200267627,-20.20477664809414
1981,11,1981-11-01,286.3441383060363,257.4811733501641,0.0093223961249514,22.651793958092988,0.5170755807065307,59.22716012848429,333.0901299813396,390.79969245567776,197.7383806323412,29.966516081696387,101142.26325447048,254.1493019706532,36.999688469261166,306.6685731062733,390.796364165666,4.068315162808625,3.3827564417073366,11.300955027961672,-49.37774895074722,26.41822858505452,-22.959520365692697
1981,12,1981-12-01,285.8524061791192,257.3651722435505,0.0092662608790682,22.72400024996661,0.5131149954801772,59.28287139311598,330.8070737359632,388.6078166408963,200.01068383745988,30.48659695027856,101136.07231558552,256.7115845998742,37.1262465415877,305.1199283983352,388.600333143733,4.1352648966668815,3.439827480258183,10.858612859643948,-50.06125117110517,25.679661840464632,-24.381589330640537
1982,1,1982-01-01,285.25543007279504,257.2278849016398,0.0092664821689665,22.52245488981358,0.5179419961192497,58.88347190302671,328.9392643182557,386.6126294689778,200.4067657227166,28.755025871952853,101147.08192460214,256.0926206454099,35.271765674712775,303.6536991767831,386.5962000883773,4.146316619991565,3.46120538862953,11.08553966946124,-49.169115119933366,25.269135760872132,-23.899979359061234
1982,2,1982-02-01,285.5681295538757,257.40736734600387,0.0094305064867938,23.079207819165383,0.5173669639029782,60.04022218458628,331.4829741835303,387.7601216909633,197.77584788458472,27.3539640847076,101154.89175025772,253.11052793607857,34.078936623500546,305.6176147030875,387.74119959459097,4.090505831103431,3.4156573936518195,11.847862648192525,-48.60970751270091,25.846437384070498,-22.76327012863041
1982,3,1982-03-01,286.05172371400744,257.46486617957714,0.0095613989482425,23.350509727222253,0.5159798820869972,60.08552990763111,334.2111644068307,390.3649802984048,194.500137205761,27.00589342737787,101159.8345195468,248.9157912833604,34.265728103671336,307.79820345346496,390.3458873222719,3.995937471345441,3.340163051208432,12.278531460913296,-47.15581940130593,26.393867977232787,-20.761951424073146
1982,4,1982-04-01,287.1550230124269,257.802226888698,0.0096450503740616,23.699914474410733,0.5073450864858733,59.646169374186805,338.15579372858946,395.5584607669672,192.55677974630467,27.317327012980883,101143.77784532392,243.69769361879588,34.923218433183926,311.7349929475436,395.5540534096463,3.872233577376929,3.2680097772849965,11.622338221874974,-43.53502245228816,26.41639342372497,-17.11862902856319
1982,5,1982-05-01,288.23100341539345,258.4272135655886,0.0098694836483313,24.316452039266675,0.5138674069945077,58.96987399128873,342.39924126030377,400.3989767777241,189.6183692360681,27.417397737441416,101124.66560463113,238.51875034700137,34.60337805423142,316.59963572081216,400.4031113010981,3.77054143808914,3.192816208596734,10.290744762227549,-41.714400794143245,25.803740062865586,-15.910660731277659
1982,6,1982-06-01,288.97074107995746,259.16993297979366,0.0100435378077321,24.94299484673674,0.5382112572300499,59.13682578744221,346.891097312674,403.997491871146,184.84427353921564,24.72790940432265,101101.18203612814,234.95004379988168,31.921583675032142,320.47901194544227,404.00542467515135,3.714917412548876,3.12028342049678,9.008936403847976,-42.912095989956555,26.420018171237075,-16.49207781871948
1982,7,1982-07-01,289.30486834971373,259.4399244457632,0.0102014629370918,25.668331720715265,0.5430570802965914,58.34016129991208,348.51368338787944,405.6002242005041,182.76079522585405,22.424973110827125,101096.72798954562,232.63701989944784,29.11676016358476,323.03635689830134,405.60792826422926,3.693419710588526,3.0939274198013376,8.724986542626501,-43.18443762083615,25.48503055330326,-17.69940706753289
1982,8,1982-08-01,289.0800350943116,259.4201984232425,0.0102272354634297,25.69769021250686,0.5362262623048681,59.40475902253152,348.6974609004797,404.5386029674922,181.8590059019481,20.888208127487587,101111.44603766532,234.13540505454705,27.360063126262187,322.35673622952385,404.54228359131815,3.7195812686333136,3.093276458813164,9.194884833728633,-45.80454415382434,26.344405294781836,-19.4601388590425
1982,9,1982-09-01,288.47267429809,258.5367162558973,0.0099095826679881,24.34262878126093,0.513837132900564,58.43158763589055,344.1099643654611,401.58770925816646,186.8940080857622,21.762405405260548,101114.35525923848,238.85268347879148,28.14333033930257,317.6025191936643,401.5959237690045,3.780734921339996,3.168330014850952,10.142837970341454,-45.57775045898725,26.515659682634862,-19.06209077635239
1982,10,1982-10-01,287.3952758595149,257.5749767771639,0.0095278615162808,23.05491937350486,0.5165176245392769,58.58127459762966,337.45953347673884,396.2257170179073,193.67038431095733,25.4299633954821,101124.4335728478,244.86849074493853,31.94178974202981,311.2851312065383,396.2385070974457,3.884884529780502,3.2808848300497155,11.027888414875177,-44.68628008743349,26.187192349738893,-18.499087737694595
1982,11,1982-11-01,286.26482926656263,257.2909252415303,0.0093544173386013,22.79610471270892,0.516660234951701,59.35489405078,332.8129685900479,390.5705864575398,196.6205751621476,29.160935023734307,101130.17603680972,249.98082823379505,35.82768836143004,306.7772503467006,390.5782053118018,3.9939840853097497,3.3518751009512777,11.069021619931467,-46.69349973395174,26.04333709760931,-20.65016263634243
1982,12,1982-12-01,285.79670578862687,257.207990537752,0.0092772728770294,22.60522506737817,0.5178213184226512,59.06728474548338,330.7505387660891,388.5913636848426,199.95651743574183,29.62109230201412,101129.47727232076,252.98430901579576,35.91169350252139,305.03002060710963,388.5917207456558,4.063682328273695,3.4222133975554536,10.5560002727872,-46.73719037954666,25.720875219792674,-21.016315159753987
1983,1,1983-01-01,285.60361104777434,257.5678708990827,0.0093620283521155,22.775171129964,0.5243930473562234,59.22296408256988,330.44871811943347,387.9535486223828,198.247032305504,28.287399177629368,101135.68611098232,252.540001186022,34.47630628522738,304.92946692392826,387.940768257041,4.076840327333312,3.410791100416118,10.815699862414853,-48.104061772920005,25.50647083016338,-22.597590942756625
1983,2,1983-02-01,285.8651365039755,257.26676670776743,0.0095430877176509,23.324271807595387,0.5177518166118394,58.18137995778675,331.8134340199127,389.4635707795693,197.74719669236907,26.99389152795775,101144.53194772692,249.81248938870564,33.22985579639822,307.1938704859729,389.44307062689126,4.036918498760083,3.401700319295549,11.643019379571587,-45.82932842789609,24.599063381261715,-21.230265046634372
1983,3,1983-03-01,286.4728035632603,257.8331284564038,0.009646105917578,23.552740958215217,0.4999041238033003,58.65028328243746,335.263355358683,392.2219431293978,194.54221464588437,26.686500902023035,101160.03439354444,245.79852617124743,33.47238842108598,309.5690084118888,392.20004938321233,3.9563393635305504,3.3387592662073557,12.106720511600829,-44.47042400630011,25.672453200608743,-18.797970805691364
1983,4,1983-04-01,287.3528104916269,258.00292464265937,0.0097102676987641,23.71245196591981,0.512031688746589,59.11720788693052,338.65311365273544,396.4686726116181,192.33973484023488,27.13650158476267,101144.50993480516,241.94574035670337,34.37339965739108,312.67979946665963,396.4547740823032,3.8597624359112417,3.270324149002457,11.503188794072548,-42.36910744384008,25.959415656760882,-16.409691787079197
1983,5,1983-05-01,288.5048714184612,258.766628149553,0.0099749168122126,24.54623399848748,0.5265175222045932,59.53181141835861,344.2159806873736,401.5677538206771,188.7825026706484,27.09696138327549,101115.01619897535,238.02743056694695,34.216705848304585,317.9123276465376,401.5700631857319,3.7850294087699465,3.200290578428319,10.165123114383505,-42.12518343126945,26.30596240589074,-15.81922102537871
1983,6,1983-06-01,289.12861654792016,259.14842149840683,0.010116489039688,25.156913532785826,0.533638627843313,59.038677662530986,347.4125318090372,404.975002991265,185.24139915337344,24.68843606828016,101117.31222439918,235.08506642395565,31.72793851455907,321.36873794987224,404.98490853126987,3.74302530776307,3.142677050543851,8.959171057684179,-42.804164824303314,26.05369939916983,-16.750465425133484
1983,7,1983-07-01,289.3251323561715,259.8431566771455,0.0102996674746598,26.036904041332438,0.5432408124417409,59.89198740813555,350.575255528768,406.0935833817778,181.35277326332,22.22770456025245,101120.89398874898,233.742409658893,29.171934723021906,324.17458011255184,406.1019839781959,3.7455118836383945,3.1079647479965398,8.70051013360402,-45.44540623280355,26.409076012634273,-19.036330220169276
1983,8,1983-08-01,289.3331107180391,259.7577513228999,0.0102967460920293,25.90726928739937,0.5343277372866608,59.08840597486668,349.9445125057848,405.8547999358443,183.43813492519217,20.93293905052545,101115.28634054612,235.83751031309896,27.48328529944625,323.52751212663213,405.8551293543099,3.7783155747849335,3.14624960980304,9.200814392697357,-45.84902913898597,26.417329797618265,-19.431699341367704
1983,9,1983-09-01,288.71185950032736,258.8373060591337,0.009991215479583,24.55157306273076,0.5277947842481051,57.7437944854576,344.74625633294727,402.6201696689469,189.04251028500255,22.07444239865416,101109.30292230348,240.9621886680329,28.43633776735892,318.70733247935976,402.6296354361674,3.841393778687937,3.2229010432184424,10.256918190083622,-45.557783014325565,26.048389620807995,-19.50939339351757
1983,10,1983-10-01,287.42388204337414,257.9931445407084,0.0095805221217689,23.28426541708401,0.5102825557322962,58.16228823666611,337.81842168029635,396.18045721029046,194.1143516082616,25.663244188676423,101127.4165372452,247.3241981428132,32.288472994563975,311.4961181680321,396.1916303846115,3.9438091922820826,3.3082369273640198,11.08730594884488,-46.584617728664085,26.3334766865853,-20.251141042078785
1983,11,1983-11-01,286.382009733908,257.3731682763228,0.0092784289712663,22.557147950661392,0.5141837686230225,58.60395749020737,333.01228273570274,391.2693635322752,198.4190254794869,29.671023597100007,101127.04779075818,252.84783505291463,36.44143786056635,306.8402045127883,391.27508632253,4.058332193309552,3.397326576288183,11.237428344362746,-47.65839530996138,26.177801013169244,-21.480594296792134
1983,12,1983-12-01,285.5928439243645,256.99873675045734,0.009193099536383,22.31452660355544,0.512401916164982,58.231387000783954,329.0869066115656,387.609214453958,202.18398500988457,30.53632492052128,101134.47382899772,255.8533692442682,36.96980965285479,303.85632321371423,387.6057293275631,4.130336818943389,3.472700555443597,10.91787847943782,-47.23589950205013,25.227098271456498,-22.008801230593633
1984,1,1984-01-01,285.383422050755,257.01505836077564,0.0092412831693653,22.353892171977023,0.5039565069632932,58.383820631129744,328.7292538023363,386.6913800647161,201.7897369125593,28.95634574864565,101152.83582090444,255.2376936368944,35.110508522082604,303.44740481038286,386.6779984663393,4.13438241289871,3.4799961857658714,11.003734196783483,-47.293793950898134,25.268467393576657,-22.025326557321478
1984,2,1984-02-01,285.4913627669704,257.2808456783849,0.0093608145357765,22.75114662985531,0.5132462275789532,58.74652600019234,330.1970366007361,387.72602089814,199.0366546773929,27.67239179291616,101156.4517400459,252.532922971825,34.062106437455,304.7626948859341,387.7079313394905,4.086250043241378,3.434955570548796,11.805554304742314,-47.10655364989324,25.416252156152495,-21.690301493740748
1984,3,1984-03-01,286.35745647658223,257.4609720837477,0.0095326254386471,23.12794124339314,0.510292382092624,59.5602270232305,334.56481470529707,391.6057482786284,196.0142041080852,27.28817903319405,101142.56575853511,248.2444413454924,34.505823558416566,308.40364217485336,391.5805896015774,4.006619991555579,3.377889664938232,12.29187566042053,-45.01259271218467,26.136013853392683,-18.876578858791987
1984,4,1984-04-01,287.2235404647672,257.6467471526012,0.009673249835613,23.57888651862761,0.5104206247447216,58.54843638938912,337.8702351934166,395.6956399538489,194.12445980524475,27.81463458271053,101135.27379943682,244.17565950911592,35.18994641509185,311.76618796004493,395.6835508532419,3.8978181053572873,3.3027581649944726,11.596365947437825,-42.675887871489834,26.09195813276466,-16.583929738725175
1984,5,1984-05-01,288.5099210800129,258.4743065336766,0.0098795326583296,24.323251711927064,0.5248790082364274,58.54273195211637,343.31362383730334,401.4151620650688,190.95086706876077,27.005679762110702,101116.2292686823,240.13628886112284,34.26919184259328,317.4154761910312,401.4168455570973,3.820831342970461,3.2360895567278787,10.131978310466543,-41.92190971187949,25.89983113830067,-16.022078573578824
1984,6,1984-06-01,288.9223134823037,259.09971759690336,0.0100057949809437,24.85446041751636,0.5321794248598425,58.211044750915725,345.8004081175478,403.6655681128997,186.49601345429645,24.74798086464706,101120.64442807688,237.2160940527536,31.94495611621166,320.0511370534978,403.6700410447833,3.785326492347026,3.1734526344301086,8.997258667003557,-43.52310534689255,25.753743995933633,-17.769361350958917
1984,7,1984-07-01,289.19315914334584,259.4381638587007,0.0101726615993123,25.37299470474058,0.5296824370516607,59.24090375801546,348.7130238722478,405.2353482062128,184.2387052898545,22.41353812611033,101111.31611686226,235.88764714204777,29.361232220460742,322.3099537433088,405.234810660198,3.7838026643392326,3.159559134861168,8.769974559121536,-44.70124775784285,26.402532582924152,-18.298715174918698
1984,8,1984-08-01,289.1639351652213,259.2874522202368,0.0101481064763768,25.14417394164811,0.5254478817392457,57.87027889305792,347.4062503312985,404.9842453525184,187.11538584219448,21.425055755025543,101120.69881760242,237.90648851952196,27.83274835086589,321.6461474080223,404.9841772553647,3.8112151199002153,3.202384473494566,9.326953057358685,-44.38341008148711,25.760034826122535,-18.62337525536458
1984,9,1984-09-01,288.50888356475315,258.17377668312923,0.0098234922165812,23.93587564859205,0.507536169795455,57.17072411631577,342.5072633936504,401.79537176594846,192.4187796754288,22.342478298543877,101124.93191185636,242.69392238893423,28.7343567785912,316.79419417291126,401.8021977826455,3.867467062903665,3.276064120218737,10.313560932684458,-43.88326423345811,25.71989523743622,-18.163368996021887
1984,10,1984-10-01,287.44192333631247,257.8250960755128,0.0095301658344503,23.178451443806622,0.5154000580736298,58.81225858988616,337.9439644177229,396.1505350937154,194.95053326979985,25.964776842038,101135.43531524064,248.63512933769343,32.69315199330132,311.42221307236497,396.1658958263126,3.97290927681614,3.331475002938647,11.12068499412786,-46.95622091663026,26.5371120779551,-20.419108838675157
1984,11,1984-11-01,286.1583961143403,257.1491482941425,0.0092617594667231,22.4340489207593,0.510167182928999,58.20830403948558,331.3109035858587,390.1302256751872,201.17458023575185,30.34793104860608,101137.41653392238,254.0113257428837,37.01082739413355,305.7879545508322,390.13376477267246,4.086042578650644,3.4479061897897427,11.377046740045015,-46.17384916160441,25.52648813251176,-20.64736102909265
1984,12,1984-12-01,285.38938070721684,257.0447146752251,0.0091770235584548,22.24828351122988,0.5039380780598177,60.15370455317992,329.51950134550054,386.8136132778249,200.6702979419859,30.29194579805249,101151.57524130144,256.6770191673247,37.00027341228802,303.0542737233317,386.8034551047192,4.150250959361967,3.467913878873927,10.863556673384894,-49.29839361110331,26.45506944906316,-22.843324162040147
1985,1,1985-01-01,285.4730196799455,257.0500917500772,0.0092068019347588,22.334829393105963,0.4942423894184069,58.95196837848005,328.8703717087212,387.22466728351554,201.9608439153237,28.914659301756377,101139.26255823468,255.74581025337292,35.17359906248507,303.79012606555773,387.2100137823102,4.152622286213117,3.4937224704610306,11.111772826788236,-47.52602657732055,25.065592141958177,-22.460434435362373
1985,2,1985-02-01,285.2641469350156,257.08484527374185,0.0092978747858799,22.40741208015777,0.4944678521132497,58.47421492348473,328.91431606720744,386.56466070839656,199.85588554292804,27.78081662949693,101158.8955871592,253.2461027761478,34.1675596235534,303.4393858402615,386.5443420733839,4.0992434326072855,3.451724080106981,11.873482192455716,-47.003474239163324,25.454611591933315,-21.54886264723001
1985,3,1985-03-01,286.19684496960497,257.18829777821475,0.0095248005594742,23.232080427653944,0.5017073363639869,59.55589620200213,334.0625302120191,390.8564900148836,195.98166704256627,27.509151580236143,101156.9913192468,248.7489902776643,34.686522214740314,307.7432997928356,390.8403990183402,4.020277691180136,3.3832894086625034,12.380678104183332,-45.58995260059385,26.303139422640072,-19.286813177953775
1985,4,1985-04-01,287.1380873136748,257.63285800313616,0.0096289114399948,23.624569796081943,0.5016451245351239,59.310784795565496,337.7793592928974,395.0068329043532,193.674843888398,27.91271001372996,101141.54521333468,244.5690347599084,35.283520599192215,311.4018262236688,394.9952911855033,3.9172527896679785,3.310730115033369,11.643159258642145,-43.52338028604814,26.365991350378692,-17.157388935669445
1985,5,1985-05-01,288.20122833710826,258.16107330288094,0.0097921534629561,24.074970959875596,0.5165366280750058,59.11988108223689,342.07203567936494,400.2258427933233,191.7389697207905,27.487155897815,101137.6892976888,240.67285377393372,34.903497594189005,315.81804522353764,400.226978040852,3.838755455861415,3.2586315335628195,10.335143822476583,-41.51754235676921,26.255125703355986,-15.262416653413226
1985,6,1985-06-01,288.9483864686502,258.8180071781838,0.0098850309856721,24.381574366044447,0.5163619414776224,58.33424867051,345.0029905575755,403.6656963890093,187.81361136736535,24.504542403262874,101110.19936022274,237.85197338832936,31.72116318754689,319.03098205410623,403.66815628861855,3.792862748561838,3.1916445044096697,8.915441808262768,-42.82174123667997,25.974468403078504,-16.847272833601465
1985,7,1985-07-01,289.13003502256754,259.189343053083,0.0100751579855315,25.17919574079643,0.5266556661971247,59.333831438002186,348.42187201842194,404.9188679378948,184.83084466978391,22.18875776278514,101114.163827398,236.2146197141421,29.106794400982587,321.6214890128322,404.9210794916257,3.786486979700033,3.166447816322912,8.609335827104248,-44.46573840616074,26.802594559320596,-17.663143846840143
1985,8,1985-08-01,289.15776006531115,259.3643170850679,0.0101785449257574,25.34194823019149,0.5363289759266179,59.12343512995078,348.5496638887439,404.65872625360646,184.50688606108147,21.187853737972933,101113.8600153436,237.8718164502553,27.69803688016201,321.9805853589397,404.6595705799904,3.816145385171084,3.170994653998893,9.23180661099047,-46.85474724698474,26.5699228561881,-20.284824390796643
1985,9,1985-09-01,288.40293320997995,258.53546032171573,0.0098439165168125,24.148293955879563,0.5186600119872881,58.539106425639325,343.6553410092393,400.98025585739,188.78715997249836,22.10745500762871,101124.87675849552,242.68837376273615,28.70925461023245,316.7109083321376,400.9871771878373,3.877172062488983,3.233547772901013,10.25519399667281,-47.299414187634056,26.951354007549014,-20.348060180085042
1985,10,1985-10-01,287.2609345001147,257.5273592526496,0.0094834674786782,23.01189049130142,0.5068013692285287,58.632923737068026,337.2852917203963,395.40253005263054,194.2712972058765,25.89358841066733,101128.63634155616,248.72958469646912,32.740508071824095,310.4458043080534,395.4107208404558,3.986183482084695,3.3336574099663774,11.125700327303456,-47.611367829435835,26.847678200168104,-20.76368962926773
1985,11,1985-11-01,286.182230118816,257.05298391231173,0.0092335066648699,22.334102952569356,0.5097869382094041,59.01399034147574,332.10181789834934,390.2433411067007,199.99005320782547,30.222768850500817,101132.66106690052,254.16106308707563,37.10965707980198,305.6440871402188,390.24525118358383,4.102207815572178,3.444452319201768,11.40434884526034,-47.284121649949014,26.45964083501366,-20.824480814935356
1985,12,1985-12-01,285.57411198684645,256.98379394942555,0.0091386298792056,22.13990291102934,0.5036361674621932,59.04634312519129,328.5598298788309,387.29537819430334,202.15869839002235,30.765440593075063,101130.66039181931,256.8095517739982,37.30148294605468,303.3121110333988,387.2938255497128,4.164236225172827,3.49101974523596,10.90553274765916,-48.11481103099621,25.246166200841515,-22.868644830154693
1986,1,1986-01-01,285.4927702116222,257.17978694764327,0.0092367238192209,22.3863374996592,0.5118084814570559,57.93408241186031,328.5215627310594,386.9955063040873,201.5260686712913,28.603712017624552,101124.47901835643,255.79606758439903,34.69359399885968,303.6534288587218,386.9872693221053,4.160276173036572,3.4905396869751266,10.70583612346686,-48.18011693187259,24.85989689035563,-23.32022004151696
1986,2,1986-02-01,285.80623731578163,257.1052619554475,0.009294774044422,22.40756779448332,0.497703838936414,57.56150430811726,329.72768995609505,388.8549631917294,200.85864714307004,27.08256293608729,101134.63170629,252.9737398448593,33.32851874865743,305.04764352604207,388.8407524622388,4.094402900727531,3.459393458283602,11.4824003153383,-45.86913688921911,24.66583570056241,-21.203301188656695
1986,3,1986-03-01,286.37051876059763,257.31121377714953,0.0095012424293513,22.98156991740318,0.5143553788181245,58.37493061587081,333.83273110238986,391.66618542999714,197.68651952815847,26.802864894237896,101148.45828558062,248.6826153823592,33.70256524946263,307.96445539732264,391.6549390614027,4.005836518730556,3.3945279427971844,12.004482906747004,-44.096395498975994,25.85702933647275,-18.239366162503245
1986,4,1986-04-01,287.42482390824347,257.71306315410214,0.0096909053924525,23.61612990181352,0.505123042949488,58.70035105223893,338.27622262073976,396.46042737679807,194.698563692288,26.82497801262996,101142.94081121671,244.36080184961236,34.04121811017589,312.42359477230696,396.458892219192,3.904453026534586,3.3148316777744204,11.298358917162084,-42.44599805977845,25.85109269082676,-16.594905368951686
1986,5,1986-05-01,288.3854769186826,258.332088431604,0.0097927763496229,23.944896173810147,0.5113462961168164,58.35782619123804,341.98405260508395,401.0739872763383,192.5585272470192,27.14020629097178,101127.88006665102,240.593110739398,34.282127339749714,316.3023993836723,401.083856157845,3.835926865849941,3.265666056477908,10.117907474439171,-40.89266244360087,25.691522102918327,-15.201140340682542
1986,6,1986-06-01,289.0425850805344,259.14819981709854,0.0099754538066869,24.898128501457716,0.5350151802592473,59.24476233924472,346.751533017994,404.5421457914249,186.75740109492423,24.7573212631922,101123.61313229006,237.5052506579224,31.950368489051748,320.4682271953925,404.54827686096496,3.796972319556384,3.1843038100293493,8.94285448450473,-43.554802337138625,26.289436892141566,-17.26536544499706
1986,7,1986-07-01,289.3235793319703,259.38020510818257,0.0101152640514235,25.354176336535005,0.5277628409622345,58.58795832835265,348.7422007629052,405.855617231975,184.13114262384255,22.45714078475948,101118.74973320268,236.1034783642487,29.33810960330938,322.57941422116073,405.8558466906992,3.790297044969218,3.1582426881314416,8.679495680840102,-45.091366921856235,26.1630160004687,-18.928350921387533
1986,8,1986-08-01,289.19419388193893,259.1115048048331,0.0101377471385743,25.172531392438504,0.52734017041842,58.66398620665732,347.7378923568669,405.09206700569285,185.77547084443327,21.24129996645676,101120.58231216976,237.8602711697442,27.711656025882675,321.70497271062806,405.09617455957306,3.81958369730957,3.191282238644793,9.231915692595509,-45.61444426588503,26.03702720011904,-19.577417065765985
1986,9,1986-09-01,288.4706932540944,258.39386917288795,0.0098662292348425,24.182526173061312,0.5176525416258961,57.54300705164752,343.0188452944032,401.4955567790544,190.3848396648004,22.090395542965855,101126.69198538328,242.42032318165965,28.546629058951943,317.1403522042253,401.5088122236429,3.870682370422283,3.250254922533561,10.277944465811265,-45.579250000873174,25.891748534766407,-19.687501466106767
1986,10,1986-10-01,287.43771441423144,257.64799670360173,0.0095209230286772,22.935836730277828,0.5084637192443159,57.32640331430462,337.29825914534786,396.3399962818695,195.65226037419737,25.59855444371678,101128.246909575,248.4485791661992,32.22916770646396,311.13521000228974,396.3528402324829,3.966999523563951,3.3374465415680223,11.024528096691546,-46.165705529254666,26.175893093671505,-19.98981243558316
1986,11,1986-11-01,286.3120180262528,257.2116680360484,0.0093006670139033,22.579104629941888,0.5136288936556701,59.48975759690188,333.3018617893409,390.8269462228096,197.9811025296927,29.14936723171442,101147.33703037874,253.5610608149981,35.9857459396963,306.53471435672185,390.83482041733146,4.076028663346689,3.404826108337249,11.004189016888,-48.743579577323516,26.77502162714086,-21.968557950182657
1986,12,1986-12-01,285.6164674886559,257.1949148885856,0.0092379492365157,22.54800430316089,0.5179055302491656,59.519970887933766,329.90626284214466,387.6013627878877,200.5711401150144,30.062735667363967,101139.33086492728,256.2804787283315,36.562108117783104,304.18838097962555,387.5993655978138,4.1449723668249945,3.461212509243267,10.620789320137632,-49.209966162897956,25.715884672445213,-23.494081490452743
1987,1,1987-01-01,285.4689438696409,257.56782351311665,0.0093096119964395,22.632796809912445,0.5219084276453779,57.97147668561678,329.58068628615047,387.3298945694378,201.00417297558687,28.723179110561365,101142.0511005685,255.76002739532493,34.903450648922444,304.3607217684607,387.3104273786381,4.163166290316368,3.4869036201479204,10.91678880918818,-48.57558288137699,25.200497326890115,-23.375085554486873
1987,2,1987-02-01,285.79255144863635,257.53199499301144,0.0094807467155386,23.11976479768369,0.507071116117645,57.54771369641182,331.42976495985744,389.0983211688242,199.4923836907921,26.83097415792463,101151.99005649504,252.9372987893072,33.21712387674036,306.5469431386195,389.08011973161007,4.117583569532379,3.462394428434366,11.564704850147088,-47.058765379699366,24.864620384023794,-22.194144995675572
1987,3,1987-03-01,286.2835043324258,257.29410213319244,0.0095664257390103,23.31650788751871,0.4872201312808018,57.883101383663714,333.7435065867326,391.6834633089752,198.41675157139065,26.97936215830739,101152.7620743907,248.80933502344396,33.75829229503616,308.3964589735533,391.66459820195314,4.018389661026166,3.414661207953269,12.145768085167637,-43.61365331532454,25.328182506157248,-18.285470809167293
1987,4,1987-04-01,287.3509721671954,258.00483083360604,0.009703360592657,23.74701601283873,0.4965623334412166,58.06926494197691,338.073120907844,396.4015222437993,195.15167726531783,27.29791403797702,101143.99117405474,244.6483736305204,34.31454743902198,312.49408639200226,396.391474939728,3.9075259885171536,3.319403582860665,11.462076664139046,-42.48006296415761,25.568987211770434,-16.911075752387177
1987,5,1987-05-01,288.385230426834,258.3975199466016,0.0099469847701901,24.77214702630201,0.5066762578566802,58.13013080353374,343.4275868818598,401.321134541656,192.0318761750433,27.00338723767481,101139.48014669576,240.36142076923352,34.0816714373108,317.7805340462796,401.3240356140301,3.8302090438907417,3.257740799709131,10.144981796090327,-41.25126039455424,25.649953907954227,-15.60130648660001
1987,6,1987-06-01,289.2060586172145,259.3982218531092,0.0101441051069464,25.399952631232203,0.5284261415259519,58.0839281417395,347.43822099371584,405.1057951209056,187.1805195024492,24.5349122769538,101120.42175205592,237.3374646134504,31.738131748856105,321.7659993888924,405.1089087075572,3.787230155041407,3.18414505378916,8.935446273347806,-42.953725639098934,25.67533519147503,-17.278390447623906
1987,7,1987-07-01,289.5489244636281,259.6447530783307,0.010321055377487,26.02969041715185,0.5326184402455837,58.56542376895022,350.91270489633484,407.3374326149759,183.93183629101665,22.290291650104702,101130.0656904224,235.7701433127001,29.23421300623504,324.83910136284464,407.34974388558936,3.782710952465208,3.15379303302762,8.694810808282382,-44.8943856655531,26.085914804103652,-18.80847086144945
1987,8,1987-08-01,289.2369756405098,259.3873489533325,0.0103146196831374,25.818758203362385,0.5261303950537218,58.51973164142781,350.014015789169,406.0210987352029,184.66942440971428,20.95811848831392,101130.78477544448,237.50733681713615,27.62822821072195,323.33424914826946,406.0259627360117,3.808528194193424,3.1737193496200264,9.223164155263223,-46.16780268501384,26.68463064170834,-19.4831720433055
1987,9,1987-09-01,288.7049059247945,258.6624704034829,0.0100560912009428,24.930324494043774,0.5060996367415699,57.62477056832616,345.1138421959991,403.0193922980901,189.91290385953056,22.11899485319449,101134.02393624272,242.18142956423424,28.62396572291906,319.21692304077254,403.0355437003242,3.872128072300252,3.249675443968206,10.330471206534767,-45.76355483497912,25.913070557460628,-19.85048427751849
1987,10,1987-10-01,287.5378454738047,258.07342873060486,0.0096676887285335,23.819753194595886,0.5013317588957827,58.32363407500776,339.532081244713,397.1031039831034,194.20276677731923,25.72711065823228,101137.58780969524,248.2341141720656,32.477253722259746,312.97713348687427,397.109797706234,3.981808162636041,3.335973058066858,11.05032355068681,-47.28120433071891,26.5616414809694,-20.719562849749508
1987,11,1987-11-01,286.3599209590945,257.57687654372234,0.0094855261099464,23.37653241216865,0.4974948974227491,58.814248605023735,334.4817774833695,391.5452830509275,197.54206903340156,29.23303934293492,101152.998462979,253.4241636983145,36.20173087039427,308.282953174932,391.5502297099014,4.098969988657353,3.419457616659757,11.04121181344822,-48.91340313745357,26.2037709674114,-22.70963217004217
1987,12,1987-12-01,285.9084099456796,257.7037357588079,0.0094234242314712,23.052747819405425,0.5101574899605236,59.361163560967,332.4851239259253,389.1692868282564,199.4455356508646,29.745521737811163,101150.80183004368,256.27048395726644,36.5493174527047,306.47360018936496,389.1677574628086,4.160467725712808,3.4594151655508294,10.588839495230529,-50.0211525915083,26.009994371112498,-24.0111582203958
1988,1,1988-01-01,285.76208357748493,257.65063125493685,0.0095325985971329,23.609121110616517,0.5018264922079334,59.50378120774173,332.685557531016,388.72744369153713,199.1148868439473,28.19282652127696,101150.8763572908,255.36534569977889,34.65676618977865,306.9261123069836,388.7139533550954,4.156842390133179,3.465261901153508,10.6893675183418,-49.7865191873299,25.745954887590642,-24.04056429973926
1988,2,1988-02-01,285.7929305023967,257.66319643835544,0.0095765831153898,23.49680177284585,0.4896546017472346,58.27333636829877,332.59286274502267,389.4743707300416,198.52135011331904,26.887739858649265,101168.33285780584,252.8529775671519,33.3970294182666,307.217886832286,389.4559913156164,4.103528132540932,3.4389658054360543,11.5774965377104,-47.82233789421551,25.35659649831149,-22.46574139590402
1988,3,1988-03-01,286.5744820560532,257.87538447198426,0.0097296828489287,23.863629594463,0.5021156016128788,58.27603162101792,335.9242621090805,392.8277805537437,196.85239581672636,26.761460377244845,101165.76450377228,248.66032615816889,33.86428114954942,310.2260394049798,392.8158581926798,4.023804373685602,3.397958032167394,12.155109488862472,-44.70510956913796,25.68630034303675,-19.01880922610121
1988,4,1988-04-01,287.5678129301771,258.0567903332684,0.0098431928126266,24.376095157573644,0.5047012911182532,58.346575954671,340.0120207784141,397.5305213451636,194.7814679116159,27.07470728171736,101154.70530854363,244.41744641074047,34.32439464113835,314.2146192919069,397.519717277175,3.91933641057619,3.328432538609061,11.405122650361657,-42.38629113970359,25.786597418518625,-16.599693721184963
1988,5,1988-05-01,288.5629104871006,258.6321320819167,0.0099975674424821,24.787282727711,0.5195779274560857,58.67978250060269,344.3633060586725,401.9158442960449,190.97800048947292,26.97375041436291,101140.969710713,240.5203085926689,34.359466453343344,318.2651774383877,401.9177572970733,3.842199281660137,3.2535044444292027,10.14947139652134,-42.156592064215545,26.10004162131321,-16.056550442902335
1988,6,1988-06-01,289.26542113839463,259.4004045031151,0.010133473708618,25.43124210695788,0.5336336883114915,58.60677528073611,348.22627404411975,405.592483668373,186.0416338729308,24.29288798245401,101134.4643924096,237.37163606399687,31.836408587996644,322.31061356082495,405.5960444209468,3.79785908852072,3.178600235242416,8.978932486325625,-43.78648158552343,25.919221235868577,-17.867260349654856
1988,7,1988-07-01,289.456555778234,259.9755439419388,0.0103916736072968,26.276342226093305,0.5517895180622382,58.98834488222714,351.204691789149,406.7236506397486,183.2307208439905,22.017806023538515,101134.06790153102,235.85361648352384,29.08020694522162,325.03115578200897,406.7256713654798,3.793904964733077,3.149660587519411,8.683147396619157,-45.56049471785025,26.175556732871257,-19.38493798497899
1988,8,1988-08-01,289.33975029922675,259.7559580419889,0.0103694845501102,26.06022801598441,0.5395981661912322,59.0889940293574,350.57987577122543,406.0583557764108,183.26696325852373,20.718118341248367,101136.92587357725,237.68409676551693,27.586787756760668,323.9650122101364,406.0588798153916,3.8268597822054287,3.16385681046688,9.255775154350031,-47.548464091480895,26.615387600069823,-20.93307649141107
1988,9,1988-09-01,288.7292603180507,259.10990503258773,0.0100517736850518,24.8519462568494,0.5273113149955435,58.3233173446702,346.01151115199696,402.69616326058747,188.55334182116212,21.959590880538183,101139.29350953088,242.4667087902451,28.519608389372458,319.41703705440943,402.7077831903062,3.8797811301351497,3.2341096232690147,10.246218669030831,-47.353349460248694,26.606094027306256,-20.74725543294244
1988,10,1988-10-01,287.61624712791564,258.07385759370493,0.0096265721492081,23.476728146681708,0.5057082150303956,57.44183315258598,338.62563992797294,397.0195691520533,195.56277164656225,26.011158787441648,101142.87135727248,248.6604661762846,32.537945534689776,312.62112881058687,397.0329424125032,3.9757768746730457,3.3402326026367173,11.067473691339211,-46.570907782474194,26.01788437783597,-20.553023404638225
1988,11,1988-11-01,286.2526895151039,257.6559457049354,0.0092324471763866,22.62687702257356,0.515149621180021,58.766006551309175,332.67052911835685,390.4774556446642,198.10093117827088,29.817863796179125,101131.75056735652,254.0203304364504,36.65213129753446,306.298956086546,390.4833557729736,4.079230405161702,3.3971592205570778,11.178442797118482,-49.08513175682418,26.377473160120246,-22.707658596703936
1988,12,1988-12-01,285.7144981350982,257.4027417971135,0.0091794631052487,22.54887667496455,0.5114372743711065,59.64658115218644,330.6937882620356,387.8476140470654,198.8714395867904,29.78533697824016,101130.37408914488,256.54203629739374,36.72138163827833,304.3731820741989,387.8440777295742,4.141921895705963,3.431566442373749,10.676287926113064,-50.734552050565185,26.317069870345506,-24.41748218021968
1989,1,1989-01-01,285.2837429102736,257.3029919978299,0.0092346673638655,22.424062535926023,0.5063338071274306,58.28596639559582,328.4580881504869,386.3471766358148,201.12848967028503,28.435037018455308,101148.0661860974,256.1293232298648,34.673945417282006,303.07073868087593,386.3298166497867,4.14098017819312,3.465734089748681,10.768367578512438,-48.761925160753066,25.369989483582913,-23.391935677170153
1989,2,1989-02-01,285.7560685615632,257.3611897825383,0.0093000593782637,22.64653422488005,0.5102988621812335,59.139302486423006,330.7335199850428,388.5119306047559,198.657275364882,26.6630407845832,101155.0862827999,253.3768310693297,33.11617116826292,304.9116290288112,388.4943980363595,4.0943836740002215,3.425523672595705,11.46307868494556,-48.26642532076798,25.80435838783518,-22.4620669329328
1989,3,1989-03-01,286.3840813887202,257.2486039088954,0.0094730546261005,22.94818844752346,0.4945905753250081,57.79130225499844,333.3258940201838,391.7867964098711,197.810626300754,26.162175918770224,101153.96081286676,249.1605796122345,33.07329465817636,307.86217920587103,391.7670358273186,4.005649519338281,3.3878899023819007,11.942570962942767,-44.43883457207437,25.443954231760245,-18.994880340314126
1989,4,1989-04-01,287.4159106755133,257.732450420952,0.0096839054841656,23.55970872459588,0.5169608649978081,58.70761518771871,337.9618996621612,396.39921157681295,195.39463311455305,27.142885143253626,101142.86931600123,245.0254800731735,34.32881992459043,312.1564104716924,396.387945163607,3.90382507049724,3.314597732683198,11.38136762431803,-42.44491217728367,25.79422277726286,-16.65068940002081
1989,5,1989-05-01,288.2636322677536,258.1597026576168,0.009831234215703,24.09962282075393,0.5179378516203715,58.67354080446152,342.2682256649302,400.6144473374167,191.4092097444089,27.15475965418609,101128.4424561658,241.09458874795476,34.709983907951546,316.10037331420745,400.61241129009386,3.835965353285762,3.245167345181218,10.281049184931389,-42.13015474978039,26.16581630339988,-15.96433844638051
1989,6,1989-06-01,288.9819952411143,258.88128240918104,0.0100042082495692,24.729447555557257,0.5300941698701125,59.10645571651953,346.51017313592416,404.2684266731797,187.21916925053247,24.66845660202181,101131.64539386648,237.9342570516273,32.157945213340234,320.1323490804796,404.2748105387136,3.794379737877713,3.1846130825059107,9.065600759611431,-43.2255991897764,26.38420792097844,-16.841391268797963
1989,7,1989-07-01,289.4078044468527,259.3994762551241,0.0102138887735775,25.621106423374854,0.5411811607492465,58.36126847896153,349.0588031894016,406.406943413778,185.4698383996292,22.446889735090764,101131.10213298684,236.32177994613164,29.359200211274665,323.42846793095384,406.4098032426882,3.787003421755856,3.168818527257431,8.751889626766271,-43.93963107031854,25.63319508735799,-18.30643598296055
1989,8,1989-08-01,289.23273350314673,259.3038750267743,0.0102502589868167,25.46783072020087,0.5323050986176201,58.74267525894152,348.55446516213885,405.42537822765246,185.42085219596183,21.047707369729466,101131.7832422619,238.0583179784552,27.62324426319998,322.7073674010623,405.4306772966911,3.813176277767083,3.175816569060524,9.258082033644955,-46.06192888902285,25.852396830115197,-20.209532058907655
1989,9,1989-09-01,288.619409128393,258.796989382927,0.0098870280395785,24.30731364613517,0.518943954974862,57.68403061241582,343.8228051757273,402.2994949739967,190.81289957385832,22.234509343956876,101126.56185887817,242.90430262961337,28.55361363600312,317.93272981746543,402.3151990412015,3.868332410800412,3.2489555013654794,10.226184821751596,-45.77229876370882,25.905779425466676,-19.866519338242142
1989,10,1989-10-01,287.5539480942535,258.0026266328768,0.0095668919258373,23.305600803811583,0.5143376639188171,58.06632645015456,338.33705584278886,396.77175530432174,195.06923219912355,25.76294978790236,101125.8422583268,248.9033801922201,32.45539606851833,311.9421896009111,396.781783526893,3.9757640465231994,3.332348919611883,11.02586069772825,-47.1417017124806,26.404894464449,-20.736807248031596
1989,11,1989-11-01,286.3244980764361,257.3507970147338,0.0093393873363357,22.835453383035475,0.5021395138410857,59.10801546562356,333.10560060281256,391.05854815359874,198.81859817031983,29.41589690327313,101138.09514010878,253.9927479126443,36.3143240607122,306.94818708130833,391.06310933175206,4.086138154286052,3.416186585238755,11.09452359099921,-48.275722584885386,26.16197469965755,-22.113747885227838
1989,12,1989-12-01,285.8224227442328,257.43325994160625,0.0092070912284399,22.45596274419885,0.5026725494314351,59.225675867952894,330.92549828645707,388.5392797215253,199.87958553692675,29.90141908294365,101132.65385765384,256.7236174789126,36.61642995829848,304.99652982187314,388.53092202468736,4.149522823940554,3.4497105558279832,10.652015472127172,-50.129021066631026,25.920610767745984,-24.208410298885042
1990,1,1990-01-01,285.57879289566966,257.47271259633413,0.0093677241204355,23.053829587627263,0.5214918648193694,59.3376841343305,331.35329641909954,387.73202159947215,198.3511248584708,27.90210415343343,101147.62752430091,255.72610824935745,34.55856661840394,305.4192043010698,387.7186725271068,4.157310028457737,3.450931545708717,10.712456063454908,-50.71852092591615,25.92074304566438,-24.797777880251772
1990,2,1990-02-01,285.8252385435206,257.3745128826521,0.0095132314000706,23.28708667253487,0.4937337878850774,58.386770070947726,332.3433867560856,389.312990394784,198.5226834471632,26.573843401430423,101154.61619237528,253.0271539991392,33.136390594349656,306.7238804830069,389.29432617033103,4.104068592214905,3.4386592474448103,11.507624035288906,-47.94192335905677,25.600842048625736,-22.341081310431036
1990,3,1990-03-01,286.83586300437435,257.7325877204962,0.0096706951341941,23.724936807146943,0.511895510621813,58.51243812200437,336.51426886841364,393.7612510807707,196.0834842611333,25.740665869527067,101148.19818077632,248.7283407878089,32.73613624839111,310.431862832506,393.7461951903792,4.006417533059834,3.373258064259881,11.793607628473747,-45.649386147811555,26.067350145516116,-19.58203600229544
1990,4,1990-04-01,287.68797365210963,257.9746854148571,0.009816091973508,24.126858434085783,0.5074883417488637,58.57702783242594,340.0077901314498,397.9136633176678,194.28651293349577,26.372581519746586,101147.33693247812,244.7667981174908,33.75858168629579,314.03518861220823,397.9086203083636,3.916483787123303,3.315336994982478,11.238408279670214,-43.0942850174458,25.967558509937362,-17.126726507508437
1990,5,1990-05-01,288.63035552152303,258.6690587921051,0.0100067533235974,24.71260441547984,0.5235460867470162,57.826278621909445,344.19589705001005,402.305694592191,191.28364913691408,26.219736096404155,101139.39424660492,240.83189767055563,33.78525581548069,318.33107415706985,402.3164724197919,3.8447476066710102,3.2541819248813786,10.011303564313094,-41.98272881456501,25.875600720541115,-16.107128094023892
1990,6,1990-06-01,289.2058762248749,259.26514751187017,0.010101620683146,25.14864454615725,0.5336415144019179,57.91229726879713,347.56047461252035,405.3041939521642,186.33424161481705,24.26027129132733,101140.78798481202,237.7036332693259,31.52268128057112,321.5974700204002,405.3045739396397,3.8004369793863457,3.1793992955812165,8.898056552620073,-44.10698166526507,25.96338457959564,-18.143597085669427
1990,7,1990-07-01,289.5263486332315,259.5831237300648,0.0102876058260597,25.792399699579327,0.5360789890642866,58.05755480257719,349.79839159953974,406.8844290083324,184.8060322415511,22.01637703881137,101135.94729558151,236.1908198393658,28.91842259731847,324.2913652843122,406.88962316162434,3.791998023006938,3.164891801788684,8.619823290333432,-44.482742039307595,25.5122204685195,-18.970521570788094
1990,8,1990-08-01,289.3301030765167,259.4029936902044,0.0102599175278429,25.50921021639303,0.5252319372187836,58.09034102108194,349.05431956537626,406.1813554871892,186.25089065803945,21.078995850621563,101135.9628324458,238.03780133515812,27.50704644141307,322.8982049939916,406.1850844663066,3.819961518541173,3.195955581956578,9.18444449447068,-45.358860086327155,26.159843550502046,-19.19901653582511
1990,9,1990-09-01,288.6450843312701,258.71600946894216,0.0099343445176251,24.476758309444264,0.5124240303289639,57.46852100100611,344.6402180599519,402.5711596400373,189.91911929499383,22.028312104743293,101125.95891861604,242.76176825098813,28.487462013235785,318.2920060851276,402.5814109608797,3.880770385810652,3.249782734898072,10.18003810969666,-46.3834990475018,26.358463295666695,-20.025035751835105
1990,10,1990-10-01,287.706239544869,258.1376917637084,0.0096472527135772,23.58169323199789,0.5101429073481987,57.509861088316114,339.22705369886023,397.7045460248512,194.85805848523407,25.661961978847952,101130.55155906474,248.64730969562916,32.26993274225186,313.1628630108827,397.7122267684206,3.9845485996720487,3.337192421730053,10.97448819723693,-47.181280446991195,26.071871431546924,-21.10940901544427
1990,11,1990-11-01,286.5845775426109,257.8561437182868,0.0093995064334214,22.89093004463515,0.5102856635323032,58.79795411674222,334.63696191477504,392.3935928814954,197.8438558273044,29.21875715092757,101132.17747161307,253.9264434555264,36.1028818476989,308.1877304035039,392.4024609996122,4.098752916745262,3.415927046925888,11.031580538956096,-49.19846293145065,26.458099629387902,-22.740363302062747
1990,12,1990-12-01,285.82842260773174,257.61768770060274,0.009275510896765,22.721542036094394,0.4992185271556069,59.00173347754051,331.7724707469044,389.0304887207421,200.13347572665808,29.729125432826784,101139.47540727252,256.65965908129,36.426890506446256,305.51386692373006,389.02930270854944,4.16481856119783,3.4697419661676365,10.57997099296522,-49.82841828101243,26.25741781098168,-23.571000470030754
1991,1,1991-01-01,285.5804800182057,257.4335089039852,0.0093862609877037,22.99808804322159,0.5074996572951467,59.03411160451129,330.90826839615727,387.8185072188243,199.20476213869148,28.253971618325554,101149.15491459548,255.8699553165036,34.79176550049946,305.3782382881175,387.7994509489192,4.169941861995082,3.465882238044763,10.794785433543291,-50.12739929563821,25.510973838134646,-24.616425457503567
1991,2,1991-02-01,285.9684800913377,257.6250884339208,0.0095144359869853,23.19345187434013,0.511827479355365,57.65755584364799,331.8876583063471,389.9111537936393,200.4360574665728,26.60824493066032,101147.36082929862,253.24927553005813,32.97644726513797,306.9703325857202,389.8914441692892,4.114528578187714,3.469967931036045,11.43539073272962,-46.44501572900768,24.89761609627675,-21.54739963273093
1991,3,1991-03-01,286.4648383846548,258.0027734397838,0.0096058744149302,23.33019249970536,0.4979501908483458,58.14322419955794,335.1399278513293,392.36162507507424,195.61503042362227,26.16806353839998,101152.07194696926,248.9765129885081,33.10762039480023,309.33220811372814,392.3477604909128,4.016177021709477,3.369424043728532,11.963195413379962,-46.42192570848559,25.793855153439665,-20.628070555045923
1991,4,1991-04-01,287.600436614016,257.7396620944727,0.0097386670748551,23.84579804961129,0.4993762785087882,57.41036179075162,338.72716816035665,397.6584336880711,195.86463345162989,26.85260280660434,101146.41347683036,244.85600773658103,34.0392834923164,313.4748968660223,397.65472525011234,3.913164148674516,3.3314481963180045,11.396539091373985,-41.8046935992391,25.2485628563756,-16.556130742863502
1991,5,1991-05-01,288.4959331976025,258.52110611969124,0.009923744750128,24.42312565729539,0.5134390431694286,58.00103180846164,343.3138000689694,402.0724282741222,191.5226924977921,26.52377116390341,101137.86242042592,240.8607744558524,34.051612764362226,317.56787216113594,402.08152917645975,3.831348002613088,3.243846273298017,10.15143600969402,-41.81024035760149,25.755028810170984,-16.055211547430503
1991,6,1991-06-01,289.4114921571414,259.4447868147216,0.0101969054420411,25.34866437338212,0.5277156317022138,58.68779072680666,348.9259214585172,406.30606209929806,185.7644295071437,24.162512767316663,101123.34145251414,236.76628957905123,31.56988727240451,322.8772006216604,406.3140001489113,3.770940181507488,3.1581930990667497,8.892549692703831,-43.594485566819685,26.056658886470075,-17.53782668034961
1991,7,1991-07-01,289.6013086025391,259.68777924842584,0.0102778250911943,25.881939846216778,0.5296902768431356,57.71253139977038,350.1435284341111,407.6089840337244,184.05356271073788,22.124983971241413,101130.40122361864,234.2639105267924,28.761802245488592,324.6073570980608,407.61849070635947,3.7387080888755806,3.130903719535454,8.539559392731878,-43.573529541807346,25.545678008685343,-18.027851533122004
1991,8,1991-08-01,289.420829743187,259.7767501675553,0.0102803153340573,25.840690287539974,0.5244648527301682,58.143863610455874,349.6213661301644,406.408882349757,182.687011398657,20.659667801394303,101130.6350864616,234.16981812428892,27.03481636830653,323.7053059893478,406.41846147788505,3.7287243544656743,3.110054319032808,9.047159299254108,-45.10765815871969,25.92563926894468,-19.18201888977501
1991,9,1991-09-01,288.716846885349,258.7221813957252,0.0098985156741754,24.19554156677624,0.5044855850129488,56.63542942490616,343.8083119408617,403.0135746902458,188.44333796020396,21.850470340189062,101145.06121812366,237.86162951507643,27.78824274182181,318.1356446500062,403.0323475895887,3.7592304445746794,3.180014144046761,9.96752151234389,-43.480519153239726,25.69144019019842,-17.789078963041305
1991,10,1991-10-01,287.6083703709167,257.8893295728188,0.0094978498543028,23.12222414486794,0.5069863499480156,57.55730692523887,338.2984803812741,397.27782244616793,191.6268538919233,25.08382506659595,101136.28444038169,242.74405903808776,31.303577511247923,312.1043275458108,397.294641009091,3.836110755829041,3.234082034539798,10.74115797620806,-44.89745270151249,26.210971398386334,-18.686481303126158
1991,11,1991-11-01,286.45877759658606,257.32170926190486,0.0092773411739625,22.572329814094815,0.5032562129853206,58.63156192783873,332.8777914141257,391.5564600139882,195.1643142043256,28.589485272324957,101138.966777498,247.20395950026133,34.978242804783,307.0111170496808,391.566965879223,3.9256184319512033,3.303428829451795,10.792269018444276,-45.6508877634777,25.877180229679652,-19.773707533798046
1991,12,1991-12-01,285.76620638885674,257.2114643489754,0.0092164185696644,22.479595905040824,0.4928049204079228,59.57735803914304,330.751532369344,388.7187467767493,196.6982456281477,29.07469077604449,101147.82154286596,250.4348643109377,35.348245129498146,304.8157245542797,388.72121691286736,4.011833103610064,3.3631697918939314,10.407078805638305,-47.46306432933636,25.93827795118233,-21.524786378154033
1992,1,1992-01-01,285.639604836687,257.1983047856436,0.0091788032386101,22.304017697878685,0.4978526090199057,58.67768619204046,329.7661189437512,388.0892303774567,196.671199490484,27.43959721503212,101140.15991260156,249.7393212590851,33.395381967836954,304.2165445100578,388.0745575915746,4.016598118950222,3.370936359323421,10.462302325105885,-47.11233701579624,25.534901647811296,-21.577435367984947
1992,2,1992-02-01,285.8328798183935,257.2865277821804,0.0093550768722168,22.58027613923134,0.5148011493926334,57.91255428352831,330.32454089240804,389.2472929119183,196.6956364490881,25.97629908881715,101152.67532176172,247.0950878594905,31.89178058503772,305.60842677567024,389.2264313342772,3.9620706235706544,3.353067000879627,11.221580890506935,-44.48396991418181,24.695252539096714,-19.7887173750851
1992,3,1992-03-01,286.53080726921064,257.56142420781833,0.0095692087931167,23.29163383578811,0.4902719467194321,58.40418061569459,334.3556457000178,392.5288791798077,193.1842275337396,25.631163979903903,101151.61332592562,242.9014411283965,32.07712220772339,309.13157815662754,392.5117170177339,3.88376214390421,3.287164411831641,11.71537943523677,-43.27125536683741,25.20690538131646,-18.06434998552095
1992,4,1992-04-01,287.32469865066696,257.58207994248613,0.0096750547580052,23.681606540060265,0.5059355138006384,58.97585828126962,337.84116546722294,396.5007309888934,191.7017832826764,26.790156355117546,101145.37601631912,239.1037930896686,33.491037122531374,312.2496775364985,396.49621509563895,3.797569282742168,3.23885570320623,11.256768838735782,-40.701129039578404,25.58697203746999,-15.114157002108414
1992,5,1992-05-01,288.3171040116091,258.2305446169362,0.0098814290469046,24.44598508073777,0.5048316428492756,58.3789411598044,342.1657998904793,401.0559518773991,189.046164671544,26.740124336343435,101147.58506723486,235.2018462736401,33.72540157805043,316.9744594545775,401.0656455820668,3.728751497853432,3.182757232178676,10.078200284513317,-39.170404360389085,25.201034140569504,-13.96937021981958
1992,6,1992-06-01,289.0239382031447,258.92052670243703,0.0099833674279258,24.69546864615269,0.529240298107129,58.82516455711133,346.07784379425334,404.3380391631166,184.19561125479424,24.62770007135916,101133.77300535898,233.16870096613064,31.63254266456545,320.20224915717296,404.3496927785421,3.7079217562086,3.119744922295427,8.941919255068278,-41.96824711813011,25.887248252505856,-16.080998865624252
1992,7,1992-07-01,289.1420271753698,259.1524762956041,0.0100377889305423,24.96989160918262,0.5204885511335731,58.04878769020797,347.22229696549886,405.0993991640237,182.2641649847324,22.00802898048393,101132.21017910897,231.95568670882312,28.518803332015317,321.3845238050826,405.1102313270428,3.7019318235378074,3.1000719457408885,8.542743828538072,-43.18074737255935,25.84860532343538,-17.332142049123973
1992,8,1992-08-01,288.9839264173368,258.9193216178672,0.0100908444138065,25.07541387885792,0.5239812850380839,58.073660254340616,346.4709154643911,404.3751665482904,183.85101436195416,20.768874821520964,101137.20294045671,233.9616641653294,26.94347388370786,320.7644017549082,404.3798498117392,3.737827795227002,3.13329713402879,9.112318305435698,-43.93605074118835,25.711196972931702,-18.22485376825665
1992,9,1992-09-01,288.252804296142,258.2512182774706,0.009807346278647,23.985034791305583,0.5144653465448426,58.18339356737282,342.3908432562215,400.6840148267249,187.11310836486803,21.74739971276912,101143.66773737136,238.90738770472151,27.95723188300333,315.96176211892976,400.6904290449685,3.8066843450954506,3.189666175707349,10.125249862325614,-45.58444716961927,26.435495355535352,-19.148951814083915
1992,10,1992-10-01,287.28966090730825,257.661363360578,0.0094025512696533,22.69673854556381,0.5007158315145027,57.89897146751617,336.1590794932266,395.5427305013157,193.20471861990055,25.45368713081638,101139.80406168471,245.320155109881,31.764391130126157,310.11568426470706,395.55677694052326,3.9216571320350897,3.296665765345106,10.96343630547144,-45.80473249067066,26.05744166772712,-19.74729082294354
1992,11,1992-11-01,286.15305455926944,257.1964271499116,0.00917706262391,22.154541173321785,0.5017840795959553,59.53650585584695,331.8298048768444,390.14699866538905,195.75727688374468,28.73437838515227,101138.39587499018,250.71619626875804,35.4886262844014,305.1210242372105,390.1511554268829,4.037030859019781,3.3709937001562165,10.938694990780789,-48.20467148576424,26.712937401127704,-21.491734084636533
1992,12,1992-12-01,285.5885765804468,257.0315045442348,0.0091525718423476,22.021421156975183,0.5014053380981427,59.89107856132304,329.91620364403667,387.5975762749434,198.4419651736341,29.219853324846756,101144.50347961948,254.0281553420688,35.73090953259459,303.49772259497445,387.5824720089832,4.106276340875168,3.424622030801598,10.492453816949752,-49.075133960686884,26.403376783102033,-22.67175717758485
1993,1,1993-01-01,285.5414343053196,257.1137892277104,0.0092637044470461,22.169997548543545,0.5011373705835176,58.26086660919849,328.5891689334077,387.5638495386072,200.78201428095068,27.737844396682267,101147.99515065408,253.5031066656149,33.8831074299422,303.5598572495564,387.5450283159448,4.108927242318943,3.4608505160674543,10.664750919720168,-46.57582935140431,25.01049046118891,-21.5653388902154
1993,2,1993-02-01,285.8229432454912,257.2301118689066,0.0093179555250473,22.491859003974344,0.4967562607181044,58.3912165877489,330.5976645868,388.9569554393863,198.317745675408,26.19698774709497,101146.92351820976,250.98612887293933,32.52131106299144,305.2822070191195,388.9325428631627,4.065327384534073,3.420676690490455,11.369409072736708,-46.34405988163488,25.291044991456943,-21.053014890177934
1993,3,1993-03-01,286.40356531829497,256.9772940688985,0.009444844474527,22.6956417398369,0.4982162282287765,57.54447938193972,332.8704960818087,392.1042959929748,198.10360221372423,26.23906101414765,101154.93934403188,247.2369965348284,32.869500229002355,307.5073751585249,392.08771947261664,3.991877623117356,3.402379876124326,11.884636996203682,-42.50295510624943,25.346544402925645,-17.156410703323786
1993,4,1993-04-01,287.4125645718231,257.43288826343314,0.0096663860018301,23.575717098278453,0.5057490293506192,58.72149898226032,337.6495139270198,396.5271099947822,194.4338162586344,26.887356311117856,101146.28000730464,243.143273073198,33.776058173035786,312.24945188995304,396.5171137947328,3.902918639404039,3.319481759920832,11.282146013255671,-41.82075495264567,25.390065837017346,-16.430689115628326
1993,5,1993-05-01,288.3627862129776,258.25740047350627,0.0098785564017512,24.399994298856672,0.5220694509981165,59.0125957482658,343.02505513062374,401.14903315703816,190.21117718963936,26.39074237741121,101141.1634643588,239.13650335754485,33.85794072765021,317.0342714880481,401.1537113378152,3.833280938816992,3.2473915486874687,10.08052974616916,-41.45812781766651,25.995461823352684,-15.462665994313824
1993,6,1993-06-01,289.0179908924708,259.05730090910254,0.0100152061542296,24.649121177432114,0.5296754703836206,59.18840825849493,346.5609787779301,404.3357792075074,185.5208777805369,24.015500912751104,101125.977145232,236.50210716227244,31.37898476981753,320.0978687320705,404.34141618380016,3.793974679383045,3.176125663940069,8.842008300395593,-43.61774552466912,26.468747022152343,-17.148998502516775
1993,7,1993-07-01,289.2689315451047,259.5099484789749,0.0102115000290062,25.556185686339514,0.5407472996042635,59.9362271299596,349.5837237085586,405.6833473548393,181.71354256011224,21.66604883183809,101137.1733266271,234.92084304913,28.545433942891023,322.971871944504,405.6878816765524,3.788753160309953,3.1359016011347136,8.484315547990867,-46.327915377964814,26.616386085767658,-19.711529292197156
1993,8,1993-08-01,289.14515998086125,259.19052491694754,0.0101388755376477,25.073690542480097,0.5210611219552186,58.98138728541436,347.6488324921891,405.0613009447843,184.72093579840495,20.83898986141445,101134.13217966157,236.9010354195085,27.265579490374368,321.5797768856713,405.0708938785527,3.812346852541344,3.178007435136696,9.10009067574092,-45.75350999214365,26.078648540286167,-19.67486145185748
1993,9,1993-09-01,288.4355684712828,258.3226045172363,0.009795324417284,23.89572292866317,0.5137247349500236,57.72362938871399,342.6497258596333,401.4852764770024,190.7291436081672,22.10368315500445,101136.17659382217,241.76670431745544,28.39727778687464,316.4418598437621,401.4988114734742,3.873787937363264,3.267437367808129,10.175050019823193,-44.743966077418065,26.221401012342994,-18.52256506507507
1993,10,1993-10-01,287.52006751846903,257.8191403334555,0.0095160418358561,23.23237341246281,0.5137943248118586,58.169292449002576,337.8177517558688,396.7599249697721,194.7999256486981,25.671564800939365,101142.99582373752,247.58093368904716,32.2731567664003,311.64880892477737,396.77184500037527,3.984109421142415,3.3502419102933296,11.01696944878985,-46.17941607488814,26.180862861694607,-19.99855321319353
1993,11,1993-11-01,286.2462699544454,257.3559396162266,0.0093450368195389,22.72103947744572,0.5103960528703726,59.729299033539945,332.9907143418489,390.78492220421526,198.0115995907236,29.36679722940243,101154.83448830608,252.8155031048029,36.245717183327486,306.6343046147681,390.792367817793,4.097175054306861,3.429641203530694,11.134777661502332,-47.92498356015426,26.363855340658517,-21.561128219495743
1993,12,1993-12-01,285.7099592161915,257.44587430251414,0.00932243547177,22.650612411761,0.5082457236625977,59.81888417910774,330.90603009605337,388.1155068145108,199.3642211052872,29.76665726358084,101152.34393836957,255.7312846451619,36.36410407217914,304.864875693498,388.1137781211566,4.1641496408357686,3.4669094960561573,10.617367820761832,-49.769616731276386,26.03942570920117,-23.730191022075218
1994,1,1994-01-01,285.4940374514651,257.3264413279624,0.0093189298967198,22.479923208800223,0.5023306838506603,59.025242045862285,329.5553155455674,387.553741638954,200.11752809224149,28.38368633263395,101155.0848636556,255.2550084738621,34.6304489961221,304.281665682678,387.5460168084285,4.168824644585957,3.48435152681606,10.782319903992962,-48.890717718132436,25.26592503236384,-23.624792685768597
1994,2,1994-02-01,285.4699837428366,257.42952838664166,0.0093833747049472,22.765352121910123,0.497255693361457,58.41976253488986,329.7698361565302,387.4713218166304,198.66677147813672,27.04721048971479,101164.31301401036,252.53386623092504,33.344844800586785,304.693504582778,387.4546308747332,4.103948504448581,3.442542987232577,11.600017906180332,-47.569460441916306,25.05964063185496,-22.509819810061344
1994,3,1994-03-01,286.3968899116508,257.35221722268176,0.009509969275316,22.937297766369444,0.5003236427085623,57.97246163693795,333.33030765867164,392.1064285882496,198.36432939852105,26.652475333429003,101160.07415181935,248.56636552316672,33.351600301568375,308.05292704279924,392.09000114857895,4.013929370883714,3.408959771738249,12.041368809191216,-43.502911156506315,25.260953176201724,-18.24195798030459
1994,4,1994-04-01,287.5222739560985,257.70385568284706,0.0096778201666924,23.50895727628425,0.5063889284373578,57.2836092263037,337.57483946036746,396.9974232889726,197.1348105344154,27.35688364905419,101144.31448680832,244.41186951022144,34.23930700103795,312.6362145766024,396.9966560631504,3.919514663347412,3.3578047438384435,11.453070400520383,-40.39463562382227,24.937857657942857,-15.45677796587941
1994,5,1994-05-01,288.4196189267365,258.36584284719595,0.0098593412691931,24.233517734856093,0.5163790658386543,57.86641187317373,342.4155832109126,401.5192071508624,192.31682803480757,27.109947399693656,101138.84834855284,240.44852741040103,34.328608495764186,316.9220024909216,401.5293460581239,3.844508020784902,3.2703868378777123,10.194843044784983,-40.91303827952294,25.50371962725245,-15.409318652270485
1994,6,1994-06-01,289.16841096491686,259.2260084363365,0.0100304093396592,24.821026491713823,0.5284049827285804,58.31769147279839,346.72287442893366,404.940814407942,187.0087036538881,24.63318441439846,101130.21446760722,237.49424847937885,31.977253866398367,320.8720235089563,404.9535818914485,3.8049788419083503,3.1944667348282807,8.991638957908904,-43.14147537349086,25.863618403483827,-17.277856970007036
1994,7,1994-07-01,289.40539650097185,259.69034356514965,0.010206667620548,25.619717580053678,0.5332265499854413,58.02067390448827,348.6774433345323,406.2948225196956,185.1647301958997,22.27391587394377,101133.82124398265,235.89126165355995,29.03817666187536,323.3692062259255,406.3065292343919,3.796079411715672,3.175341230027078,8.678877550816278,-43.96227066972867,25.319943823303163,-18.642326846425505
1994,8,1994-08-01,289.2068694752913,259.3572911165446,0.0101946014149806,25.46533864146744,0.5164858641078333,58.52008302624489,348.351990914288,405.5769593792568,185.8432606423966,21.144946276258203,101132.11321656458,237.6301689434118,27.57019653908249,322.3707413570239,405.5909175129749,3.823377789514801,3.1963754519744554,9.214085153798097,-45.36165803819091,25.995207690982227,-19.366450347208684
1994,9,1994-09-01,288.7072498525012,258.76311835035966,0.0098969085187889,24.181661158075997,0.5114230619496253,57.70736117446918,343.80305809459526,402.7320587431773,190.79352372181776,22.139194829515795,101130.4961859569,242.4829061100677,28.558889043471524,317.95724039717123,402.7513267782352,3.886354955407592,3.268461141664653,10.252046577500682,-45.269688174294174,25.86508573248193,-19.404602441812244
1994,10,1994-10-01,287.6663112810208,257.62618578162994,0.0096221986124438,23.368212176799563,0.496853918263377,58.006639954930826,338.81072849253724,397.55242802165327,196.0665730790416,25.70459664741801,101142.1175534413,248.2709506100864,32.30156949053863,312.73984351117724,397.5677663229967,3.988876593089121,3.365534128667179,11.007689518521738,-45.60740468792417,26.08622328270343,-19.521181405220744
1994,11,1994-11-01,286.54566065132644,257.4687126943565,0.0093901076854577,22.67959143217482,0.5064634440798992,58.253010221778105,333.3924293196447,392.1224816217682,201.28143587513043,29.499479024152567,101149.47076859762,253.56911347357703,36.14088903813536,307.69315900231464,392.1281711581923,4.096139917427325,3.4633355327236512,11.06254992178988,-45.64626758446383,25.704959853754133,-19.941307730709696
1994,12,1994-12-01,285.81565968364555,257.45025215054306,0.0093083679981862,22.50623834656593,0.5099966749820704,58.63350898028686,330.3237608783453,388.6731897521373,201.9045231706045,30.14500706343156,101149.3267521654,256.40170143283626,36.65526254961028,304.9199138699462,388.6637536183017,4.157611987122554,3.489082882160937,10.6147088927239,-47.986922776053035,25.394410874563505,-22.59251190148953
1995,1,1995-01-01,285.6793271845743,257.4583379090734,0.0093850191417285,22.878759777498555,0.5051782502396504,58.06501653316956,330.9346474902561,388.1178311026519,199.5963390531982,28.47353913559744,101152.02053732092,255.6471852922957,34.84531925972449,305.2631258291609,388.1005085198471,4.170521599311689,3.477630619049138,10.764459430212806,-49.679066114970425,25.65419907829039,-24.024867036680035
1995,2,1995-02-01,286.14438763886614,257.35856870208085,0.0095323066811492,23.146934649751024,0.4889991089726787,57.53609694215976,332.82135869352805,390.5400890310872,200.28281962382428,26.56239599490424,101162.10680256136,252.80052185426104,32.9410343237287,307.4896038545771,390.5180667903109,4.116110377122124,3.476855307795313,11.426082194633477,-46.1390639016123,25.309732598174662,-20.82933130343764
1995,3,1995-03-01,286.515328358689,257.5005080310968,0.0096437830944552,23.50028218900283,0.5012398493028716,57.725976227445,335.22203494756343,392.74914640157607,197.52156575468047,26.31290631425412,101169.02911477828,248.723222809135,33.284407697109216,309.4272496073825,392.72564260074665,4.03524711495758,3.4187134021111727,11.984709537008792,-44.23015567159945,25.77128153935149,-18.458874132247956
1995,4,1995-04-01,287.64132704177365,258.0534190803053,0.0097862231571986,23.94253643539483,0.5068402150603798,58.36388101138932,340.2382657641296,397.7388291419037,193.74970749773348,26.63261038041561,101158.8639674355,244.5761419405505,33.99021490824397,313.8306420961532,397.731146011833,3.94489417385745,3.335953749400446,11.313249424661723,-43.468829914988646,26.399940537905707,-17.06888937708294
1995,5,1995-05-01,288.42669890377283,258.5069751744873,0.0099356807333037,24.33270343077581,0.5132081168078161,58.30271964051949,343.3843521226805,401.50479081706686,190.68062100423623,26.18379818895604,101144.22466573362,240.7605652842921,33.63624868256707,317.1269362957786,401.50649114217896,3.866791537530376,3.2649155961065093,9.982141091684666,-42.62749378644486,26.25911615201403,-16.36837763443083
1995,6,1995-06-01,289.2890451158616,259.2587960193349,0.0101720754421858,25.15649808274782,0.532701578295903,58.48070031124165,347.98820891427886,405.88713579904464,186.3769652300581,24.12340026450612,101132.90890133342,237.57665913530343,31.665406484965285,321.9675826494948,405.8939789322766,3.8262030925041337,3.2037998536623573,8.93447872121042,-43.6576876847862,26.027469398016024,-17.630218286770173
1995,7,1995-07-01,289.5653165190067,259.652884784814,0.0103729320276351,26.10299855625328,0.5387605444806534,58.25562098679018,350.367293918072,407.1918108905433,184.45913391128383,21.95674035966121,101134.58282407776,235.9297053762087,29.030708147975837,324.8475271039989,407.1972410795664,3.8183215795931855,3.189051390172897,8.653390793388033,-44.396603676610226,25.525197003096196,-18.87140667351403
1995,8,1995-08-01,289.4597442250295,259.89033635476096,0.0103660863047218,25.96035691572884,0.541156820595378,58.700294503574085,350.5420582386539,406.9554843715188,184.48018778457669,20.973949461318742,101139.06037892045,237.6439225236176,27.518972695100327,324.42752009880564,406.9642175354623,3.839024258472129,3.190448958926514,9.165035004725254,-46.61871150525931,26.12327130379174,-20.495440201467574
1995,9,1995-09-01,288.7096307053758,259.21019689074194,0.0100140849226798,24.76659366459984,0.5207646941900861,59.08589451228688,346.49701429118454,402.97885330653327,187.16218196877747,21.93684516961784,101148.99928499988,242.36226829344204,28.746181080083257,319.29484025464217,402.9962917436639,3.894279529585266,3.2315300706252508,10.26373482796742,-48.39075041419915,27.21961247367301,-21.171137940526137
1995,10,1995-10-01,287.7228016923326,258.27170618754883,0.009650191114911,23.38663509182407,0.5124308874697575,58.00436175451089,339.80621966518186,397.8273020871462,194.47460644911283,25.65728355864139,101153.89174329654,248.66805688257725,32.53400791532748,312.81362879117063,397.8409185289761,4.006158895080753,3.355972585687952,11.02629661878426,-47.31672607677834,27.006207315841095,-20.310518760937242
1995,11,1995-11-01,286.55286176886017,257.9382554759027,0.0093405553002092,22.73932053489181,0.5123233440521574,58.45452174051903,333.94937739158746,392.0247695762328,198.5086289767964,29.90767502483356,101150.9084442894,254.07480832899935,36.81611613749944,307.445544696586,392.0286883120659,4.121908092383624,3.442892629054641,11.31942835402874,-48.65773823953708,26.50775143083456,-22.149986808702522
1995,12,1995-12-01,285.6785858641168,257.4264790731488,0.0092516923272347,22.608199562119445,0.5014413490137392,59.38686203273568,331.27992897069333,388.2570944512621,199.0891479929716,30.40807726932583,101154.68525277854,256.67683935971303,37.46466780817415,304.7091527450316,388.2467172091349,4.183903752151286,3.474165623531829,11.043715661015892,-50.53110082789314,26.560398983534526,-23.970701844358615
1996,1,1996-01-01,285.4317710803121,257.448865833177,0.009298507818915,22.5714396468236,0.5037587618425429,59.13248315950008,330.3036730080154,387.26878724267897,199.41754066650927,28.775535419485674,101172.61811088429,256.15067208687066,35.340907173258174,304.2246165180816,387.2476530526553,4.183076683055982,3.481405884683001,10.9792313283046,-50.167759666588864,26.05792229991016,-24.109837366678704
1996,2,1996-02-01,285.8748114029441,257.61659104881454,0.0094553847711564,22.93905583634184,0.5068546460051189,58.09202906948551,331.8116722937018,389.4972905776095,199.81694341943336,27.134941697679487,101174.31269853156,253.26921993863263,33.641016250190674,306.27495185680243,389.47649960297633,4.118945964000222,3.466964644276729,11.674051643802589,-46.94620196668808,25.51592946226623,-21.43027250442185
1996,3,1996-03-01,286.49706409082245,257.8320364526636,0.0096447518297224,23.495497596887603,0.507269217813065,58.96673027125217,335.65698276093246,392.2855027879023,196.45955169374,26.848179743780506,101175.47309597184,249.0024043598561,34.054310115407155,309.31039636039355,392.263644790244,4.034448851164897,3.399382272261188,12.174808632338088,-45.33672229448942,26.324728402880567,-19.011993891608853
1996,4,1996-04-01,287.42361102274066,257.9075417826175,0.0097396381446638,23.76755899215101,0.515109557110533,58.197804964601296,338.04159186265053,396.3709922408005,196.1319661949329,27.92530169956097,101159.66375376296,245.0946223832875,35.2974393519091,312.51010802720833,396.3579210371081,3.9417822782073406,3.355599863308007,11.666775046427947,-41.59051853600647,25.51841263174981,-16.07210590425666
1996,5,1996-05-01,288.2901299314511,258.33207336931446,0.0099392234498172,24.239221282470027,0.5145270755713038,59.11587566230829,343.0959052709027,400.9189313084275,190.5440865838479,27.300995294338087,101154.99264478248,241.03276810201223,35.2670470458648,316.73317963401627,400.9193102656068,3.8674639209593495,3.261598005885557,10.419918075239156,-42.52262976663761,26.363104594065703,-16.159525172571904
1996,6,1996-06-01,289.0128182364164,259.0896087287843,0.0101126496833751,25.10552546749161,0.5336690939145359,58.88024712467816,347.32569380700164,404.4349096181783,185.68471397392824,24.693555804356563,101144.68203868537,237.76655507399047,32.57917751337212,320.9424059904061,404.4372236892714,3.8161873856466073,3.18507504723626,9.178985557014324,-44.19621939104667,26.38560188768861,-17.81061750335806
1996,7,1996-07-01,289.387754043793,259.51223204118946,0.0102226805167489,25.43470663261009,0.5375007233578869,59.107878859436525,349.27793211498454,406.27906280571307,184.5728065444036,22.470070571210808,101147.38597547504,236.52852064933865,29.747778066716183,323.1268631229627,406.2810593716508,3.819312303032804,3.1840529072153854,8.84713288541744,-44.67800660942967,26.15306555795962,-18.52494105147005
1996,8,1996-08-01,289.3859656999987,259.3904677201586,0.0102219128390382,25.340260020437768,0.524564000231338,58.17715652578915,348.9313458503002,406.0001213612956,186.22836389691884,21.28399927802941,101145.64761186892,238.31888264236585,27.987922310769395,322.8079709889562,406.0031953164029,3.845257796682837,3.2144502147237994,9.393613308940576,-45.38659571270702,26.12644881645133,-19.26014689625569
1996,9,1996-09-01,288.566039811311,258.9107993272932,0.0099012675910246,24.117799293323092,0.5233108209924854,58.21851606542671,344.0276223686232,402.06451220974816,190.42126061646564,22.43151312048849,101145.01344642122,243.15168545115304,29.056501875176696,317.63237477652217,402.07779317551297,3.902753154882095,3.2727933742672284,10.500470180953952,-46.10543607999918,26.40852855786585,-19.69690752213333
1996,10,1996-10-01,287.3873598770516,258.1715366337651,0.0095764107917368,23.20237077746013,0.5120510657380962,58.48012673225743,338.4762554110934,396.12216411035627,194.1351690111257,26.056000098108203,101157.3994238778,249.0801698971482,33.024747169714324,311.4730705555695,396.1317958532372,4.004232992491641,3.345123075022592,11.329773240014015,-47.976253814416395,27.01281659840481,-20.963437216011584
1996,11,1996-11-01,286.4938833239461,257.68301698004524,0.0092999710478769,22.421980740949067,0.5077455819385556,58.57076968961003,332.97640016553817,391.5364362530997,200.0875828923286,29.758320375245827,101162.40472893098,254.5110765797265,36.72131039929744,306.6705224898428,391.5332267280221,4.118497996084067,3.4580825095960974,11.27339471717532,-47.46050366334629,26.302668150617762,-21.157835512728525
1996,12,1996-12-01,285.8016096253104,257.42471505225416,0.0092337384720385,22.371549642902533,0.5138172233532534,58.8027553176143,330.4254713730156,388.64528805914335,201.9885851051353,30.18756244830226,101160.20988501316,257.10793503078975,36.72211372407312,304.6833971841225,388.6372304587255,4.177788381390775,3.501962641534119,10.736082799357948,-48.584798649883595,25.7340165884753,-22.850782061408296
1997,1,1997-01-01,285.4825131554076,257.4240473479876,0.0093013652434913,22.632709587793908,0.5059875944572559,59.04129964996975,329.8599720589181,387.45888385446005,200.9952466758029,28.769926051441608,101163.7721544186,256.2791191806043,35.3022771230903,304.4307869314446,387.4340413105661,4.179821627490856,3.4958264532569645,11.056113835394273,-48.75152143315273,25.40434258357959,-23.34717884957314
1997,2,1997-02-01,285.7680776582187,257.61027073368,0.009463238675028,23.000210354738776,0.517019357045178,57.88879102140652,330.52925120444047,388.6931196307279,200.52407974492212,27.109545838356908,101167.18140522396,253.5246834251845,33.53659183369464,305.8521846693765,388.6689328986008,4.117647902708052,3.467738696032144,11.64207777252456,-46.57355768492462,24.652879802936866,-21.920677881987757
1997,3,1997-03-01,286.6158737244149,257.53974454184186,0.0096131147471794,23.253063756847222,0.4973480716003423,58.01512260138399,334.4071650286694,392.8325476636871,198.12579201464865,26.53813641352189,101157.5192229418,249.3454884340816,33.555431802195095,309.19336246741807,392.81233293590975,4.030715488100099,3.4097705671948817,12.095013969139346,-44.202401030759745,25.193587833473998,-19.008813197285747
1997,4,1997-04-01,287.3891320880662,257.5763306355944,0.009665828960636,23.596429012743933,0.5128077991221123,58.55693940757885,338.0080959301444,396.5573515476286,194.904820544553,26.83477583449101,101156.78361971652,245.1708723330318,34.58326935704433,312.2590523854689,396.5421492956147,3.938122783814404,3.335995287984756,11.50417499604274,-42.51755826592549,25.733841292661566,-16.78371697326392
1997,5,1997-05-01,288.3909346041292,258.28113853546023,0.0099467876262029,24.25252745621465,0.524528719264238,59.21166125940133,343.2129529431814,401.3740328030413,192.1001130848617,27.06602679322713,101148.09015861538,241.21127769456064,34.70303317239041,317.1072202346776,401.3720105633864,3.866485430777276,3.2797594345209458,10.277796593816452,-41.474158230535664,26.10371046884893,-15.370447761686734
1997,6,1997-06-01,289.2845487980366,258.88991290504026,0.010129550660609,24.92924695935928,0.5296627226544304,58.36799490515057,347.19595707445245,405.80145572185273,188.9579040417169,24.78242396040763,101130.72164027362,238.1078689571867,32.162936593465794,321.81542914714765,405.80413105045807,3.8209858325848503,3.2290888019920967,9.088310588795077,-41.76945228241166,25.383203255910132,-16.38624902650153
1997,7,1997-07-01,289.4013434242398,259.57420900743574,0.0103414306960927,25.920356104083424,0.5353392883531646,58.399599424026725,349.3735420817296,406.7569864279935,186.1171958793546,22.513476921989543,101148.10372784086,236.45248286117493,29.31291566007348,324.08265441362187,406.75466019585855,3.80853914848442,3.196731028325676,8.762580936384252,-43.53584824373638,25.28856143597278,-18.2472868077636
1997,8,1997-08-01,289.31163646081524,259.3986888417587,0.0103063330436329,25.65530777391293,0.521800235916236,58.50902289973046,348.95234403764414,406.38051638132686,186.778818107164,21.337532818531365,101151.7231668107,238.2328676475962,27.757513445800072,323.3480979859578,406.3856051146575,3.8363223218126254,3.213731326697339,9.346701743844566,-45.03406891316351,25.609334785016983,-19.424734128146525
1997,9,1997-09-01,288.7816606581729,258.63374003759304,0.0100313371271141,24.69063377510052,0.513362345606457,57.7020473697534,344.7453805933044,403.7041804431906,191.83467918033745,22.528340888461056,101154.331111571,243.0101237454041,28.89180501271549,319.43740957662897,403.7182782393257,3.905222845375423,3.2929623280411318,10.422712910591322,-44.81198044081222,25.322068812810528,-19.489911628001693
1997,10,1997-10-01,287.7947163302053,258.0669580913799,0.0097239082104798,23.832100451380292,0.5054068649110806,58.663278920773045,340.19029905950924,398.5637209932541,195.42242876572865,26.302454971600344,101167.6667474486,248.8775385956588,33.01169112863524,314.10886105803536,398.572038306153,4.012656330758965,3.367890312111882,11.194628150004114,-46.74587367289524,26.08975531437278,-20.656118358522463
1997,11,1997-11-01,286.7319756715345,257.63097521929967,0.0095347600714062,23.328127662380265,0.5033392226388951,58.36414705567552,334.7986220901784,393.2432424988857,200.79960995868316,30.03805953723324,101172.74804523637,254.06940319812415,36.9023876889056,309.39619765429666,393.24138606261226,4.124419589453131,3.475127624350628,11.214349006664104,-46.40546508776862,25.400567999608313,-21.004897088160305
1997,12,1997-12-01,285.96618494733264,257.61231010181723,0.0095322512441295,23.320428831863648,0.5151477348705552,59.876923149348855,332.77172228531896,389.7994281950599,200.69109261544924,30.37009155941097,101167.2160714878,256.7335354501842,37.29144789128351,307.0836158766428,389.7859243679316,4.188647836213463,3.495790566511616,10.777428994320022,-49.121086502862454,25.6746025815479,-23.446483921314552
1998,1,1998-01-01,285.64298438722386,257.9871318049643,0.0095840345682287,23.487653426337637,0.5152460695192961,60.18402441389543,332.3148843886808,388.51487007865705,199.09982194695743,28.56311515381268,101187.5781139816,256.07823496008945,35.21381287890057,306.72396323873824,388.4867802375068,4.192776104303862,3.4842962040857004,10.890105521377125,-50.32771528804412,25.56283130879234,-24.764883979251778
1998,2,1998-02-01,286.12190805511136,258.2768385330792,0.0097207322121246,23.698333748359417,0.5109658169675276,59.34830749275104,334.4889793481258,391.0149193687847,197.2584984652775,26.646050668041,101178.60790335642,253.1825647530968,33.49718058967466,309.0270095065701,390.9869640673832,4.125874160212617,3.4356891618674226,11.607217454297636,-49.072936366185644,25.43401454015418,-23.638921826031464
1998,3,1998-03-01,286.6205422397332,258.14292723023107,0.0097725167008161,23.920244043877304,0.5117456288218376,59.71946989466935,336.63699293707344,393.2688935839524,195.38597409761692,26.70580840276949,101193.76333587752,249.09479377925223,33.89246194679833,310.67930521138175,393.2436908604008,4.031942802002098,3.377649093268125,12.1658733101392,-46.52216613760646,25.93248500214014,-20.58968113546632
1998,4,1998-04-01,287.78696917418614,258.7257427642254,0.0100109491291512,24.63392162520156,0.5117778146679156,58.95991397329741,341.6378139310514,398.6486332739716,193.8413255056362,27.45595753021495,101176.76583010882,244.717413614491,34.79198169714115,316.0511255280979,398.6353757589543,3.927625107064326,3.3154815525196333,11.575246873836644,-43.540063941928594,25.57343088793624,-17.966633053992354
1998,5,1998-05-01,288.7758914190468,259.19863873053333,0.0101628618444098,25.110537793402067,0.5211641512438981,59.244738948209,345.5882822594236,403.2769769905733,191.0895599002391,27.217831266726296,101160.20606386237,240.88117032946383,34.74373182035971,319.8179715491469,403.28098370923055,3.848112454550933,3.2526433198726075,10.29641801010228,-42.26570987559134,25.774317428933955,-16.491392446657386
1998,6,1998-06-01,289.4969002912835,259.7374602288013,0.0102966349743041,25.598785956793883,0.5322156331403343,58.98295756352921,349.6145879533107,406.8418292663252,186.32609167379132,24.33806418580808,101160.97655911576,237.6629470019497,31.73529646434689,323.7500888810209,406.8467631993635,3.8045647679808967,3.1838671461676245,8.973871512788817,-43.93962304961957,25.869433005328176,-18.070190044291394
1998,7,1998-07-01,289.7328129522512,260.0822806679578,0.0104873186592478,26.463267542580475,0.5310791900631235,59.05198375950818,352.1068559844335,408.290673416588,184.7340330578956,22.38696374642543,101169.52365610896,236.07179056820613,29.197089985576728,326.5430099102321,408.29324190675936,3.7990479558197694,3.1727807694368746,8.738213163324628,-44.52763127115924,25.566414564372735,-18.9612167067865
1998,8,1998-08-01,289.6350803885784,259.9556499335591,0.0105120541771984,26.198199173678585,0.5327395039572405,58.55402813133836,351.32164233607784,407.6640855944687,186.09758655653505,21.08778712618267,101167.18015235188,237.9151660632317,27.6227499351858,325.7340635865721,407.6646368512754,3.823138846876394,3.1958245339609337,9.305629944975191,-45.28261669769353,25.58813000631244,-19.694486691381087
1998,9,1998-09-01,288.7538899018958,259.32043690156667,0.0101301819613956,24.86642914882308,0.5200258619700981,59.361886022407816,346.7882735731973,403.1731275144912,188.22766406068035,22.2842344549999,101175.31270007831,242.77054220147207,29.001673807125517,320.0095152760384,403.1781103142961,3.889226679372035,3.2372385791156684,10.403110140252092,-47.825438788666105,26.783741096963695,-21.04169769170241
1998,10,1998-10-01,287.6451385863497,258.5924672586314,0.0098035321947421,23.867567060661163,0.5208640007523363,58.234810971525405,339.8456520997069,397.2803988539517,195.47535441474056,26.742141982308816,101170.079255543,248.85752525776155,33.43893107114686,313.9362888031915,397.2889709538621,4.003830530446658,3.361255863647216,11.421589790093256,-46.68538175418294,25.917935396425833,-20.76744635775711
1998,11,1998-11-01,286.5892797815816,258.00669816715066,0.0095871487861587,23.75879986849178,0.5363565575681842,59.03982678329186,335.34031035557445,391.97909511942856,197.9991156974731,30.363700985809896,101155.95610085451,253.87838985780576,37.35664912891024,309.6807299899661,391.9768371258807,4.122662756274453,3.4376844363225816,11.40076648934837,-48.88632601723231,25.65732237206049,-23.229003645171815
1998,12,1998-12-01,286.03724396244434,258.0163662818205,0.0095007464710845,23.61336110710645,0.5456780961540569,59.807424645729455,333.66017282650824,389.249408797269,198.4228495050514,30.413583850842716,101157.71891962671,256.532525915148,37.34238625411634,307.6572723927089,389.243292566857,4.186125978487572,3.464890102989794,10.828145703285267,-51.18087400682299,25.996784203387392,-25.184089803435597
1999,1,1999-01-01,285.6803038220095,257.82281560224743,0.0095199516890073,23.62250722223148,0.5326765851196034,59.2961410263357,332.0348505192002,388.0348746537638,199.2557238270996,28.706914069507885,101176.95097202716,256.00064198589905,35.21729031940741,306.79701472675106,388.0126718668351,4.182344413994813,3.4760739624656027,10.899825240845198,-50.23454190889993,25.21563300552043,-25.018908903379497
1999,2,1999-02-01,286.15829272660216,257.9130103083209,0.0096561373459925,24.095475144079813,0.5400726170809643,58.9198978738574,334.30828213163664,390.4254645889275,198.5393841884688,26.740129381744293,101174.37941161798,253.0332101932529,33.31228025452963,309.3388820842704,390.3972969252853,4.121440123170886,3.450492913978801,11.584438338628027,-47.92167513199874,24.941232383724014,-22.980442748274726
1999,3,1999-03-01,286.47894779377793,257.6128344009558,0.0097643377148304,24.3389969725438,0.5266372084920705,58.49841760074711,335.587626094567,392.2467584072395,198.20440026168131,27.116522869944426,101185.29938153498,249.04671945797355,33.89073413715097,310.8490628450487,392.215609515213,4.0351795362101015,3.419817092459268,12.1947616881016,-44.0681079290857,24.707414357491757,-19.36069357159394
1999,4,1999-04-01,287.44031295427243,257.88893573239693,0.0098431632433952,24.483740361677004,0.5193813999663245,58.00478001498052,339.4632626345704,396.56131204937736,195.2118643303041,27.542329396521307,101173.75288130344,244.94600948185587,34.82362069406623,313.87398906574714,396.5603687056256,3.933138829444968,3.3377536754275265,11.584889676950866,-42.45285385400683,25.588330225071502,-16.86452362893533
1999,5,1999-05-01,288.358154104481,258.3660803413639,0.0099129533815594,24.607705854057624,0.5319935550723657,58.30551714323133,343.4616851509816,401.0260847592984,191.792910302932,27.379449136782696,101157.2281093852,241.22457732914947,34.81309699407068,317.4320627048942,401.0533732922069,3.854593956750013,3.265102897760907,10.355194260168195,-41.99801916892946,26.056910978995973,-15.941108189933487
1999,6,1999-06-01,289.1995865436401,258.90464760123257,0.0100646885572672,25.199272560707232,0.5282359518501017,57.78136521047801,346.8804139228027,405.09812174020175,188.8244341620789,25.28698016210738,101147.49127909594,238.12854304733543,32.524202850425844,321.57473421517494,405.1278267880968,3.8144299921341767,3.221251019454936,9.20626843718878,-42.06688619693807,25.335384755522796,-16.731501441415276
1999,7,1999-07-01,289.5041496902269,259.6737940891603,0.0103251275049274,26.363963946695332,0.5473260032421566,59.010939729024464,351.30145850479875,406.78260704443113,183.71908727390945,22.461032077654103,101145.51856974994,236.22232690521923,29.40277393165605,325.2492547272582,406.7915930550351,3.803068650487728,3.163224099870629,8.788658480005076,-45.561497777307835,26.06118978814453,-19.500307989163304
1999,8,1999-08-01,289.3480452167851,259.4509769548597,0.010274173682469,25.976571763652117,0.5347062893710653,58.37418982895341,349.8914913172163,405.8977592094349,185.4411309467272,21.260517225267268,101135.70861609511,238.0999638878829,27.81726597882756,323.88377129858486,405.9001825342386,3.8316945529154496,3.1938498536035214,9.321775663649662,-46.10208418759541,26.010143343435118,-20.09194084416029
1999,9,1999-09-01,288.7125942389068,258.8760898494704,0.0100149100982557,25.02641630584997,0.5312586970062378,58.26639482210757,346.1420181181186,402.77884244352185,189.1691659175465,22.342907990533902,101145.69355111486,242.71913295505965,28.79447419759962,319.68596171056765,402.78726336353714,3.891642712023358,3.2510742317054984,10.310041318185004,-47.098400830447446,26.464477327566215,-20.63392350288123
1999,10,1999-10-01,287.64278282656386,258.2105738056153,0.0096827908725989,24.01807354469016,0.5249537341214628,58.39595697906749,340.40636605367104,397.16416077585166,193.51369038158944,26.127512805551845,101149.36005476605,248.6568899738362,32.99701704654865,313.64773216177787,397.15849173146296,4.000787808206231,3.337782148814102,11.159834440940838,-48.273695351249955,26.752964847504472,-21.520730503745483
1999,11,1999-11-01,286.5270644374106,257.68520423014854,0.0094040195641861,23.24485225883817,0.5139256184387943,58.87152490515604,334.6049910066499,391.6976027429435,198.2253118171495,29.990706777851077,101153.36296908968,254.0920874654083,36.96568681351022,308.1364383943402,391.6730570506575,4.117798858572693,3.4387507191859066,11.098062330500229,-48.89179561259965,26.444006920023753,-22.447788692575898
1999,12,1999-12-01,285.9338602891844,257.5836639486212,0.0093399163195652,23.08761440615257,0.5184222757080372,59.31773882932647,332.58813055353033,388.8799747474889,198.59961037576767,30.28603221480438,101158.69952258484,256.8937627187113,37.2332537164661,306.01158055454334,388.82480181199134,4.1814347293372975,3.462658648000462,10.552012957107072,-51.3469308412819,26.52137706348941,-24.825553777792493
2000,1,2000-01-01,285.5681726367599,257.3223727177675,0.009367938069168,23.01429345052792,0.5170070647992957,59.17769618602009,331.26368084287765,387.78187257991146,199.34072086162445,28.49374756917067,101163.68709835186,256.1834802377529,34.889715161909265,305.2269408776521,387.761655722932,4.173910261146989,3.4717007706682814,10.677029598623408,-50.44679178338987,26.016523108246076,-24.430268675143793
2000,2,2000-02-01,286.0691420360484,257.69128363711724,0.0096103664547067,23.66962937200904,0.526818165221232,58.71708514244396,333.5664870478092,389.70066489431593,198.1494674597038,26.49407840068545,101164.23544441076,253.1564131962965,33.044698649656866,308.1236060201025,389.6722231084877,4.109310197879479,3.434194390554329,11.36193489772971,-48.456325487621285,25.414439241878426,-23.04188624574286
2000,3,2000-03-01,286.68565768151177,257.7612334186141,0.0097181228078597,23.855642177919087,0.5208819546638751,57.855007924627245,335.9103197049877,392.8995932721127,197.72387442910707,26.2142253073345,101170.69853736847,249.08337347758288,33.00278960409359,310.4754489109107,392.8807963090553,4.020168927474912,3.4002747764146783,11.867567662405037,-44.57093475171672,25.416073831019617,-19.154860920697104
2000,4,2000-04-01,287.7355685332693,257.9741497760915,0.0099002537071387,24.545633720907134,0.5297873829833186,58.797192541919,341.11170091395803,398.0177854488301,194.6422756526917,26.98942148059632,101165.06337431008,244.71005397943443,34.32944998886606,315.28781883787974,398.02298816518095,3.9243524731449018,3.3269747042882725,11.463125617233636,-42.727749818473,25.829084792429114,-16.898665026043886
2000,5,2000-05-01,288.48331502692446,258.5653411036012,0.0099902559706132,24.812424982900986,0.5284718518915855,59.46865430287549,345.3081819683924,401.5962469156932,189.91844538363196,27.298916203926648,101150.3116906928,241.05115317026932,35.0612479144753,318.5272790969871,401.6250002482456,3.857229342089073,3.245137644251217,10.418849133099018,-43.37037607608869,26.809656203957672,-16.560719872131017
2000,6,2000-06-01,289.198537220698,259.3170626824333,0.0100968414147601,25.270871635228158,0.5339766487873472,58.208596239644535,347.8537885741951,405.0164307674244,187.57049950823787,25.316573012572118,101145.7185783268,238.10899230014772,32.67778354080348,322.0666551486322,405.0554108499161,3.815507117036021,3.20470818117789,9.265263998801949,-43.17728226367848,25.82611350805456,-17.351168755623917
2000,7,2000-07-01,289.49053605404964,259.4564434671701,0.0102162056266671,25.90652746283269,0.5303521701577393,58.70537699226385,350.178169020753,406.8220280979109,185.39553780552936,22.736722767846437,101151.37927788468,236.5598032535583,29.50922252882666,324.49798423316145,406.82520836414494,3.80698232018254,3.185682047135232,8.868546972751913,-44.39176568704872,25.683365053825582,-18.708400633223135
2000,8,2000-08-01,289.3958493063761,259.3318199070368,0.0102778579418407,25.917444782620137,0.5343328139345239,57.96354128628243,349.47399550699816,406.3935499787464,187.0106065636648,21.624388477360288,101153.01150485977,238.2479474325529,27.919123429492803,324.12812619802355,406.3935574717637,3.8334094566898647,3.2148873568175587,9.481867401606896,-44.94260591675561,25.345876801991892,-19.59672911476372
2000,9,2000-09-01,288.753533004439,258.8303144884814,0.0099825672968788,24.834350066465134,0.523942297900201,58.09028303082001,345.57607205304623,403.0314101192397,190.468595977676,22.839027501067275,101151.32590613086,243.0199698194963,29.23309331774937,319.5504933665805,403.0279724310035,3.901337427568527,3.273131916972327,10.533573770361,-46.157308025138235,26.02214099822953,-20.135167026908704
2000,10,2000-10-01,287.58019351735066,258.2219929445924,0.0097031999985224,24.09867246886843,0.5307101995837311,59.58648568746767,340.8212914225024,397.12271301632535,193.1605220068564,26.48061548108152,101168.14654400291,248.832276844914,33.35949630540856,313.8766940638127,397.1148639099317,4.006730134859224,3.336415358772374,11.28468503898494,-48.79287401373054,26.93674825229607,-21.85612576143447
2000,11,2000-11-01,286.5544528155212,257.70595658326494,0.0094839952945366,23.38293520386728,0.5222494083839948,59.67833637878443,335.32778967827653,392.0011810778149,198.17841129977796,30.33350465944479,101168.26660108456,254.09633506547348,37.39196631727248,308.98096999124783,391.9761912227194,4.1184291727181375,3.4374494067805648,11.304745588216113,-48.85946210786784,26.3218298319332,-22.53763227593464
2000,12,2000-12-01,285.8911755114533,257.60568040242555,0.0094459157770786,23.12659568247314,0.522303960465142,59.053184640918346,331.6482438313209,388.8600364581253,201.8764873468711,31.07579913124143,101170.24263703907,256.93254205164817,37.544397171485,306.41758506679145,388.8394763418437,4.186588929767543,3.507026397809072,10.784355045566532,-48.587456664533505,25.210098648247822,-23.377358016285683
2001,1,2001-01-01,285.8673087776628,257.73566984345115,0.0094936113740564,23.336977319293805,0.5180504766729328,58.54313939281733,331.8438669672345,389.03418710387575,202.31708692622868,28.97508131096575,101167.7594596714,256.1353052347421,35.266803724555274,306.8471945054825,389.0063386495696,4.178672795018001,3.5165513394578185,10.82935017171256,-47.52649589492387,24.968824007445846,-22.557671887478023
2001,2,2001-02-01,285.9930441061491,257.9475371652543,0.009680057997353,24.01019162578805,0.5291627943745097,59.63868184532315,333.6763189654385,389.8000584478253,197.6651878496049,26.689873312895465,101182.77764970178,253.01870831074115,33.24588763246018,308.55769861238537,389.7659338607371,4.125477846563391,3.4430966250428066,11.46433344425553,-48.79750614157152,25.08449576596496,-23.713010375606558
2001,3,2001-03-01,286.7966485156921,257.9433389633985,0.009841864672574,24.416883558488003,0.5286539857003412,59.316416841901656,337.4148567113029,393.7497226260645,196.3237800541749,26.40046469255595,101178.83438815146,248.7919039979942,33.4665023449972,312.07959947041445,393.7305032360973,4.025653348738445,3.3903117760627657,12.064942163922112,-45.402086291378055,25.316037850921248,-20.086048440456807
2001,4,2001-04-01,287.7209290872608,258.3405425383853,0.0099349247085238,24.694775225314768,0.5363796348172142,60.051154293797474,341.95436967638653,398.0894592568601,192.9216695417168,27.190046715091555,101170.7776940658,244.72518630505692,34.65473298762635,315.63871172896705,398.0976213715831,3.919650642256559,3.300073664373345,11.52681398084637,-44.33883049080532,26.323820062142488,-18.015010428662833
2001,5,2001-05-01,288.74610281775307,258.8307481863467,0.0100413320587194,25.05549743420543,0.531165719844004,59.591063075909005,345.8166439181299,403.0245246055591,190.4990059497874,27.375894618694915,101152.67389334456,240.96875975214255,34.96484749397065,319.7754681035767,403.0520089291233,3.852245153891436,3.2495368300345944,10.366311771065062,-42.880800927079406,26.068660138117366,-16.81214078896204
2001,6,2001-06-01,289.38259759145586,259.294156338345,0.0101790190476573,25.603362329480184,0.5390081208780874,58.41658846432063,348.39306560962393,406.0942750671208,188.58300829045723,25.34713573249087,101142.60334502353,238.0033216781219,32.45530185313282,323.1031074227222,406.131396039596,3.811008662229998,3.2160007567106983,9.167519039408951,-42.31214726702271,25.327079159376922,-16.985068107645787
2001,7,2001-07-01,289.7501475921385,259.81639019595247,0.0104149114859415,26.670407135504053,0.5494204137921314,59.62319267615135,352.43420468098617,408.1388606353916,183.77481453322136,22.47933265356478,101144.73395064542,236.12545875086224,29.304005072692657,326.77856103791333,408.140898170041,3.8014962300530497,3.162965091807376,8.765478889618564,-45.525971798512984,25.657681177722225,-19.86829062079076
2001,8,2001-08-01,289.6025900612124,260.0066541543137,0.0104487221939002,26.6275697175289,0.5501548927588917,59.3050815222073,352.29449339624585,407.5344633581664,184.45852303307169,21.312073599355955,101151.26959190908,237.7825423509012,27.806108658293702,326.41673284758724,407.5439134164108,3.8265432588448713,3.1796085792918656,9.395115893891823,-46.829984258891756,25.88721060690301,-20.942773651988745
2001,9,2001-09-01,288.86688884761384,259.03573398959094,0.0101293374107433,25.467853576724988,0.5366866837104342,59.30579784282658,347.68274593718525,403.64284577415896,188.31073287492163,22.401073472990184,101150.53208907504,242.51673277755,28.9665339546709,321.2603067495822,403.6500432908584,3.889589696273983,3.240952882435416,10.485329522143934,-47.640539420947675,26.42963670430248,-21.210902716645194
2001,10,2001-10-01,287.8430973691829,258.6611911841967,0.0098356650821674,24.41065939706376,0.5316053614976917,60.84675263255592,343.01084136228326,398.2394263644584,190.62670163167337,25.79451449071621,101145.21486211671,248.45132140327289,32.903039816539625,315.46293164401084,398.2417213836024,3.996423612077171,3.2985822752887755,11.175984178248218,-50.71609444577609,27.550204737416436,-23.165889708359657
2001,11,2001-11-01,286.9599629919847,258.1459018808517,0.009621827691347,23.976205330632823,0.5337046005528238,60.08214477409639,337.8035948110645,393.6592917163045,196.59736279528457,29.71909605261785,101152.05231070676,253.68842017319096,36.91846365356872,311.2046905933604,393.6609417023847,4.109188952201084,3.412793518035893,11.17049553171286,-49.89168977695553,26.600554203784327,-23.291135573171204
2001,12,2001-12-01,286.18607881567056,257.9792107890024,0.0095908373381791,23.96294485842393,0.538265658345778,61.54547894035873,335.8445322586282,390.1751502516313,195.83340330391167,29.922530628372773,101158.62692206878,256.2821454148946,37.243313711112826,308.9094577339734,390.1653963184778,4.1770520948464736,3.429460320523952,10.731176714729669,-53.12795902824291,26.925320591501304,-26.20263843674161
2002,1,2002-01-01,286.0543866350522,257.963200991753,0.0095980189563924,23.86397826020485,0.528656232036423,60.52611731745972,334.92435955668145,389.5901010412153,197.1986567127489,28.146324274209725,101160.32384697942,255.56923621906375,34.88592521040736,308.60040517167323,389.57191337042326,4.171562176499449,3.4499513922277414,10.76976168823814,-51.63097857011721,26.30576671421619,-25.325211855901017
2002,2,2002-02-01,286.221141093808,258.1173244750075,0.0097446169745787,24.14722547625481,0.5304697187954442,60.33940425031624,335.74739263412624,390.7992514685165,195.66788503939807,26.23622826361735,101168.72881282785,252.85103500059463,33.0259392769703,309.80304702046453,390.7787499785092,4.110451893804858,3.405762507600535,11.401198433793784,-50.393438947843634,25.92384412365442,-24.469594824189215
2002,3,2002-03-01,287.0950724188509,258.1141355719615,0.0099264541581064,24.601752586848864,0.5301364990215702,59.92953428262284,339.18585806699593,394.9305129923077,195.62794983000256,26.11073758961477,101168.93640654664,248.62362831620905,33.01859280203508,313.42245164884423,394.91468829360025,4.023012621574847,3.38162106206315,11.88480331054852,-46.0878232737862,25.74758171944427,-20.34024155434193
2002,4,2002-04-01,287.7515290911236,258.4513546033776,0.009954241412445,24.859495650251684,0.5216593034668472,60.35253002412636,343.0395388173282,398.363873961852,192.1677436348414,27.153992811724883,101164.8987721796,244.61423123996008,34.72941559521124,316.0729658648369,398.359146902628,3.928363156628821,3.3018537808385764,11.497130795861672,-44.87106482163233,26.961845893267366,-17.909218928364965
2002,5,2002-05-01,288.86667448395315,258.99332005699483,0.010083965395245,25.126542588144847,0.5290075501107865,58.99689607687877,346.0750444524496,403.30891562617165,191.20470214347455,27.43666520863926,101144.86351555477,241.06033054815225,35.00780877474541,320.2019886884004,403.3205001751234,3.859176091564219,3.2622014345589565,10.317712169786466,-42.28448483857156,25.884640313001,-16.399844525570558
2002,6,2002-06-01,289.5781392877247,259.7089616438947,0.0102793941059352,25.83803258250164,0.5524199669458462,59.60067038338899,350.37543486445696,407.06509196952175,186.78215930873395,24.709171578227423,101138.84265414404,237.80911892292863,31.950493522675696,324.49311429557355,407.0775026882728,3.8106250003363975,3.1952724408479787,8.97053265849849,-43.78563766974642,25.894731287634443,-17.89090638211198
2002,7,2002-07-01,289.83122597345704,260.03566298934595,0.0104450093532986,26.64039109584041,0.5414517930638953,59.77076499678385,352.6968520910349,408.6626948237524,183.7678366093117,22.610451832312467,101144.71784323704,236.17051080981983,29.421212030362152,327.22501011686603,408.6808723373426,3.8065146070346234,3.1669299845864898,8.77086217380993,-45.59191400245845,25.490019487759014,-20.10189451469944
2002,8,2002-08-01,289.62614337353847,259.8959432087805,0.0104158504017483,26.570627345282908,0.5496126379603306,59.6715290679966,352.4068554162007,407.6071888111286,183.8530813729465,21.118914706434087,101148.8584754991,237.7597536874493,27.685934380999573,326.36144748248057,407.61924845990137,3.830472815182823,3.1750855329553995,9.294536463819778,-47.3396526399373,26.057467582492905,-21.282185057444394
2002,9,2002-09-01,289.05383188431017,259.26908194433,0.0101465493914809,25.47278456177687,0.5372778063186178,58.990426399082615,347.94711498924306,404.4703516273064,189.2971174208924,22.359725230599523,101149.75106642715,242.46473306279037,28.85320040180012,322.0121117372316,404.4853411184135,3.891736611274242,3.253293313855576,10.39165505729307,-46.67414047069738,25.94999274311857,-20.72414772757881
2002,10,2002-10-01,287.9420858674911,258.4151553319642,0.0098812550759258,24.60455343724585,0.5280239360442053,58.8837941583717,341.88277533072034,398.7327708248493,195.31268045837493,26.51659721670004,101154.49800130828,248.34632961418689,33.23897242973283,315.9755757923579,398.7435138746464,3.989820703416755,3.3537320985642305,11.37363033751718,-46.31127394277917,25.91794258815952,-20.393331354619647
2002,11,2002-11-01,286.86349016821674,258.0788604345972,0.0096729077110417,24.07876633965192,0.5430928282600981,60.3325714883776,337.93322676843803,393.3742783557225,197.07102797439333,30.30242859795925,101152.54857161111,253.51361537539088,37.30850562601052,311.4164263363295,393.3740754347411,4.093297188857314,3.406287919603167,11.359305492087566,-49.43651037294629,26.516597511127145,-22.919912861819142
2002,12,2002-12-01,286.1163996072372,257.925635983867,0.0096279547232253,23.90341755026973,0.5259037654068155,61.42992823285834,335.4150647940846,390.1284335497023,197.3541422181052,30.675650384305698,101157.91870860504,256.2237537380533,37.871172145287,308.86018092330573,390.12039938643215,4.1697723379985066,3.446090518298617,10.955795529975983,-51.67408975896677,26.546849707508727,-25.127240051458045
2003,1,2003-01-01,286.1111365039341,258.1057160298064,0.0096453420901629,23.860938849118003,0.5344416458528515,60.82914885495761,334.8755093631221,390.1405189563294,198.11997931874637,28.682542559181936,101159.88441343707,255.5732787821137,35.47841607502666,308.8847778415354,390.1244603234054,4.174775377597088,3.465328069779559,10.919058806484712,-50.6574259475226,25.974672888662667,-24.68275305885993
2003,2,2003-02-01,286.2043956105987,258.04874384642955,0.0098376252720721,24.310900297764807,0.5238086532506512,59.98109265681386,336.1674091031673,390.9625865800368,196.9886170295541,27.00540259949626,101163.79706269136,252.66218937995205,33.783104970436284,310.5503918335765,390.9476515739523,4.11317880471678,3.4300079190650927,11.681886824022197,-48.89586997945793,25.602082263506304,-23.293787715951623
2003,3,2003-03-01,286.7719172278675,258.0904687378467,0.0098884946018853,24.28132763906566,0.5222143535858048,59.17325990177385,337.64897165428414,393.7786263117827,196.55612275831345,26.816352943766123,101167.85084003417,248.81556088380609,33.802749060536414,312.0183399954718,393.76116267604414,4.021145160852939,3.3905343186193537,12.16339855415142,-45.27304200872234,25.61316802307374,-19.659873985648602
2003,4,2003-04-01,287.7614615227472,258.4134310151421,0.009992529814851,24.780653764649312,0.5299936683067674,60.1810662207976,342.3924594077976,398.3844897122271,192.8679208280044,26.905687018281597,101161.91706994108,244.56129905587025,34.330345001513415,316.10935055110565,398.37916836696206,3.919085113203019,3.3022051751181567,11.476835689732006,-44.26872024463401,26.277787511426936,-17.990932733207075
2003,5,2003-05-01,288.77605906135807,258.9553680757003,0.0101151400886684,25.09516378263259,0.5336512915427282,59.52977804995985,346.1549042970042,403.1720484183583,190.3683392394549,27.016774561985837,101155.46958573976,240.84116934206463,34.5323096516015,319.9872223897154,403.1771057454263,3.845233639718517,3.242370043340058,10.262117470857053,-42.95729501299405,26.172739234356754,-16.784555778637298
2003,6,2003-06-01,289.3741497031138,259.3750487963433,0.0102573375836975,25.752738120692587,0.5330893230626121,58.87915028847857,349.42813158264084,406.2979051367961,186.9630430780079,24.7426708647832,101152.75476705914,237.643159552048,32.10154097988986,323.8736775903778,406.31210311932574,3.8029877345899537,3.19272660344658,9.131648269035605,-43.32124635893345,25.568651974792715,-17.752594384140735
2003,7,2003-07-01,289.75411012383034,260.03799496105404,0.0105040998873829,26.901218660346053,0.5535262200379081,58.98000808338399,352.6268650631078,408.2911697851428,184.81612076742664,22.53072718852818,101149.65664813168,235.8769033159601,29.28705909621417,327.3798908668849,408.3019600448477,3.7952274864402655,3.1734614828256995,8.813205022870845,-44.30445064084748,25.25776445592777,-19.046686184919707
2003,8,2003-08-01,289.7250023978738,259.8896990151977,0.0105315097507559,26.73663793233296,0.5407174455161121,59.20327962273012,352.94243884347776,408.2298075045924,184.94008473485005,21.1046989623141,101147.81132173576,237.55167664491643,27.64926649617192,326.9961249403649,408.2387850465229,3.8230603458719767,3.186249832540632,9.328074243372953,-46.067024376208565,25.955291445043372,-20.111732931165193
2003,9,2003-09-01,289.077868397112,259.3208240401109,0.0102637029089319,25.626038688701904,0.5434425423055977,59.21150754366506,348.7944009600902,404.77011660439416,188.8966005477253,22.24471684946136,101147.95196652447,242.29136333009183,28.79904784308197,322.33278893623765,404.7796106786292,3.888555041761158,3.250801859174976,10.343106284855278,-46.84043178874589,26.471106098087546,-20.369325690658343
2003,10,2003-10-01,288.0706170595927,258.7496775766699,0.0098877090126679,24.458432789463355,0.534388047243136,59.87455822450784,343.2315224632706,399.70392454657497,192.5711972722741,26.1807328334321,101151.74064087162,248.40262010847465,33.035539940590745,316.4005158555987,399.7096353355474,4.001233516228458,3.328518980301446,11.15708270754271,-48.976615729041896,26.836717396644303,-22.139898332397593
2003,11,2003-11-01,286.8320337064701,258.2075947579574,0.0096948712787669,24.161979655299056,0.5326696380842431,60.72856034761276,338.5077796941948,393.4598172764965,196.2641962600408,30.06822781954202,101163.2185944164,253.44299900890132,37.24892726170054,311.5489253237151,393.46284190907176,4.108780517659422,3.4129035996906176,11.298127540213075,-49.998103306702006,26.961879003055003,-23.036224303647003
2003,12,2003-12-01,286.3592527388926,258.26320978952623,0.009595088505292,23.86476880865428,0.5401396730706512,60.70179840950476,335.8819461298629,390.9891853867673,198.00285256225877,30.57374038553036,101163.2122641969,256.2379236380067,37.54966668371504,309.3193586400524,390.98177372386,4.171343782879765,3.454039966235084,10.811666990236075,-51.25914477756325,26.555175826903167,-24.703968950660084
2004,1,2004-01-01,285.96543472762846,257.9993287844738,0.0096517836613829,23.98054397509016,0.5174413968047821,60.93159040558814,335.04191476642603,389.7086821131269,197.0267431420928,28.44699336836063,101167.3672798224,255.42548039797992,35.24637630964396,308.9631869276919,389.6936852983216,4.181148248498409,3.457587594143451,10.848435341462409,-51.5993543146038,26.06373102392888,-25.53562329067492
2004,2,2004-02-01,286.25792198612527,258.1263257564322,0.0097339132575588,24.102261787418517,0.5360497339508625,58.82875103899481,334.9498068181172,391.22723953783327,198.51382146622376,26.78822826294033,101165.00101868877,252.8838409264864,33.40663932839007,309.93265027384786,391.20391644920977,4.11706678471492,3.4497726330520795,11.55671392341758,-47.751608394812905,24.99383345564587,-22.757774939167035
2004,3,2004-03-01,286.8957747686863,258.37607815330864,0.0099098605004075,24.49806525734469,0.5321962338600426,59.97374785632226,338.5993046507675,394.3443557842674,195.11232833015404,26.106624445579516,101169.37262912796,248.61717433957764,33.08628577833412,312.7420029942737,394.3331856373574,4.021358549753901,3.372712027449356,11.935142951330818,-46.525184676669,25.846131509583813,-20.679053167085186
2004,4,2004-04-01,287.86323425708093,258.4334125535777,0.0100680701110643,25.157429818024315,0.5317527368994622,60.08923749640688,342.663333790605,398.77136551673607,193.97566366820237,27.008645276528863,101164.36578342137,244.3018990264999,34.18069507840621,317.02405227151564,398.7634748741844,3.924186669779963,3.3220972826573543,11.409503623377358,-43.154185556420174,25.631390876537694,-17.52279467988248
2004,5,2004-05-01,288.5434968409178,258.9571548888042,0.0101109490115234,25.40642256635649,0.5451474560203252,60.45213132846774,346.0222080551297,402.0714412431065,189.01418774622465,27.20345135230713,101153.6141148712,240.5627008211838,34.82956866972917,319.76121410314624,402.0779937101602,3.852462680218585,3.233813797868311,10.28954526679598,-43.92239575753712,26.267546419037103,-17.654849338500014
2004,6,2004-06-01,289.3523892745584,259.4280487139497,0.0102669944391271,25.818089545993324,0.5578540025569031,60.00917025699025,350.013218920066,405.8107485138513,185.0364032481185,24.68747770411156,101137.3730019463,237.58949467847967,32.17763539293165,323.68630376529313,405.8185539577036,3.806392364978053,3.170400854805647,9.088267336025016,-45.06293374154109,26.334720598625154,-18.728213142915934
2004,7,2004-07-01,289.4574028850525,259.5606200461643,0.0104337309977786,26.626527102607596,0.5451761530347173,59.682731224825886,351.9702345691804,407.0515113443976,184.84757936738785,22.551791612906516,101147.5280232944,235.9593634889665,29.42359319106376,326.16062399929166,407.06107367474686,3.80027990708312,3.18088884901336,8.86595134786548,-44.239982543421405,25.81917290023796,-18.420809643183446
2004,8,2004-08-01,289.4560376587598,259.7245785644712,0.0104629240183467,26.47437279612557,0.5554741355945196,60.10409686813077,351.94118211464627,406.9002517865893,184.09432048907,21.14358890890725,101142.37655368602,237.73618925545375,27.78439200997342,325.662540192894,406.9116607853071,3.8308307064694183,3.1808521029245864,9.38588894775333,-47.00106566531758,26.290050920470037,-20.711014744847546
2004,9,2004-09-01,288.90798701761577,259.18710773780776,0.0101884875020007,25.565497168329117,0.5418038036840692,59.80281476548826,348.3847523473273,403.8615749493618,188.2993304099303,22.456016234346,101150.5476026504,242.4161954848034,29.03196675004716,321.67612517317883,403.872094955425,3.8934873852215137,3.246434553933048,10.46515529913708,-47.540914559171966,26.719147180211678,-20.82176737896029
2004,10,2004-10-01,287.895281769986,258.6399995363406,0.009876411313396,24.56511196232765,0.5377505801695143,60.57470674310181,343.3759198130496,398.6634283007592,191.59697600342548,26.320023940138206,101147.25750035772,248.35210551648635,33.29114093753951,316.1352673165526,398.669093109075,4.003334042919269,3.315638193421791,11.274700181800116,-49.784012515659555,27.246317304812806,-22.53769521084675
2004,11,2004-11-01,286.90126539570446,258.0382791543814,0.0096615785900472,24.08035841285694,0.5347314375819086,61.53959155180015,339.017243747348,393.8225420708506,194.8281001950807,29.84546040055873,101155.6463114778,253.47277420107213,37.19531521494182,311.56557350554385,393.8231035989662,4.112733330382225,3.39566318076364,11.23078643559838,-51.294819191608326,27.452231769919763,-23.842587421688563
2004,12,2004-12-01,286.06983356059044,257.92078258898295,0.0095907119169527,23.855160288370627,0.5368486261936126,61.62836748226447,335.5408991437438,390.0836452195106,197.459754393755,30.37906287732268,101164.08102037969,256.19181191845456,37.395119351232765,308.69931885589733,390.07501685887615,4.173764230529363,3.4503416278172985,10.744155211700065,-51.71600105078949,26.832951927212036,-24.88304912357745
2005,1,2005-01-01,286.1405640414649,258.24120604165955,0.0096832850643483,24.147457790548987,0.5368070483905782,60.74999674008865,335.78061127490224,390.2845039847429,197.75162610122263,28.156614817340504,101166.95402760328,255.2429347197712,34.7966889682772,309.5381609171398,390.2656720035153,4.168302575917477,3.458587582996489,10.676720032805008,-50.851234467611874,26.22361837653483,-24.627616091077044
2005,2,2005-02-01,286.2742937231356,258.14900244975297,0.0098014108829384,24.34164760882223,0.531486704897174,60.59787300941774,336.86084156886835,391.5250466353723,195.7782177547642,26.574170147669623,101172.06577183942,252.52623855487872,33.28801873976678,310.7905638735932,391.5054222047441,4.1114532558263575,3.414390495594959,11.429752810008496,-50.03417220801737,26.05065326464694,-23.983518943370427
2005,3,2005-03-01,286.97988006798033,258.22692867522744,0.0099095269914303,24.581984763800293,0.52244106424254,60.14905683057346,339.0868366156001,394.8420588780355,194.89116980409787,26.17123497339185,101168.12317369736,248.46135849270016,33.28974839419987,313.1849538421521,394.8250534025598,4.025602904216965,3.376013390381935,11.928693990228435,-46.45167526779426,25.884877297972253,-20.566797969822005
2005,4,2005-04-01,287.9403327696323,258.669197227417,0.0100502989872055,25.033370674804,0.5330558699927183,59.69140187920172,343.0132687194932,399.29958826376526,192.97738216035748,26.62307705292864,101161.99042897538,244.42445414190547,33.90608103726631,316.98771673528523,399.27634683786766,3.927063655858048,3.310470844788584,11.298646435898345,-44.16406799721031,26.0023105583104,-18.16175743889991
2005,5,2005-05-01,288.8214458797122,258.9295899639441,0.0101866221666185,25.44174924084716,0.5287777490694551,59.85542804687189,347.0009964398929,403.5381942664674,190.31139072877335,26.813624105779265,101157.08630917768,240.54002603796351,34.30124424462126,321.0048024170099,403.5474324050896,3.856859924115639,3.2561997044365465,10.170820453202568,-42.74101517034816,26.005432161505155,-16.735583008843008
2005,6,2005-06-01,289.5384518821447,259.5745741353449,0.0103940016235128,26.32202097998806,0.5399574927317138,60.2458734204363,351.84617331210256,407.2504517729532,184.08684254478345,24.195952933973704,101143.1130913765,237.2323237923208,31.89288919108626,325.4016721126403,407.2601870079664,3.8177860051561727,3.174910036775819,9.01411057395802,-45.44854499042481,26.454236434475433,-18.994308555949374
2005,7,2005-07-01,289.7845706720276,260.19719798272166,0.010589165528317,27.09947864674561,0.5612994636020586,59.93874216365722,353.78387498168644,408.5626068848493,183.03003561203764,22.18265801516234,101142.72626055693,235.65921103060296,29.188606426810505,328.1085059261601,408.5515268221688,3.807905484217992,3.164657998183199,8.752082666600234,-45.62322700691715,25.664288992845854,-19.958938014071293
2005,8,2005-08-01,289.6314904257657,259.9375196617138,0.0105343599216272,26.84424302003752,0.5539238140942926,59.68389277784362,353.1085281873209,407.95310766469055,183.2278966435769,20.932198746581168,101144.76685713092,237.47947375214736,27.588111068384094,326.89638688935446,407.9422958388052,3.8363583542051103,3.1761908954339884,9.323061564349292,-47.595664786767514,26.201329472081113,-21.3943353146864
2005,9,2005-09-01,289.0411869713622,259.4417875147813,0.0103291423177443,25.987090866601456,0.5431833065008329,59.826699753072674,349.6912614864536,404.55415585852336,186.6997770665227,22.38330776915861,101146.3144890054,242.09258167690905,28.954377067040763,323.07389090860926,404.548545688252,3.899159108089189,3.2311552903905225,10.397203775405297,-48.82173531250422,26.611760407572945,-22.209974904931272
2005,10,2005-10-01,288.1107084197312,258.83085129461216,0.0099384278399945,24.92439668020959,0.5366879126901701,59.88803364613107,344.4814604566889,399.6967156252938,191.40849842922736,26.094937757578204,101150.79165995306,248.0700278994576,33.02896454979985,317.23190227613003,399.689351367456,4.006291146659041,3.3228846533512337,11.071540012387969,-49.72750267800859,27.24219392272113,-22.485308755287463
2005,11,2005-11-01,287.0045302086822,258.20562191979474,0.0096709494462598,24.05524742128228,0.532823748408251,60.84341227496549,338.9818729351139,394.1105263435983,194.8658343537126,29.95917044822085,101148.34610161449,253.5028469829847,37.21556141794549,311.7671084672931,394.0850813196497,4.117026598986522,3.3977148711214755,11.107413732490944,-51.38062165954747,27.18931944387225,-24.191302215675222
2005,12,2005-12-01,286.30643264994933,257.9824591528608,0.0095378753396239,23.75520855048454,0.5335634586404191,59.98432425683731,334.90850386826946,390.8392781176595,198.7556175157144,30.107967169716684,101160.81786680483,256.2055775770177,36.963224456752506,308.90870861573944,390.8075356011527,4.177968879316072,3.4696264957577623,10.60228178381571,-50.59470277426752,25.968052736023253,-24.626650038244264
2006,1,2006-01-01,285.98085452743635,258.0620394516742,0.0096859256869236,24.221649463852533,0.5481246300663534,60.85867417536261,335.2794967501674,389.6372797496738,196.9599618929443,27.819768214788404,101165.0597383609,255.2084227784327,34.53175690821801,309.23470998241623,389.5841485645882,4.181063067775876,3.457495550665808,10.577512802339266,-51.536472192058795,25.9916555826656,-25.544816609393195
2006,2,2006-02-01,286.368730760734,258.09592433568275,0.0098556704274319,24.54006680262509,0.5290448551903183,60.71533275869363,337.1936575068136,391.6725374444795,195.5130927985092,26.11352544420164,101170.1022236124,252.42995356538165,32.857436131847464,311.1264273144386,391.6265419824455,4.123162803772424,3.422439752412642,11.28687537895405,-50.17295007922661,26.021234730341007,-24.151715348885602
2006,3,2006-03-01,286.9049269263323,258.16327003757965,0.0098981838743028,24.50878580665398,0.5414471249956646,59.41866783960205,338.6140239358372,394.225142776423,195.23513035975012,25.813701460295626,101166.02316860296,248.469633825701,32.82763863228852,312.70375527019894,394.1895704353597,4.02211442444202,3.377343213099609,11.774485807975106,-46.220566293958,25.874696324574984,-20.345869969383017
2006,4,2006-04-01,287.8082637662385,258.4405076645541,0.0099991085984876,24.910417008489738,0.532575619155984,59.92796984832636,342.41916847470804,398.55382510521264,193.0451147225906,26.689595677904208,101157.43665716272,244.40516931229237,34.00775972876565,316.4292709745541,398.5289521127162,3.92234154683671,3.3072496519716807,11.280991746046146,-44.041890538840335,25.965024507657517,-18.076866031182817
2006,5,2006-05-01,288.69705725635345,258.6650068939635,0.0100416900794396,25.08112807105079,0.5318934480377835,59.49588519025466,346.0287526405419,403.0417282073524,190.06518389713304,26.560829475278812,101147.39114599075,240.6351199346239,34.34066604937636,319.7648275672993,403.066654028343,3.847565615414589,3.242544836108852,10.17327612324126,-42.79009946339332,26.288850894233235,-16.501248569160083
2006,6,2006-06-01,289.5428632370589,259.5343189513258,0.0103252793671726,26.144469969241005,0.555182019212445,59.48396634046885,350.8560317021354,407.03177669284497,185.59019011037148,24.633709659458937,101133.02319791605,237.29499404014524,32.10040282148775,325.0392149033329,407.0711682524702,3.802501653046371,3.176854829935121,9.081576014148434,-44.23811076774493,25.85620835842775,-18.381902409317178
2006,7,2006-07-01,289.7070621352387,260.13098905841133,0.0105609835140732,27.062440652465927,0.5536395423928088,60.33563915699658,353.66630201694426,408.0461061700232,181.88740547638795,22.171639969929075,101134.21728523662,235.61203023780288,29.26423975213178,327.71182242392183,408.0648852458656,3.795673468761325,3.138918260932094,8.77163588833267,-46.63202497921225,25.973258668864787,-20.65876631034746
2006,8,2006-08-01,289.6722320894202,259.9730453960105,0.0105467668418373,26.80834910622936,0.5524421895756062,60.13778394040996,352.980691022272,407.8688066676088,183.1169705499753,21.06339587632512,101135.58149952209,237.4777035071525,27.69288989712029,327.0582082402634,407.8703040715616,3.8267467226182914,3.1655813833617152,9.353893645830585,-47.731238936382056,25.923980185961398,-21.807258750420658
2006,9,2006-09-01,288.99584317663425,259.43234769849977,0.0102572450390692,25.866148615454566,0.539705241522504,59.61622399797313,348.81579458685223,404.3171672662129,187.76047497970208,22.380349146236377,101145.47936600832,242.1537831535027,28.892307371616745,322.50898969726967,404.31878782430607,3.895284133011197,3.240303553420853,10.40665440808998,-47.88134994842025,26.308425447675745,-21.572924500744506
2006,10,2006-10-01,288.04196498321426,258.87559771653827,0.0100148934919269,25.12657755557362,0.5445430148387846,61.4191976400583,345.1198638267941,399.4705731628961,189.63650272654417,25.95297184410035,101139.36768782984,247.9165338787294,33.02566429867217,317.58746620408755,399.4575799657194,4.016504099199201,3.3068267637610385,11.091852696771678,-51.20733869761344,27.519404425529842,-23.687934272083595
2006,11,2006-11-01,286.9618969639352,258.2394955071201,0.0097069368250021,24.14643150696164,0.5350178021837768,61.19931704261494,339.09841438566826,394.1402820884269,195.45225943169575,29.8124713324714,101147.52239821358,253.3846382817544,37.08714230009506,311.80938481234665,394.1053208889247,4.131246572073596,3.421571052956704,11.089434486864118,-50.657707882435005,27.25406837381945,-23.403639508615555
2006,12,2006-12-01,286.3863663263768,258.1416362833095,0.0096602224823378,24.06117344404685,0.5492874398758721,61.50089617948096,336.38854460787337,391.247850978672,196.9591177528628,30.17982120992968,101151.70728886683,256.1980732694194,37.10982885239262,309.52236385866667,391.191989749119,4.189686288476572,3.454227512973066,10.49922089364894,-52.30894787409369,26.810319519653717,-25.498628354439973
2007,1,2007-01-01,286.2644667688073,258.4740760536675,0.009713744748772,24.15537793929813,0.5395114985922232,61.54436925425266,336.4104468976854,390.7620725083097,194.9705007106064,28.128253521808876,101159.48932858446,255.39033447458425,34.952519133326994,309.7342443879372,390.7351522442007,4.185784975392685,3.4294649077750994,10.700690445915155,-53.59556815245975,26.6492822456392,-26.94628590682055
2007,2,2007-02-01,286.26055178721896,258.12082456258327,0.009774575109091,24.19047890057012,0.5189041897864217,59.95133580194754,335.93539125783406,391.37483400316296,196.5654422075737,26.8947276673337,101163.58040628934,252.6818665260692,33.45585205398598,310.4329763285899,391.34793698442286,4.122645484269654,3.432378649171299,11.493314354346325,-49.55529993184322,25.47551791050404,-24.079782021339184
2007,3,2007-03-01,286.8914162327505,258.3247784391267,0.009915580418685,24.561557371819568,0.5305704070884045,60.04506733001238,339.24943517592993,394.4277056567332,193.99460625981,26.270714785506435,101168.26825474166,248.45946639445572,33.332771843999026,312.99815337168184,394.3984786618141,4.024050836945379,3.363729412055505,11.876512856929622,-47.402803076153134,26.222054809328995,-21.18074826682414
2007,4,2007-04-01,288.0136889631535,258.41756519796064,0.0100260627701611,25.040696282120976,0.5205444291492844,59.82277824119465,343.52489826361057,399.58902049962063,192.8846545248736,26.717431601863133,101158.1467216287,244.2877525155984,34.158073654589714,317.1923991772845,399.5761138672351,3.923585556574559,3.3114869489736134,11.30500099821043,-43.962455937998214,26.319592453940515,-17.6428634840577
2007,5,2007-05-01,288.8014681420199,258.9388759964365,0.010170486711463,25.46875926083368,0.5304135526909106,60.25904434236182,347.1248930710768,403.1712555596227,187.97013966068164,27.09092286176713,101138.4342367148,240.52543749104544,34.80030503325835,320.73913217784576,403.17437549963785,3.8567750735831177,3.22304510924476,10.25662878374779,-44.84591565887257,26.38888083324622,-18.45703482562635
2007,6,2007-06-01,289.46734724399823,259.7313261722169,0.0103484293285013,26.40438829245565,0.5551187196692319,60.40098874465039,350.981876099129,406.5519698923116,183.886033832762,24.158909491712546,101130.78659399188,237.22108964309373,31.89199691670588,324.9611743085828,406.5585079860736,3.81223076830076,3.1640560399677105,8.99767909439994,-45.60196838533838,26.027239884308187,-19.574728501030194
2007,7,2007-07-01,289.7881811290773,260.2184728714332,0.0105665023470637,26.970402851565325,0.5535598059297607,59.93030070919413,353.1434727370047,408.1863771631621,182.28770973648415,21.895651864272764,101135.3401711048,235.6680112530917,28.788287101357817,327.777148588028,408.1920784818951,3.806907598325292,3.150781039090281,8.619439844877194,-46.4876662795225,25.372025467709705,-21.115640811812796
2007,8,2007-08-01,289.61837918389085,260.17994267033066,0.0105492105467835,26.975578677097637,0.5629783951753189,60.80728209427362,353.49863689482635,407.4393215206099,181.78009470177173,20.637477847428336,101132.11740892206,237.2464218332349,27.310171635347217,327.049463872735,407.4451983997778,3.829116631965489,3.153384652355951,9.125526972158037,-48.793633343544286,26.455049901259258,-22.338583442285028
2007,9,2007-09-01,288.8674558769592,259.3743630091535,0.0102149159590698,25.78767918367925,0.5530197215882909,59.71186863739041,348.4332832259163,403.7561302738901,187.00539570784773,22.42053887541645,101139.41536872702,242.1392474824927,28.942237972915784,321.8418385586301,403.76413687065184,3.8940122070114938,3.2300002616727594,10.291005977949196,-48.612152677145616,26.5994512640479,-22.012701413097716
2007,10,2007-10-01,287.9459507538052,258.6659290217606,0.0098397824681406,24.56454389357678,0.5386604861070954,59.99897583819549,342.8478759478955,398.755996806721,191.93738945218217,26.51535285468905,101138.0692355112,248.2266592274196,33.36395935455135,315.87665973122813,398.7559622679895,4.000653459257474,3.320337977060147,11.1397385016897,-49.4406632753751,26.971181677935874,-22.469481597439227
2007,11,2007-11-01,286.80632077570834,258.08152860439185,0.0095683642774823,23.78293613231953,0.5390709096111176,60.81961386141482,337.339636644336,392.9675396523989,195.22066452982995,30.40855469232931,101139.29479786444,253.5358885226445,37.522036233332734,310.29312106527203,392.9657765320626,4.112037949706123,3.3981517726941046,11.232281928845792,-51.20174245181116,27.044752458727658,-24.1569899930835
2007,12,2007-12-01,285.99239668605094,257.9805981924044,0.0094834970877513,23.62703236508965,0.5386742557170644,61.98236531021288,335.2041613814902,389.2884268812676,194.8884999293132,31.15736920380198,101146.34919814407,256.31513823742563,38.612001297154,307.68350964692866,389.2795843830367,4.182164977245234,3.4211778084342352,11.075329275061094,-53.9720062147604,27.51180923633069,-26.460196978429707
2008,1,2008-01-01,285.59229843895554,257.7061810483241,0.0095601272460095,23.79959882874396,0.5322958401853122,61.582327052304194,333.44453030453013,387.83299426145146,196.1930788282469,28.56631258123705,101162.16921446956,255.58635026655983,35.54636467644399,306.93418139918634,387.8141533223528,4.176661232463,3.4374798298155884,10.91906851082944,-52.413219343105965,26.491507966245138,-25.921711376860827
2008,2,2008-02-01,285.8806686301625,257.84885407311475,0.0095919456646051,23.75545276637684,0.5363945184906443,59.78463809989965,333.80595988960187,389.3720788132733,196.1405472523265,26.87552416290113,101164.40481562396,253.03065267848544,33.6287971758012,307.8366041462713,389.347180609478,4.11827807008582,3.416325024891776,11.587142146658614,-50.13683241325887,25.94445753953528,-24.192374873723594
2008,3,2008-03-01,286.88791003970005,257.77818484164703,0.00973285156111,24.151405270780412,0.5198197583538143,59.95301192939891,337.76253801112506,394.2769901984409,195.5878009657296,25.99852880523377,101149.7232328701,248.6538937464278,32.96768772929632,311.8258974439676,394.2600120694148,4.0291930739316735,3.387967501074477,11.884053878384698,-46.096933856635644,25.919662438131354,-20.17727141850429
2008,4,2008-04-01,287.73180047404844,258.1289525762831,0.0098177947915054,24.460254006305064,0.5201255942302208,59.58468925094687,340.8529092916285,398.17968039785023,194.11950879821012,26.95332182998808,101143.75375486002,244.711946072813,34.09826879190652,314.8816030524711,398.1736919248474,3.92975095750941,3.3263593997851397,11.409268170516338,-43.44749031268444,25.965317766154556,-17.48217254652988
2008,5,2008-05-01,288.6688272241498,258.4988932924159,0.0099669945752458,24.927164900170336,0.5143439293015599,59.72657852771769,345.3738094456597,402.8253304923908,190.50940374423985,26.46223467156704,101137.70155631928,240.71709986468215,34.01039274911574,319.19460097923104,402.8372881789374,3.858122526426367,3.257380947024191,10.119943604968515,-42.659538042893615,26.191166152975256,-16.46837188991836
2008,6,2008-06-01,289.30009181195425,259.3099636329261,0.0102277250302683,25.902973124498946,0.5378785043999373,60.01008208835794,349.48380656266886,406.0060049430601,185.66483557723632,24.37838396712765,101138.98367134664,237.4892991712146,31.579381585157112,323.56002180785345,406.0138969142976,3.811582291347911,3.1835831881858554,8.945343254914103,-44.62346597594885,25.931676726052956,-18.69178924989589
2008,7,2008-07-01,289.7081500332638,259.8632163069226,0.0104536390494928,26.700233907721184,0.550150000649988,59.66459764956672,352.3413084081918,408.2111115251362,184.0613002108598,22.205217327329656,101135.3050652095,235.9297519288523,29.03023095920534,326.77857977889323,408.21916002551615,3.806009170382107,3.172651770388362,8.704830078845509,-45.04343808611682,25.57077712967856,-19.47266095643826
2008,8,2008-08-01,289.4915441812228,259.71549626179257,0.0105042537800369,26.8542865729554,0.546271857377399,60.15931417410666,352.0417469023731,407.1799486512784,184.47583526139604,20.902014920172384,101138.96876439372,237.55134146938957,27.41937167595956,326.110915771331,407.1866412978057,3.83345040176104,3.190016218949212,9.243179557390434,-46.55814945220635,25.937523777569425,-20.620625674636926
2008,9,2008-09-01,288.9002876488359,259.3407417878232,0.0102308980387751,25.84221682091676,0.5408488977267476,61.257473440064366,349.1296555194599,403.9863003016104,186.1852690271033,22.041491768494964,101141.3473826498,242.22133886411095,28.704859161185528,321.90555139610314,403.9911937487181,3.898954812058191,3.2255845821129294,10.217406768529154,-49.37270244431707,27.228997570464458,-22.143704873852613
2008,10,2008-10-01,287.9682245036625,258.5567818669063,0.0099420955346649,24.977536886472866,0.5379665839361631,60.78207219185544,343.80953338004264,399.161419837253,191.0397483292888,26.20495804328355,101145.06813196764,248.2057804228601,33.092677916795616,316.6491368979051,399.16302358513633,4.014022805955062,3.3198583797344736,11.059807563193116,-50.278312220059206,27.16200023002085,-23.116311990038355
2008,11,2008-11-01,286.87342565545373,258.21392960865586,0.009667496819261,24.249596322304345,0.5385685382365806,61.55743163412118,338.93444488998927,393.5296528533687,193.71430918350785,30.00737229800397,101143.4792972858,253.4868279204237,37.44038978032843,311.4367097873306,393.5256109461373,4.134748603755522,3.3988444299866143,11.2296104633381,-52.3395012545914,27.493693195427284,-24.845808059164114
2008,12,2008-12-01,286.0530646321224,258.06923147070063,0.0095073002471054,23.81722265573019,0.5233170335256508,61.95700079207531,335.33057859492817,389.9690490765565,196.3222722465774,30.494724115052367,101155.50349105224,256.374042136062,37.75542499448117,308.18584851807697,389.9630390247104,4.196509486093466,3.4512176954016653,10.802853542876608,-52.79106901005579,27.138720025005114,-25.65234898505068
2009,1,2009-01-01,286.08501791311505,258.0326347752776,0.0095919893233846,23.967019382308507,0.5338406400438841,61.09957477206744,334.4391172738977,389.98975577221967,197.32510115947736,28.25005483977011,101156.0334627256,255.58767085456685,34.93066443726306,308.4367185809196,389.9772742159013,4.188582111773944,3.4638900112684103,10.44958179360534,-51.58196009759655,25.9899171366597,-25.59204296093685
2009,2,2009-02-01,286.1870377976935,258.02803604906165,0.0097731665844752,24.48487548972333,0.5272775537001498,60.951970486361816,336.074314085174,390.8220919977535,195.3910240615637,25.749482629418782,101168.12133009464,252.5533718702584,32.30006006836392,310.12052685481547,390.8048065292022,4.132125534686354,3.4270939151025988,10.816313659372618,-50.611770369749564,25.93650176180728,-24.675268607942286
2009,3,2009-03-01,286.74821499516867,258.10368515954497,0.0098242889407798,24.53931883493072,0.5163121358190558,60.816095473516455,338.4974870142692,393.7841518567509,194.0680385001564,25.14761105829021,101171.10887242304,248.40572655587704,31.95077789625361,312.17433025040344,393.7700291919483,4.020742487553294,3.3648784886801457,11.33586486432056,-47.53452121775723,26.309034099063183,-21.225487118694048
2009,4,2009-04-01,287.7256185012715,258.3359613865691,0.010002133139036,24.878825778523854,0.5280334358268464,60.22160673502182,342.131757506183,398.3315163894093,192.1251548550444,26.010460311918383,101161.7546588334,244.3937117366287,33.11164704841349,315.9008204481926,398.3281550152689,3.919270095996474,3.2937867921140938,11.02774720163448,-45.167370145089194,26.22757568385009,-18.939794461239103
2009,5,2009-05-01,288.6923956414644,258.77018823640964,0.0101425079107076,25.32881352079224,0.5331355755214479,59.45871286847524,345.9401123572933,402.8191728822496,190.95486752877147,26.924665337809444,101147.93820613,240.73113268263447,34.32006093914929,320.0630442440314,402.8474604657689,3.8572611485447696,3.263419657032584,10.181487253093495,-42.38086955252314,25.905355696781214,-16.475513855741923
2009,6,2009-06-01,289.3673090296139,259.35006317121747,0.0103568768869092,26.21144738385657,0.5348324739894265,60.1375601889356,350.4813451458539,406.47748536092666,185.5381656523989,24.755436828182223,101143.5182545582,237.46244415695472,32.41581334595053,324.60535699811084,406.48916478882,3.820633681008807,3.1937591110294297,9.188756784508085,-44.26390198678749,25.887667575636385,-18.376234411151103
2009,7,2009-07-01,289.75359645299693,260.31079974765896,0.0105904810598443,27.16612575800341,0.5534426911108574,60.19434570314274,353.5183993338136,408.2338156344806,183.1848073895906,22.65942201775029,101141.04560803049,235.8685436961917,29.763272529122965,327.8911422644095,408.2402441403139,3.813309391286423,3.169795603221441,8.941892015116197,-45.57988579522845,25.633685575237394,-19.946200219991056
2009,8,2009-08-01,289.5561178433827,259.9482163994525,0.0106236199677326,27.134282021436952,0.5429639632373083,59.24967548054634,352.5255360844381,407.5180964487363,185.09079776638555,21.474279871164654,101150.48108165192,237.5183150384229,27.90593067608661,327.28401683996725,407.5232360819607,3.840277325601756,3.2047050419741585,9.464670716117196,-45.995866467115405,25.246658877695268,-20.749207589420138
2009,9,2009-09-01,288.91499329890127,259.6147952036656,0.0104371365718813,26.51942418351156,0.5504457458289184,60.7210096225972,350.2722639771764,404.0730341154864,185.97790220610952,22.546050120709875,101152.46523613352,241.91221711547908,29.29111891696428,323.54397906662626,404.0811861679944,3.905194126996964,3.230885588212697,10.540818841640643,-49.18924611311516,26.736436963058168,-22.452809150056993
2009,10,2009-10-01,287.84556911950625,258.667512083652,0.0099628838500049,24.900092968134533,0.5334334075221479,60.8894198998633,343.7447506967543,398.68182179241785,191.7296433963369,26.65079372869725,101142.4482596192,248.23771947380908,33.76802343878681,316.3639783690117,398.68786515645706,4.014084348029184,3.333214617337852,11.325488083053196,-49.39084636738258,27.386815691781806,-22.004030675600774
2009,11,2009-11-01,286.8740267855249,258.29432858798907,0.0097520739111339,24.378631877395964,0.5381743375036098,61.6938763911755,339.0603135334717,393.9054075365616,195.57050206092117,30.478974055385606,101143.4420245785,253.40601717337023,37.89695072525551,311.90573288748635,393.9012609234041,4.127024482107493,3.4201708629751835,11.337070895080384,-50.41753844257914,27.15043403282783,-23.267104409751312
2009,12,2009-12-01,286.14298430825886,258.000194817843,0.0096457919417058,24.00747178082513,0.5268416131392727,61.58502004832911,335.3608915944412,390.7080440511634,197.8737899761013,30.927645514169686,101151.574777698,256.26515132250813,38.01529517865537,309.13896800922623,390.6952447970874,4.193090525176809,3.4705322664467744,10.74576408017989,-51.30371168192113,26.20912433113898,-25.09458735078215
2010,1,2010-01-01,286.0097411753943,258.4658800316322,0.0096954532225744,24.330629364822947,0.5659725142925683,62.13596588462313,334.3962478034243,390.213558826417,200.50812642986332,29.03294039511031,101145.66453265272,255.38471511438635,35.37209704042804,309.3987865589898,390.1942222855765,4.188021764459992,3.512586868564967,10.623407904794918,-48.5374320392053,24.97812470359395,-23.55930733561135
2010,2,2010-02-01,286.30825544687224,258.3965822715819,0.009917839083487,25.02534526693358,0.5560642777604867,64.52028842815568,336.68661954435106,392.0019186296803,198.80837094758317,26.38633062161204,101148.05857920954,252.27399859334372,32.73597983000561,311.8828898339189,391.97810651315785,4.1305531198373,3.4777224978644745,11.06075395832071,-47.11597843736698,24.779917593909715,-22.33606084345726
2010,3,2010-03-01,287.011259008279,258.59405278515027,0.0100299213909168,25.198643075365663,0.562590009638806,63.60513631909165,339.2224202592184,395.2499265349447,197.40800338101675,25.702461322884588,101142.80163218269,248.19152018369428,32.10962815968147,314.2399663918834,395.2331542470739,4.024727488478586,3.4155726333432224,11.455854929753162,-44.37634996588065,24.965681579464217,-19.410668386416432
2010,4,2010-04-01,287.89173453551365,258.6196352882112,0.0102149391011405,25.922217199385265,0.5512078729490293,64.4776355027617,343.9205217070791,399.59987840072006,194.30601708339896,26.3263621777205,101146.81282160916,243.8266463257137,33.26938859533705,318.4777291828794,399.5927520139113,3.920097544940672,3.333932064422482,11.111935557500274,-42.577602824698204,25.435666137390967,-17.141936687307236
2010,5,2010-05-01,288.6800419237958,259.33357835581995,0.0103471207522467,26.330584688378742,0.5634845312329092,64.15542735911286,347.8632775142049,403.2144668162477,189.38653674980728,26.49841484028408,101134.82891434531,240.01950264461576,34.03173940137996,322.00497235813884,403.2282277347993,3.8477839733334345,3.24450575520887,10.155040084268688,-43.09964133371261,25.872066074617692,-17.22757525909492
2010,6,2010-06-01,289.3113880933732,259.90072161676727,0.0104495328850543,26.94082514955128,0.5616359139932773,64.15344030879437,351.5472455438938,406.4058693229887,185.43108024389207,24.60476666493354,101129.82441624832,236.96918530645536,32.17738394210888,325.7623614932283,406.41999900781184,3.808892466880666,3.189955626848321,9.159497415090447,-43.96548778538795,25.799013735488643,-18.166474049899307
2010,7,2010-07-01,289.5280064297481,260.4178826716749,0.0106496043333446,27.875698274954747,0.5848585156656937,64.24967267931346,353.9900589493903,407.8038243588453,183.6499728337563,22.62328980278415,101132.36293383013,235.31673385666335,29.524111961969297,328.5332811148532,407.8171441521917,3.8034858033588095,3.175694751596683,8.936517479212643,-44.765938863721885,25.47009762788349,-19.295841235838395
2010,8,2010-08-01,289.4186463566821,260.23070315154644,0.0105786548310748,27.50015177603161,0.5831005949853169,62.57998252357192,352.1706866859428,407.08453638768384,186.63781338087944,21.52263849874744,101131.00192751388,237.243175789011,27.842606696525245,327.2834799554629,407.09474691396673,3.831887934598074,3.221446135905913,9.485845611209438,-44.28539421035373,24.89741725676282,-19.387976953590908
2010,9,2010-09-01,288.75953466250195,259.6535863884027,0.0102741244885148,26.30480154487402,0.5766348339261286,62.73901317546827,348.2617584351035,403.37194439903845,189.9238013524956,22.74759986253305,101127.03054868628,241.9674891883629,29.191725769214507,322.455586126815,403.3894737153341,3.8934911643882617,3.272379324989823,10.537885126900024,-45.59956192918585,25.823701624584146,-19.775860304601707
2010,10,2010-10-01,287.7893393525847,258.69706162126187,0.0099241132432738,25.161001168847072,0.5650422317058676,63.253577120511935,342.9566194591073,398.34898785519295,194.04163706503604,26.993126974408494,101125.68588470473,247.99680766606647,33.79222107048801,316.567176840373,398.3590531746542,4.003464170788384,3.3559761904932413,11.400346986589586,-47.1560765049509,26.39950793819554,-20.756568566755362
2010,11,2010-11-01,286.8128131268574,258.2306050270006,0.0096185076961811,24.22114079126984,0.5611729575456832,63.64177826106895,337.8365530957735,393.4294245461529,197.7779247477484,31.11750928401144,101121.6042614542,253.47884780581197,38.231324765937046,311.1576137152817,393.435539899776,4.121021046613134,3.444803361919186,11.412602261303814,-48.58710757613798,26.685054734114942,-21.90205284202304
2010,12,2010-12-01,285.92455490866644,258.0812233114187,0.009425825760742,23.791741960544336,0.5499200064366692,63.88576727160024,333.1859621476393,389.3711120669929,200.53996584290448,31.667988590435883,101131.35398319132,256.36395708098456,38.63654769807327,307.55565476068784,389.365072239771,4.187698404626652,3.501924086514137,10.946753071864592,-48.85543213044269,25.62426755972956,-23.231164570713133
2011,1,2011-01-01,285.7125482822459,257.81394651879214,0.009575425568525949,24.197189570162568,0.5515196380517426,61.34170693091009,333.9284731412697,388.5107707591357,197.79772375630944,28.86054120532266,101177.81754923517,255.76691233316092,35.624458945648456,307.955384822558,388.48242022058605,4.19116382129274,3.4723822104196684,11.006099001048298,-51.20527083652566,25.944737780161987,-25.26053305636368
2011,2,2011-02-01,285.9211425499761,257.88769146809165,0.009713365517480348,24.27346676064739,0.5543223357891772,60.41602230201836,335.1390361291488,389.93704840146677,196.77524944375685,26.807055582201524,101168.5102721975,253.0312782947669,33.54302252198273,309.2384693198725,389.9082891783025,4.125258274712781,3.4363982684932846,11.590878148139693,-49.520061911228844,25.871807586111984,-23.648254325116863
2011,3,2011-03-01,286.68926326892307,257.8175002236617,0.009813957872381448,24.645645273262627,0.5482676977341561,59.44927851660606,337.85144848997425,393.4912593961195,196.67841088645008,26.782991376097527,101177.39352573361,249.0789713743269,33.78235011958256,311.884893285655,393.4635217474173,4.040266871919578,3.40865321178987,12.121426310796414,-45.40120174439178,25.938817555617007,-19.462384188774774
2011,4,2011-04-01,287.72623333463804,258.1536561554433,0.009976996473332249,25.176755684021817,0.546954908646686,61.35559113425728,342.81646608882863,398.4430953436839,192.6731047560165,26.66224284292832,101161.04003585211,244.83757478462468,34.098361974059955,316.3412745625867,398.4319776452854,3.9501904929999294,3.325399009080073,11.301574120951484,-44.72835089747655,26.464073827843336,-18.26427706963322
2011,5,2011-05-01,288.5551923827891,258.79589371131476,0.010099035500097749,25.670836173196115,0.5447953562433435,61.61248298993249,346.0567458583443,402.2406791428488,189.21381111806616,26.76096854628514,101155.1777824222,240.9578244950894,34.174765812615775,319.9824216085596,402.24637208146027,3.8813487555564388,3.2550678680746543,10.100436993301491,-44.33021611069261,26.0800171883961,-18.250198922296516
2011,6,2011-06-01,289.36019556685494,259.7806347245116,0.010336637425290148,26.391916760198466,0.5654982282178657,61.540894228998155,351.2624888601734,406.2800761707204,182.52252240944,24.201384511726808,101150.75184965282,237.74578722194676,31.761208643811077,324.73506278934383,406.2932255526258,3.8395792822357615,3.162595902211118,8.930045650128143,-47.66344068042249,26.540575452734927,-21.122865227687566
2011,7,2011-07-01,289.7236031238524,260.2171509368879,0.01050840979677375,27.077188897115853,0.5829535856108146,60.80540372360189,353.52675209586397,408.04237353776085,181.98009607014413,22.270474169736527,101148.2807118284,236.23907929916814,29.281927748996388,327.62951655021476,408.0482271432019,3.838275666995004,3.169396349526958,8.726989955269184,-47.24752964976417,25.903089151090242,-21.34444049867393
2011,8,2011-08-01,289.54600722870384,260.0661080309056,0.010520497678885748,26.986232117496314,0.5794767128936202,60.13478994890285,352.5249926175159,407.1704298754132,183.45301850796528,21.00731939666484,101148.13983479592,237.92310909686708,27.58698369718715,326.69478348796156,407.17684904591584,3.8589120831830224,3.192515074185364,9.270562379439383,-47.890426288379494,25.836628300056944,-22.053797988322554
2011,9,2011-09-01,288.81392729748035,259.35211680088327,0.010185115322075949,25.760290608672467,0.5638244851165417,59.18644374150984,347.5710783815868,403.3711826701345,188.55827269924916,22.51858235339943,101149.90165779467,242.76792190158187,29.005957571424364,321.4576870322589,403.3810517968014,3.9184107348672454,3.263506238557848,10.375961013126904,-47.7222739843078,26.12326047599477,-21.599013508313032
2011,10,2011-10-01,287.81969844941426,258.4439334959808,0.009858954575315548,24.64115797778602,0.5463803599172415,60.84736147268357,342.44550604288935,398.28114836966637,192.9116942489585,26.38294214813636,101150.44339940957,248.67931587498342,33.454738317040835,315.53786566429375,398.2870014858048,4.027034247763378,3.3525699708946815,11.242860464014417,-48.69582545712043,26.913493494734,-21.782331962386433
2011,11,2011-11-01,286.60280124887856,258.05651719167514,0.009587392919067649,23.941041255314758,0.5609121212716145,62.26507715329386,336.9715326598574,392.2818209661188,196.39845637046074,30.75258946352254,101157.51306663685,254.0555028988774,38.145841183024515,309.9770235248517,392.2768177122842,4.140255717153809,3.432500772938093,11.51176378608601,-50.26379480891469,26.98950588117107,-23.274288927743623
2011,12,2011-12-01,285.9780310746402,257.9749201568706,0.009470553045337848,23.737325841928225,0.5494505789490346,62.979875237758975,334.68760174740083,389.1855731454389,195.67346936142897,31.24220024763437,101158.10927010514,256.85134565598173,38.77967696683936,307.4381594853948,389.17835307313425,4.207421823659032,3.4447974827417935,11.06963797433603,-53.640399575347764,27.24222218970131,-26.39817738564646
2012,1,2012-01-01,285.67227147255716,257.5805269473978,0.009423780427537248,23.485893776705943,0.5379622005443155,62.41369727979237,332.5026728054405,388.3094608384279,197.9629312005149,29.1993316811133,101165.17469411713,256.38826844941525,36.084384736891934,306.38724154165084,388.29455102775904,4.2143324160675855,3.4852873025684827,10.93768269608567,-51.540284193121686,26.10052145312075,-25.43976274000094
2012,2,2012-02-01,285.9326472035733,257.57457196987394,0.009561495620026948,23.98920290433224,0.5322428022661474,61.62052055790416,333.5025027060946,389.7439935990379,199.5077098158943,27.275928325623347,101176.1500111098,253.4916813566521,33.90586825728237,308.19797481249657,389.723153949794,4.147572940862199,3.4858348003961703,11.63620820791367,-47.35403160909879,25.28368824435411,-22.070343364744684
2012,3,2012-03-01,286.63607535123384,257.9008516310856,0.009749140536144748,24.362340366589102,0.5529910438387865,61.97447639545884,337.25831220965796,393.07554244687174,196.0808378373662,26.69752372154518,101170.99870558445,249.2170601470049,33.74114820547387,311.2098943986851,393.05278569893454,4.048405568382463,3.4051457560555605,12.070299174169937,-46.09259782571004,26.025661063035628,-20.066936762674413
2012,4,2012-04-01,287.7949647283695,258.34416998023704,0.009907544476448548,25.15345561379399,0.5445442276341994,62.4187477910188,342.81264886280064,398.73536149025784,192.66049934969297,26.85326548570469,101158.15828774527,244.71316342281756,34.267228828375046,316.522286399621,398.73057235669864,3.9493899698748205,3.325148236874093,11.396903504228392,-44.63870073045424,26.28557332962039,-18.353127400833852
2012,5,2012-05-01,288.80743762443274,258.8096214291395,0.010092365296447548,25.603342835471246,0.542972570005055,60.43648495482992,346.51194979024746,403.5637938469021,190.44235357808222,26.80603062397456,101151.14557682369,240.9335666813157,34.31154166632056,320.66345714611106,403.567929607836,3.8754083856544397,3.2683522060985624,10.162736167340702,-42.98570206088748,25.852628405070234,-17.133073655817253
2012,6,2012-06-01,289.4510114833516,259.6787951346689,0.010313623953937848,26.213744771779005,0.5643080458722274,59.55059451449912,350.64611194003567,406.76762528560397,185.02682330154082,24.085075464335308,101149.00700510266,237.74206014384131,31.370069635148703,324.82816552546046,406.78085122560736,3.8330060212055836,3.1883161019970276,8.886557959620593,-45.430242671487115,25.831172354578555,-19.599070316908563
2012,7,2012-07-01,289.6792064492125,259.9857316557188,0.010566994419132348,27.250029053715878,0.5742140312643534,60.31387862978741,353.2376878583885,408.0066440407121,183.0137284453403,21.963767549678852,101156.0163545421,236.1072407188652,28.805895351373316,327.772267363053,408.020965942901,3.8298855069018756,3.1751178011383785,8.657543493152826,-46.25138447183047,25.479742397524333,-20.77164207430614
2012,8,2012-08-01,289.59839207320925,259.9346237654899,0.010492471094072649,26.803451583302127,0.571534305424734,60.14681380728859,352.4084248605713,407.48023006129154,184.6759025742557,20.89127293577766,101150.80838687526,238.07148347189784,27.38390447054372,326.5806188527876,407.49368867833846,3.8587744134502375,3.2081709511640026,9.205009731796183,-46.90294936287608,25.841264624830572,-21.06168473804551
2012,9,2012-09-01,288.9252325194483,259.4743895591752,0.010230226391492249,25.795223442044076,0.5685414782025543,61.23723063284805,348.85843770536326,404.13798973485746,187.45420123845585,22.286232360919076,101150.41382526426,242.7825287653633,28.90726105818856,322.1105678031639,404.1545724311518,3.921359915385363,3.2535676346435283,10.217698587926028,-48.707298829638,26.764452598493634,-21.94284623114437
2012,10,2012-10-01,288.0190543024458,258.69877589563316,0.009901621333653448,24.817623434549294,0.5392969482705899,61.95540482993944,343.63487976313326,399.32126538765107,193.10556624400124,26.38476452519721,101147.41572563055,248.67936892307674,33.43678396963759,316.7442690840196,399.33465127821654,4.027549569724702,3.35567376236632,11.174618449252735,-48.5217832346351,26.90399656967908,-21.617786664956025
2012,11,2012-11-01,286.8846115458135,258.17657580417705,0.009678632411031748,24.315131658830886,0.5438580928409591,63.43343129503816,338.96318049284963,393.8524518776698,196.22349282593896,30.377157976385423,101156.91504885514,253.75278006539546,37.75062391086261,311.878982238126,393.8535398895988,4.128549211865981,3.423877504771623,11.417668094996763,-50.15582130497932,27.085286266652545,-23.070535038326778
2012,12,2012-12-01,285.9403063879571,258.0889507744521,0.009557945598044649,24.059743516950128,0.5469271662107792,64.36131435229062,335.15338835820853,389.6104090789798,197.13624818191238,30.91689409001359,101165.3497382767,256.5001880037566,38.21500541828576,308.44370134508165,389.60172056238093,4.200926828376012,3.4666353753114763,11.057203043032041,-52.065828493572035,26.700998496527987,-25.36482999704405
2013,1,2013-01-01,285.9207915086939,258.41195028116005,0.009558380589351349,24.076167317568814,0.5555903624105099,64.71702942039778,335.45235273908173,389.5054324468687,194.67501644987996,28.47064991175254,101163.02658380067,255.84034689075247,35.6164326677757,308.6508196289612,389.4886554887164,4.2072548330245105,3.4422287429320026,10.980266011662408,-54.01954768484935,26.784756151968182,-27.23479153288117
2013,2,2013-02-01,286.08163572227227,257.98714266305905,0.009675449011708349,24.252848281011275,0.5403616835737656,62.15913720111939,335.6970169515684,390.65314195642105,196.86148489313436,26.92030378564785,101168.49164542402,253.19700312026822,33.734232749898744,309.63726041885946,390.6326966277502,4.145239776119419,3.452354493669118,11.601256461724438,-49.52158926288299,26.039311204038043,-23.48227805884495
2013,3,2013-03-01,286.7684818468472,258.14655049178407,0.009839546119067148,24.793838332890306,0.5305936079735672,61.66338237923701,338.04538668478955,393.9930752593318,196.16780657364438,26.756041499530234,101165.38724410937,249.05863088123226,33.77158286582307,312.4959207890013,393.9708939866157,4.055469682423888,3.4147736308024133,12.125396166071488,-45.87528294129503,25.527284623072106,-20.34799831822293
2013,4,2013-04-01,287.66735324791534,258.39754356817355,0.009927972278594948,24.912775092459896,0.5294541114898264,62.10740491760292,342.00523507158795,398.21151550238585,193.01201594833577,27.475500475532264,101161.65193967045,245.0733179939235,35.10869468285444,315.69448708864974,398.20146196598756,3.9560297442016914,3.3305810464089993,11.60860524540346,-44.428107838265554,26.30069444653988,-18.12741339172568
2013,5,2013-05-01,288.630486246805,258.8082924651082,0.010118577893011049,25.54962058304036,0.5414142684875674,62.102782814119834,346.45034428009257,402.8105590495021,188.88069467144226,26.87932698577205,101151.88349429193,240.96024140976706,34.44839496597513,320.1514906641007,402.81538506072303,3.8731140980497205,3.246276911292317,10.193764847909588,-44.51047875812173,26.30367962721273,-18.206799130909
2013,6,2013-06-01,289.4269871794163,259.76172814725317,0.010351495943789348,26.37711134110942,0.5590292233245058,61.67633778820998,351.14793508924515,406.41655311895477,183.88369373982064,24.53105658463654,101147.36421348623,237.7529673679611,31.845283116041216,324.8221840104445,406.4243035991592,3.827577936786269,3.1693090342415973,8.99670115991827,-46.555047096735784,26.33350155900503,-20.22154553773076
2013,7,2013-07-01,289.54652053049386,260.0922749557363,0.010559084465196348,27.233089554402596,0.5751845873532976,61.159977098876396,353.4754539688728,407.35446736719734,181.52718179022602,22.060498699250996,101148.49686179722,236.03542698187837,29.148417538823978,327.408747398699,407.3621378501937,3.8198649611258966,3.150055133317312,8.77300500010782,-47.420326352079364,26.074377053170068,-21.3459492989093
2013,8,2013-08-01,289.5596152785737,259.9378337945953,0.010548309955796148,26.843056027749043,0.574416265609912,59.98630463816637,352.07248448209447,407.34380449480443,185.3837005682634,21.30852604867432,101143.89971779936,238.02756853480687,27.760341186702455,326.6182932968665,407.35648440264237,3.8541321382078295,3.211857930545474,9.42869876410307,-46.19205282851532,25.466871093065848,-20.72518173544948
2013,9,2013-09-01,289.0202614983801,259.4580059777318,0.010291682265863447,26.00803335189575,0.5715342531332216,60.4016917042052,348.9436813370179,404.4255536029929,188.65245640521186,22.53591192185473,101140.45372608553,242.63605474722212,29.209001456454757,322.7012395674411,404.44351407182245,3.9234861300405335,3.272820437007533,10.4921499426432,-47.31050880741022,26.260402238406257,-21.05010656900397
2013,10,2013-10-01,287.8483005382175,258.64025677897024,0.009914725983172648,24.806656206216857,0.5492195710803954,61.827500579652806,343.03389590906835,398.4269088744197,193.34553410867537,26.81055563338183,101142.08811880782,248.72362017122154,33.794104737282815,316.1734475869739,398.43665420820986,4.034177408071528,3.3626726635324578,11.386911566192348,-48.3945369586452,26.870193655884535,-21.524343302760666
2013,11,2013-11-01,286.8707365909911,258.07202291503927,0.00966773862530585,24.146611346117492,0.5550910873747716,62.820620488498875,338.9204989011319,393.82669857426873,195.53806128621486,30.63116106682437,101141.37004840882,253.92657324664955,38.14206688787395,311.35761966915254,393.8272133625149,4.139816780156863,3.422534532495192,11.447546898602786,-50.87760613938513,27.563394020225488,-23.314212119159645
2013,12,2013-12-01,286.1161272194571,258.11578355916294,0.009545618927089449,23.903555482856007,0.5467501947298193,63.22256245187032,335.5686435478424,390.14417280592545,197.11446802180538,31.220613061655538,101155.92307279483,256.66825868637966,38.661601774908036,308.653297246815,390.13638743235236,4.206475877764985,3.466342875955088,11.073250337039918,-52.11280195132178,26.90756092745427,-25.20524102386751
2014,1,2014-01-01,285.93384859874044,258.1309088729894,0.009570761186258249,23.890633951794463,0.546857666644512,62.21373027254769,334.432529660037,389.6524953667972,198.1825820156977,28.984882319611184,101160.30536208491,255.931291779663,35.79906934077676,308.4595687944802,389.6309420216863,4.20329027744338,3.4851549634576453,10.940550830578449,-50.934522742799736,25.951407520445812,-24.983115222353927
2014,2,2014-02-01,285.9768707712516,258.1307141555994,0.009671655350589349,23.975022774228485,0.536374388300653,61.62491554294098,334.7218944296961,390.1273461531412,197.43708454892476,27.123974063435316,101174.11038484257,253.3035189968222,33.862419105738,308.943028871936,390.10348757114986,4.137874708896916,3.451173412826258,11.62943058140215,-49.12798940559477,25.755006975768666,-23.372982429826106
2014,3,2014-03-01,286.87065404660075,258.07959661097476,0.009855004772356048,24.597753798439157,0.5406842570526392,61.587936608008775,338.7675551392631,394.4567288024125,195.58286746807246,26.248659076007062,101169.3323686009,248.92343605231082,33.231775896942096,312.74773990914053,394.4364772233587,4.043255959900668,3.397495715030978,11.909769740066547,-46.35745176330334,25.999563651068698,-20.357888112234644
2014,4,2014-04-01,287.84817983286956,258.4068419195548,0.010021881542091849,25.263506762008337,0.5388509836700053,61.91351415372398,342.80078473300995,399.2236976007235,193.13117723945984,26.7833686326712,101159.40143498802,244.68353628010183,34.18946535923447,316.9425117342013,399.2136508319128,3.9464278152261536,3.326594544273793,11.421765116803773,-44.146262314078704,25.848226229997934,-18.298036084080774
2014,5,2014-05-01,288.8065934183419,259.1809183449629,0.010209749328498748,25.822869955306846,0.5487047091439199,62.20691295456855,347.73970036887374,403.65128706686505,188.07558206322014,26.533994475922864,101154.33716521818,240.69875043421177,34.26710283303212,321.36540048451474,403.65333942806814,3.872363656501563,3.2372855733150914,10.201651368072552,-44.89006001388238,26.376352245562046,-18.51370776832034
2014,6,2014-06-01,289.4196930439032,259.92412840987924,0.010435254945923848,26.633630425763126,0.5631213481557816,61.20440193684491,351.75202112682365,406.69771043898265,183.38258148918533,24.43233771425634,101151.1079591765,237.58411058000934,31.952239496930343,325.3930544682469,406.70780809616093,3.8320342825928493,3.170627045416113,9.033157861765355,-46.681627308150006,26.36906431575501,-20.312562992394998
2014,7,2014-07-01,289.68604839821626,260.2702714856097,0.010590935099170348,27.152923910716495,0.5720663132225814,61.30359595398239,353.8680659036196,408.02962328323446,181.76582578525537,22.154912568042278,101153.20174894201,236.0707784983096,29.206593366489365,327.82238880587937,408.03653868897874,3.825303721243529,3.157610958385355,8.77853523048515,-47.25327191460715,26.052592503484462,-21.20067941112269
2014,8,2014-08-01,289.66842162278107,259.90534754403035,0.010592000234516149,27.09383221634285,0.5680557730247333,58.86454883303355,352.7848084536005,408.2042186029081,185.88155246168859,21.28622081736605,101155.43908530366,237.8251464705117,27.737285653751336,327.40002056164167,408.2145798215657,3.8547882144289725,3.2231494842243853,9.420349734558348,-45.49252917243785,25.395149110616345,-20.097380061821507
2014,9,2014-09-01,289.0422303762281,259.34472516993907,0.010348221378128648,26.044984477500055,0.5657762247904697,60.08112457004758,349.1755808948426,404.74507477573724,188.68256956388876,22.57726022594445,101153.89562399327,242.4561240605696,29.234432043410028,323.0389796304412,404.75966146255655,3.917490901340108,3.270050983908357,10.511888587310187,-47.116382679215285,26.151187951220678,-20.96519472799461
2014,10,2014-10-01,287.99185697705315,258.76030875763666,0.009965061358021849,24.977976212657385,0.549360146768285,61.464221306769275,344.094122288919,399.48688025237493,192.94541215155448,26.600450065920676,101152.8082621071,248.45782534017468,33.7156186948674,317.12135309939873,399.49578915014945,4.026556631304277,3.356289650047641,11.381851759598556,-48.397244559673474,26.981678087294725,-21.415566472378753
2014,11,2014-11-01,286.7721636100948,258.38888214360003,0.009698903323213149,24.28669019906512,0.5464761179150446,63.40139306982719,338.73490468110043,393.4273935835218,195.27836028037092,30.523930037487567,101158.99202297142,253.6916715673746,37.9558378252789,311.65044213819186,393.43218118998976,4.13318622666815,3.416291473420541,11.4514439130751,-50.98140349921234,27.089250149376497,-23.892153349835848
2014,12,2014-12-01,286.2087510497975,258.18339595598337,0.009640283138850948,24.285276479348823,0.549452905139919,63.734003988231436,336.7408303474124,390.75801985577164,196.57305697887526,31.2295130443277,101169.15714874778,256.4573833543341,38.57443232320935,309.6590376106084,390.75350542755245,4.199677154670369,3.456407267891069,11.007211052973568,-52.5394070965772,27.07727830858478,-25.462128787992423
2015,1,2015-01-01,285.9956473523822,258.3140534571713,0.009598754063847848,23.945393896049218,0.5489535654914687,62.892817327583245,334.9614035261656,389.87197417396675,197.46955823063345,28.963277966714887,101163.32494202121,255.92944965667022,35.89251359991475,308.6438996624923,389.8541316060089,4.203476186470539,3.4758700033215533,10.944167529582176,-51.5306557928369,26.29966129571541,-25.230994497121497
2015,2,2015-02-01,286.29460600238156,258.14647162568275,0.009700610489679348,24.318952040185227,0.5396810052460709,61.615681574536154,336.49549991221767,391.86480944359795,197.30846603563182,26.69688742263029,101169.06697609357,252.93815706738823,33.37988505568011,310.4924163547109,391.84344164856236,4.129839099624547,3.450541421985997,11.455741090160055,-48.946693398706564,25.981715762471154,-22.964977636235414
2015,3,2015-03-01,286.98421294368114,258.2791541612884,0.009875676428062748,24.700085872488224,0.5447648231708793,61.64447044163417,339.6132669263959,395.14645184978775,194.65525048628896,25.87497056614829,101169.50095975562,248.7612386106374,32.966510801886365,313.3603850258585,395.12594144572165,4.036425262770754,3.382006039100298,11.855300486265763,-47.014447888610356,26.232371496471288,-20.78207639213907
2015,4,2015-04-01,287.80827042701765,258.32667295647127,0.009983737321273748,25.028529369574933,0.5322926652429046,61.84432177916287,342.63722696568016,399.1727651774879,193.52306972871426,26.764275699592154,101163.30895255774,244.80654204368827,34.128313461214276,316.49946939144246,399.1564165236256,3.9425198290974026,3.3304059506818295,11.377248614127492,-43.919434553351884,26.121408920375316,-17.79802563297657
2015,5,2015-05-01,288.8288867069686,259.10716139088396,0.010243794310951649,25.783235850247525,0.5376008363642963,61.31295618515162,347.2478782624516,403.90727143852706,190.2849932302419,26.73671728088946,101157.57081339322,240.7859692503523,34.14400011856266,321.5162143121899,403.9028431975109,3.866530963974264,3.2601718718794293,10.184780666427915,-43.093693182437214,25.727235709245477,-17.36645747319174
2015,6,2015-06-01,289.5584272590212,259.8823824467033,0.010506685167791548,26.696939443159124,0.5541951505483246,61.05541079135291,352.216845261389,407.51913496051986,184.57624968867526,24.26132148493641,101157.16607750085,237.46296385064727,31.583239104488072,326.1168268925635,407.5202281117433,3.825453315504087,3.182173855838481,8.945881041190678,-45.56479654242036,26.10111152004886,-19.463685022371504
2015,7,2015-07-01,289.7903313017081,260.11949669086806,0.010677393320618248,27.365723271031094,0.5555599901803716,59.672420852470786,354.50094042297934,408.8656124572905,182.17964994232318,22.090237237280018,101158.72020208674,235.88371792305,29.060017122864977,328.5867316204376,408.87282557850915,3.82051675399268,3.162904668754619,8.741165836799542,-46.734288095141856,25.92142192376032,-20.81286617138154
2015,8,2015-08-01,289.7686617393318,260.0780237660936,0.010706140818399748,27.446989022951698,0.5655874858063615,59.69013543135566,354.49645064820606,408.83083610417214,184.46571146889173,20.993022303752763,101161.58497084341,237.48854321584687,27.525570592766577,328.5592904264054,408.8441606030097,3.8478273958690927,3.2050614129551946,9.283610307014346,-46.490283457941324,25.95048472063816,-20.53979873730317
2015,9,2015-09-01,289.14927848105054,259.44552188171286,0.010445299411746349,26.523059682583384,0.5465985188583655,59.49040628378826,350.3619428639549,405.703737761424,188.6829431053436,22.170478268396668,101167.02214277606,242.1692357474772,28.784685520214797,324.30385357812315,405.72720232504025,3.9165258437353834,3.273009775055028,10.298339943171431,-46.87208539031544,26.08155384944793,-20.790531540867516
2015,10,2015-10-01,288.2881149341759,259.05999908046346,0.010154345378288748,25.5926919990217,0.5486852816062019,60.47721721076399,345.73567983686814,401.0663771967168,193.42832130877125,26.411448338583877,101163.30339294077,248.1943288383543,33.419892709123275,319.15207676324883,401.0826188590135,4.039492568096647,3.3765134768718523,11.297582520110645,-47.75756315904365,26.599844735915966,-21.157718423127687
2015,11,2015-11-01,287.15355800820925,258.4980595599239,0.009953356301576248,25.18109469937397,0.5524739845404301,62.46549091856781,341.4055625491624,395.40627002462475,195.39533073608476,30.20991324452305,101167.68131625857,253.30897103212442,37.74770025656579,314.34015191506853,395.40300586245087,4.1527309271723185,3.440878669685844,11.437429053716556,-50.37585328399691,27.062146471919974,-23.31370681207694
2015,12,2015-12-01,286.5577734821855,258.49931927046384,0.009852168085502648,24.899807948203826,0.5482767845240174,62.71105413123655,338.8437261498204,392.49602030980355,196.8069971887482,30.5656354610672,101174.59090588709,256.06498147738444,37.95111492641843,311.89475249367166,392.48338665987615,4.207621385838517,3.474026735820643,10.856248329910434,-51.87250482328496,26.936340006221272,-24.936164817063695
2016,1,2016-01-01,286.38320470056533,258.6353978660418,0.009830154009557548,24.702207908177048,0.5371081236871064,62.602234868590614,337.64769340007814,391.93729959508164,195.8498811875242,28.324948466681477,101175.96598930181,255.4319922642674,35.278342847575324,311.48978103113876,391.90828910036373,4.2022701767461275,3.4586879525798944,10.826943355691592,-52.62871669584933,26.128901874221427,-26.499814821627904
2016,2,2016-02-01,286.79605671141513,258.9759181211774,0.009974257763908749,25.08490848495913,0.5549782198676124,61.91426983678697,339.2989454324517,393.8637677919089,195.53933597460318,26.370132286109822,101179.81780146738,252.68060036577566,32.96710732775259,313.3360481692978,393.8333601836584,4.143032889562407,3.4384707042806366,11.303489091339152,-50.54428934952971,25.932489654903364,-24.611799694626352
2016,3,2016-03-01,287.4183201781005,258.9377555100468,0.010164114860445949,25.692872572485236,0.527967646903435,62.95031535722724,343.17179872640804,397.3986622582633,192.88082199361034,25.42937692695372,101171.71533728222,248.18433902300094,32.633320610907695,316.69877631415994,397.3734745431916,4.054904912355612,3.382169016116652,11.697402360013736,-48.099573345436646,26.44783469717636,-21.651738648260288
2016,4,2016-04-01,288.25883855884024,259.1739098079782,0.010250816787067149,25.860336308861132,0.5286881889611617,62.29114873818338,346.0706850843847,401.31894643999476,191.30236575027584,26.267505851881776,101167.55845461412,244.21551775356372,33.73893714091289,319.8743854516977,401.3041209793937,3.9557595892885686,3.317578521068249,11.20864266320387,-45.44172071425677,26.181474172085885,-19.260246542170886
2016,5,2016-05-01,289.07163756036414,259.48033707878153,0.010355732639639048,26.3616400144397,0.5271123771767365,62.175110802923825,349.7285946523837,404.94988355839564,187.88371378092853,26.046013721767224,101160.08607652296,240.33030262302748,33.82681561296734,323.279749147344,404.94772412189553,3.8809095057264704,3.2478810887130343,10.012240222858274,-44.66578695089884,26.44668606853959,-18.219100882359253
2016,6,2016-06-01,289.6351138423407,259.9201932097257,0.010545992366843749,26.97553651781175,0.5472328863468063,60.8143716090423,352.45555065735306,407.89512207962974,185.43320955500016,24.142706301310948,101160.01600465369,237.2074896683194,31.28456316155302,327.0098625102747,407.8967603288785,3.8350009663394244,3.203102301101862,8.8754231038195,-44.63242325307717,25.447326396327085,-19.18509685675009
2016,7,2016-07-01,290.01387777349834,260.4197626571687,0.010798016898320448,27.811157018577653,0.568403678982302,59.901919072198915,355.6437949242209,409.68581372790305,182.78206057374206,22.017957106770492,101162.89300733345,235.64388671100062,28.851882911834412,330.2543220540111,409.69065225471854,3.832952768365504,3.1801681983497327,8.686034603799733,-46.027900332194655,25.394311397025277,-20.63358893516938
2016,8,2016-08-01,289.9196548892449,260.3654872344038,0.01078273212926325,27.561083706124805,0.5828765054174364,58.99229475731371,354.12817414750657,409.1691468540868,185.21906198378807,21.040109780015282,101161.48080520217,237.5865601090065,27.41398764165861,329.17785791871245,409.17481569925553,3.8617578345972694,3.2205489304093624,9.255976257116288,-45.99362026357513,24.955985073962793,-21.03763518961234
2016,9,2016-09-01,289.23667986641726,259.7944898973822,0.010517129598118648,26.631251939430445,0.556121546426824,60.59880494505214,351.42982242981367,405.6016723109857,187.26141766195164,22.03794355864988,101157.70018371666,242.1211848236481,28.710385915998152,324.8870743859021,405.60722157597013,3.92343442138143,3.260808660413922,10.212531184018196,-48.1873248043482,26.548297308895954,-21.63902749545225
2016,10,2016-10-01,288.17797434507736,259.05397040219844,0.010023481049301248,25.016928269866476,0.5437888012719424,61.98648521371496,344.9753462743782,400.09486697085333,192.30257118777826,25.897396722302577,101157.74750982337,248.45602716338624,33.04909937964457,317.7469011895992,400.10020717344116,4.031828032918867,3.352648347056563,11.086524932871967,-49.00175331826599,27.233785287366757,-21.767968030899237
2016,11,2016-11-01,287.12805553690686,258.5345618915981,0.009726744953516848,24.282226664723055,0.5292897179991837,62.88511753586289,339.51463626784806,394.82963435910756,196.16223987484034,28.995092236718246,101160.3675160693,253.5795440703545,36.01005152793084,312.7342689866013,394.82372994795014,4.1323182423400215,3.425557014667845,10.965623610253997,-50.402344904301565,26.774462870089295,-23.627882034212274
2016,12,2016-12-01,286.4041012375122,258.14809352277484,0.009678005882953148,24.20090808223648,0.5358366491744165,62.724074980550256,336.93242336071484,391.6454736992389,197.32117282644964,29.419593340430186,101167.59571450237,256.15322863792613,36.264098944212165,310.2292487770209,391.6349498964166,4.194379024691458,3.466203221596856,10.53351902176926,-51.98755020769453,26.692650780871546,-25.29489942682299
2017,1,2017-01-01,286.2394312215381,258.29965026607175,0.009677676061873548,24.09745305068978,0.5314592227372811,61.02266371497502,335.46421174890247,391.07472585919874,199.03320362066347,28.13055197010236,101175.2388045468,255.60318335212315,34.623167207363565,309.7749857239083,391.05377491379824,4.1944749110032875,3.492056807420207,10.735837399029922,-50.077364494198484,25.66827507959364,-24.409089414604846
2017,2,2017-02-01,286.60454296468475,258.33726267161677,0.009851670773369648,24.64614083784314,0.5331331549994953,61.37687366007991,337.8760954585282,392.8591791965644,197.10299229785326,26.28485733710989,101172.34682418717,252.6288571037655,32.93078212429666,312.21270797377076,392.8207178558534,4.135117074515024,3.4521011487826003,11.34738273024104,-48.87994001872547,25.62492614404637,-23.255013874679104
2017,3,2017-03-01,287.30547792958583,258.23859402805317,0.010018736844974549,25.008639139330004,0.5376238989035527,61.04468745525886,340.8358588487468,396.4935526157452,196.12306301853914,25.58613761241215,101176.49929121663,248.47268006803,32.500915892013786,314.95593257005174,396.4643155967812,4.040053099648121,3.4090230172098783,11.550690923197614,-45.43483876988923,25.850689259731,-19.584149510158237
2017,4,2017-04-01,288.07834969769647,258.5885855886146,0.010147888981479248,25.217522095197673,0.5298236499573415,59.80298827018405,343.4219480368666,400.1122182216418,194.35060110751022,26.630619898870652,101164.00556338622,244.5928613068375,33.89840416799463,317.94179546271477,400.0968504346766,3.9461156610063695,3.345093820204852,11.185975930306867,-42.97447593020333,25.46478478718656,-17.509691143016777
2017,5,2017-05-01,289.0480650569411,259.38477877550184,0.010343038191700848,26.076365943168575,0.5453475451323996,60.48929095175198,349.2573899299332,404.61736606291424,188.64294741828368,26.701444992232638,101153.8870152005,240.51721197176178,34.43375836714578,322.86583338323186,404.61123257921736,3.8772934982159075,3.251591931912199,10.114618054022747,-44.14195117856496,26.38542306300441,-17.756528115560553
2017,6,2017-06-01,289.6176437557273,259.84185952196117,0.010544561946443149,26.828483347251286,0.5512556147932374,60.11614191846193,352.5703490948595,407.7396007681801,184.25231846406697,24.210135708611936,101158.39317529758,237.3870122236946,31.703773109822905,326.6039713439084,407.74582195894664,3.835719247344193,3.1855531102345394,8.910310117070905,-45.64105635841667,25.972598941717607,-19.668457416699066
2017,7,2017-07-01,289.94521359472736,260.3409626557354,0.010735765256860248,27.581770033517316,0.5713968417362149,59.32928444241524,354.64560058838447,409.2705980862344,183.232876858769,22.04661174382397,101156.74452201885,235.80360003985234,28.794265659488513,329.3913539719418,409.27311110439365,3.8264957707850655,3.179007759035156,8.587994365171886,-45.8230692654188,25.25675963460192,-20.566309630816885
2017,8,2017-08-01,289.83648748799175,260.3510828488468,0.010768993994777048,27.547164223806366,0.5688405690020515,59.95644597365527,355.08114813782845,408.77018728798157,183.34696598380808,20.72595570959347,101159.82638493385,237.43497323430435,27.195249379227448,328.92988392913844,408.7754158400892,3.854612354947111,3.1951329195832945,9.051023415438857,-47.6187135808623,26.156492760797576,-21.462220820064726
2017,9,2017-09-01,289.1339481221254,259.88611796784033,0.010397747811726048,26.375091569244674,0.5536452850060077,60.52235730336119,350.7166129802193,405.0323187315268,186.26503138817714,21.78253883541164,101156.68655148185,242.14462904943147,28.44824672056888,323.8676184537953,405.0456989701942,3.91138363578727,3.2360028525595963,10.074519755318455,-49.21388977609708,26.86237476509139,-22.3515150110057
2017,10,2017-10-01,288.19229192173634,259.25221646132184,0.010068375617483548,25.28879463232974,0.5503052236191123,61.23762204509674,345.2021208131222,399.7966496899675,191.21510362381645,25.630051600444947,101153.1725802491,248.07794289675695,32.613680735181354,318.14769554608716,399.80273013961926,4.011225853437852,3.3216360832346927,10.993130191102322,-49.87921013820408,27.060505716686706,-22.818704421517378
2017,11,2017-11-01,287.00075463329404,258.4548967787088,0.009723277134350249,24.285671929856964,0.5336877466614605,62.085286294684366,339.5729833665359,394.20764278263283,194.39544807947024,29.13924255050477,101152.21373682651,253.4018671598422,36.45422268042378,312.2468087248882,394.1958063758137,4.112680455532747,3.389123899564545,11.019447632422429,-51.69143895045294,27.314338234828497,-24.377100715624447
2017,12,2017-12-01,286.40879794392913,258.4355034738209,0.009602526329205548,24.062751496052993,0.5337307115881339,63.14737618402829,336.77415883460566,391.25919515436385,195.58289311350387,29.62885973694824,101159.06952912138,256.2347216576658,36.591020845929606,309.94565676844155,391.24808540538544,4.183906419142099,3.429144571780352,10.49708392795656,-53.689667435180546,26.81739231718565,-26.8722751179949
2018,1,2018-01-01,286.09309843513455,258.2887096438321,0.009606601022838748,23.958978392073675,0.5412638000036055,61.53664862711753,334.76291130976256,389.9669853019241,197.66519433940167,28.01499237073537,101163.81466929537,255.66330240726901,34.44630128175233,309.00976914818074,389.94063884414356,4.185841281459657,3.4646208992103458,10.516591204164753,-51.5667991568504,25.726795703801216,-25.84000345304919
2018,2,2018-02-01,286.41753277272187,258.17779768733914,0.009768016317851248,24.614389877881344,0.5290020655695636,63.85296419232813,338.0985830945013,391.85928942894725,194.00165410287678,25.725525238447418,101167.99305287794,252.5239097039482,32.54982310241036,311.3764676019341,391.83288245921625,4.137480142208241,3.4155565031828865,11.077531651689652,-51.697957737108446,26.695708522836142,-25.002249214272307
2018,3,2018-03-01,287.07120880706225,258.29917674196366,0.009944227216861948,24.640815599857955,0.5349421513491561,60.987513161917626,339.5764725014219,395.1420304176688,195.33000796272205,25.765906691555575,101161.56703715162,248.67646723309727,32.68868461382401,313.84182681423727,395.12135964905747,4.040555401645811,3.3955330322894803,11.679398868394497,-46.423681348106804,25.713974918573243,-20.709706429533565
2018,4,2018-04-01,288.06659654360186,258.5248815911597,0.010070422152451148,25.138698432770198,0.5314071643176883,59.51870883967421,343.30296020391876,399.79045513595076,194.08709598331438,26.627951854944158,101153.77796892534,244.57898010970104,33.77239199059064,317.87034796304556,399.77626953085576,3.9392420229130485,3.3344336945624993,11.14778624448162,-43.34744399074017,25.418426635778147,-17.929017354962024
2018,5,2018-05-01,288.8886092201291,259.082910859099,0.010241321938882948,25.764403880260197,0.5376458123249138,60.659185510581295,347.403997343554,403.78132701681585,189.98739300690434,26.885445726844036,101146.17294019624,240.65951696130946,34.24993476361272,321.67294973623314,403.7774039559973,3.8709656818255356,3.261247822895598,10.08502121759026,-43.30763491763644,25.727124546502253,-17.580510371134192
2018,6,2018-06-01,289.5539999493846,259.8426486528238,0.010420909553773148,26.483075161151703,0.5477448427433333,60.125634406482995,351.579591080055,406.99380281550305,184.13603572945357,24.29022894870028,101142.05137501383,237.44009174369555,31.73212162144524,325.8005003886794,406.995454131743,3.8302528886945306,3.1777669021908332,8.931653623250757,-45.862163341497016,25.78074200761553,-20.08142133388149
2018,7,2018-07-01,289.8553685481191,260.4511401238751,0.010677186377221549,27.537105807045375,0.5703488828766006,59.75240133566525,354.37729024433474,408.48004212229284,182.76504721426062,22.277613418368,101142.54640190529,235.75701527716038,29.18221881168299,329.0468258104249,408.4757446177016,3.821673606498422,3.1687793576903855,8.756095734620759,-46.087362669584756,25.326166929318575,-20.761195740266185
2018,8,2018-08-01,289.65564649141857,260.165420630942,0.010676676631161048,27.266774566862118,0.574424493161617,59.320921480583976,353.92368178843304,407.56689876487513,183.15943781598205,20.901865444042823,101143.6406374985,237.50034354448854,27.520644722279997,328.00229220847973,407.5717767181725,3.8501906749441406,3.186560389596512,9.304089641125776,-47.72212645026931,25.926267533250623,-21.795858917018688
2018,9,2018-09-01,288.99355369074016,259.42007423631804,0.010401412109563348,26.2263520310709,0.5471541101510564,59.586821164194184,349.45013538471454,404.36133650261326,188.44368763988854,22.38325273502414,101146.28454394914,242.26424207220091,28.93263621732362,323.4008175009675,404.36866441068184,3.912233190041662,3.264420940093305,10.388186979449479,-47.271170950012895,26.056645791815598,-21.2145251581973
2018,10,2018-10-01,288.1250704792133,258.76010574036997,0.010069137847378949,25.236419421956885,0.5371127363685368,61.55252575899783,345.0455900106531,399.96863238399686,192.09605130334248,26.35178933131783,101149.23798208378,248.1880066008641,33.374064579165804,318.233402929614,399.96830240654754,4.025455271530068,3.3449225420220436,11.207968828888319,-49.06968004967364,26.81185710358973,-22.257822946083916
2018,11,2018-11-01,286.9444795393276,258.3513434718402,0.009828845466711948,24.560107104810477,0.528947847906067,62.826557492664136,339.71760106401064,393.9569392719964,195.41247720403686,30.00759487494185,101155.80723767974,253.4101336623974,37.52611918364679,312.78958013855004,393.9462311537607,4.137924508817482,3.426304609760264,11.339262015000244,-50.479132149655605,26.91731280722486,-23.56181934243075
2018,12,2018-12-01,286.3584794592681,258.1455621867901,0.009704900766688949,24.374256665244772,0.5394205788832512,61.88756174157058,336.50026191851646,391.2556767900197,197.89547162173582,30.51735489380657,101162.30510225473,256.18018661868734,37.44672498282272,310.3006767020697,391.2345975145999,4.199005756149924,3.4751632233093135,10.786913316957635,-51.35534490793534,26.17850594102687,-25.176838966908473
2019,1,2019-01-01,286.11253506327046,258.2722294381608,0.009704536526871348,24.32383661903138,0.5246568792565112,62.62169890181612,335.9003381752567,390.44567971813285,196.62749280704608,28.216552330560447,101165.78917403001,255.60063061605055,34.89065001212558,309.8253497691685,390.41799929174095,4.20407054476247,3.468633926798513,10.686139240333274,-52.29904012743935,26.04730797969627,-26.25173214774308
2019,2,2019-02-01,286.3954765218957,258.3389652438968,0.00985003784899825,24.537662582508787,0.5230079077687562,61.454585439772714,336.7715849221276,391.9143090510917,197.4079538241017,26.630452875356706,101172.56116547833,252.88407725822228,33.236398459679314,311.404939546249,391.8772286801223,4.144166896625601,3.4596142764727627,11.421809360385161,-48.87017784979795,25.329565004909128,-23.540612844888823
2019,3,2019-03-01,287.28082103708954,258.3411258416285,0.010020721470080648,24.940604060971957,0.5216392218613152,61.30044725571381,340.65757753644186,396.17466409382865,195.99591408641092,25.770676193736087,101164.11407546281,248.6791615379329,32.7719483515394,315.01114781438014,396.1440498076603,4.049380569057025,3.411953287945799,11.761374980257678,-45.681975293718686,25.61581543589331,-20.06615985782538
2019,4,2019-04-01,288.1408036829454,258.852144993477,0.010186609125321149,25.482139991009028,0.52392011652734,61.30995107014491,345.00963775428886,400.24208918733274,192.62303859865128,26.24575926525773,101154.26142535731,244.44212173252234,33.51687507188177,318.9491778086328,400.2199125318057,3.94834771388179,3.327027813563286,11.121417720228935,-44.547967327247015,26.038283290128973,-18.509684037118046
2019,5,2019-05-01,288.929206661661,259.2185207831029,0.010324338061117348,26.040775780037368,0.5166436381921439,61.062104187837704,348.63077005261084,403.96304934149737,188.27976984933017,26.09585203049595,101153.78485202184,240.5200994244872,33.79120385720214,322.5495462833151,403.95425529111264,3.8707964690735337,3.241044052285101,10.01917788521646,-44.544977748450854,26.072429718910954,-18.472548029539904
2019,6,2019-06-01,289.66969074839693,260.1692846066426,0.010603976347032348,27.08675033897352,0.554095243350255,60.466392468744175,353.3807141106247,407.62117207404947,183.6348899718462,23.929637310028802,101146.79386221341,237.17035257969295,31.3188570956766,327.5075665870618,407.6146141764872,3.8243841887624197,3.1705661380753316,8.829846009663344,-46.14624282219895,25.86658962600059,-20.279653196198364
2019,7,2019-07-01,289.93013304359323,260.4302277185437,0.010744642800774449,27.674720970282678,0.5462217822242806,58.834712219187786,354.8942738677978,408.79394914017837,182.88347104731466,22.135875032367927,101146.81233628994,235.7059078625131,28.9076382182936,329.79152745197354,408.7924936613889,3.8220079781866274,3.1730418990622327,8.657997972852558,-46.05067362927277,25.101290937034733,-20.949382692238043
2019,8,2019-08-01,289.81438959678087,260.2899372424848,0.010774440686940048,27.545857318952514,0.5602099635057994,58.48225087130254,354.15462808117707,408.32830551783974,185.00553223894946,21.028445290200757,101149.01780491769,237.4861091126113,27.383156731720867,328.9498099331728,408.3239466568221,3.8531661527868377,3.2130806504140925,9.2106233637638,-46.125865432141744,25.2004592869866,-20.925406145155147
2019,9,2019-09-01,289.1536732795111,259.7769006877978,0.01045471821731215,26.523395652217438,0.5499389590939068,59.78051205602539,350.285808880407,404.9964446240753,189.1684562464126,22.42476188624116,101147.34916237957,242.10214549209874,28.788704716390246,324.67536600958607,404.9995375961225,3.9213929664537295,3.282406211135258,10.304007419323902,-46.56974641553705,25.613535842868046,-20.956210572669004
2019,10,2019-10-01,288.2089928521122,258.78959388576874,0.010110305457638349,25.375697589316726,0.5356110325043408,59.99194608099614,344.95289573492306,400.09741405167216,194.35731751897276,26.3674351875477,101148.59958904861,248.03024939777038,33.27542843074391,318.7041100541124,400.09612605112574,4.012394535027945,3.365719920291376,11.261715603170776,-46.76493863560139,26.247497680264203,-20.51744095533719
2019,11,2019-11-01,287.0782060864084,258.47699598375306,0.009832469189972248,24.57533826864796,0.5311049683179698,62.032508852382676,339.9948661385965,394.55844140330845,196.96672367434059,30.234273651953547,101156.04840214372,253.31760069361636,37.425860286397906,313.3823530778929,394.54803584507874,4.120337603832152,3.430686641729062,11.370242498330477,-49.159290384831415,26.602107502473828,-22.55718288235759
2019,12,2019-12-01,286.5316539223867,258.4325990827053,0.009753330841121448,24.277227377302133,0.5283971053941589,61.88362548607404,337.6547059959134,391.95358989004706,197.54569288540313,30.520722421951415,101162.56052271002,256.0767244156675,37.634638944855894,311.2327679556067,391.9297891954344,4.1861609469226835,3.463062782222625,10.825811249472277,-51.417115007359904,26.398137345694025,-25.018977661665883
2020,1,2020-01-01,286.4355509547157,258.4723994802259,0.009871322526037448,24.84072563384926,0.5306918515235325,62.51681943229477,338.4697188355081,391.4952770029293,195.61320853700644,28.20901770876818,101167.08704978795,255.12903154721914,35.09995634168524,311.68961621679557,391.4682776646668,4.181926110121363,3.443645293996079,10.550265198211726,-52.624884377295636,26.75310328044999,-25.87178109684565
2020,2,2020-02-01,286.7443179221175,258.7628063852222,0.00997787020774885,25.0666254002474,0.533231609880873,60.82525987236286,339.49012723704504,393.13302822900596,194.78896443042345,26.159828983245074,101171.50563711641,252.38410694453015,32.91350839196138,313.2544476471615,393.1046339282587,4.118264227372528,3.4096745137424884,11.03552181012825,-50.84146310539037,26.207285289136237,-24.634177816254134
2020,3,2020-03-01,287.2434670843743,258.55428288932916,0.010089983404260849,25.253095648030207,0.5130329446896204,60.661060316307655,341.95446955478326,396.1079101776617,193.51177496228337,25.39895714893218,101170.2368882637,248.29090920356768,32.465072873064706,315.536188990775,396.08606796569455,4.03193695156755,3.3695481114408996,11.457350357984376,-47.71301851715179,26.396438352041073,-21.316580165110718
2020,4,2020-04-01,288.18571254825173,258.78645343906953,0.010188722115966848,25.646932534052425,0.5213374504222322,60.107816442653636,345.1914913226384,400.35283005503106,192.81225570012762,26.415454489893754,101158.98092807946,244.36839172743322,33.79834849593256,319.253054254013,400.34033135295687,3.947547158575112,3.329160858814407,11.155691336646628,-44.17324202126681,25.925938366551136,-18.247303654715676
2020,5,2020-05-01,289.01062627991183,259.52709731511703,0.01039689100840305,26.171427659197686,0.5389584327862159,60.53251982877903,349.1863719317556,404.07928057596865,188.32597527407353,26.38141531034582,101148.84904972817,240.57459403349426,34.2835762743587,323.155972409415,404.07457817017126,3.8849556213366068,3.253580327327856,10.124679841094318,-44.346457795407865,26.025697116543157,-18.320760678864712
2020,6,2020-06-01,289.6594797380695,260.07772408857784,0.010581248938122349,27.16278510006259,0.5519868254181363,60.32790588117934,353.6376042424144,407.4117446749825,183.31538124412424,24.280290933533863,101145.59581041017,237.1797916952161,31.88273107861635,327.658559147187,407.4081381180095,3.8428840547595136,3.1832436572877882,9.006886046314788,-46.261970306009395,25.975438538254323,-20.286531767755076
2020,7,2020-07-01,289.9123189135278,260.6026109016295,0.010787876396004849,27.940713679918446,0.5637565166096682,59.63479433087736,355.67261466874197,408.9024912514594,181.81580432748126,21.900365033204338,101144.83966678166,235.6690313397981,29.012909142809367,330.2341873514549,408.89990977070397,3.8350265843838276,3.1700902933317168,8.738690631127442,-46.74068290271182,25.435845836531556,-21.304837066180266
2020,8,2020-08-01,289.74519599705724,260.4272666257573,0.010784414888680349,27.63570107537639,0.551141734668863,58.54505271421787,354.3420121683908,408.2100452544494,184.19525647404586,21.020595968238396,101149.16588346845,237.6031948972052,27.53871834223009,329.11952410422464,408.20828416440935,3.8632870544507805,3.207957635508906,9.321983720994098,-46.88981604916764,25.220726974126038,-21.669089075041608
2020,9,2020-09-01,289.2314906913822,259.8072959875675,0.010483160880868848,26.711698876648253,0.5410780637618254,58.92471649613898,351.38221862009743,405.28416367784496,187.63169185257618,22.631093726822613,101144.57959996673,242.26310691415688,29.29822800740793,325.0769632691821,405.28739037316205,3.927699932400036,3.2665963451249573,10.475573399103531,-47.964280780995374,26.308482046232385,-21.655798734762993
2020,10,2020-10-01,288.1386772959887,259.0928783058526,0.010046403363394048,25.469281912026997,0.5290295738670844,60.57962707127438,345.48701217351766,399.62847947343573,191.3055135676945,26.88996995755777,101150.08135791522,248.40563564966547,34.03606034410636,318.3800851026263,399.6345574462656,4.035640275680915,3.340906531552761,11.341603664303298,-49.954031695422394,27.113005043721174,-22.841026651701224
2020,11,2020-11-01,287.2145949519998,258.67126720831584,0.009766672123987049,24.581411516592745,0.528119387245796,61.588405326909424,340.9823206306503,395.0209998920212,194.49157939601304,30.84299001248259,101171.50521467408,253.71732906647867,38.39299642294169,313.41733717428684,395.01467715155474,4.158549542149344,3.4286510868992415,11.441200283228934,-51.67574326000655,27.55866071589692,-24.117082544109632
2020,12,2020-12-01,286.33917371692047,258.2690130601274,0.009620744624473048,24.244491121775155,0.5243632485499214,61.606820912255856,336.98271789192944,390.9491551590905,195.2237406263602,30.98873297990974,101186.12065606182,256.4900700791223,38.445960190044076,309.8852758178239,390.93801713765447,4.219493352822321,3.4555854210341495,10.864865890522728,-53.80910224262774,27.086304052669462,-26.72279818995828
2021,1,2021-01-01,286.1582880183774,258.1966959702067,0.009629012328905348,24.177710247484686,0.5220883164707475,61.408355698507904,335.35259124231436,390.26676216258073,196.34069497016378,28.592037361584012,101190.96853769681,255.93514811424103,35.35326546925487,309.31884891211837,390.2541980601791,4.209892573410244,3.4641227495990212,10.605178397551162,-52.83322503640638,26.021178227794294,-26.81204680861209
2021,2,2021-02-01,286.28256072451086,258.30445690181756,0.00971332350901605,24.281292017984676,0.5195479001059492,60.553484489892995,335.93227721486755,391.13623794907556,196.6009991159932,26.56930814038169,101192.8919995497,253.057394660337,33.14486016895166,310.3646303730253,391.11909594882457,4.139062921600574,3.442752030159954,11.127514488219779,-49.88084351577381,25.550504841591206,-24.33033867418261
2021,3,2021-03-01,286.9921062707388,258.09768819251775,0.009825199967178748,24.552684939351128,0.5138253229619052,59.43254837020078,339.0746615647428,394.9551750826676,195.69580022269002,25.72765241169865,101187.36539671422,248.89703221590588,32.60584536626221,313.1132057057146,394.9447074206586,4.038543964765166,3.3973877270877826,11.556704881320178,-46.32303903865229,25.95098819701913,-20.372050841633165
2021,4,2021-04-01,287.8921907579299,258.3407792969782,0.009948513546413648,25.027243811039035,0.5138067032752475,59.35723197897027,342.66407783374814,399.22545037810073,193.64594978569528,26.490483982069797,101186.09943674547,244.7862105992687,33.82414333961453,316.9793697331936,399.2156259114767,3.9417086556436245,3.330778459302273,11.207052230699064,-43.80660145602871,25.674883633930463,-18.13171782209825
2021,5,2021-05-01,288.8410642080569,259.05696393105524,0.010221364064820349,25.736472029472907,0.5431164968244543,59.52500683016765,347.8568019646087,403.67762656798647,188.9354206956068,26.6594211258434,101175.39320088642,240.7964765098983,34.44407975836649,321.8265022736292,403.6751425414064,3.873633448525027,3.2480975184980023,10.18485955766008,-44.07639718176841,26.02781566439934,-18.04858151736907
2021,6,2021-06-01,289.5561869434009,259.6862539935839,0.010452877875080148,26.706358639722506,0.5359634837326269,59.23599889931967,352.03172764688406,407.3268359961626,185.21123681358952,24.607134296455484,101168.67744213938,237.46920921484852,32.13286356316878,326.5531198542771,407.32542591410464,3.8335526210666164,3.1970332677966242,9.08172475733273,-44.732243134545705,25.477197710548992,-19.255045423996716
2021,7,2021-07-01,289.98844877300024,260.40639351898676,0.010755869371088248,27.79525098778252,0.5666483505414105,58.011512681764756,355.006545185056,409.29133960358456,183.98033997409013,22.4261144583221,101173.48649945682,235.8122261823647,29.263951006268858,330.2358479569523,409.28859800752235,3.8223305130018534,3.1859368672651587,8.840177562751796,-44.99404966032781,24.76795563204145,-20.226094028286365
2021,8,2021-08-01,289.8335358162481,260.24489233153724,0.010669422227148149,27.423383843642302,0.5464088613096802,57.53598923716674,353.9524034973452,408.63043624911813,185.39077550491524,21.330024425143808,101166.00155212876,237.67390678283542,27.7604900654986,328.8384383285723,408.62940964586915,3.851776844007049,3.2149565770434654,9.430723955944858,-45.85266563756539,25.112938565523862,-20.73972707204153
2021,9,2021-09-01,289.24375572914846,259.6687684947919,0.010421633941485448,26.55745798083198,0.5460182496492826,58.46856794029351,351.15968395207125,405.2478201024687,187.80555366611782,22.531861411290283,101163.7752913327,242.27866948720566,29.211499817032912,324.6592334740527,405.24177108763257,3.912154295808704,3.2573604143692565,10.48261238804677,-47.793477415345244,26.494401463182342,-21.299075952162905
2021,10,2021-10-01,288.25230422715686,259.02550571322325,0.010052939331992748,25.248468745338087,0.5326080848559883,58.85434373427469,345.21458616927737,400.0897662191113,192.33887792244408,26.478348237332693,101165.20640939422,248.486139461314,33.4748049065878,318.4134402331424,400.08462936498586,4.026206318435853,3.345558682880256,11.248318861733015,-49.150804869614795,26.796009082009462,-22.354795787605337
2021,11,2021-11-01,287.1516458715383,258.21344567991144,0.009760879746991448,24.400728949828576,0.5217989227644568,60.045650376602104,339.9140778053336,394.81815159678376,195.66528958794567,30.177466567592727,101165.67330996481,253.7772676287499,37.5108765457527,312.9548081404811,394.8111413294359,4.141925671969592,3.428060348830031,11.236464581989228,-50.77856806264426,26.95225939750459,-23.826308665139674
2021,12,2021-12-01,286.51719594860475,258.30192241116026,0.009683131532763248,24.363023273510603,0.5277106843802758,61.38632258148358,337.9453718858611,391.85289294965713,195.10990607040293,30.16798268953921,101169.58604156377,256.3666821502177,37.406167841275234,310.84805789306864,391.84389944359145,4.200867487948408,3.440089123425846,10.586505097496747,-54.0185909280787,27.088320486726744,-26.93027044135196
2022,1,2022-01-01,286.27144039127404,258.0433726917865,0.009659637461378948,24.000793833802927,0.5202236829197378,59.18946690547458,335.4969982753508,390.91094539175015,198.83443126660993,28.3595881767472,101177.92039795105,255.84697210024376,34.89021595623526,309.8101328986241,390.8896078236669,4.190824563618665,3.484284947246316,10.49544602220723,-50.48191305414576,25.665527808643404,-24.816385245502357
2022,2,2022-02-01,286.5301516173159,258.1171833725667,0.009761135166092349,24.153813499296767,0.5266363604160448,57.93094899177197,336.3626195701192,392.08717060715344,198.3178993074244,26.4800200878812,101183.88603681755,253.1310962925094,32.8923216805679,310.9004499905727,392.0634070466818,4.125870583238423,3.455222126758853,11.012152228936937,-48.40089539239829,25.438406019074776,-22.962489373323518
2022,3,2022-03-01,287.32381448565496,258.27712825250245,0.009963459107161048,24.68976011286252,0.5258873149101424,57.9542090978778,339.79750878766,395.88718342199513,196.61242988650008,25.757069253069943,101176.52647810642,248.97921366757123,32.44733905304252,314.5724155972061,395.87457560010046,4.043092186453252,3.4095384404967612,11.440368942051045,-45.67651398109859,25.21248536855917,-20.46402861253942
2022,4,2022-04-01,288.08283836,258.6514620670476,0.010084879332509348,25.178482056868557,0.5253427646658586,58.44651400986488,344.267201952312,399.72051804429884,193.20616904715547,26.711343524607656,101174.54658529701,244.7980151500607,33.93675964187407,318.32967752336174,399.7150448593767,3.9486462486438048,3.330280679518797,11.179240206795154,-44.366429985638824,25.932051244028074,-18.434378741610754
2022,5,2022-05-01,288.8959921172146,259.104914608252,0.010213073901394348,25.451720089198883,0.5283355520027379,57.8539362673836,347.7570291181514,403.6115691681905,188.74912322503076,26.770669180868378,101162.15646897853,241.05031492556796,34.62151136651369,321.5201308490082,403.6125368494005,3.8763682018538277,3.2450205402409003,10.202466770212975,-44.450349514891876,26.237865950353196,-18.212483564538683
2022,6,2022-06-01,289.6995827007705,259.77895467915624,0.010416823713808549,26.316289222108182,0.5450209618805887,57.54656464865782,351.9820441677065,407.6855171547467,186.51505566829078,24.797928617598043,101156.51752701787,237.75013529445474,31.971814995422413,326.3382512781107,407.68750834256235,3.8315492724397826,3.209266648396025,8.99126139193589,-44.0611932483396,25.645784077411363,-18.41540917092824
2022,7,2022-07-01,290.04370638725544,260.6665682525328,0.010773018150464247,27.84584192819872,0.5679122022953828,58.41063271249701,356.256175667029,409.33551362198835,182.02790003021997,22.41140065337955,101164.26749033462,235.78134422464123,29.280086213124477,330.43422390491173,409.33207257953774,3.821561488489579,3.160439226874919,8.72847100305896,-46.88475863467635,25.818510719666634,-21.066247915009722
2022,8,2022-08-01,289.8549340206813,260.38231521696906,0.010761887386841548,27.594619132826523,0.5532716275840184,58.16215681149453,355.34931338256996,408.61665880724956,183.71713681054246,21.12338795884192,101166.9033721211,237.57655188353507,27.690510754508317,329.4641336750346,408.6108087111332,3.850607665697456,3.1941156111217217,9.330229576946556,-47.29229227732625,25.879329611418953,-21.412962665907298
2022,9,2022-09-01,289.2541109376717,259.6882524202986,0.010415265507819649,26.349778159862527,0.5389377074583548,57.82459824108571,351.1761395063942,405.35212309338385,188.10073235939797,22.31709547213728,101164.20215421476,242.3304778765326,28.967519594676265,324.6319804287725,405.3530114111125,3.9165363575865535,3.2642998613027596,10.384665777520995,-47.57932139459566,26.545047395350267,-21.034273999245396
2022,10,2022-10-01,288.2692718918645,258.9664436493892,0.010020063089567648,25.097263818459766,0.5344102611050717,58.68429633507157,345.3939828662533,400.0649315960039,192.31653459182462,26.409814632798195,101163.9828855836,248.5523485915761,33.43709084043478,318.2973006961926,400.0649068568332,4.031788893472807,3.3491423805791545,11.228930551181735,-49.20853779211492,27.096657430889948,-22.111880361224973
2022,11,2022-11-01,286.96443213611445,258.3310158778375,0.009686729610511148,24.158933226561604,0.5201041909175139,59.59403221672361,339.19082683960517,393.8661188788395,195.60940584095573,30.288902664722347,101163.3968224033,253.86381648182578,37.77355693690031,312.16258325544095,393.8584836213462,4.143853869998545,3.427846820448449,11.332605099399888,-50.76975636869209,27.02060832667088,-23.749148042021215
2022,12,2022-12-01,286.3981907302044,258.0042198036459,0.009613876792948749,24.054141880014996,0.5298445103050423,59.738048964672124,336.40471166939346,391.0470203892784,197.4275266423306,30.273237472984253,101176.20118584209,256.4932960563406,37.31022874110475,310.0036115064108,391.0291970362794,4.194486941416627,3.462212245463517,10.605546356807404,-52.028778145889525,26.383276809983684,-25.645501335905845
2023,1,2023-01-01,286.1943121099118,257.88758110297863,0.009640874563101148,24.014714759172406,0.5231118853132255,58.79347219007388,334.85282573399775,390.20709179132473,198.74901835484022,28.3104609772771,101178.57415782915,255.89362171310438,34.674453719251304,309.49586880950363,390.18124784672807,4.1862157031262965,3.476161847429828,10.412452979693432,-50.78061061628997,25.331112979897412,-25.44949763639256
2023,2,2023-02-01,286.5335477262143,258.0422399738656,0.009792705752843849,24.386133800829796,0.5263554480554871,59.54044923624303,336.4842628329831,392.04951016781666,198.57762714168558,26.50173716768607,101180.52473781104,253.06430768804114,32.80977438602752,311.3503191856122,392.0294426244912,4.131083120908733,3.4636372374461963,10.98459502397204,-48.17864332801411,25.113876104045417,-23.064767223968698
2023,3,2023-03-01,287.3329928172872,258.15010681068765,0.009973968816521548,24.695071446636984,0.507200425592727,58.06591341469756,340.36477045248955,396.2140951728706,196.4974738405039,25.654092685259588,101177.40518021653,248.8217142007021,32.39591222417717,314.9349878134824,396.19190842634407,4.038126320540608,3.4070448545020313,11.431981505443895,-45.58242082128066,25.407595892480586,-20.174824928800074
2023,4,2023-04-01,288.0738496827762,258.4719920675824,0.010109703154189048,25.3724403545175,0.5163784436107597,58.53125709941457,343.8470314530272,399.73473082586275,194.68215531648386,26.697340862337914,101180.4409313104,244.72234865779242,33.834510269160695,318.33153005143237,399.714706083521,3.9402576634707005,3.344686606769717,11.160641260364695,-42.90302393448578,25.495476659253043,-17.40754727523274
2023,5,2023-05-01,289.0392348958799,259.30443379944165,0.010387348852108349,26.391242676048485,0.5302403092378453,59.614053481137084,349.35843514441007,404.26076075567653,189.5539919154993,26.647471174938048,101174.87866371669,240.5501268548001,34.34080363261416,323.51503557034766,404.2591151103825,3.8615763735401973,3.2507341140721913,10.124059389335486,-43.30280248162472,25.841753928768313,-17.461048552856408
2023,6,2023-06-01,289.893931504367,259.97723326115516,0.010638588086472348,27.05615046337297,0.5356473966192805,58.373621896860655,353.70362306752526,408.6456939399163,186.11506944124957,24.73419511893989,101165.54634313917,237.45005611673264,32.06386720771448,328.3473366189272,408.6505489140604,3.830781491836096,3.207834101117545,9.005096400954198,-44.00531458670846,25.36114142274205,-18.64417316396641
2023,7,2023-07-01,290.3693382885224,260.75182742161195,0.010939721858513048,28.271675686755085,0.5635235508726861,58.38250559673129,357.53290936908166,411.07259646386274,183.98147669470916,22.52703137015648,101169.22491738938,235.61028528220942,29.222854926347214,332.52030441951405,411.0724050565255,3.8208758133174774,3.1890743571622298,8.679839288922713,-44.93298503130952,25.012413542230334,-19.92057148907919
2023,8,2023-08-01,290.18649616660633,260.6201505852237,0.010942856505636448,27.974943267158235,0.5458621276867113,57.38790920865022,356.2294615448753,410.42413551170597,186.1548427638936,21.29134474062625,101171.60995878793,237.36229695221232,27.49276952948621,331.55364870770774,410.42392514959874,3.847549165206978,3.2241453390745125,9.220238271084046,-45.00602939945875,24.675602475060273,-20.330426924398477
2023,9,2023-09-01,289.72934336968785,260.17680992708216,0.01070267039828125,27.23676684605281,0.5400264737124563,57.45966345925359,353.3500319082397,407.56966887902115,189.14068101786017,22.354822646077483,101168.29836655318,241.8625707219446,28.688896911838935,327.91787782380436,407.57361346890065,3.9049661051805327,3.270227737721273,10.2568117172647,-46.38781543832297,25.436098674314806,-20.951716764008165
2023,10,2023-10-01,288.58924705102606,259.5204063062008,0.010276309502859649,25.776656424988897,0.5134950765770482,59.0517555641145,347.87822775233695,401.8897968070913,191.77150666970638,26.173105339848703,101170.03680236607,247.96479296121203,33.13962606948082,321.1117876796307,401.89203366717555,4.011436570400469,3.332518622742238,11.152314751399008,-49.22676556187354,26.768676932790484,-22.45808862908306
2023,11,2023-11-01,287.5456507241553,259.0504450637243,0.010027146594905348,25.304332835145573,0.5180932975640368,60.6845232174139,343.1808618579012,396.658527559545,194.33430789616887,29.84396168472211,101175.83261954083,253.06704320184247,37.262788021122546,316.19595183440794,396.6487994659437,4.120748916486048,3.402418029239142,11.207470455049247,-51.313908969273164,26.975181929891917,-24.33872703938125
2023,12,2023-12-01,286.9144762455282,258.81689198153936,0.009922272178253748,25.055004181570798,0.5182121648825988,61.71718935226781,340.1455720092127,393.66103444114844,195.53378988214197,30.268584661287083,101179.1943416477,255.98126790307916,37.367373799742246,313.5684019801932,393.64978885826406,4.185508913145086,3.4370818300193675,10.566138029729922,-53.34868888248203,26.56592444613507,-26.782764436346962
2024,1,2024-01-01,286.58381109634024,258.88358157304225,0.009942052726140549,24.94266518197701,0.5183571560715415,61.94763494257731,338.6722736986212,392.5273038506671,195.44878429832758,28.201736678171326,101187.79177330965,255.37743142494858,34.94721076113756,312.6465824757665,392.50850493933393,4.18450693223625,3.4389589753996805,10.466806075353556,-53.183173043654755,26.006892311521497,-27.17628073213326
2024,2,2024-02-01,286.9495456609535,258.9915739594658,0.010097159255283449,25.37212553393266,0.5187850265583144,61.08639194882277,340.22528820627775,394.2329011354049,195.72614829271262,26.134686826305735,101191.80934770725,252.43690511674012,32.6047329678963,314.81520787594815,394.20821595784156,4.12549500666561,3.4272153797934735,10.93738664968032,-50.240710682436934,25.385395152766208,-24.85531552967073
2024,3,2024-03-01,287.50383048826825,258.996918275024,0.010249374238307548,25.842276674345978,0.5180756611452028,60.99522030242769,343.58607856914546,397.2464525444863,193.62850418023592,25.303102045585003,101191.49332176516,248.12492508626562,32.208127597502745,317.5445395961382,397.21817594180226,4.032320108791033,3.3726378505159156,11.38981797861208,-47.59139535411196,26.013262370323176,-21.578132983788787
2024,4,2024-04-01,288.3697736686505,259.45457773419815,0.010417718869364549,26.233420653072862,0.5225291729017338,60.47871372926273,347.29747736230064,401.24760634657275,191.42132464152752,26.173988291210428,101185.27371676198,243.939868886641,33.53071046144892,321.29696852071163,401.2286805921514,3.922139597611643,3.293827293943437,11.107017980869545,-45.161822074875,25.981583087167635,-19.180238987707366
2024,5,2024-05-01,289.224368630023,259.84284046146115,0.010516008315795048,26.692094791817386,0.5287878128534446,59.96634412437717,350.88047371220733,405.25464414717305,187.73869453344022,26.708784924179998,101174.14834772688,240.25285579445335,34.48557564233635,324.7595674876023,405.25432217567663,3.8517451492767196,3.221723426847716,10.168077647491184,-44.7373705428568,26.12058425310859,-18.616786289748216
2024,6,2024-06-01,289.97066234386267,260.4437835529763,0.010693813058532049,27.315400015458277,0.5464182820281533,59.55184806826937,355.2456592711285,409.2823418216419,183.8281448782748,24.47361659621869,101169.00793227367,237.10607883265172,32.043689686037766,329.21081702950937,409.2883407327066,3.812163105332923,3.1665447003591822,9.019680226216536,-45.70786086455785,26.040841152683768,-19.667019711874087
2024,7,2024-07-01,290.2508714650126,260.94135126351034,0.010916037909472449,28.211841329965957,0.5611473776609237,59.0542235177136,357.0530818517974,410.54146157716593,182.70394722695278,22.29886367696273,101163.92763271955,235.60606388221046,29.12493843952676,331.93414034021964,410.5420632678113,3.809822346807122,3.160032699414866,8.698128993218567,-46.07604189269366,25.119543202223056,-20.956498690470607
2024,8,2024-08-01,290.18202513263225,260.7854142292975,0.010929886935744149,28.152467880785327,0.556480728319434,57.57742010581127,356.23584461025376,410.03251165747605,185.2342501075329,21.17233096915331,101166.00251680342,237.31965280148887,27.43189012867292,331.5640887575075,410.0318538728126,3.8404457802665575,3.2052633301238544,9.249238310264522,-45.82584353443638,24.67109806808277,-21.154745466353614
2024,9,2024-09-01,289.5146294632532,260.24943983789,0.010662625992480548,27.206818705614097,0.5399442583761577,57.923111534460546,353.1744722244367,406.66794545265475,188.02821909485888,22.27706459520312,101171.29397020569,241.91713358971091,28.832530346719714,327.3061761871773,406.6755938688558,3.901306462294101,3.25295728316901,10.33309706191578,-47.333448743335445,25.875944453460434,-21.457504289875015
2024,10,2024-10-01,288.5488399441439,259.46113422338817,0.010234190011126049,25.78609392251406,0.5259694272341364,59.33620883208329,347.52612096001934,401.5722565707321,191.97678694497353,26.342907811972474,101172.48428742097,248.09657980728198,33.2543276839842,320.7981896687624,401.57267361456735,4.006925710520444,3.3279505204069513,11.155782311530656,-49.20837299029673,26.72834833509212,-22.480024655204613
2024,11,2024-11-01,287.3846761390415,258.87165916630164,0.009940868924190648,24.935581759592758,0.5268270520932362,60.23567191116334,342.30202698803043,395.76510409631965,194.1362457611778,30.201830153459703,101169.83322802214,253.44354767845527,37.52897726595976,314.9474520298197,395.7538826310721,4.11573059593145,3.3882799554528913,11.206691195747943,-51.980154804777406,27.343353492963118,-24.636801311814292
2024,12,2024-12-01,286.8191668410803,258.68988553896935,0.009795749746120849,24.802011888956706,0.5242700119258933,61.15328153184808,338.9677140827581,392.8129886946118,196.23048978870085,30.559194509552462,101178.9761358787,256.14426463427645,37.74295476707231,312.34638859174345,392.7972297578117,4.177622675787218,3.437017931302453,10.66268836602598,-52.73001458805572,26.60556655421449,-26.12444803384123
2025,1,2025-01-01,286.6463190440333,258.4502429283488,0.009768766023579248,24.445867143378646,0.5190984090073553,59.36111354358176,337.04897834244014,392.38331273269443,198.2115625547182,28.42657825269545,101174.60306905463,255.53375886353408,34.975604706566074,311.57055776879685,392.3589180708054,4.1657708832436,3.456986984709093,10.505472226101851,-50.77316985494527,25.454025911754186,-25.31914394319109
2025,2,2025-02-01,286.7864720546012,258.5939115280968,0.009915191655416248,24.808316851332165,0.5254655197112333,59.631121977096385,338.6180753023152,393.2988188417466,196.37088401823118,26.39574947523398,101182.91223910857,252.62892872337167,32.9719505452387,312.986367787282,393.2727194343376,4.106646638830973,3.4180105277513673,11.057970758017548,-49.68184363513577,25.605608107624178,-24.076235527511596
2025,3,2025-03-01,287.4907051570681,258.6313563550253,0.010111224759543949,25.349023146332808,0.5243038097921351,59.41996207233356,342.0464212490644,397.00515906101805,194.9221626581654,25.30901868239934,101182.11183087192,248.3642571507607,32.05976186629749,316.4835139881175,396.9957493670109,4.0266624338051,3.379459928119309,11.292425848050886,-46.69135130869713,25.55349756693967,-21.137853741757464
2025,4,2025-04-01,288.3460666598285,259.0129355960962,0.01024731460744725,25.837366870485564,0.5247015288478588,59.933198276453425,346.51039576536374,401.0527952223828,191.21146069081894,25.9953655438591,101171.49196589159,244.15912480448142,33.26795729524582,320.16960898577145,401.04507026790384,3.9298022377805317,3.2954716451047967,10.933090792067691,-45.67507236227575,26.333061825113262,-19.34201053716249
2025,5,2025-05-01,289.15795958118366,259.50346744934046,0.010403306810968349,26.392713809164363,0.5431657910677242,59.33024918232312,350.22032070992174,404.85075382557403,187.68513229803452,26.231014567071462,101166.39731356113,240.37739541865633,34.013120208558284,323.8408243562262,404.8560840998696,3.859197543349326,3.226257046787866,10.023050471851791,-44.91015747913499,26.384826627991018,-18.525330851143973
2025,6,2025-06-01,289.81842286600454,260.22619470707235,0.010554944784560248,26.900401598249264,0.5338648230554845,58.39284227947248,353.22400506538844,408.1985798035071,185.40236890472192,24.399371941033696,101157.18401238634,237.3235483500712,31.571284571068933,327.52251206564694,408.20805012092137,3.8082023453003875,3.1810462845441387,8.92206153228125,-44.74926681531405,25.71096331715576,-19.038303498158296
2025,7,2025-07-01,290.02338629792155,260.4623731333644,0.010739314522485848,27.655243932951517,0.5289267025173918,57.66682383931885,355.018559175964,409.7305955738366,184.93062864377617,22.258146021867187,101165.38980544334,235.86959814019207,28.7774813046622,329.7468607644634,409.73369515710493,3.8110852929800934,3.193352245279542,8.56409081218053,-44.41963421362089,25.274797994768917,-19.144836218851975
2025,8,2025-08-01,289.9544724794015,260.40357173930164,0.010666966662542448,27.31380724606466,0.5133018001502923,57.25124165623382,354.02953636941896,409.2603755621817,187.12982104438973,21.289168386593296,101161.80870655726,237.7201238033357,27.329816005004194,328.7561123858186,409.25613421774034,3.8431694330314135,3.2341786084239854,9.110453996043134,-44.54965514053509,25.269182639158956,-19.280472501376135
2025,9,2025-09-01,289.43634964509556,259.8403485905539,0.010425995552916848,26.298222069486926,0.5089826773914432,57.39423587940387,350.5049927929613,406.47445202018616,190.68184211087825,22.414716069251757,101162.37938320881,242.35207084155635,28.613424733189788,324.88107199952987,406.4798395995802,3.9083700106695805,3.2927790231336886,10.1893480062752,-45.47152006674008,25.629308372825406,-19.842211693914674
2025,10,2025-10-01,288.4445539278328,259.2238410164202,0.009987582964827848,25.004714870986113,0.5099897110508023,58.33629836495551,345.16714299498324,401.2506214241536,194.53541762038117,26.060279962237747,101165.88630352562,248.35693605572703,32.66951838453018,318.41939332577664,401.25938284639614,3.9981640298790277,3.3577723869400535,10.96118336144457,-47.21228001305345,26.75651109144907,-20.455768921604385
2025,11,2025-11-01,287.37063894706944,258.4895472483419,0.009646663078880948,24.063938657265417,0.4860275898317299,59.57483558557638,339.3269027208568,395.85962690046904,197.80821011955248,29.89437891756916,101168.04257986494,253.6937679041437,36.75342048690984,312.8115620717084,395.87079561686136,4.099165147404147,3.425677468602604,11.05710943432284,-49.026516215250545,26.52650936554069,-22.50000684970986
2025,12,2025-12-01,286.5782060385751,258.1515493532411,0.009553593880753549,23.81596244916026,0.48443200753274,61.971326021615624,336.5465535007119,392.5634316181909,199.21735287667272,30.38555862305044,101175.97394354298,256.5125590604566,37.19616293276177,309.8035769144377,392.56696582824975,4.165523566895125,3.469348341349283,10.515577522998834,-50.484601874072546,26.746510796333,-23.73809107773955
