year,month,date,T2m,T500,SPFH2m,PWAT,APCP,TCDC,DLWRF,ULWRF,DSWRF,USWRF,PRMSL,CSDSF,CSUSF,CSDLF,CSULF,CDUVB,DUVB,ALBDO
1979,1,1979-01-01,285.40766072157015,257.2586272992795,0.009405724586561944,22.9268017567038,0.5139398317186298,58.42341866901613,329.8821853145477,387.20148800485237,201.42344066455223,29.000391470295646,101148.28242184536,255.59339373412303,35.35811140873564,304.8417515172612,387.1798052588582,4.137095193936758,3.4745522451722644,11.081320870400955
1979,2,1979-02-01,285.3695932520479,257.42262979510434,0.009531369209181146,22.98637214023921,0.5102889733670647,58.63387656903796,330.84840609584285,387.5518394053787,199.31122614195806,27.616200188838977,101159.29604153414,252.99182052082622,34.1081984197316,305.3469019364222,387.5242997544799,4.0900140649845005,3.4386717556559963,11.8161358078914
1979,3,1979-03-01,286.2674270477901,257.4721742020152,0.009609944256918588,23.35858254798647,0.5076049310651304,58.97956056074382,334.5932149903056,391.5622149083933,197.0079812271033,27.148152812246227,101155.3001943581,249.14563494787348,34.3465978553481,308.56465550597665,391.5454872189909,4.000977850536864,3.3792171200479566,12.289292711952127
1979,4,1979-04-01,287.18050259721974,257.74969533119804,0.009703008767867876,23.374228841361447,0.5032311598475587,58.49843383122812,337.19507085873676,395.6366084147546,195.94442441655832,28.492103215445074,101144.74273641656,245.28259542720974,35.95966395224709,311.39368342628387,395.63068249908747,3.9012690411185544,3.321424146934476,11.900347463104364
1979,5,1979-05-01,288.26319430676244,258.439126515101,0.00995163974488673,24.274855474278446,0.5249467738089215,58.87704766563499,342.7942300775498,400.53354512998953,191.44950806435935,27.61054085668987,101134.24244304554,241.11467766055804,35.075637581433035,316.69492702212045,400.5502920900552,3.826571985020606,3.236166627023142,10.37201176258421
1979,6,1979-06-01,289.1046276139661,259.2627442499126,0.010162827248453318,25.323600131463113,0.5367557921454464,58.9018922694661,347.4377259716291,404.76838396159445,186.80286471271845,25.10596141111964,101134.50341293369,237.83527882400315,32.46359476042011,321.54486217334585,404.7832090776451,3.7887870271688926,3.1758554482820016,9.139724326810827
1979,7,1979-07-01,289.3255973751366,259.7192818570975,0.010287591222234098,25.881126405299593,0.5386852491395544,58.78168123754466,349.5708609578012,406.1207103714525,184.47349914562716,22.75065216017866,101132.47746273238,236.35439936357227,29.705226024893573,323.7686347066479,406.1303210210192,3.7849417837723776,3.155257870683807,8.813915267358961
1979,8,1979-08-01,289.28918767027767,259.39333184306605,0.010296969642573133,25.595837077334448,0.5263665426057823,58.619565158067914,349.3486989799491,406.0869169650271,185.181331145125,21.260133907660776,101138.27273167012,238.10518074895367,27.989572982443825,322.99665770039803,406.092812960639,3.8092423505467363,3.1728539976695447,9.307376460201983
1979,9,1979-09-01,288.6884141128702,258.72012046256185,0.00999723441899035,24.67210911103838,0.5200434839070305,58.04505909570323,345.1710939624265,402.84175554831,189.3890827519628,22.17852845915138,101141.49561113345,242.62489855045627,28.734369381338066,318.98049025022834,402.8506739943516,3.859960391857867,3.2284025518451274,10.302510011458645
1979,10,1979-10-01,287.65057690101094,258.1068726772414,0.009679502524882744,23.639945919668293,0.4996102116390714,58.94206194104246,339.90947960051204,397.72898042867286,194.25274371150599,25.51414136599882,101136.37933757334,248.538514439001,32.29869665540836,313.34384653991737,397.73806291123236,3.9584680429055457,3.3142654756394996,11.041673711475012
1979,11,1979-11-01,286.4595124202269,257.44552865798283,0.009436723857162493,23.091528659408308,0.5147123802950201,58.50858789741995,334.18777741294565,391.92437746951094,199.51037695877707,29.749541081628607,101146.7783884819,253.84251779193056,36.55621224266376,307.95480091416994,391.926412012742,4.061591498183987,3.4101133964898613,11.256459244831849
1979,12,1979-12-01,285.9963623754594,257.28667332844236,0.009383248851959956,22.922342305082807,0.4947458028349263,58.81467285174775,332.1720077371886,389.5988110728855,202.02671240689136,29.8337051567557,101139.68109959454,256.42636701323437,36.34484857845577,306.3890301425453,389.57963240337716,4.123026443020154,3.4656828546415968,10.603595101799074
1980,1,1980-01-01,285.6030418847498,257.35957431191406,0.009407768911472903,22.959815633668697,0.5135609908749327,58.83329920810657,330.76414419614974,388.0681663161291,201.24958365504054,28.67934517000498,101149.5733694558,255.86338781642775,34.955961852244116,305.5656273483075,388.02903620052496,4.134471129823566,3.470500692850844,10.876419641852117
1980,2,1980-02-01,285.9236552007301,257.72341660559806,0.0095393002037931,23.254144167210036,0.5047437659380182,58.54890235225127,332.6719258941549,389.64623440443233,198.54607932396337,27.129082651118622,101152.67492791804,253.11644117385,33.71184685271826,307.2724285870501,389.60030578981656,4.091373860984936,3.4285387937393277,11.637158044135319
1980,3,1980-03-01,286.5464902339826,257.5955212445891,0.009662004063388756,23.52764332027152,0.5097245774543285,58.375040631445614,335.4194754364004,392.70834527404446,197.27703444057946,26.850623113035255,101154.83580952795,248.91346898604485,33.69600896456109,309.6507230078791,392.648275144397,4.009095634611964,3.391382333971627,11.931511235926447
1980,4,1980-04-01,287.54915422877883,257.9893866303289,0.009814024714900676,24.177393566649318,0.5086813815180466,58.96630478010581,339.56989141269537,397.39392580009934,194.87219914582175,27.70518852617857,101150.59063908417,244.79475037306054,35.04888815356314,313.83227966880145,397.39254306295425,3.910425955928445,3.3193036551460757,11.469236832033962
1980,5,1980-05-01,288.6467164556822,258.6849364241581,0.01001664033131022,24.821348566124836,0.5217053423122849,58.97710630831361,344.85231869481066,402.4814418890319,191.22443259411855,27.487908334176318,101132.59566992252,240.80790619116624,34.98614106352029,318.73863729912057,402.51804619145594,3.8341728613832746,3.247152622897448,10.23956139826678
1980,6,1980-06-01,289.22576150893116,259.4312391851144,0.010124667387281412,25.320599768365646,0.5362509898222817,58.816633008152806,348.1069441036605,405.46983546060943,186.77016457533816,25.109988594374276,101135.4948948051,237.80222859303777,32.47333968526971,321.84542706865795,405.4970968577828,3.7895794224074786,3.1773057218273584,9.091999316698544
1980,7,1980-07-01,289.5833317032127,259.8370621853856,0.010283890154532549,25.9547816475255,0.5365129357335156,59.26837256006803,350.9908917918966,407.18524852478316,182.96724727421105,22.753644554556683,101119.75146369872,236.31755314829525,30.05860313047495,324.4687000472796,407.20472829879,3.7859628859151657,3.138291386591989,8.878155268230431
1980,8,1980-08-01,289.40062037694315,259.6562615655609,0.010280071188448096,25.692976989124535,0.5344252983623813,59.242946145212436,349.9671928712443,406.21824190249566,183.8418604876636,21.40709612017036,101131.93906675112,238.06329410705354,28.16111216665889,323.4163669232692,406.23011351208885,3.808794249737252,3.1519435830933262,9.388168125933957
1980,9,1980-09-01,288.6923354308192,258.98689345842706,0.009952692851418077,24.474410139191967,0.5210914244723911,57.53217450002641,344.66047125106826,402.6102473185156,190.27296507345767,22.54842783169002,101133.64179608718,242.84022523369498,28.980270986219562,318.57291569227743,402.6313058570734,3.867152691727331,3.2416913436330126,10.429101065647188
1980,10,1980-10-01,287.5671935387524,257.96561784544974,0.009608614253798652,23.59707367487238,0.5135370807976873,58.65366771899776,339.4026805106068,397.0537267375779,194.1526480178861,26.071290739558485,101140.7072185311,248.7199546831726,32.867689219084184,312.56988828859704,397.07418156623953,3.9675743257929876,3.3181466777206468,11.132662058125282
1980,11,1980-11-01,286.5145789922727,257.48521561294547,0.00938210618777738,22.86180675875078,0.5081694864190685,58.645557079993246,333.7205880410774,392.01895843792494,200.21260537423169,30.038943329269465,101139.03859287527,253.92513597366747,36.74512350894962,307.84424074543426,392.0116534490534,4.07319798230128,3.426078149848382,11.209528812173822
1980,12,1980-12-01,285.8312962071875,257.242557784712,0.009309875669347635,22.68948228883071,0.4991282661743435,58.47012077680517,330.72609625749925,388.83633794789375,202.87637645833212,30.356429999314432,101140.9237604827,256.65015205111837,36.69518501182147,305.2997681018372,388.79703577919486,4.13162691860619,3.4798883397733915,10.660423576215
1981,1,1981-01-01,285.93933057799944,257.4884267455551,0.009384744784139592,22.89508673342606,0.5211312667571683,58.59535064238927,331.4996024000787,389.2224247860543,201.1727457026365,28.47482778594562,101144.83047605527,255.83883919396428,34.69340620770782,306.1832560221885,389.1786796964104,4.132657093409638,3.464770244530767,10.735926056992657
1981,2,1981-02-01,286.0435096395188,257.7367435895245,0.009559027574787002,23.472159110097316,0.5251014045895129,59.41208759014284,333.59024089847264,389.7742081492953,197.15886857078436,26.539073295880225,101152.29838674149,252.78045863466443,33.15365499045664,307.6558810424072,389.74192914124114,4.08846330195906,3.412286018971273,11.390717260897281
1981,3,1981-03-01,286.77436765761996,257.70552418647844,0.00971525115128299,23.73005337172606,0.50742161129239,58.59397393116861,336.21609859511796,393.4459487993395,196.7670393319511,26.23018942510181,101141.76926093237,248.6616685691888,33.12224688318138,310.7789762601427,393.42945558970246,3.996171949834332,3.3751437484239313,11.860567877194649
1981,4,1981-04-01,287.5963197413713,257.8574341866262,0.009805092532097662,23.934307157292366,0.504617090990277,58.296510226224285,339.23375240194093,397.41675428300783,195.2556859858536,27.288085410128275,101153.84528880662,244.71083574792385,34.444661322652635,313.68319796412453,397.438625278527,3.8978490918336552,3.3141412127693095,11.373166932115515
1981,5,1981-05-01,288.5191182177961,258.61789587878184,0.009931234872415111,24.494855987625836,0.5215739959204547,58.35569599805694,343.55169472362746,401.77845752690934,191.9780771477414,27.234730289590075,101136.74921177403,240.8747484409981,34.54905365408617,317.71171497693433,401.82088151178664,3.828943818662835,3.2487319939756785,10.188065080160115
1981,6,1981-06-01,289.28984377640955,259.1834046465882,0.010103088654293832,25.0516304730027,0.5303008097442887,58.34961636476475,347.48542911904497,405.70881619865503,187.92126335513393,24.814703651999775,101120.63560404065,237.81498614043295,32.0504926551209,321.5548043726151,405.74477031185006,3.7895336476123025,3.191940901367434,9.013062985991917
1981,7,1981-07-01,289.4767338826509,259.8527057838814,0.010305783762662423,25.954156955126876,0.5470230698685722,59.23630384274335,350.2834722628406,406.58443545036494,183.49162507678122,22.714339060111833,101118.08713686124,236.2195780250564,29.908269234420178,324.2425954370507,406.6142157544545,3.786658895950098,3.1446315887898875,8.874902117896045
1981,8,1981-08-01,289.4377076298659,259.6665358804195,0.01022975722897626,25.26333672428727,0.5376431842707614,57.85923255725234,348.3615596847947,406.35561920608313,186.64447548082381,21.483338425573333,101116.85186996806,238.29822047638808,28.03374089322075,322.93468574016356,406.3805022791763,3.811403952174556,3.1872006935045074,9.370276464716348
1981,9,1981-09-01,288.7208514959834,258.84625917546754,0.009981868037264278,24.38165031826633,0.529842339972572,56.95445104408068,343.51623015723845,402.6105284787661,192.32863514570946,22.603576079026684,101121.43517257161,242.90917731855097,28.895528056675776,318.4367117377626,402.62711517816246,3.8653203916290293,3.2645750892269696,10.377957192703906
1981,10,1981-10-01,287.5486532213609,257.97843958473203,0.009585568923663818,23.255486951176074,0.5220003177312522,57.78859037205045,337.74388571287244,396.8592608213799,196.36526341304292,26.313974212084823,101135.04170444049,248.9433593267644,32.911073450949516,311.97948483078324,396.8710799660534,3.960686241522867,3.3336938459172587,11.159828672958545
1981,11,1981-11-01,286.3441383060363,257.4811733501641,0.00932239612495148,22.651793958092988,0.5170755807065307,59.22716012848429,333.0901299813396,390.79969245567776,197.73838063234118,29.966516081696387,101142.26325447048,254.1493019706532,36.999688469261166,306.6685731062733,390.796364165666,4.068315162808625,3.3827564417073366,11.300955027961672
1981,12,1981-12-01,285.8524061791192,257.3651722435505,0.009266260879068296,22.724000249966615,0.5131149954801772,59.28287139311598,330.8070737359632,388.6078166408963,200.01068383745988,30.48659695027856,101136.07231558552,256.7115845998742,37.1262465415877,305.1199283983352,388.600333143733,4.1352648966668815,3.439827480258183,10.858612859643948
1982,1,1982-01-01,285.25543007279504,257.2278849016398,0.009266482168966549,22.52245488981358,0.5179419961192497,58.88347190302671,328.9392643182557,386.61262946897784,200.4067657227166,28.755025871952853,101147.08192460214,256.0926206454099,35.271765674712775,303.6536991767831,386.5962000883773,4.146316619991565,3.46120538862953,11.085539669461241
1982,2,1982-02-01,285.5681295538757,257.40736734600387,0.009430506486793883,23.079207819165383,0.5173669639029782,60.04022218458628,331.4829741835303,387.76012169096333,197.77584788458472,27.353964084707602,101154.89175025771,253.11052793607857,34.078936623500546,305.6176147030875,387.74119959459097,4.090505831103431,3.4156573936518195,11.847862648192523
1982,3,1982-03-01,286.05172371400744,257.46486617957714,0.009561398948242527,23.350509727222253,0.5159798820869972,60.08552990763111,334.2111644068307,390.3649802984048,194.500137205761,27.00589342737787,101159.8345195468,248.91579128336042,34.265728103671336,307.79820345346496,390.3458873222719,3.9959374713454405,3.3401630512084317,12.278531460913296
1982,4,1982-04-01,287.1550230124269,257.802226888698,0.009645050374061614,23.699914474410733,0.5073450864858733,59.646169374186805,338.15579372858946,395.5584607669672,192.55677974630467,27.317327012980883,101143.77784532392,243.69769361879588,34.923218433183926,311.7349929475436,395.55405340964626,3.872233577376929,3.2680097772849965,11.622338221874974
1982,5,1982-05-01,288.23100341539345,258.4272135655886,0.00986948364833134,24.316452039266675,0.5138674069945077,58.96987399128873,342.39924126030377,400.3989767777241,189.6183692360681,27.417397737441416,101124.66560463113,238.51875034700137,34.60337805423142,316.59963572081216,400.40311130109814,3.77054143808914,3.192816208596734,10.290744762227549
1982,6,1982-06-01,288.97074107995746,259.16993297979366,0.010043537807732183,24.94299484673674,0.5382112572300499,59.13682578744221,346.891097312674,403.997491871146,184.84427353921564,24.727909404322652,101101.18203612814,234.95004379988168,31.921583675032146,320.47901194544227,404.00542467515135,3.714917412548876,3.1202834204967798,9.008936403847976
1982,7,1982-07-01,289.30486834971373,259.4399244457632,0.010201462937091801,25.668331720715265,0.5430570802965914,58.340161299912076,348.51368338787944,405.6002242005041,182.76079522585403,22.424973110827125,101096.72798954562,232.63701989944784,29.11676016358476,323.03635689830134,405.60792826422926,3.693419710588526,3.0939274198013376,8.724986542626501
1982,8,1982-08-01,289.0800350943116,259.4201984232425,0.01022723546342976,25.69769021250686,0.5362262623048681,59.404759022531515,348.6974609004797,404.53860296749224,181.8590059019481,20.888208127487587,101111.44603766532,234.13540505454702,27.360063126262187,322.35673622952385,404.54228359131815,3.7195812686333136,3.093276458813164,9.194884833728631
1982,9,1982-09-01,288.47267429809,258.5367162558973,0.009909582667988137,24.34262878126093,0.513837132900564,58.43158763589055,344.1099643654611,401.58770925816646,186.8940080857622,21.762405405260548,101114.35525923848,238.85268347879148,28.14333033930257,317.6025191936643,401.5959237690045,3.7807349213399957,3.1683300148509517,10.142837970341454
1982,10,1982-10-01,287.3952758595149,257.5749767771639,0.009527861516280827,23.05491937350486,0.5165176245392769,58.58127459762966,337.45953347673884,396.2257170179073,193.67038431095733,25.4299633954821,101124.43357284779,244.86849074493855,31.94178974202981,311.2851312065383,396.2385070974457,3.884884529780502,3.2808848300497155,11.027888414875175
1982,11,1982-11-01,286.26482926656263,257.2909252415303,0.00935441733860138,22.79610471270892,0.516660234951701,59.35489405078,332.8129685900479,390.5705864575398,196.62057516214756,29.160935023734307,101130.17603680972,249.98082823379505,35.82768836143004,306.7772503467006,390.5782053118018,3.9939840853097497,3.3518751009512777,11.069021619931469
1982,12,1982-12-01,285.79670578862687,257.207990537752,0.009277272877029454,22.605225067378175,0.5178213184226512,59.067284745483384,330.7505387660891,388.5913636848426,199.95651743574186,29.621092302014116,101129.47727232077,252.98430901579576,35.91169350252139,305.03002060710963,388.5917207456558,4.063682328273695,3.4222133975554536,10.5560002727872
1983,1,1983-01-01,285.60361104777434,257.5678708990827,0.009362028352115578,22.775171129964,0.5243930473562234,59.22296408256988,330.44871811943347,387.95354862238275,198.247032305504,28.287399177629368,101135.68611098232,252.54000118602198,34.47630628522738,304.92946692392826,387.94076825704104,4.076840327333312,3.410791100416118,10.815699862414853
1983,2,1983-02-01,285.8651365039755,257.26676670776743,0.009543087717650903,23.324271807595387,0.5177518166118394,58.18137995778675,331.8134340199127,389.4635707795693,197.74719669236907,26.99389152795775,101144.53194772691,249.81248938870564,33.22985579639822,307.1938704859729,389.44307062689126,4.036918498760083,3.4017003192955495,11.643019379571587
1983,3,1983-03-01,286.4728035632603,257.8331284564038,0.009646105917578082,23.552740958215217,0.4999041238033003,58.65028328243746,335.263355358683,392.2219431293978,194.54221464588434,26.686500902023035,101160.03439354444,245.79852617124743,33.47238842108598,309.5690084118888,392.20004938321233,3.9563393635305504,3.3387592662073553,12.106720511600829
1983,4,1983-04-01,287.3528104916269,258.00292464265937,0.009710267698764156,23.712451965919815,0.512031688746589,59.117207886930515,338.65311365273544,396.4686726116181,192.33973484023488,27.13650158476267,101144.50993480516,241.94574035670337,34.373399657391076,312.67979946665963,396.4547740823032,3.8597624359112417,3.270324149002457,11.503188794072548
1983,5,1983-05-01,288.50487141846116,258.766628149553,0.00997491681221269,24.54623399848748,0.5265175222045932,59.53181141835861,344.21598068737353,401.5677538206771,188.7825026706484,27.096961383275495,101115.01619897535,238.02743056694698,34.216705848304585,317.91232764653756,401.5700631857319,3.7850294087699465,3.200290578428319,10.165123114383503
1983,6,1983-06-01,289.12861654792016,259.14842149840683,0.010116489039688087,25.156913532785826,0.533638627843313,59.038677662530986,347.4125318090372,404.975002991265,185.24139915337346,24.68843606828016,101117.31222439918,235.08506642395565,31.72793851455907,321.36873794987224,404.98490853126987,3.74302530776307,3.142677050543851,8.959171057684179
1983,7,1983-07-01,289.3251323561715,259.8431566771455,0.010299667474659826,26.036904041332434,0.5432408124417409,59.89198740813555,350.57525552876797,406.0935833817778,181.35277326331996,22.227704560252455,101120.89398874898,233.742409658893,29.171934723021906,324.17458011255184,406.1019839781959,3.7455118836383945,3.1079647479965393,8.70051013360402
1983,8,1983-08-01,289.3331107180391,259.7577513228999,0.010296746092029314,25.90726928739937,0.5343277372866608,59.08840597486668,349.9445125057848,405.8547999358443,183.43813492519217,20.93293905052545,101115.28634054611,235.83751031309896,27.48328529944625,323.52751212663213,405.8551293543099,3.7783155747849335,3.1462496098030397,9.200814392697357
1983,9,1983-09-01,288.71185950032736,258.8373060591337,0.009991215479583003,24.55157306273076,0.5277947842481051,57.7437944854576,344.74625633294727,402.6201696689469,189.04251028500258,22.074442398654156,101109.30292230347,240.9621886680329,28.43633776735892,318.70733247935976,402.6296354361674,3.841393778687937,3.2229010432184424,10.256918190083622
1983,10,1983-10-01,287.42388204337414,257.9931445407084,0.009580522121768966,23.284265417084015,0.5102825557322962,58.16228823666611,337.81842168029635,396.18045721029046,194.1143516082616,25.663244188676426,101127.41653724521,247.32419814281317,32.288472994563975,311.4961181680321,396.1916303846115,3.9438091922820826,3.3082369273640193,11.087305948844879
1983,11,1983-11-01,286.382009733908,257.3731682763228,0.009278428971266373,22.557147950661392,0.5141837686230225,58.60395749020737,333.01228273570274,391.2693635322752,198.41902547948692,29.671023597100007,101127.04779075818,252.84783505291463,36.44143786056635,306.8402045127883,391.27508632253,4.058332193309552,3.397326576288183,11.237428344362746
1983,12,1983-12-01,285.5928439243645,256.99873675045734,0.00919309953638308,22.314526603555436,0.512401916164982,58.231387000783954,329.0869066115656,387.60921445395803,202.18398500988457,30.536324920521277,101134.47382899771,255.8533692442682,36.96980965285479,303.85632321371423,387.6057293275631,4.130336818943389,3.472700555443597,10.91787847943782
1984,1,1984-01-01,285.383422050755,257.01505836077564,0.009241283169365344,22.353892171977026,0.5039565069632932,58.383820631129744,328.7292538023363,386.6913800647161,201.7897369125593,28.95634574864565,101152.83582090445,255.2376936368944,35.110508522082604,303.44740481038286,386.6779984663393,4.13438241289871,3.4799961857658714,11.003734196783483
1984,2,1984-02-01,285.4913627669704,257.2808456783849,0.00936081453577656,22.75114662985531,0.5132462275789532,58.74652600019234,330.1970366007361,387.72602089813995,199.0366546773929,27.67239179291616,101156.4517400459,252.532922971825,34.062106437455,304.7626948859341,387.70793133949053,4.086250043241378,3.4349555705487957,11.805554304742314
1984,3,1984-03-01,286.35745647658223,257.4609720837477,0.009532625438647154,23.12794124339314,0.510292382092624,59.5602270232305,334.56481470529707,391.60574827862837,196.0142041080852,27.28817903319405,101142.56575853513,248.2444413454924,34.505823558416566,308.40364217485336,391.5805896015774,4.006619991555579,3.377889664938232,12.29187566042053
1984,4,1984-04-01,287.2235404647672,257.6467471526012,0.009673249835613068,23.578886518627606,0.5104206247447216,58.54843638938912,337.8702351934166,395.6956399538489,194.12445980524475,27.814634582710532,101135.27379943682,244.17565950911592,35.18994641509185,311.76618796004493,395.6835508532419,3.8978181053572873,3.3027581649944726,11.596365947437823
1984,5,1984-05-01,288.5099210800129,258.4743065336766,0.009879532658329629,24.323251711927064,0.5248790082364274,58.54273195211637,343.31362383730334,401.4151620650688,190.95086706876074,27.005679762110702,101116.2292686823,240.13628886112284,34.26919184259328,317.4154761910312,401.41684555709725,3.820831342970461,3.2360895567278787,10.131978310466545
1984,6,1984-06-01,288.9223134823037,259.09971759690336,0.010005794980943783,24.854460417516357,0.5321794248598425,58.211044750915725,345.8004081175478,403.66556811289973,186.49601345429645,24.74798086464706,101120.64442807689,237.2160940527536,31.94495611621166,320.0511370534978,403.6700410447833,3.7853264923470262,3.1734526344301086,8.997258667003557
1984,7,1984-07-01,289.19315914334584,259.4381638587007,0.010172661599312334,25.37299470474058,0.5296824370516607,59.24090375801546,348.7130238722478,405.2353482062128,184.2387052898545,22.41353812611033,101111.31611686226,235.88764714204777,29.361232220460746,322.30995374330877,405.234810660198,3.7838026643392326,3.1595591348611682,8.769974559121536
1984,8,1984-08-01,289.1639351652213,259.2874522202368,0.0101481064763768,25.14417394164811,0.5254478817392457,57.87027889305792,347.4062503312985,404.98424535251837,187.11538584219448,21.425055755025543,101120.69881760242,237.90648851952193,27.83274835086589,321.6461474080223,404.9841772553647,3.8112151199002153,3.202384473494566,9.326953057358683
1984,9,1984-09-01,288.50888356475315,258.17377668312923,0.009823492216581275,23.935875648592052,0.507536169795455,57.17072411631577,342.50726339365036,401.79537176594846,192.4187796754288,22.342478298543874,101124.93191185637,242.69392238893423,28.7343567785912,316.79419417291126,401.80219778264546,3.8674670629036645,3.276064120218737,10.313560932684458
1984,10,1984-10-01,287.44192333631247,257.82509607551276,0.009530165834450358,23.178451443806626,0.5154000580736298,58.812258589886156,337.94396441772295,396.1505350937154,194.95053326979985,25.964776842038,101135.43531524064,248.63512933769343,32.69315199330132,311.42221307236497,396.1658958263126,3.9729092768161403,3.331475002938647,11.12068499412786
1984,11,1984-11-01,286.1583961143403,257.14914829414255,0.009261759466723102,22.4340489207593,0.510167182928999,58.20830403948558,331.3109035858587,390.13022567518715,201.17458023575185,30.347931048606082,101137.41653392238,254.0113257428837,37.01082739413355,305.7879545508322,390.13376477267246,4.086042578650644,3.4479061897897427,11.377046740045015
1984,12,1984-12-01,285.38938070721684,257.0447146752251,0.009177023558454801,22.248283511229882,0.5039380780598177,60.15370455317992,329.51950134550054,386.8136132778249,200.67029794198587,30.29194579805249,101151.57524130144,256.6770191673247,37.000273412288024,303.0542737233317,386.80345510471915,4.1502509593619665,3.467913878873927,10.863556673384894
1985,1,1985-01-01,285.4730196799455,257.0500917500772,0.009206801934758892,22.334829393105963,0.4942423894184069,58.95196837848005,328.8703717087212,387.22466728351554,201.96084391532366,28.914659301756377,101139.26255823468,255.74581025337295,35.17359906248507,303.79012606555773,387.2100137823102,4.152622286213117,3.4937224704610306,11.111772826788236
1985,2,1985-02-01,285.2641469350156,257.08484527374185,0.009297874785879958,22.40741208015777,0.4944678521132497,58.47421492348473,328.91431606720744,386.56466070839656,199.85588554292804,27.78081662949693,101158.89558715919,253.2461027761478,34.1675596235534,303.4393858402615,386.54434207338386,4.0992434326072855,3.4517240801069815,11.873482192455715
1985,3,1985-03-01,286.19684496960497,257.18829777821475,0.009524800559474215,23.232080427653944,0.5017073363639869,59.55589620200213,334.0625302120191,390.85649001488355,195.98166704256627,27.509151580236143,101156.99131924681,248.7489902776643,34.686522214740314,307.7432997928356,390.84039901834024,4.020277691180136,3.3832894086625034,12.380678104183332
1985,4,1985-04-01,287.13808731367476,257.63285800313616,0.009628911439994899,23.624569796081946,0.5016451245351239,59.310784795565496,337.7793592928974,395.0068329043532,193.67484388839802,27.91271001372996,101141.54521333468,244.56903475990842,35.283520599192215,311.4018262236688,394.99529118550333,3.9172527896679785,3.310730115033369,11.643159258642143
1985,5,1985-05-01,288.20122833710826,258.16107330288094,0.009792153462956171,24.074970959875593,0.5165366280750058,59.11988108223689,342.07203567936494,400.2258427933233,191.7389697207905,27.487155897815,101137.68929768879,240.67285377393375,34.903497594189005,315.81804522353764,400.226978040852,3.838755455861415,3.2586315335628195,10.335143822476585
1985,6,1985-06-01,288.9483864686502,258.8180071781838,0.009885030985672193,24.381574366044447,0.5163619414776224,58.33424867051,345.0029905575755,403.6656963890093,187.81361136736538,24.504542403262874,101110.19936022274,237.85197338832938,31.72116318754689,319.03098205410623,403.66815628861855,3.792862748561838,3.1916445044096697,8.915441808262768
1985,7,1985-07-01,289.13003502256754,259.189343053083,0.010075157985531501,25.17919574079643,0.5266556661971247,59.333831438002186,348.42187201842194,404.9188679378948,184.83084466978391,22.18875776278514,101114.163827398,236.2146197141421,29.106794400982587,321.6214890128322,404.92107949162573,3.786486979700033,3.166447816322912,8.609335827104248
1985,8,1985-08-01,289.15776006531115,259.3643170850679,0.01017854492575744,25.341948230191495,0.5363289759266179,59.12343512995078,348.5496638887439,404.65872625360646,184.50688606108147,21.187853737972933,101113.86001534361,237.8718164502553,27.69803688016201,321.9805853589397,404.6595705799904,3.816145385171084,3.170994653998893,9.23180661099047
1985,9,1985-09-01,288.40293320997995,258.53546032171573,0.009843916516812566,24.148293955879563,0.5186600119872881,58.539106425639325,343.6553410092393,400.98025585739003,188.78715997249833,22.10745500762871,101124.87675849552,242.68837376273618,28.70925461023245,316.7109083321376,400.9871771878373,3.8771720624889827,3.233547772901013,10.25519399667281
1985,10,1985-10-01,287.2609345001147,257.5273592526496,0.009483467478678207,23.01189049130142,0.5068013692285287,58.632923737068026,337.2852917203963,395.40253005263054,194.2712972058765,25.893588410667334,101128.63634155616,248.72958469646912,32.740508071824095,310.4458043080534,395.4107208404558,3.986183482084695,3.3336574099663774,11.125700327303456
1985,11,1985-11-01,286.182230118816,257.05298391231173,0.009233506664869967,22.334102952569353,0.5097869382094041,59.01399034147574,332.10181789834934,390.24334110670065,199.99005320782547,30.222768850500817,101132.66106690052,254.16106308707563,37.10965707980198,305.6440871402188,390.24525118358383,4.102207815572178,3.4444523192017678,11.40434884526034
1985,12,1985-12-01,285.57411198684645,256.98379394942555,0.009138629879205605,22.13990291102934,0.5036361674621932,59.04634312519129,328.5598298788309,387.29537819430334,202.15869839002235,30.765440593075063,101130.66039181933,256.8095517739982,37.30148294605468,303.31211103339876,387.29382554971284,4.164236225172827,3.4910197452359597,10.905532747659159
1986,1,1986-01-01,285.4927702116222,257.17978694764327,0.00923672381922098,22.386337499659202,0.5118084814570559,57.93408241186031,328.5215627310594,386.9955063040873,201.52606867129134,28.603712017624552,101124.47901835645,255.79606758439905,34.69359399885968,303.6534288587218,386.9872693221053,4.160276173036572,3.4905396869751266,10.705836123466861
1986,2,1986-02-01,285.80623731578163,257.1052619554475,0.00929477404442201,22.40756779448332,0.497703838936414,57.56150430811726,329.72768995609505,388.8549631917294,200.85864714307004,27.08256293608729,101134.63170628999,252.9737398448593,33.32851874865743,305.04764352604207,388.8407524622388,4.094402900727531,3.459393458283602,11.482400315338301
1986,3,1986-03-01,286.37051876059763,257.31121377714953,0.00950124242935131,22.98156991740318,0.5143553788181245,58.37493061587081,333.83273110238986,391.66618542999714,197.68651952815847,26.802864894237896,101148.45828558062,248.68261538235916,33.70256524946263,307.96445539732264,391.6549390614027,4.005836518730556,3.3945279427971844,12.004482906747004
1986,4,1986-04-01,287.42482390824347,257.71306315410214,0.009690905392452546,23.616129901813522,0.505123042949488,58.70035105223893,338.27622262073976,396.46042737679807,194.69856369228796,26.824978012629956,101142.94081121673,244.36080184961233,34.04121811017589,312.42359477230696,396.458892219192,3.904453026534586,3.3148316777744204,11.298358917162085
1986,5,1986-05-01,288.3854769186826,258.332088431604,0.009792776349622978,23.944896173810147,0.5113462961168164,58.35782619123804,341.98405260508395,401.0739872763383,192.5585272470192,27.14020629097178,101127.88006665102,240.593110739398,34.282127339749714,316.3023993836723,401.083856157845,3.835926865849941,3.265666056477908,10.117907474439171
1986,6,1986-06-01,289.04258508053437,259.14819981709854,0.009975453806686952,24.898128501457713,0.5350151802592473,59.244762339244716,346.751533017994,404.5421457914249,186.75740109492426,24.757321263192196,101123.61313229006,237.50525065792237,31.950368489051748,320.4682271953925,404.54827686096496,3.7969723195563834,3.1843038100293493,8.94285448450473
1986,7,1986-07-01,289.3235793319703,259.38020510818257,0.010115264051423507,25.354176336535005,0.5277628409622345,58.58795832835265,348.7422007629052,405.855617231975,184.13114262384258,22.45714078475948,101118.74973320268,236.1034783642487,29.33810960330938,322.57941422116073,405.85584669069914,3.790297044969218,3.1582426881314416,8.679495680840102
1986,8,1986-08-01,289.19419388193893,259.1115048048331,0.010137747138574373,25.172531392438504,0.52734017041842,58.66398620665732,347.73789235686695,405.09206700569285,185.77547084443327,21.241299966456758,101120.58231216976,237.8602711697442,27.711656025882675,321.70497271062806,405.09617455957306,3.8195836973095703,3.1912822386447934,9.231915692595509
1986,9,1986-09-01,288.4706932540944,258.39386917288795,0.009866229234842544,24.182526173061312,0.5176525416258961,57.54300705164752,343.0188452944032,401.4955567790544,190.3848396648004,22.090395542965858,101126.69198538328,242.42032318165965,28.546629058951943,317.1403522042253,401.50881222364285,3.870682370422283,3.250254922533561,10.277944465811263
1986,10,1986-10-01,287.43771441423144,257.64799670360173,0.009520923028677271,22.935836730277828,0.5084637192443159,57.32640331430462,337.29825914534786,396.3399962818695,195.65226037419737,25.59855444371678,101128.246909575,248.44857916619918,32.22916770646396,311.13521000228974,396.3528402324829,3.966999523563951,3.3374465415680223,11.024528096691546
1986,11,1986-11-01,286.3120180262528,257.21166803604837,0.009300667013903342,22.579104629941888,0.5136288936556701,59.489757596901875,333.3018617893409,390.82694622280957,197.9811025296927,29.14936723171442,101147.33703037874,253.56106081499806,35.9857459396963,306.53471435672185,390.83482041733146,4.076028663346689,3.404826108337249,11.004189016887999
1986,12,1986-12-01,285.6164674886559,257.1949148885856,0.009237949236515768,22.548004303160894,0.5179055302491656,59.519970887933766,329.90626284214466,387.6013627878877,200.5711401150144,30.062735667363967,101139.33086492728,256.2804787283315,36.562108117783104,304.18838097962555,387.5993655978138,4.1449723668249945,3.461212509243267,10.620789320137632
1987,1,1987-01-01,285.4689438696409,257.56782351311665,0.00930961199643955,22.632796809912445,0.5219084276453779,57.97147668561678,329.58068628615047,387.32989456943784,201.00417297558687,28.723179110561365,101142.0511005685,255.76002739532493,34.903450648922444,304.3607217684607,387.3104273786381,4.163166290316368,3.4869036201479204,10.91678880918818
1987,2,1987-02-01,285.79255144863635,257.53199499301144,0.009480746715538635,23.119764797683686,0.507071116117645,57.54771369641182,331.42976495985744,389.09832116882427,199.49238369079214,26.83097415792463,101151.99005649504,252.93729878930716,33.21712387674036,306.5469431386195,389.08011973161007,4.117583569532379,3.462394428434366,11.564704850147088
1987,3,1987-03-01,286.2835043324258,257.29410213319244,0.00956642573901035,23.31650788751871,0.4872201312808018,57.883101383663714,333.7435065867326,391.6834633089752,198.41675157139062,26.97936215830739,101152.7620743907,248.80933502344394,33.758292295036156,308.3964589735533,391.66459820195314,4.018389661026166,3.4146612079532686,12.145768085167637
1987,4,1987-04-01,287.3509721671954,258.00483083360604,0.009703360592657077,23.74701601283873,0.49656233344121664,58.06926494197691,338.07312090784393,396.4015222437993,195.15167726531783,27.29791403797702,101143.99117405474,244.64837363052038,34.31454743902198,312.49408639200226,396.39147493972797,3.9075259885171536,3.319403582860665,11.462076664139046
1987,5,1987-05-01,288.38523042683397,258.39751994660156,0.00994698477019014,24.772147026302015,0.5066762578566802,58.13013080353374,343.4275868818598,401.321134541656,192.0318761750433,27.00338723767481,101139.48014669576,240.36142076923352,34.0816714373108,317.78053404627957,401.32403561403004,3.8302090438907417,3.257740799709131,10.144981796090327
1987,6,1987-06-01,289.2060586172145,259.3982218531092,0.01014410510694646,25.399952631232203,0.5284261415259519,58.0839281417395,347.43822099371584,405.10579512090555,187.18051950244921,24.534912276953797,101120.42175205593,237.3374646134504,31.738131748856105,321.7659993888924,405.1089087075572,3.787230155041407,3.1841450537891594,8.935446273347806
1987,7,1987-07-01,289.5489244636281,259.6447530783307,0.010321055377487016,26.029690417151855,0.5326184402455837,58.56542376895022,350.91270489633484,407.3374326149759,183.93183629101665,22.290291650104706,101130.0656904224,235.7701433127001,29.23421300623504,324.83910136284464,407.34974388558936,3.7827109524652074,3.1537930330276196,8.694810808282382
1987,8,1987-08-01,289.2369756405098,259.3873489533325,0.010314619683137481,25.818758203362385,0.5261303950537218,58.51973164142781,350.014015789169,406.02109873520294,184.66942440971428,20.958118488313918,101130.78477544448,237.50733681713618,27.62822821072195,323.33424914826946,406.02596273601165,3.8085281941934244,3.1737193496200264,9.223164155263223
1987,9,1987-09-01,288.7049059247945,258.6624704034829,0.010056091200942866,24.930324494043774,0.5060996367415699,57.62477056832616,345.1138421959991,403.0193922980901,189.91290385953056,22.11899485319449,101134.02393624272,242.18142956423424,28.62396572291906,319.21692304077254,403.03554370032424,3.8721280723002516,3.249675443968206,10.330471206534767
1987,10,1987-10-01,287.5378454738047,258.07342873060486,0.009667688728533595,23.819753194595886,0.5013317588957827,58.32363407500776,339.532081244713,397.10310398310344,194.20276677731923,25.727110658232277,101137.58780969525,248.23411417206557,32.477253722259746,312.97713348687427,397.109797706234,3.981808162636041,3.335973058066858,11.05032355068681
1987,11,1987-11-01,286.3599209590945,257.57687654372234,0.009485526109946435,23.376532412168654,0.49749489742274916,58.814248605023735,334.4817774833695,391.5452830509275,197.54206903340153,29.233039342934916,101152.998462979,253.42416369831452,36.20173087039427,308.282953174932,391.5502297099014,4.098969988657353,3.4194576166597574,11.041211813448221
1987,12,1987-12-01,285.9084099456796,257.7037357588079,0.00942342423147125,23.052747819405425,0.5101574899605236,59.361163560967,332.4851239259253,389.16928682825636,199.4455356508646,29.745521737811163,101150.80183004367,256.27048395726644,36.5493174527047,306.47360018936496,389.1677574628086,4.160467725712808,3.4594151655508294,10.588839495230527
1988,1,1988-01-01,285.76208357748493,257.65063125493685,0.009532598597132918,23.609121110616513,0.5018264922079334,59.50378120774173,332.685557531016,388.72744369153713,199.11488684394732,28.19282652127696,101150.87635729079,255.36534569977889,34.65676618977865,306.9261123069836,388.7139533550954,4.156842390133179,3.465261901153508,10.6893675183418
1988,2,1988-02-01,285.7929305023967,257.66319643835544,0.009576583115389814,23.49680177284585,0.4896546017472346,58.27333636829877,332.59286274502267,389.4743707300416,198.52135011331904,26.887739858649265,101168.33285780583,252.8529775671519,33.3970294182666,307.21788683228596,389.45599131561636,4.103528132540932,3.4389658054360543,11.5774965377104
1988,3,1988-03-01,286.57448205605317,257.87538447198426,0.009729682848928771,23.863629594463,0.5021156016128788,58.276031621017914,335.9242621090805,392.8277805537437,196.85239581672633,26.761460377244845,101165.76450377227,248.66032615816889,33.86428114954942,310.2260394049798,392.8158581926798,4.023804373685602,3.397958032167394,12.155109488862472
1988,4,1988-04-01,287.5678129301771,258.0567903332684,0.009843192812626628,24.376095157573644,0.5047012911182532,58.346575954670996,340.0120207784141,397.5305213451636,194.7814679116159,27.07470728171736,101154.70530854363,244.41744641074047,34.32439464113835,314.2146192919069,397.519717277175,3.91933641057619,3.328432538609061,11.405122650361655
1988,5,1988-05-01,288.5629104871006,258.6321320819167,0.009997567442482185,24.787282727711002,0.5195779274560857,58.679782500602684,344.36330605867255,401.9158442960449,190.97800048947295,26.97375041436291,101140.96971071299,240.5203085926689,34.359466453343344,318.26517743838775,401.9177572970733,3.8421992816601365,3.2535044444292027,10.14947139652134
1988,6,1988-06-01,289.26542113839463,259.4004045031151,0.010133473708618036,25.43124210695788,0.5336336883114915,58.60677528073611,348.22627404411975,405.592483668373,186.0416338729308,24.29288798245401,101134.46439240959,237.37163606399687,31.836408587996644,322.31061356082495,405.5960444209468,3.79785908852072,3.1786002352424156,8.978932486325625
1988,7,1988-07-01,289.45655577823396,259.9755439419388,0.010391673607296838,26.276342226093302,0.5517895180622382,58.98834488222714,351.204691789149,406.7236506397486,183.2307208439905,22.017806023538515,101134.06790153102,235.85361648352384,29.08020694522162,325.03115578200897,406.7256713654798,3.793904964733077,3.149660587519411,8.683147396619157
1988,8,1988-08-01,289.33975029922675,259.7559580419889,0.010369484550110242,26.060228015984414,0.5395981661912322,59.0889940293574,350.57987577122543,406.0583557764108,183.26696325852373,20.718118341248367,101136.92587357725,237.68409676551693,27.586787756760668,323.9650122101364,406.0588798153916,3.8268597822054287,3.16385681046688,9.255775154350031
1988,9,1988-09-01,288.7292603180507,259.10990503258773,0.010051773685051814,24.8519462568494,0.5273113149955435,58.3233173446702,346.01151115199696,402.69616326058747,188.55334182116215,21.959590880538183,101139.29350953088,242.4667087902451,28.519608389372458,319.41703705440943,402.7077831903062,3.8797811301351497,3.2341096232690147,10.246218669030833
1988,10,1988-10-01,287.61624712791564,258.07385759370493,0.009626572149208158,23.476728146681708,0.5057082150303956,57.44183315258598,338.62563992797294,397.0195691520533,195.56277164656223,26.011158787441648,101142.87135727248,248.66046617628461,32.537945534689776,312.62112881058687,397.0329424125032,3.9757768746730457,3.3402326026367173,11.067473691339213
1988,11,1988-11-01,286.2526895151039,257.6559457049354,0.009232447176386665,22.62687702257356,0.515149621180021,58.766006551309175,332.67052911835685,390.4774556446642,198.10093117827088,29.817863796179125,101131.75056735652,254.02033043645037,36.65213129753446,306.298956086546,390.4833557729736,4.079230405161702,3.3971592205570778,11.178442797118482
1988,12,1988-12-01,285.7144981350982,257.4027417971135,0.009179463105248725,22.54887667496455,0.5114372743711065,59.64658115218644,330.6937882620356,387.8476140470654,198.87143958679042,29.78533697824016,101130.37408914487,256.54203629739374,36.72138163827833,304.3731820741989,387.8440777295742,4.141921895705963,3.431566442373749,10.676287926113064
1989,1,1989-01-01,285.2837429102736,257.3029919978299,0.009234667363865573,22.424062535926023,0.5063338071274306,58.28596639559582,328.4580881504869,386.34717663581483,201.12848967028503,28.435037018455308,101148.06618609739,256.1293232298648,34.673945417282006,303.07073868087593,386.3298166497867,4.14098017819312,3.465734089748681,10.768367578512438
1989,2,1989-02-01,285.7560685615632,257.3611897825383,0.009300059378263708,22.64653422488005,0.5102988621812335,59.139302486423006,330.7335199850428,388.5119306047559,198.65727536488197,26.663040784583202,101155.0862827999,253.3768310693297,33.11617116826292,304.9116290288112,388.4943980363595,4.0943836740002215,3.4255236725957054,11.46307868494556
1989,3,1989-03-01,286.3840813887202,257.2486039088954,0.009473054626100517,22.94818844752346,0.4945905753250081,57.791302254998435,333.3258940201838,391.7867964098711,197.810626300754,26.162175918770224,101153.96081286676,249.1605796122345,33.07329465817636,307.86217920587103,391.76703582731864,4.005649519338281,3.3878899023819007,11.942570962942769
1989,4,1989-04-01,287.4159106755133,257.732450420952,0.009683905484165693,23.55970872459588,0.5169608649978081,58.70761518771871,337.9618996621612,396.39921157681295,195.39463311455305,27.142885143253622,101142.86931600125,245.0254800731735,34.32881992459043,312.1564104716924,396.387945163607,3.90382507049724,3.314597732683198,11.38136762431803
1989,5,1989-05-01,288.2636322677536,258.1597026576168,0.009831234215703007,24.09962282075393,0.5179378516203715,58.673540804461524,342.2682256649302,400.61444733741666,191.4092097444089,27.15475965418609,101128.44245616581,241.09458874795473,34.709983907951546,316.10037331420745,400.61241129009386,3.835965353285762,3.245167345181218,10.281049184931389
1989,6,1989-06-01,288.9819952411143,258.88128240918104,0.010004208249569203,24.729447555557257,0.5300941698701125,59.10645571651953,346.51017313592416,404.2684266731797,187.21916925053247,24.66845660202181,101131.64539386649,237.9342570516273,32.157945213340234,320.1323490804796,404.2748105387136,3.7943797378777133,3.1846130825059107,9.065600759611431
1989,7,1989-07-01,289.4078044468527,259.3994762551241,0.010213888773577522,25.621106423374858,0.5411811607492465,58.36126847896153,349.0588031894016,406.406943413778,185.4698383996292,22.446889735090764,101131.10213298685,236.32177994613164,29.359200211274665,323.42846793095384,406.4098032426882,3.787003421755856,3.168818527257431,8.751889626766271
1989,8,1989-08-01,289.23273350314673,259.3038750267743,0.01025025898681676,25.46783072020087,0.5323050986176201,58.74267525894152,348.55446516213885,405.42537822765246,185.42085219596183,21.047707369729462,101131.7832422619,238.05831797845522,27.62324426319998,322.7073674010623,405.4306772966911,3.813176277767083,3.1758165690605242,9.258082033644957
1989,9,1989-09-01,288.619409128393,258.796989382927,0.009887028039578518,24.307313646135174,0.518943954974862,57.68403061241582,343.82280517572735,402.2994949739967,190.81289957385832,22.234509343956873,101126.56185887815,242.90430262961337,28.553613636003117,317.93272981746543,402.3151990412015,3.8683324108004116,3.2489555013654794,10.226184821751596
1989,10,1989-10-01,287.5539480942535,258.0026266328768,0.009566891925837373,23.305600803811583,0.5143376639188171,58.06632645015456,338.33705584278886,396.77175530432174,195.06923219912355,25.76294978790236,101125.8422583268,248.90338019222014,32.45539606851833,311.9421896009111,396.78178352689304,3.9757640465231985,3.332348919611883,11.02586069772825
1989,11,1989-11-01,286.3244980764361,257.3507970147338,0.009339387336335776,22.835453383035475,0.5021395138410857,59.10801546562356,333.10560060281256,391.05854815359874,198.81859817031986,29.415896903273126,101138.09514010878,253.9927479126443,36.3143240607122,306.94818708130833,391.06310933175206,4.0861381542860515,3.416186585238755,11.09452359099921
1989,12,1989-12-01,285.8224227442328,257.43325994160625,0.009207091228439927,22.45596274419885,0.5026725494314351,59.225675867952894,330.92549828645707,388.5392797215253,199.87958553692675,29.901419082943654,101132.65385765384,256.7236174789126,36.616429958298475,304.99652982187314,388.53092202468736,4.149522823940554,3.4497105558279832,10.652015472127173
1990,1,1990-01-01,285.57879289566966,257.47271259633413,0.009367724120435588,23.053829587627266,0.5214918648193694,59.3376841343305,331.35329641909954,387.73202159947215,198.35112485847077,27.90210415343343,101147.62752430093,255.72610824935742,34.55856661840394,305.4192043010698,387.71867252710683,4.157310028457737,3.4509315457087175,10.712456063454908
1990,2,1990-02-01,285.8252385435206,257.3745128826521,0.009513231400070616,23.28708667253487,0.4937337878850774,58.386770070947726,332.3433867560856,389.31299039478404,198.5226834471632,26.573843401430423,101154.61619237527,253.02715399913922,33.136390594349656,306.7238804830069,389.29432617033103,4.104068592214905,3.4386592474448103,11.507624035288906
1990,3,1990-03-01,286.83586300437435,257.7325877204962,0.009670695134194196,23.724936807146943,0.511895510621813,58.51243812200437,336.51426886841364,393.7612510807707,196.0834842611333,25.740665869527067,101148.19818077632,248.72834078780892,32.73613624839111,310.431862832506,393.7461951903792,4.006417533059834,3.373258064259881,11.793607628473747
1990,4,1990-04-01,287.68797365210963,257.9746854148571,0.009816091973508006,24.126858434085783,0.5074883417488637,58.57702783242594,340.0077901314498,397.9136633176678,194.28651293349577,26.372581519746582,101147.33693247812,244.7667981174908,33.75858168629579,314.03518861220823,397.9086203083636,3.916483787123303,3.315336994982478,11.238408279670214
1990,5,1990-05-01,288.63035552152303,258.6690587921051,0.010006753323597456,24.712604415479838,0.5235460867470162,57.826278621909445,344.19589705001005,402.305694592191,191.28364913691408,26.219736096404155,101139.39424660492,240.83189767055563,33.78525581548069,318.33107415706985,402.31647241979186,3.8447476066710107,3.2541819248813786,10.011303564313094
1990,6,1990-06-01,289.2058762248749,259.26514751187017,0.010101620683146042,25.14864454615725,0.5336415144019179,57.91229726879713,347.56047461252035,405.3041939521642,186.33424161481705,24.26027129132733,101140.78798481202,237.7036332693259,31.522681280571117,321.5974700204002,405.3045739396397,3.8004369793863457,3.1793992955812165,8.898056552620073
1990,7,1990-07-01,289.5263486332315,259.5831237300648,0.01028760582605975,25.792399699579327,0.5360789890642866,58.05755480257719,349.79839159953974,406.88442900833235,184.80603224155107,22.01637703881137,101135.94729558153,236.1908198393658,28.91842259731847,324.2913652843122,406.88962316162434,3.791998023006938,3.1648918017886833,8.619823290333432
1990,8,1990-08-01,289.3301030765167,259.40299369020437,0.010259917527842949,25.50921021639303,0.5252319372187836,58.09034102108194,349.05431956537626,406.1813554871892,186.25089065803942,21.078995850621563,101135.96283244579,238.03780133515815,27.50704644141307,322.89820499399156,406.1850844663066,3.819961518541173,3.195955581956578,9.184444494470679
1990,9,1990-09-01,288.6450843312701,258.71600946894216,0.009934344517625175,24.476758309444264,0.5124240303289639,57.46852100100611,344.6402180599519,402.57115964003725,189.91911929499386,22.028312104743293,101125.95891861604,242.76176825098815,28.487462013235785,318.2920060851276,402.5814109608797,3.880770385810652,3.249782734898072,10.180038109696659
1990,10,1990-10-01,287.706239544869,258.1376917637084,0.009647252713577253,23.58169323199789,0.5101429073481987,57.509861088316114,339.22705369886023,397.70454602485114,194.85805848523412,25.661961978847952,101130.55155906474,248.64730969562913,32.26993274225186,313.1628630108827,397.7122267684206,3.9845485996720487,3.3371924217300535,10.97448819723693
1990,11,1990-11-01,286.5845775426109,257.8561437182868,0.009399506433421457,22.89093004463515,0.5102856635323032,58.79795411674222,334.63696191477504,392.3935928814954,197.84385582730442,29.218757150927566,101132.17747161307,253.9264434555264,36.1028818476989,308.1877304035039,392.40246099961223,4.098752916745262,3.4159270469258876,11.031580538956096
1990,12,1990-12-01,285.82842260773174,257.61768770060274,0.009275510896765005,22.721542036094394,0.4992185271556069,59.00173347754051,331.7724707469044,389.03048872074214,200.13347572665808,29.729125432826784,101139.47540727252,256.65965908129,36.426890506446256,305.51386692373006,389.02930270854944,4.16481856119783,3.4697419661676365,10.579970992965219
1991,1,1991-01-01,285.5804800182057,257.43350890398517,0.00938626098770371,22.99808804322159,0.5074996572951467,59.03411160451129,330.90826839615727,387.8185072188243,199.20476213869148,28.253971618325554,101149.15491459549,255.8699553165036,34.79176550049946,305.3782382881175,387.7994509489192,4.169941861995082,3.465882238044763,10.794785433543291
1991,2,1991-02-01,285.9684800913377,257.6250884339208,0.009514435986985365,23.19345187434013,0.511827479355365,57.65755584364799,331.8876583063471,389.9111537936393,200.43605746657278,26.608244930660316,101147.36082929862,253.24927553005813,32.97644726513797,306.9703325857202,389.89144416928923,4.114528578187714,3.469967931036045,11.435390732729621
1991,3,1991-03-01,286.4648383846548,258.0027734397838,0.009605874414930228,23.330192499705362,0.4979501908483458,58.14322419955794,335.1399278513293,392.36162507507424,195.61503042362227,26.16806353839998,101152.07194696926,248.97651298850812,33.10762039480023,309.33220811372814,392.34776049091283,4.016177021709477,3.369424043728532,11.963195413379962
1991,4,1991-04-01,287.60043661401596,257.7396620944727,0.009738667074855127,23.845798049611286,0.4993762785087882,57.41036179075162,338.72716816035665,397.65843368807106,195.86463345162989,26.85260280660434,101146.41347683035,244.85600773658103,34.0392834923164,313.4748968660223,397.65472525011234,3.9131641486745155,3.3314481963180045,11.396539091373983
1991,5,1991-05-01,288.4959331976025,258.52110611969124,0.009923744750128086,24.42312565729539,0.5134390431694286,58.00103180846164,343.3138000689694,402.0724282741222,191.52269249779212,26.52377116390341,101137.86242042591,240.86077445585238,34.051612764362226,317.56787216113594,402.08152917645975,3.831348002613088,3.243846273298017,10.15143600969402
1991,6,1991-06-01,289.4114921571414,259.44478681472157,0.010196905442041142,25.348664373382118,0.5277156317022138,58.68779072680666,348.92592145851717,406.30606209929806,185.7644295071437,24.162512767316663,101123.34145251414,236.76628957905123,31.56988727240451,322.8772006216604,406.3140001489113,3.7709401815074877,3.1581930990667497,8.892549692703831
1991,7,1991-07-01,289.6013086025391,259.68777924842584,0.01027782509119439,25.881939846216778,0.5296902768431356,57.71253139977038,350.1435284341111,407.60898403372437,184.05356271073788,22.124983971241413,101130.40122361864,234.2639105267924,28.761802245488592,324.60735709806073,407.61849070635947,3.7387080888755806,3.130903719535454,8.539559392731878
1991,8,1991-08-01,289.420829743187,259.77675016755535,0.010280315334057379,25.840690287539978,0.5244648527301682,58.143863610455874,349.6213661301644,406.408882349757,182.687011398657,20.659667801394306,101130.6350864616,234.16981812428895,27.03481636830653,323.7053059893478,406.41846147788505,3.7287243544656747,3.1100543190328076,9.047159299254107
1991,9,1991-09-01,288.716846885349,258.72218139572516,0.009898515674175438,24.195541566776242,0.5044855850129488,56.635429424906164,343.8083119408617,403.0135746902458,188.44333796020393,21.850470340189066,101145.06121812366,237.86162951507643,27.788242741821815,318.1356446500062,403.0323475895887,3.7592304445746785,3.1800141440467615,9.96752151234389
1991,10,1991-10-01,287.6083703709167,257.8893295728188,0.009497849854302895,23.12222414486794,0.5069863499480156,57.55730692523887,338.2984803812741,397.27782244616793,191.6268538919233,25.08382506659595,101136.28444038169,242.74405903808776,31.303577511247923,312.1043275458108,397.294641009091,3.8361107558290413,3.234082034539798,10.74115797620806
1991,11,1991-11-01,286.45877759658606,257.32170926190486,0.00927734117396255,22.572329814094818,0.5032562129853206,58.63156192783873,332.8777914141257,391.5564600139882,195.1643142043256,28.589485272324954,101138.966777498,247.20395950026133,34.978242804783,307.01111704968076,391.566965879223,3.9256184319512033,3.303428829451795,10.792269018444275
1991,12,1991-12-01,285.76620638885674,257.2114643489754,0.009216418569664413,22.479595905040824,0.4928049204079228,59.57735803914304,330.751532369344,388.7187467767493,196.6982456281477,29.07469077604449,101147.82154286596,250.43486431093774,35.348245129498146,304.8157245542797,388.72121691286736,4.011833103610064,3.3631697918939314,10.407078805638303
1992,1,1992-01-01,285.639604836687,257.1983047856436,0.00917880323861018,22.304017697878685,0.4978526090199057,58.67768619204046,329.7661189437512,388.08923037745666,196.67119949048399,27.439597215032116,101140.15991260156,249.7393212590851,33.395381967836954,304.2165445100578,388.0745575915746,4.016598118950222,3.370936359323421,10.462302325105885
1992,2,1992-02-01,285.8328798183935,257.2865277821804,0.009355076872216815,22.58027613923134,0.5148011493926334,57.91255428352831,330.32454089240804,389.2472929119183,196.6956364490881,25.97629908881715,101152.67532176172,247.09508785949046,31.891780585037722,305.60842677567024,389.22643133427715,3.9620706235706544,3.353067000879627,11.221580890506937
1992,3,1992-03-01,286.53080726921064,257.56142420781833,0.00956920879311679,23.29163383578811,0.4902719467194321,58.40418061569459,334.3556457000178,392.5288791798077,193.1842275337396,25.631163979903906,101151.61332592562,242.9014411283965,32.07712220772339,309.13157815662754,392.5117170177339,3.8837621439042103,3.287164411831641,11.71537943523677
1992,4,1992-04-01,287.32469865066696,257.58207994248613,0.00967505475800529,23.681606540060265,0.5059355138006384,58.97585828126962,337.84116546722294,396.5007309888934,191.7017832826764,26.790156355117542,101145.37601631912,239.1037930896686,33.491037122531374,312.24967753649855,396.49621509563895,3.797569282742168,3.23885570320623,11.256768838735782
1992,5,1992-05-01,288.3171040116091,258.2305446169362,0.009881429046904689,24.445985080737774,0.5048316428492756,58.3789411598044,342.1657998904793,401.0559518773991,189.04616467154398,26.740124336343435,101147.58506723486,235.2018462736401,33.72540157805043,316.9744594545775,401.0656455820668,3.728751497853432,3.182757232178676,10.078200284513315
1992,6,1992-06-01,289.0239382031447,258.92052670243703,0.00998336742792582,24.69546864615269,0.529240298107129,58.82516455711133,346.07784379425334,404.3380391631166,184.19561125479422,24.627700071359158,101133.77300535898,233.16870096613064,31.63254266456545,320.20224915717296,404.34969277854213,3.7079217562086,3.119744922295427,8.941919255068278
1992,7,1992-07-01,289.1420271753698,259.1524762956041,0.01003778893054235,24.96989160918262,0.5204885511335731,58.04878769020797,347.22229696549886,405.0993991640237,182.26416498473242,22.00802898048393,101132.21017910895,231.95568670882312,28.518803332015313,321.3845238050826,405.1102313270428,3.7019318235378065,3.1000719457408885,8.542743828538072
1992,8,1992-08-01,288.9839264173368,258.9193216178672,0.010090844413806565,25.07541387885792,0.5239812850380839,58.073660254340616,346.4709154643911,404.37516654829034,183.85101436195419,20.768874821520964,101137.20294045671,233.9616641653294,26.94347388370786,320.7644017549082,404.37984981173923,3.737827795227002,3.13329713402879,9.112318305435698
1992,9,1992-09-01,288.252804296142,258.2512182774706,0.00980734627864705,23.985034791305583,0.5144653465448426,58.18339356737282,342.3908432562215,400.68401482672493,187.11310836486803,21.747399712769116,101143.66773737136,238.90738770472151,27.95723188300333,315.96176211892976,400.6904290449685,3.8066843450954506,3.189666175707349,10.125249862325614
1992,10,1992-10-01,287.28966090730825,257.661363360578,0.00940255126965337,22.696738545563814,0.5007158315145027,57.89897146751617,336.1590794932266,395.5427305013157,193.20471861990058,25.45368713081638,101139.80406168471,245.320155109881,31.764391130126153,310.11568426470706,395.55677694052326,3.9216571320350897,3.296665765345106,10.96343630547144
1992,11,1992-11-01,286.15305455926944,257.19642714991153,0.009177062623910062,22.154541173321782,0.5017840795959553,59.53650585584695,331.8298048768444,390.14699866538905,195.75727688374468,28.73437838515227,101138.39587499018,250.71619626875804,35.4886262844014,305.1210242372105,390.1511554268829,4.037030859019781,3.3709937001562165,10.938694990780787
1992,12,1992-12-01,285.5885765804468,257.0315045442348,0.00915257184234768,22.021421156975183,0.5014053380981427,59.891078561323035,329.91620364403667,387.5975762749434,198.4419651736341,29.219853324846753,101144.50347961947,254.02815534206877,35.73090953259459,303.49772259497445,387.5824720089832,4.1062763408751675,3.424622030801598,10.492453816949752
1993,1,1993-01-01,285.54143430531957,257.1137892277104,0.009263704447046196,22.169997548543545,0.5011373705835176,58.26086660919849,328.5891689334077,387.56384953860714,200.78201428095068,27.737844396682267,101147.99515065408,253.5031066656149,33.8831074299422,303.5598572495564,387.5450283159448,4.108927242318943,3.4608505160674543,10.664750919720168
1993,2,1993-02-01,285.8229432454912,257.2301118689066,0.009317955525047349,22.491859003974344,0.4967562607181044,58.3912165877489,330.5976645868,388.95695543938626,198.31774567540802,26.19698774709497,101146.92351820976,250.98612887293933,32.52131106299144,305.2822070191195,388.9325428631627,4.065327384534073,3.420676690490455,11.369409072736707
1993,3,1993-03-01,286.40356531829497,256.9772940688985,0.009444844474527005,22.6956417398369,0.4982162282287765,57.54447938193972,332.8704960818087,392.1042959929748,198.10360221372426,26.23906101414765,101154.93934403187,247.2369965348284,32.869500229002355,307.5073751585249,392.08771947261664,3.991877623117356,3.402379876124326,11.884636996203682
1993,4,1993-04-01,287.4125645718231,257.43288826343314,0.009666386001830169,23.575717098278453,0.5057490293506192,58.721498982260314,337.6495139270198,396.5271099947822,194.4338162586344,26.887356311117856,101146.28000730465,243.14327307319797,33.776058173035786,312.24945188995304,396.5171137947328,3.9029186394040387,3.3194817599208317,11.282146013255673
1993,5,1993-05-01,288.3627862129776,258.25740047350627,0.009878556401751273,24.399994298856672,0.5220694509981165,59.0125957482658,343.02505513062374,401.14903315703816,190.21117718963936,26.39074237741121,101141.16346435879,239.13650335754483,33.85794072765021,317.0342714880481,401.15371133781514,3.8332809388169924,3.2473915486874687,10.08052974616916
1993,6,1993-06-01,289.0179908924708,259.05730090910254,0.010015206154229668,24.649121177432114,0.5296754703836206,59.188408258494924,346.5609787779301,404.33577920750747,185.52087778053692,24.015500912751104,101125.97714523201,236.50210716227244,31.378984769817535,320.0978687320705,404.34141618380016,3.7939746793830453,3.176125663940069,8.842008300395593
1993,7,1993-07-01,289.2689315451047,259.5099484789749,0.010211500029006289,25.556185686339514,0.5407472996042635,59.9362271299596,349.5837237085586,405.6833473548393,181.71354256011224,21.66604883183809,101137.1733266271,234.92084304912996,28.545433942891023,322.97187194450396,405.68788167655237,3.788753160309953,3.1359016011347136,8.484315547990867
1993,8,1993-08-01,289.14515998086125,259.19052491694754,0.01013887553764776,25.073690542480097,0.5210611219552186,58.98138728541436,347.6488324921891,405.0613009447843,184.72093579840498,20.838989861414454,101134.13217966155,236.9010354195085,27.265579490374368,321.5797768856713,405.0708938785527,3.8123468525413435,3.1780074351366956,9.100090675740919
1993,9,1993-09-01,288.4355684712828,258.3226045172363,0.009795324417284007,23.895722928663172,0.5137247349500236,57.72362938871399,342.64972585963335,401.48527647700234,190.72914360816716,22.10368315500445,101136.17659382215,241.76670431745544,28.397277786874636,316.4418598437621,401.4988114734742,3.8737879373632635,3.2674373678081294,10.175050019823193
1993,10,1993-10-01,287.52006751846903,257.8191403334555,0.009516041835856172,23.232373412462806,0.5137943248118586,58.169292449002576,337.8177517558688,396.7599249697721,194.79992564869812,25.671564800939365,101142.99582373751,247.58093368904713,32.2731567664003,311.64880892477737,396.77184500037527,3.984109421142415,3.3502419102933296,11.01696944878985
1993,11,1993-11-01,286.2462699544454,257.3559396162266,0.009345036819538946,22.72103947744572,0.5103960528703726,59.729299033539945,332.9907143418489,390.78492220421526,198.0115995907236,29.36679722940243,101154.83448830608,252.8155031048029,36.245717183327486,306.63430461476815,390.79236781779304,4.097175054306861,3.429641203530694,11.134777661502332
1993,12,1993-12-01,285.7099592161915,257.44587430251414,0.009322435471770031,22.650612411760996,0.5082457236625977,59.81888417910774,330.90603009605337,388.1155068145108,199.36422110528716,29.766657263580836,101152.34393836955,255.7312846451619,36.36410407217914,304.864875693498,388.1137781211566,4.1641496408357686,3.4669094960561573,10.617367820761832
1994,1,1994-01-01,285.4940374514651,257.3264413279624,0.00931892989671986,22.479923208800223,0.5023306838506603,59.025242045862285,329.5553155455674,387.55374163895397,200.11752809224149,28.38368633263395,101155.0848636556,255.25500847386212,34.6304489961221,304.281665682678,387.5460168084285,4.168824644585957,3.48435152681606,10.782319903992962
1994,2,1994-02-01,285.4699837428366,257.42952838664166,0.009383374704947264,22.765352121910123,0.497255693361457,58.41976253488986,329.7698361565302,387.47132181663034,198.66677147813672,27.04721048971479,101164.31301401036,252.53386623092504,33.344844800586785,304.693504582778,387.4546308747332,4.103948504448581,3.442542987232577,11.600017906180332
1994,3,1994-03-01,286.3968899116508,257.35221722268176,0.009509969275316,22.937297766369444,0.5003236427085623,57.97246163693795,333.33030765867164,392.1064285882496,198.36432939852102,26.652475333429003,101160.07415181937,248.56636552316672,33.351600301568375,308.05292704279924,392.09000114857895,4.013929370883714,3.408959771738249,12.041368809191216
1994,4,1994-04-01,287.5222739560985,257.70385568284706,0.009677820166692443,23.50895727628425,0.5063889284373578,57.2836092263037,337.57483946036746,396.9974232889726,197.1348105344154,27.35688364905419,101144.31448680833,244.41186951022144,34.23930700103795,312.63621457660236,396.99665606315034,3.9195146633474116,3.3578047438384435,11.453070400520385
1994,5,1994-05-01,288.4196189267365,258.36584284719595,0.009859341269193108,24.233517734856093,0.5163790658386543,57.86641187317373,342.4155832109126,401.51920715086237,192.31682803480754,27.109947399693656,101138.84834855284,240.44852741040106,34.328608495764186,316.92200249092156,401.52934605812385,3.844508020784902,3.2703868378777123,10.194843044784985
1994,6,1994-06-01,289.16841096491686,259.2260084363365,0.01003040933965923,24.821026491713823,0.5284049827285804,58.31769147279839,346.72287442893366,404.940814407942,187.00870365388812,24.63318441439846,101130.21446760722,237.49424847937885,31.977253866398367,320.8720235089563,404.95358189144844,3.8049788419083503,3.1944667348282807,8.991638957908904
1994,7,1994-07-01,289.40539650097185,259.69034356514965,0.010206667620548043,25.619717580053674,0.5332265499854413,58.02067390448827,348.6774433345323,406.2948225196956,185.16473019589966,22.273915873943775,101133.82124398265,235.89126165355995,29.03817666187536,323.3692062259255,406.3065292343919,3.7960794117156724,3.175341230027078,8.678877550816278
1994,8,1994-08-01,289.2068694752913,259.3572911165446,0.010194601414980612,25.46533864146744,0.5164858641078333,58.52008302624489,348.351990914288,405.5769593792568,185.8432606423966,21.144946276258203,101132.11321656458,237.6301689434118,27.570196539082495,322.3707413570239,405.5909175129749,3.8233777895148013,3.1963754519744554,9.214085153798095
1994,9,1994-09-01,288.7072498525012,258.76311835035966,0.00989690851878897,24.181661158075993,0.5114230619496253,57.70736117446918,343.80305809459526,402.7320587431773,190.79352372181776,22.139194829515795,101130.4961859569,242.48290611006766,28.558889043471524,317.95724039717123,402.75132677823524,3.8863549554075916,3.268461141664653,10.252046577500682
1994,10,1994-10-01,287.6663112810208,257.62618578162994,0.009622198612443855,23.368212176799563,0.496853918263377,58.006639954930826,338.81072849253724,397.55242802165327,196.0665730790416,25.70459664741801,101142.1175534413,248.2709506100864,32.30156949053863,312.73984351117724,397.5677663229967,3.9888765930891212,3.365534128667179,11.007689518521738
1994,11,1994-11-01,286.54566065132644,257.46871269435655,0.009390107685457736,22.67959143217482,0.5064634440798992,58.253010221778105,333.3924293196447,392.1224816217682,201.28143587513043,29.499479024152567,101149.47076859762,253.56911347357703,36.140889038135356,307.69315900231464,392.1281711581923,4.096139917427325,3.4633355327236512,11.062549921789879
1994,12,1994-12-01,285.81565968364555,257.45025215054306,0.00930836799818624,22.506238346565926,0.5099966749820704,58.63350898028686,330.32376087834535,388.6731897521373,201.90452317060453,30.14500706343156,101149.3267521654,256.40170143283626,36.65526254961028,304.9199138699462,388.6637536183017,4.157611987122554,3.4890828821609374,10.6147088927239
1995,1,1995-01-01,285.6793271845743,257.4583379090734,0.009385019141728599,22.878759777498555,0.5051782502396504,58.06501653316956,330.9346474902561,388.1178311026519,199.5963390531982,28.47353913559744,101152.02053732093,255.6471852922957,34.84531925972449,305.2631258291609,388.1005085198471,4.170521599311689,3.477630619049138,10.764459430212806
1995,2,1995-02-01,286.14438763886614,257.35856870208085,0.009532306681149294,23.146934649751024,0.4889991089726787,57.53609694215976,332.82135869352805,390.54008903108723,200.28281962382428,26.562395994904236,101162.10680256135,252.80052185426106,32.9410343237287,307.4896038545771,390.5180667903109,4.116110377122124,3.476855307795313,11.426082194633475
1995,3,1995-03-01,286.515328358689,257.50050803109673,0.009643783094455209,23.50028218900283,0.5012398493028716,57.725976227445,335.22203494756343,392.74914640157607,197.52156575468052,26.31290631425412,101169.02911477827,248.723222809135,33.284407697109216,309.4272496073825,392.72564260074665,4.03524711495758,3.4187134021111727,11.984709537008792
1995,4,1995-04-01,287.64132704177365,258.0534190803053,0.009786223157198652,23.94253643539483,0.5068402150603798,58.36388101138932,340.2382657641296,397.7388291419037,193.74970749773348,26.63261038041561,101158.8639674355,244.5761419405505,33.99021490824397,313.8306420961532,397.731146011833,3.94489417385745,3.335953749400446,11.313249424661723
1995,5,1995-05-01,288.42669890377283,258.5069751744873,0.009935680733303717,24.332703430775812,0.5132081168078161,58.30271964051949,343.3843521226805,401.50479081706686,190.68062100423626,26.18379818895604,101144.22466573362,240.7605652842921,33.63624868256707,317.1269362957786,401.50649114217896,3.8667915375303763,3.2649155961065093,9.982141091684666
1995,6,1995-06-01,289.2890451158616,259.2587960193349,0.010172075442185877,25.15649808274782,0.532701578295903,58.48070031124165,347.98820891427886,405.88713579904464,186.37696523005812,24.12340026450612,101132.90890133342,237.57665913530346,31.665406484965285,321.9675826494948,405.8939789322766,3.8262030925041337,3.2037998536623573,8.93447872121042
1995,7,1995-07-01,289.5653165190067,259.652884784814,0.010372932027635125,26.10299855625328,0.5387605444806534,58.255620986790184,350.367293918072,407.1918108905433,184.45913391128383,21.95674035966121,101134.58282407776,235.9297053762087,29.030708147975833,324.8475271039989,407.1972410795664,3.8183215795931855,3.189051390172897,8.653390793388033
1995,8,1995-08-01,289.4597442250295,259.89033635476096,0.01036608630472184,25.960356915728838,0.541156820595378,58.700294503574085,350.5420582386539,406.9554843715188,184.48018778457669,20.973949461318742,101139.06037892045,237.6439225236176,27.518972695100327,324.42752009880564,406.9642175354623,3.839024258472129,3.190448958926514,9.165035004725254
1995,9,1995-09-01,288.7096307053758,259.21019689074194,0.010014084922679835,24.766593664599842,0.5207646941900861,59.08589451228688,346.49701429118454,402.97885330653327,187.16218196877747,21.936845169617836,101148.99928499988,242.36226829344204,28.746181080083257,319.29484025464217,402.99629174366385,3.894279529585266,3.2315300706252508,10.26373482796742
1995,10,1995-10-01,287.7228016923326,258.27170618754883,0.009650191114911067,23.38663509182407,0.5124308874697575,58.00436175451089,339.80621966518186,397.8273020871462,194.47460644911283,25.65728355864139,101153.89174329654,248.66805688257725,32.53400791532748,312.81362879117063,397.8409185289761,4.006158895080753,3.355972585687952,11.02629661878426
1995,11,1995-11-01,286.55286176886017,257.9382554759027,0.009340555300209268,22.73932053489181,0.5123233440521574,58.45452174051903,333.94937739158746,392.02476957623276,198.5086289767964,29.90767502483356,101150.90844428941,254.07480832899938,36.81611613749944,307.44554469658596,392.0286883120659,4.121908092383624,3.442892629054641,11.31942835402874
1995,12,1995-12-01,285.6785858641168,257.4264790731488,0.009251692327234749,22.608199562119445,0.5014413490137392,59.38686203273568,331.27992897069333,388.2570944512621,199.0891479929716,30.40807726932583,101154.68525277854,256.67683935971303,37.46466780817415,304.7091527450316,388.2467172091349,4.183903752151286,3.4741656235318294,11.043715661015893
1996,1,1996-01-01,285.4317710803121,257.448865833177,0.009298507818915005,22.571439646823602,0.5037587618425429,59.13248315950008,330.3036730080154,387.26878724267897,199.41754066650932,28.775535419485674,101172.61811088427,256.15067208687066,35.340907173258174,304.2246165180816,387.2476530526553,4.183076683055982,3.481405884683001,10.9792313283046
1996,2,1996-02-01,285.8748114029441,257.61659104881454,0.009455384771156474,22.939055836341836,0.5068546460051189,58.092029069485505,331.8116722937018,389.4972905776095,199.81694341943336,27.134941697679487,101174.31269853155,253.26921993863263,33.641016250190674,306.27495185680243,389.47649960297633,4.118945964000222,3.4669646442767292,11.674051643802587
1996,3,1996-03-01,286.49706409082245,257.8320364526636,0.009644751829722471,23.495497596887603,0.507269217813065,58.96673027125217,335.65698276093246,392.2855027879023,196.45955169373997,26.848179743780506,101175.47309597183,249.00240435985606,34.054310115407155,309.31039636039355,392.263644790244,4.034448851164897,3.399382272261188,12.174808632338088
1996,4,1996-04-01,287.42361102274066,257.9075417826175,0.009739638144663859,23.76755899215101,0.515109557110533,58.197804964601296,338.04159186265053,396.3709922408005,196.13196619493286,27.92530169956097,101159.66375376297,245.0946223832875,35.2974393519091,312.51010802720833,396.3579210371081,3.9417822782073406,3.355599863308007,11.666775046427949
1996,5,1996-05-01,288.2901299314511,258.33207336931446,0.009939223449817205,24.239221282470027,0.5145270755713038,59.11587566230829,343.0959052709027,400.9189313084275,190.5440865838479,27.300995294338087,101154.99264478248,241.03276810201223,35.2670470458648,316.73317963401627,400.9193102656068,3.8674639209593495,3.261598005885557,10.419918075239156
1996,6,1996-06-01,289.0128182364164,259.0896087287843,0.010112649683375122,25.10552546749161,0.5336690939145359,58.880247124678164,347.32569380700164,404.43490961817827,185.68471397392824,24.693555804356563,101144.68203868535,237.76655507399047,32.579177513372116,320.9424059904061,404.4372236892714,3.8161873856466073,3.18507504723626,9.178985557014325
1996,7,1996-07-01,289.387754043793,259.51223204118946,0.010222680516748982,25.434706632610094,0.5375007233578869,59.107878859436525,349.27793211498454,406.27906280571307,184.5728065444036,22.470070571210808,101147.38597547504,236.52852064933865,29.747778066716183,323.1268631229627,406.28105937165077,3.819312303032804,3.1840529072153854,8.84713288541744
1996,8,1996-08-01,289.3859656999987,259.3904677201586,0.010221912839038201,25.340260020437768,0.524564000231338,58.17715652578915,348.9313458503002,406.00012136129556,186.22836389691884,21.283999278029412,101145.64761186893,238.31888264236582,27.987922310769395,322.8079709889562,406.0031953164029,3.845257796682837,3.2144502147237994,9.393613308940576
1996,9,1996-09-01,288.566039811311,258.9107993272932,0.009901267591024656,24.117799293323095,0.5233108209924854,58.21851606542671,344.02762236862316,402.06451220974816,190.42126061646564,22.431513120488486,101145.01344642122,243.15168545115304,29.056501875176696,317.63237477652217,402.07779317551297,3.902753154882095,3.2727933742672284,10.500470180953952
1996,10,1996-10-01,287.3873598770516,258.1715366337651,0.009576410791736822,23.202370777460132,0.5120510657380962,58.480126732257425,338.4762554110934,396.12216411035627,194.1351690111257,26.056000098108203,101157.3994238778,249.0801698971482,33.024747169714324,311.4730705555695,396.1317958532372,4.004232992491641,3.3451230750225918,11.329773240014017
1996,11,1996-11-01,286.4938833239461,257.68301698004524,0.009299971047876918,22.421980740949067,0.5077455819385556,58.57076968961003,332.97640016553817,391.53643625309974,200.0875828923286,29.758320375245827,101162.40472893098,254.5110765797265,36.72131039929744,306.6705224898428,391.53322672802204,4.118497996084067,3.4580825095960974,11.27339471717532
1996,12,1996-12-01,285.8016096253104,257.42471505225416,0.009233738472038582,22.371549642902533,0.5138172233532534,58.8027553176143,330.4254713730156,388.64528805914335,201.98858510513531,30.18756244830226,101160.20988501317,257.10793503078975,36.72211372407312,304.68339718412255,388.6372304587255,4.177788381390775,3.501962641534119,10.736082799357947
1997,1,1997-01-01,285.48251315540756,257.4240473479876,0.009301365243491394,22.632709587793908,0.5059875944572559,59.04129964996975,329.8599720589181,387.45888385446005,200.99524667580292,28.769926051441608,101163.77215441859,256.2791191806043,35.3022771230903,304.4307869314446,387.43404131056604,4.179821627490856,3.4958264532569645,11.056113835394271
1997,2,1997-02-01,285.7680776582187,257.61027073368,0.009463238675028069,23.000210354738776,0.517019357045178,57.88879102140652,330.52925120444047,388.6931196307279,200.52407974492215,27.109545838356908,101167.18140522396,253.52468342518446,33.53659183369464,305.8521846693765,388.66893289860076,4.117647902708052,3.4677386960321437,11.64207777252456
1997,3,1997-03-01,286.6158737244149,257.53974454184186,0.00961311474717941,23.253063756847222,0.49734807160034233,58.015122601383986,334.4071650286694,392.8325476636871,198.12579201464862,26.53813641352189,101157.51922294179,249.34548843408157,33.555431802195095,309.19336246741807,392.81233293590975,4.030715488100099,3.4097705671948817,12.095013969139346
1997,4,1997-04-01,287.3891320880662,257.57633063559433,0.009665828960636065,23.596429012743933,0.5128077991221123,58.55693940757885,338.0080959301444,396.5573515476286,194.904820544553,26.83477583449101,101156.78361971652,245.1708723330318,34.58326935704433,312.2590523854689,396.5421492956147,3.9381227838144035,3.3359952879847556,11.50417499604274
1997,5,1997-05-01,288.3909346041292,258.28113853546023,0.00994678762620295,24.25252745621465,0.524528719264238,59.21166125940133,343.2129529431814,401.3740328030413,192.1001130848617,27.06602679322713,101148.09015861538,241.21127769456064,34.70303317239041,317.1072202346776,401.37201056338637,3.8664854307772756,3.2797594345209458,10.277796593816452
1997,6,1997-06-01,289.2845487980366,258.88991290504026,0.010129550660609015,24.92924695935928,0.5296627226544304,58.36799490515057,347.19595707445245,405.80145572185273,188.95790404171686,24.78242396040763,101130.72164027362,238.1078689571867,32.162936593465794,321.81542914714765,405.80413105045807,3.8209858325848507,3.2290888019920967,9.088310588795077
1997,7,1997-07-01,289.4013434242398,259.57420900743574,0.01034143069609278,25.920356104083424,0.5353392883531646,58.399599424026725,349.3735420817296,406.7569864279935,186.1171958793546,22.513476921989543,101148.10372784086,236.45248286117493,29.312915660073482,324.08265441362187,406.75466019585855,3.8085391484844195,3.196731028325676,8.762580936384252
1997,8,1997-08-01,289.31163646081524,259.3986888417587,0.010306333043632954,25.65530777391293,0.521800235916236,58.50902289973046,348.95234403764414,406.38051638132686,186.778818107164,21.337532818531365,101151.7231668107,238.2328676475962,27.757513445800072,323.3480979859578,406.3856051146575,3.8363223218126254,3.213731326697339,9.346701743844566
1997,9,1997-09-01,288.7816606581729,258.63374003759304,0.010031337127114126,24.690633775100522,0.513362345606457,57.7020473697534,344.7453805933044,403.7041804431906,191.83467918033745,22.528340888461056,101154.33111157101,243.0101237454041,28.891805012715494,319.43740957662897,403.7182782393257,3.9052228453754227,3.2929623280411313,10.422712910591322
1997,10,1997-10-01,287.7947163302053,258.0669580913799,0.009723908210479828,23.832100451380295,0.5054068649110806,58.663278920773045,340.19029905950924,398.5637209932541,195.42242876572865,26.302454971600344,101167.66674744859,248.87753859565882,33.01169112863524,314.10886105803536,398.572038306153,4.012656330758965,3.367890312111882,11.194628150004114
1997,11,1997-11-01,286.7319756715345,257.63097521929967,0.00953476007140629,23.328127662380265,0.5033392226388951,58.364147055675524,334.79862209017836,393.24324249888565,200.79960995868313,30.038059537233238,101172.74804523635,254.06940319812418,36.9023876889056,309.39619765429666,393.24138606261226,4.124419589453131,3.475127624350628,11.214349006664104
1997,12,1997-12-01,285.96618494733264,257.61231010181723,0.009532251244129545,23.320428831863648,0.5151477348705552,59.876923149348855,332.77172228531896,389.7994281950599,200.69109261544924,30.370091559410966,101167.2160714878,256.7335354501842,37.29144789128351,307.0836158766428,389.78592436793156,4.1886478362134625,3.4957905665116153,10.777428994320022
1998,1,1998-01-01,285.64298438722386,257.9871318049643,0.009584034568228718,23.487653426337634,0.5152460695192961,60.18402441389543,332.3148843886808,388.51487007865705,199.09982194695746,28.56311515381268,101187.57811398161,256.07823496008945,35.21381287890057,306.72396323873824,388.4867802375068,4.192776104303862,3.4842962040857004,10.890105521377125
1998,2,1998-02-01,286.12190805511136,258.2768385330792,0.009720732212124623,23.698333748359417,0.5109658169675276,59.34830749275104,334.4889793481258,391.01491936878466,197.2584984652775,26.646050668041,101178.60790335642,253.18256475309676,33.49718058967466,309.02700950657015,390.9869640673832,4.125874160212617,3.4356891618674226,11.607217454297635
1998,3,1998-03-01,286.6205422397332,258.14292723023107,0.009772516700816192,23.920244043877304,0.5117456288218376,59.71946989466935,336.63699293707344,393.26889358395243,195.38597409761695,26.705808402769495,101193.76333587752,249.09479377925226,33.89246194679833,310.67930521138175,393.2436908604008,4.031942802002098,3.377649093268125,12.165873310139201
1998,4,1998-04-01,287.78696917418614,258.7257427642254,0.01001094912915127,24.633921625201562,0.5117778146679156,58.959913973297404,341.6378139310514,398.6486332739716,193.8413255056362,27.45595753021495,101176.76583010882,244.717413614491,34.79198169714115,316.0511255280979,398.6353757589543,3.927625107064326,3.3154815525196333,11.575246873836644
1998,5,1998-05-01,288.77589141904673,259.19863873053333,0.010162861844409858,25.110537793402067,0.5211641512438981,59.244738948209,345.5882822594236,403.2769769905733,191.0895599002391,27.217831266726296,101160.20606386235,240.88117032946386,34.74373182035971,319.8179715491469,403.28098370923055,3.8481124545509324,3.2526433198726075,10.29641801010228
1998,6,1998-06-01,289.4969002912835,259.73746022880135,0.010296634974304176,25.598785956793883,0.5322156331403343,58.98295756352921,349.6145879533107,406.8418292663252,186.32609167379135,24.338064185808076,101160.97655911576,237.6629470019497,31.73529646434689,323.7500888810209,406.8467631993635,3.8045647679808967,3.1838671461676245,8.973871512788817
1998,7,1998-07-01,289.7328129522512,260.0822806679578,0.010487318659247806,26.463267542580475,0.5310791900631235,59.05198375950818,352.1068559844335,408.290673416588,184.7340330578956,22.38696374642543,101169.52365610897,236.07179056820613,29.197089985576728,326.5430099102321,408.29324190675936,3.7990479558197694,3.1727807694368746,8.738213163324628
1998,8,1998-08-01,289.63508038857833,259.9556499335591,0.010512054177198416,26.198199173678585,0.5327395039572405,58.554028131338356,351.32164233607784,407.66408559446865,186.09758655653505,21.08778712618267,101167.18015235188,237.91516606323174,27.622749935185798,325.7340635865721,407.6646368512754,3.823138846876394,3.1958245339609337,9.305629944975193
1998,9,1998-09-01,288.7538899018958,259.32043690156667,0.010130181961395642,24.86642914882308,0.5200258619700981,59.361886022407816,346.7882735731973,403.1731275144912,188.22766406068033,22.2842344549999,101175.31270007833,242.77054220147207,29.001673807125513,320.00951527603837,403.17811031429613,3.889226679372035,3.2372385791156684,10.403110140252092
1998,10,1998-10-01,287.6451385863497,258.5924672586314,0.009803532194742136,23.867567060661163,0.5208640007523363,58.234810971525405,339.8456520997069,397.2803988539517,195.47535441474056,26.742141982308816,101170.079255543,248.85752525776155,33.43893107114686,313.9362888031915,397.28897095386213,4.003830530446658,3.361255863647216,11.421589790093257
1998,11,1998-11-01,286.5892797815816,258.00669816715066,0.009587148786158704,23.75879986849178,0.5363565575681842,59.03982678329186,335.34031035557445,391.97909511942856,197.9991156974731,30.363700985809896,101155.95610085451,253.87838985780576,37.35664912891024,309.6807299899661,391.97683712588065,4.122662756274453,3.4376844363225816,11.40076648934837
1998,12,1998-12-01,286.03724396244434,258.0163662818205,0.00950074647108453,23.613361107106446,0.5456780961540569,59.807424645729455,333.66017282650824,389.24940879726904,198.4228495050514,30.413583850842713,101157.71891962673,256.532525915148,37.34238625411634,307.6572723927089,389.243292566857,4.1861259784875715,3.464890102989794,10.828145703285267
1999,1,1999-01-01,285.6803038220095,257.82281560224743,0.009519951689007352,23.622507222231476,0.5326765851196034,59.296141026335704,332.0348505192002,388.0348746537638,199.25572382709956,28.706914069507885,101176.95097202715,256.00064198589905,35.21729031940741,306.79701472675106,388.0126718668351,4.182344413994813,3.4760739624656027,10.899825240845198
1999,2,1999-02-01,286.15829272660216,257.9130103083209,0.009656137345992584,24.095475144079813,0.5400726170809643,58.9198978738574,334.30828213163664,390.4254645889275,198.5393841884688,26.740129381744293,101174.37941161798,253.0332101932529,33.31228025452963,309.3388820842704,390.3972969252853,4.121440123170886,3.450492913978801,11.584438338628027
1999,3,1999-03-01,286.47894779377793,257.6128344009558,0.009764337714830443,24.338996972543796,0.5266372084920705,58.49841760074711,335.587626094567,392.2467584072395,198.20440026168134,27.116522869944422,101185.29938153498,249.04671945797355,33.89073413715097,310.8490628450487,392.21560951521303,4.0351795362101015,3.419817092459268,12.1947616881016
1999,4,1999-04-01,287.44031295427243,257.88893573239693,0.009843163243395237,24.483740361677004,0.5193813999663245,58.00478001498052,339.4632626345704,396.56131204937736,195.21186433030414,27.542329396521307,101173.75288130344,244.94600948185587,34.82362069406623,313.87398906574714,396.56036870562554,3.933138829444968,3.3377536754275265,11.584889676950866
1999,5,1999-05-01,288.358154104481,258.3660803413639,0.009912953381559467,24.607705854057624,0.5319935550723657,58.30551714323133,343.4616851509816,401.02608475929844,191.792910302932,27.379449136782696,101157.2281093852,241.22457732914947,34.81309699407068,317.4320627048942,401.0533732922069,3.8545939567500134,3.265102897760907,10.355194260168197
1999,6,1999-06-01,289.1995865436401,258.90464760123257,0.0100646885572672,25.199272560707232,0.5282359518501017,57.78136521047801,346.8804139228027,405.09812174020175,188.82443416207886,25.28698016210738,101147.49127909594,238.12854304733543,32.524202850425844,321.57473421517494,405.1278267880968,3.8144299921341767,3.221251019454936,9.206268437188779
1999,7,1999-07-01,289.5041496902269,259.6737940891603,0.01032512750492749,26.363963946695335,0.5473260032421566,59.010939729024464,351.30145850479875,406.78260704443113,183.71908727390942,22.461032077654103,101145.51856974994,236.22232690521923,29.40277393165605,325.2492547272582,406.7915930550351,3.8030686504877282,3.163224099870629,8.788658480005076
1999,8,1999-08-01,289.3480452167851,259.45097695485975,0.010274173682469008,25.976571763652114,0.5347062893710653,58.37418982895341,349.8914913172163,405.8977592094349,185.4411309467272,21.260517225267268,101135.70861609511,238.0999638878829,27.817265978827557,323.88377129858486,405.9001825342386,3.8316945529154496,3.1938498536035214,9.321775663649662
1999,9,1999-09-01,288.7125942389068,258.87608984947036,0.010014910098255727,25.026416305849974,0.5312586970062378,58.266394822107564,346.1420181181186,402.77884244352185,189.1691659175465,22.342907990533906,101145.69355111486,242.71913295505965,28.79447419759962,319.68596171056765,402.78726336353714,3.891642712023358,3.2510742317054984,10.310041318185005
1999,10,1999-10-01,287.64278282656386,258.2105738056153,0.009682790872598936,24.01807354469016,0.5249537341214628,58.39595697906749,340.40636605367104,397.16416077585166,193.51369038158944,26.127512805551845,101149.36005476605,248.6568899738362,32.99701704654865,313.64773216177787,397.15849173146296,4.000787808206231,3.3377821488141026,11.159834440940838
1999,11,1999-11-01,286.5270644374106,257.68520423014854,0.009404019564186177,23.24485225883817,0.5139256184387943,58.871524905156036,334.6049910066499,391.6976027429435,198.2253118171495,29.990706777851074,101153.36296908969,254.0920874654083,36.96568681351022,308.1364383943402,391.67305705065746,4.117798858572693,3.4387507191859066,11.098062330500229
1999,12,1999-12-01,285.9338602891844,257.5836639486212,0.009339916319565272,23.087614406152575,0.5184222757080372,59.31773882932647,332.58813055353033,388.8799747474889,198.59961037576767,30.28603221480438,101158.69952258485,256.8937627187113,37.2332537164661,306.01158055454334,388.82480181199134,4.1814347293372975,3.462658648000462,10.552012957107072
2000,1,2000-01-01,285.5681726367599,257.3223727177675,0.009367938069168026,23.01429345052792,0.5170070647992957,59.17769618602009,331.26368084287765,387.78187257991146,199.34072086162445,28.49374756917067,101163.68709835186,256.1834802377529,34.889715161909265,305.2269408776521,387.76165572293195,4.173910261146989,3.4717007706682814,10.677029598623408
2000,2,2000-02-01,286.0691420360484,257.69128363711724,0.009610366454706705,23.669629372009037,0.526818165221232,58.71708514244396,333.5664870478092,389.70066489431593,198.1494674597038,26.49407840068545,101164.23544441076,253.15641319629654,33.044698649656866,308.1236060201025,389.6722231084877,4.109310197879479,3.434194390554329,11.36193489772971
2000,3,2000-03-01,286.68565768151177,257.76123341861415,0.00971812280785973,23.855642177919087,0.5208819546638751,57.855007924627245,335.9103197049877,392.89959327211267,197.72387442910707,26.2142253073345,101170.69853736849,249.08337347758288,33.00278960409359,310.4754489109107,392.8807963090553,4.020168927474912,3.4002747764146783,11.867567662405037
2000,4,2000-04-01,287.7355685332693,257.9741497760915,0.009900253707138724,24.545633720907134,0.5297873829833186,58.797192541918996,341.11170091395803,398.0177854488301,194.64227565269172,26.989421480596317,101165.06337431008,244.71005397943443,34.32944998886606,315.28781883787974,398.02298816518095,3.9243524731449018,3.3269747042882725,11.463125617233635
2000,5,2000-05-01,288.48331502692446,258.56534110360116,0.009990255970613284,24.812424982900982,0.5284718518915855,59.46865430287549,345.3081819683924,401.5962469156932,189.91844538363193,27.298916203926648,101150.3116906928,241.05115317026934,35.0612479144753,318.5272790969871,401.62500024824556,3.857229342089073,3.2451376442512174,10.418849133099018
2000,6,2000-06-01,289.198537220698,259.3170626824333,0.010096841414760114,25.270871635228154,0.5339766487873472,58.208596239644535,347.8537885741951,405.0164307674244,187.57049950823787,25.316573012572114,101145.7185783268,238.10899230014775,32.67778354080348,322.0666551486322,405.0554108499161,3.815507117036021,3.20470818117789,9.265263998801947
2000,7,2000-07-01,289.49053605404964,259.4564434671701,0.010216205626667143,25.90652746283269,0.5303521701577393,58.70537699226385,350.178169020753,406.8220280979109,185.39553780552936,22.736722767846434,101151.37927788468,236.5598032535583,29.50922252882666,324.49798423316145,406.82520836414494,3.80698232018254,3.185682047135232,8.868546972751913
2000,8,2000-08-01,289.3958493063761,259.33181990703673,0.010277857941840789,25.917444782620137,0.5343328139345239,57.96354128628243,349.47399550699816,406.3935499787464,187.01060656366482,21.624388477360288,101153.01150485977,238.2479474325529,27.919123429492803,324.12812619802355,406.3935574717637,3.8334094566898647,3.2148873568175587,9.481867401606896
2000,9,2000-09-01,288.753533004439,258.8303144884814,0.009982567296878849,24.834350066465138,0.523942297900201,58.09028303082001,345.57607205304623,403.03141011923964,190.46859597767596,22.839027501067275,101151.32590613086,243.0199698194963,29.23309331774937,319.55049336658055,403.0279724310035,3.901337427568527,3.273131916972327,10.533573770360999
2000,10,2000-10-01,287.58019351735066,258.22199294459233,0.009703199998522464,24.09867246886843,0.5307101995837311,59.58648568746767,340.8212914225024,397.12271301632535,193.16052200685638,26.480615481081518,101168.14654400291,248.83227684491402,33.35949630540856,313.8766940638127,397.1148639099317,4.006730134859224,3.336415358772374,11.28468503898494
2000,11,2000-11-01,286.5544528155212,257.70595658326494,0.009483995294536605,23.382935203867277,0.5222494083839948,59.67833637878443,335.32778967827653,392.0011810778149,198.17841129977793,30.33350465944479,101168.26660108457,254.09633506547348,37.39196631727248,308.98096999124783,391.9761912227194,4.1184291727181375,3.4374494067805648,11.304745588216111
2000,12,2000-12-01,285.8911755114533,257.60568040242555,0.009445915777078671,23.12659568247314,0.522303960465142,59.053184640918346,331.6482438313209,388.86003645812525,201.8764873468711,31.07579913124143,101170.24263703907,256.93254205164817,37.544397171485,306.41758506679145,388.83947634184364,4.1865889297675425,3.5070263978090717,10.784355045566533
2001,1,2001-01-01,285.8673087776628,257.73566984345115,0.009493611374056405,23.336977319293805,0.5180504766729328,58.543139392817324,331.8438669672345,389.03418710387575,202.31708692622868,28.97508131096575,101167.75945967139,256.1353052347421,35.266803724555274,306.8471945054825,389.0063386495696,4.178672795018001,3.5165513394578185,10.82935017171256
2001,2,2001-02-01,285.9930441061491,257.9475371652543,0.009680057997353081,24.01019162578805,0.5291627943745097,59.63868184532315,333.67631896543855,389.80005844782534,197.6651878496049,26.689873312895465,101182.77764970178,253.01870831074115,33.24588763246018,308.55769861238537,389.7659338607371,4.125477846563391,3.4430966250428066,11.46433344425553
2001,3,2001-03-01,286.7966485156921,257.9433389633985,0.009841864672574018,24.416883558488003,0.5286539857003412,59.316416841901656,337.4148567113029,393.7497226260645,196.3237800541749,26.40046469255595,101178.83438815146,248.7919039979942,33.4665023449972,312.07959947041445,393.7305032360973,4.025653348738445,3.3903117760627657,12.064942163922113
2001,4,2001-04-01,287.7209290872608,258.3405425383853,0.00993492470852386,24.694775225314768,0.5363796348172142,60.051154293797474,341.95436967638653,398.0894592568601,192.9216695417168,27.190046715091555,101170.7776940658,244.72518630505695,34.65473298762635,315.63871172896705,398.09762137158305,3.919650642256559,3.3000736643733455,11.52681398084637
2001,5,2001-05-01,288.74610281775307,258.8307481863467,0.010041332058719456,25.05549743420543,0.531165719844004,59.591063075909005,345.8166439181299,403.0245246055591,190.4990059497874,27.375894618694915,101152.67389334456,240.96875975214257,34.96484749397065,319.7754681035767,403.0520089291233,3.852245153891436,3.2495368300345944,10.366311771065062
2001,6,2001-06-01,289.38259759145586,259.294156338345,0.010179019047657315,25.603362329480184,0.5390081208780874,58.416588464320625,348.39306560962393,406.09427506712075,188.58300829045723,25.34713573249087,101142.60334502351,238.0033216781219,32.45530185313282,323.1031074227222,406.13139603959604,3.811008662229998,3.2160007567106983,9.167519039408953
2001,7,2001-07-01,289.7501475921385,259.81639019595247,0.010414911485941585,26.670407135504053,0.5494204137921314,59.62319267615135,352.43420468098617,408.1388606353916,183.77481453322136,22.47933265356478,101144.73395064542,236.12545875086224,29.304005072692657,326.77856103791333,408.140898170041,3.8014962300530497,3.1629650918073757,8.765478889618564
2001,8,2001-08-01,289.6025900612124,260.0066541543137,0.010448722193900261,26.6275697175289,0.5501548927588917,59.3050815222073,352.29449339624585,407.5344633581664,184.45852303307169,21.312073599355955,101151.26959190909,237.78254235090117,27.806108658293702,326.41673284758724,407.54391341641076,3.8265432588448713,3.1796085792918656,9.395115893891823
2001,9,2001-09-01,288.86688884761384,259.03573398959094,0.010129337410743329,25.467853576724988,0.5366866837104342,59.30579784282658,347.68274593718525,403.64284577415896,188.31073287492165,22.401073472990184,101150.53208907503,242.51673277755,28.9665339546709,321.2603067495822,403.65004329085843,3.889589696273983,3.240952882435416,10.485329522143934
2001,10,2001-10-01,287.8430973691829,258.6611911841967,0.0098356650821674,24.41065939706376,0.5316053614976917,60.84675263255592,343.01084136228326,398.2394263644584,190.62670163167337,25.79451449071621,101145.21486211671,248.45132140327286,32.903039816539625,315.46293164401084,398.24172138360234,3.996423612077171,3.2985822752887755,11.175984178248218
2001,11,2001-11-01,286.9599629919847,258.1459018808517,0.009621827691347007,23.976205330632826,0.5337046005528238,60.08214477409639,337.8035948110645,393.6592917163045,196.59736279528457,29.71909605261785,101152.05231070677,253.68842017319096,36.91846365356872,311.2046905933604,393.66094170238466,4.109188952201084,3.412793518035893,11.170495531712861
2001,12,2001-12-01,286.18607881567056,257.9792107890024,0.009590837338179128,23.962944858423935,0.538265658345778,61.54547894035873,335.8445322586282,390.1751502516313,195.83340330391167,29.922530628372773,101158.62692206878,256.2821454148946,37.243313711112826,308.9094577339734,390.1653963184778,4.1770520948464736,3.429460320523952,10.731176714729667
2002,1,2002-01-01,286.0543866350522,257.963200991753,0.00959801895639245,23.863978260204846,0.528656232036423,60.526117317459715,334.92435955668145,389.5901010412153,197.1986567127489,28.146324274209725,101160.32384697942,255.56923621906378,34.88592521040736,308.60040517167323,389.57191337042326,4.171562176499449,3.4499513922277414,10.76976168823814
2002,2,2002-02-01,286.221141093808,258.1173244750075,0.009744616974578797,24.147225476254814,0.5304697187954442,60.33940425031624,335.74739263412624,390.79925146851645,195.66788503939807,26.23622826361735,101168.72881282783,252.85103500059463,33.0259392769703,309.80304702046453,390.77874997850915,4.110451893804858,3.405762507600535,11.401198433793784
2002,3,2002-03-01,287.0950724188509,258.1141355719615,0.009926454158106423,24.601752586848864,0.5301364990215702,59.92953428262284,339.18585806699593,394.93051299230774,195.62794983000256,26.11073758961477,101168.93640654664,248.62362831620905,33.01859280203508,313.42245164884423,394.91468829360025,4.023012621574847,3.38162106206315,11.88480331054852
2002,4,2002-04-01,287.75152909112353,258.4513546033776,0.00995424141244502,24.859495650251684,0.5216593034668472,60.35253002412636,343.0395388173282,398.363873961852,192.1677436348414,27.153992811724883,101164.8987721796,244.61423123996008,34.729415595211236,316.0729658648369,398.35914690262797,3.928363156628821,3.3018537808385764,11.497130795861672
2002,5,2002-05-01,288.86667448395315,258.99332005699483,0.010083965395245078,25.126542588144847,0.5290075501107865,58.99689607687877,346.07504445244956,403.30891562617165,191.20470214347458,27.43666520863926,101144.86351555477,241.06033054815225,35.00780877474541,320.2019886884004,403.32050017512347,3.859176091564219,3.2622014345589565,10.317712169786466
2002,6,2002-06-01,289.5781392877247,259.7089616438947,0.010279394105935225,25.838032582501636,0.5524199669458462,59.60067038338899,350.37543486445696,407.06509196952175,186.78215930873395,24.709171578227423,101138.84265414403,237.80911892292866,31.950493522675696,324.49311429557355,407.07750268827283,3.8106250003363975,3.1952724408479787,8.97053265849849
2002,7,2002-07-01,289.83122597345704,260.03566298934595,0.010445009353298671,26.640391095840414,0.5414517930638953,59.77076499678385,352.6968520910349,408.66269482375236,183.7678366093117,22.610451832312467,101144.71784323703,236.17051080981986,29.421212030362152,327.22501011686603,408.68087233734263,3.8065146070346225,3.1669299845864898,8.77086217380993
2002,8,2002-08-01,289.62614337353847,259.8959432087805,0.010415850401748337,26.570627345282908,0.5496126379603306,59.671529067996595,352.4068554162007,407.6071888111286,183.8530813729465,21.118914706434087,101148.8584754991,237.7597536874493,27.685934380999573,326.36144748248057,407.61924845990137,3.830472815182823,3.1750855329553995,9.294536463819778
2002,9,2002-09-01,289.05383188431017,259.26908194432997,0.010146549391480965,25.47278456177687,0.5372778063186178,58.990426399082615,347.94711498924306,404.4703516273064,189.29711742089236,22.359725230599523,101149.75106642717,242.46473306279034,28.85320040180012,322.0121117372316,404.4853411184135,3.891736611274242,3.253293313855576,10.39165505729307
2002,10,2002-10-01,287.9420858674911,258.4151553319642,0.009881255075925863,24.604553437245855,0.5280239360442053,58.8837941583717,341.88277533072034,398.73277082484924,195.31268045837493,26.516597216700042,101154.49800130828,248.34632961418689,33.23897242973283,315.9755757923579,398.7435138746464,3.989820703416755,3.3537320985642305,11.373630337517179
2002,11,2002-11-01,286.86349016821674,258.0788604345972,0.009672907711041713,24.07876633965192,0.5430928282600981,60.332571488377596,337.93322676843803,393.3742783557225,197.07102797439333,30.30242859795925,101152.54857161113,253.51361537539088,37.30850562601052,311.4164263363295,393.3740754347411,4.093297188857314,3.406287919603167,11.359305492087566
2002,12,2002-12-01,286.11639960723716,257.925635983867,0.009627954723225385,23.90341755026973,0.5259037654068155,61.42992823285834,335.4150647940846,390.12843354970227,197.3541422181052,30.675650384305698,101157.91870860505,256.2237537380533,37.871172145287,308.86018092330573,390.12039938643215,4.1697723379985066,3.4460905182986172,10.955795529975985
2003,1,2003-01-01,286.1111365039341,258.10571602980633,0.009645342090162982,23.860938849118003,0.5344416458528515,60.82914885495761,334.87550936312215,390.1405189563294,198.11997931874635,28.682542559181936,101159.88441343709,255.5732787821137,35.47841607502666,308.8847778415354,390.1244603234054,4.174775377597088,3.465328069779559,10.919058806484713
2003,2,2003-02-01,286.2043956105987,258.04874384642955,0.009837625272072109,24.310900297764807,0.5238086532506512,59.981092656813864,336.1674091031673,390.9625865800368,196.98861702955406,27.00540259949626,101163.79706269136,252.66218937995205,33.783104970436284,310.55039183357655,390.9476515739523,4.11317880471678,3.4300079190650927,11.681886824022197
2003,3,2003-03-01,286.7719172278675,258.0904687378467,0.009888494601885378,24.28132763906566,0.5222143535858048,59.17325990177385,337.64897165428414,393.7786263117827,196.55612275831345,26.816352943766123,101167.85084003415,248.81556088380606,33.802749060536414,312.0183399954718,393.76116267604414,4.021145160852939,3.3905343186193537,12.163398554151419
2003,4,2003-04-01,287.7614615227472,258.4134310151421,0.009992529814851096,24.780653764649312,0.5299936683067674,60.181066220797604,342.39245940779756,398.3844897122271,192.8679208280044,26.905687018281593,101161.91706994109,244.56129905587022,34.330345001513415,316.10935055110565,398.37916836696206,3.919085113203019,3.3022051751181567,11.476835689732006
2003,5,2003-05-01,288.77605906135807,258.9553680757003,0.010115140088668494,25.09516378263259,0.5336512915427282,59.52977804995985,346.1549042970042,403.17204841835826,190.36833923945494,27.016774561985834,101155.46958573976,240.84116934206466,34.5323096516015,319.9872223897154,403.1771057454263,3.845233639718517,3.242370043340058,10.262117470857051
2003,6,2003-06-01,289.3741497031138,259.3750487963433,0.01025733758369758,25.752738120692587,0.5330893230626121,58.87915028847857,349.42813158264084,406.2979051367961,186.9630430780079,24.742670864783197,101152.75476705914,237.64315955204802,32.10154097988986,323.8736775903778,406.31210311932574,3.8029877345899537,3.19272660344658,9.131648269035605
2003,7,2003-07-01,289.75411012383034,260.03799496105404,0.010504099887382915,26.901218660346053,0.5535262200379081,58.98000808338399,352.6268650631078,408.2911697851428,184.81612076742664,22.53072718852818,101149.65664813168,235.8769033159601,29.28705909621417,327.3798908668849,408.30196004484765,3.7952274864402664,3.1734614828256995,8.813205022870845
2003,8,2003-08-01,289.7250023978738,259.8896990151977,0.010531509750755915,26.736637932332957,0.5407174455161121,59.203279622730115,352.94243884347776,408.2298075045924,184.94008473485005,21.1046989623141,101147.81132173576,237.55167664491643,27.649266496171922,326.99612494036495,408.2387850465229,3.8230603458719767,3.186249832540632,9.328074243372953
2003,9,2003-09-01,289.077868397112,259.3208240401109,0.01026370290893192,25.626038688701904,0.5434425423055977,59.211507543665064,348.7944009600902,404.77011660439416,188.89660054772534,22.24471684946136,101147.95196652449,242.29136333009183,28.79904784308197,322.33278893623765,404.7796106786292,3.888555041761158,3.2508018591749757,10.343106284855278
2003,10,2003-10-01,288.0706170595927,258.7496775766699,0.009887709012667946,24.458432789463355,0.534388047243136,59.87455822450784,343.2315224632706,399.70392454657497,192.5711972722741,26.1807328334321,101151.74064087162,248.40262010847465,33.035539940590745,316.4005158555987,399.70963533554743,4.001233516228458,3.328518980301446,11.15708270754271
2003,11,2003-11-01,286.8320337064701,258.2075947579574,0.009694871278766963,24.161979655299056,0.5326696380842431,60.728560347612756,338.5077796941948,393.4598172764965,196.2641962600408,30.06822781954202,101163.21859441641,253.44299900890135,37.24892726170054,311.5489253237151,393.46284190907176,4.108780517659422,3.4129035996906176,11.298127540213075
2003,12,2003-12-01,286.3592527388926,258.26320978952623,0.009595088505292037,23.86476880865428,0.5401396730706512,60.70179840950476,335.8819461298629,390.98918538676725,198.00285256225874,30.57374038553036,101163.2122641969,256.2379236380067,37.54966668371504,309.3193586400524,390.98177372386,4.171343782879765,3.4540399662350842,10.811666990236075
2004,1,2004-01-01,285.96543472762846,257.9993287844738,0.009651783661382902,23.980543975090157,0.5174413968047821,60.93159040558814,335.04191476642603,389.7086821131269,197.02674314209276,28.44699336836063,101167.3672798224,255.42548039797992,35.246376309643956,308.9631869276919,389.69368529832155,4.181148248498409,3.457587594143451,10.848435341462407
2004,2,2004-02-01,286.25792198612527,258.1263257564322,0.00973391325755883,24.102261787418513,0.5360497339508625,58.82875103899481,334.9498068181172,391.22723953783327,198.51382146622376,26.788228262940326,101165.00101868875,252.8838409264864,33.40663932839007,309.93265027384786,391.20391644920977,4.11706678471492,3.4497726330520795,11.55671392341758
2004,3,2004-03-01,286.8957747686863,258.37607815330864,0.009909860500407581,24.49806525734469,0.5321962338600426,59.97374785632226,338.5993046507675,394.3443557842674,195.11232833015404,26.106624445579513,101169.37262912796,248.61717433957764,33.086285778334116,312.7420029942737,394.3331856373574,4.021358549753901,3.3727120274493556,11.935142951330818
2004,4,2004-04-01,287.86323425708093,258.4334125535777,0.010068070111064304,25.157429818024315,0.5317527368994622,60.089237496406874,342.663333790605,398.77136551673607,193.97566366820234,27.008645276528863,101164.36578342137,244.3018990264999,34.18069507840621,317.02405227151564,398.7634748741844,3.924186669779963,3.3220972826573543,11.409503623377358
2004,5,2004-05-01,288.5434968409178,258.9571548888042,0.010110949011523429,25.40642256635649,0.5451474560203252,60.45213132846774,346.0222080551297,402.0714412431065,189.01418774622465,27.203451352307134,101153.61411487119,240.5627008211838,34.82956866972917,319.76121410314624,402.07799371016023,3.852462680218585,3.233813797868311,10.28954526679598
2004,6,2004-06-01,289.3523892745584,259.4280487139497,0.01026699443912718,25.818089545993324,0.5578540025569031,60.00917025699025,350.013218920066,405.8107485138513,185.03640324811846,24.687477704111558,101137.3730019463,237.58949467847967,32.17763539293165,323.68630376529313,405.81855395770356,3.8063923649780524,3.170400854805647,9.088267336025016
2004,7,2004-07-01,289.4574028850525,259.5606200461643,0.010433730997778695,26.626527102607593,0.5451761530347173,59.682731224825886,351.9702345691804,407.0515113443976,184.84757936738785,22.551791612906513,101147.5280232944,235.95936348896646,29.423593191063762,326.16062399929166,407.06107367474686,3.80027990708312,3.18088884901336,8.86595134786548
2004,8,2004-08-01,289.4560376587598,259.7245785644712,0.010462924018346798,26.47437279612557,0.5554741355945196,60.10409686813077,351.94118211464627,406.90025178658925,184.09432048906996,21.14358890890725,101142.37655368602,237.73618925545378,27.78439200997342,325.662540192894,406.91166078530705,3.8308307064694187,3.1808521029245864,9.38588894775333
2004,9,2004-09-01,288.90798701761577,259.18710773780776,0.010188487502000796,25.565497168329113,0.5418038036840692,59.80281476548826,348.3847523473273,403.8615749493618,188.2993304099303,22.456016234346002,101150.5476026504,242.4161954848034,29.031966750047157,321.67612517317883,403.87209495542504,3.8934873852215137,3.2464345539330477,10.46515529913708
2004,10,2004-10-01,287.895281769986,258.6399995363406,0.00987641131339606,24.565111962327652,0.5377505801695143,60.574706743101814,343.3759198130496,398.6634283007592,191.59697600342548,26.320023940138206,101147.25750035772,248.35210551648635,33.29114093753951,316.1352673165526,398.669093109075,4.003334042919269,3.315638193421791,11.274700181800116
2004,11,2004-11-01,286.90126539570446,258.0382791543814,0.009661578590047242,24.08035841285694,0.5347314375819086,61.53959155180015,339.017243747348,393.8225420708506,194.8281001950807,29.84546040055873,101155.64631147779,253.47277420107213,37.19531521494182,311.56557350554385,393.8231035989662,4.112733330382225,3.39566318076364,11.230786435598379
2004,12,2004-12-01,286.06983356059044,257.92078258898295,0.009590711916952774,23.855160288370627,0.5368486261936126,61.628367482264466,335.5408991437438,390.0836452195106,197.459754393755,30.37906287732268,101164.08102037967,256.19181191845456,37.395119351232765,308.69931885589733,390.07501685887615,4.173764230529363,3.4503416278172985,10.744155211700065
2005,1,2005-01-01,286.1405640414649,258.24120604165955,0.009683285064348337,24.147457790548987,0.5368070483905782,60.74999674008865,335.78061127490224,390.2845039847429,197.75162610122263,28.156614817340504,101166.95402760328,255.24293471977117,34.7966889682772,309.5381609171398,390.2656720035153,4.168302575917477,3.458587582996489,10.676720032805008
2005,2,2005-02-01,286.2742937231356,258.14900244975297,0.009801410882938401,24.34164760882223,0.531486704897174,60.59787300941774,336.86084156886835,391.5250466353723,195.7782177547642,26.574170147669623,101172.06577183942,252.52623855487872,33.28801873976678,310.79056387359316,391.5054222047441,4.1114532558263575,3.414390495594959,11.429752810008496
2005,3,2005-03-01,286.97988006798033,258.22692867522744,0.009909526991430388,24.581984763800293,0.52244106424254,60.149056830573464,339.0868366156001,394.8420588780355,194.89116980409787,26.17123497339185,101168.12317369736,248.46135849270016,33.28974839419987,313.1849538421521,394.8250534025598,4.025602904216965,3.376013390381935,11.928693990228435
2005,4,2005-04-01,287.9403327696323,258.669197227417,0.010050298987205518,25.033370674803997,0.5330558699927183,59.69140187920172,343.01326871949317,399.29958826376526,192.97738216035748,26.62307705292864,101161.99042897538,244.42445414190547,33.90608103726631,316.98771673528523,399.27634683786766,3.9270636558580483,3.310470844788584,11.298646435898345
2005,5,2005-05-01,288.8214458797122,258.9295899639441,0.01018662216661859,25.441749240847162,0.5287777490694551,59.85542804687189,347.0009964398929,403.5381942664674,190.31139072877338,26.813624105779265,101157.08630917767,240.54002603796351,34.30124424462126,321.0048024170099,403.5474324050896,3.856859924115639,3.2561997044365465,10.170820453202568
2005,6,2005-06-01,289.5384518821447,259.5745741353449,0.01039400162351285,26.32202097998806,0.5399574927317138,60.2458734204363,351.84617331210256,407.25045177295317,184.08684254478342,24.195952933973704,101143.1130913765,237.23232379232076,31.89288919108626,325.4016721126403,407.26018700796635,3.8177860051561727,3.174910036775819,9.014110573958021
2005,7,2005-07-01,289.7845706720276,260.19719798272166,0.010589165528317075,27.099478646745606,0.5612994636020586,59.938742163657224,353.78387498168644,408.5626068848493,183.03003561203764,22.18265801516234,101142.72626055691,235.65921103060296,29.188606426810505,328.1085059261601,408.55152682216874,3.8079054842179914,3.164657998183199,8.752082666600234
2005,8,2005-08-01,289.6314904257657,259.9375196617138,0.010534359921627262,26.844243020037517,0.5539238140942926,59.68389277784362,353.1085281873209,407.95310766469055,183.22789664357694,20.932198746581168,101144.76685713092,237.47947375214738,27.588111068384098,326.89638688935446,407.9422958388052,3.8363583542051103,3.1761908954339884,9.323061564349292
2005,9,2005-09-01,289.0411869713622,259.4417875147813,0.01032914231774439,25.987090866601456,0.5431833065008329,59.826699753072674,349.6912614864536,404.55415585852336,186.6997770665227,22.38330776915861,101146.31448900541,242.09258167690902,28.954377067040763,323.07389090860926,404.54854568825203,3.899159108089189,3.2311552903905225,10.397203775405295
2005,10,2005-10-01,288.11070841973117,258.83085129461216,0.009938427839994579,24.92439668020959,0.5366879126901701,59.88803364613107,344.4814604566889,399.6967156252938,191.40849842922736,26.094937757578204,101150.79165995306,248.0700278994576,33.02896454979985,317.23190227613003,399.689351367456,4.006291146659041,3.3228846533512337,11.071540012387969
2005,11,2005-11-01,287.0045302086822,258.20562191979474,0.009670949446259828,24.055247421282278,0.532823748408251,60.84341227496549,338.9818729351139,394.1105263435983,194.86583435371261,29.959170448220846,101148.34610161447,253.5028469829847,37.215561417945494,311.7671084672931,394.0850813196497,4.117026598986522,3.3977148711214755,11.107413732490945
2005,12,2005-12-01,286.30643264994933,257.98245915286077,0.009537875339623952,23.75520855048454,0.5335634586404191,59.98432425683731,334.90850386826946,390.8392781176595,198.7556175157144,30.107967169716684,101160.81786680483,256.2055775770177,36.963224456752506,308.90870861573944,390.8075356011527,4.177968879316072,3.4696264957577623,10.60228178381571
2006,1,2006-01-01,285.98085452743635,258.0620394516742,0.009685925686923636,24.221649463852533,0.5481246300663534,60.85867417536261,335.2794967501674,389.6372797496738,196.9599618929443,27.819768214788404,101165.0597383609,255.2084227784327,34.53175690821801,309.23470998241623,389.5841485645882,4.1810630677758756,3.457495550665808,10.577512802339266
2006,2,2006-02-01,286.36873076073397,258.09592433568275,0.009855670427431958,24.54006680262509,0.5290448551903183,60.71533275869363,337.1936575068136,391.6725374444795,195.5130927985092,26.11352544420164,101170.1022236124,252.42995356538165,32.857436131847464,311.1264273144386,391.6265419824455,4.123162803772424,3.422439752412642,11.28687537895405
2006,3,2006-03-01,286.9049269263323,258.16327003757965,0.009898183874302857,24.50878580665398,0.5414471249956646,59.41866783960205,338.6140239358372,394.225142776423,195.23513035975014,25.813701460295626,101166.02316860296,248.469633825701,32.82763863228852,312.70375527019894,394.1895704353597,4.02211442444202,3.377343213099609,11.774485807975106
2006,4,2006-04-01,287.80826376623855,258.4405076645541,0.009999108598487638,24.910417008489738,0.532575619155984,59.92796984832636,342.41916847470804,398.55382510521264,193.0451147225906,26.689595677904208,101157.43665716273,244.40516931229234,34.00775972876565,316.4292709745541,398.52895211271624,3.92234154683671,3.3072496519716807,11.280991746046146
2006,5,2006-05-01,288.69705725635345,258.6650068939635,0.010041690079439645,25.08112807105079,0.5318934480377835,59.49588519025466,346.0287526405419,403.04172820735243,190.06518389713304,26.560829475278815,101147.39114599077,240.6351199346239,34.34066604937636,319.7648275672993,403.066654028343,3.847565615414589,3.242544836108852,10.173276123241259
2006,6,2006-06-01,289.5428632370589,259.5343189513258,0.010325279367172618,26.144469969241005,0.555182019212445,59.483966340468854,350.8560317021354,407.03177669284497,185.59019011037148,24.633709659458937,101133.02319791605,237.29499404014524,32.10040282148775,325.0392149033329,407.0711682524702,3.802501653046371,3.176854829935121,9.081576014148434
2006,7,2006-07-01,289.7070621352387,260.13098905841133,0.010560983514073228,27.062440652465927,0.5536395423928088,60.33563915699658,353.66630201694426,408.0461061700232,181.88740547638795,22.171639969929075,101134.21728523662,235.61203023780286,29.26423975213178,327.71182242392183,408.06488524586564,3.795673468761325,3.138918260932094,8.77163588833267
2006,8,2006-08-01,289.6722320894202,259.9730453960105,0.010546766841837318,26.80834910622936,0.5524421895756062,60.13778394040996,352.98069102227197,407.86880666760874,183.1169705499753,21.063395876325117,101135.58149952207,237.4777035071525,27.69288989712029,327.0582082402634,407.87030407156163,3.8267467226182914,3.1655813833617152,9.353893645830585
2006,9,2006-09-01,288.99584317663425,259.43234769849977,0.010257245039069296,25.866148615454566,0.539705241522504,59.61622399797313,348.81579458685223,404.3171672662129,187.76047497970208,22.380349146236377,101145.47936600831,242.1537831535027,28.892307371616745,322.50898969726967,404.31878782430607,3.8952841330111965,3.2403035534208535,10.40665440808998
2006,10,2006-10-01,288.04196498321426,258.87559771653827,0.010014893491926904,25.12657755557362,0.5445430148387846,61.4191976400583,345.1198638267941,399.47057316289613,189.63650272654417,25.95297184410035,101139.36768782984,247.9165338787294,33.02566429867217,317.58746620408755,399.4575799657194,4.016504099199201,3.3068267637610385,11.091852696771678
2006,11,2006-11-01,286.9618969639352,258.2394955071201,0.00970693682500215,24.14643150696164,0.5350178021837768,61.19931704261494,339.09841438566826,394.1402820884269,195.45225943169578,29.8124713324714,101147.52239821358,253.3846382817544,37.08714230009506,311.80938481234665,394.1053208889247,4.131246572073596,3.4215710529567036,11.089434486864118
2006,12,2006-12-01,286.38636632637673,258.1416362833095,0.009660222482337886,24.061173444046855,0.5492874398758721,61.500896179480954,336.38854460787337,391.24785097867203,196.95911775286282,30.179821209929678,101151.70728886683,256.1980732694194,37.10982885239262,309.52236385866667,391.191989749119,4.189686288476572,3.4542275129730666,10.49922089364894
2007,1,2007-01-01,286.2644667688073,258.4740760536675,0.009713744748772016,24.15537793929813,0.5395114985922232,61.54436925425266,336.4104468976854,390.7620725083097,194.9705007106064,28.128253521808873,101159.48932858446,255.39033447458422,34.952519133326994,309.73424438793717,390.73515224420066,4.185784975392685,3.4294649077750994,10.700690445915155
2007,2,2007-02-01,286.26055178721896,258.12082456258327,0.009774575109091082,24.19047890057012,0.5189041897864217,59.95133580194754,335.93539125783406,391.37483400316296,196.56544220757374,26.8947276673337,101163.58040628934,252.6818665260692,33.45585205398598,310.4329763285899,391.34793698442286,4.122645484269654,3.432378649171299,11.493314354346325
2007,3,2007-03-01,286.8914162327505,258.3247784391267,0.009915580418685017,24.561557371819568,0.5305704070884045,60.04506733001238,339.24943517592993,394.4277056567332,193.99460625980998,26.270714785506435,101168.26825474166,248.45946639445575,33.332771843999026,312.99815337168184,394.3984786618141,4.024050836945379,3.363729412055505,11.876512856929622
2007,4,2007-04-01,288.0136889631535,258.41756519796064,0.010026062770161197,25.040696282120976,0.5205444291492844,59.82277824119465,343.52489826361057,399.58902049962063,192.88465452487358,26.717431601863133,101158.1467216287,244.2877525155984,34.158073654589714,317.1923991772845,399.5761138672351,3.923585556574559,3.3114869489736134,11.30500099821043
2007,5,2007-05-01,288.8014681420199,258.9388759964365,0.010170486711463055,25.468759260833682,0.5304135526909106,60.25904434236182,347.12489307107677,403.1712555596227,187.97013966068164,27.09092286176713,101138.43423671479,240.52543749104544,34.80030503325835,320.73913217784576,403.17437549963785,3.8567750735831177,3.22304510924476,10.25662878374779
2007,6,2007-06-01,289.46734724399823,259.7313261722169,0.010348429328501324,26.40438829245565,0.5551187196692319,60.40098874465039,350.981876099129,406.5519698923116,183.88603383276197,24.158909491712542,101130.78659399187,237.22108964309373,31.89199691670588,324.96117430858277,406.5585079860736,3.81223076830076,3.1640560399677105,8.99767909439994
2007,7,2007-07-01,289.7881811290773,260.2184728714332,0.010566502347063718,26.970402851565325,0.5535598059297607,59.93030070919413,353.1434727370047,408.18637716316204,182.28770973648417,21.895651864272764,101135.34017110479,235.6680112530917,28.788287101357817,327.77714858802796,408.19207848189507,3.8069075983252922,3.1507810390902815,8.619439844877194
2007,8,2007-08-01,289.61837918389085,260.17994267033066,0.010549210546783525,26.975578677097634,0.5629783951753189,60.80728209427362,353.49863689482635,407.4393215206099,181.78009470177173,20.637477847428336,101132.11740892206,237.2464218332349,27.310171635347217,327.049463872735,407.4451983997778,3.829116631965489,3.153384652355951,9.125526972158037
2007,9,2007-09-01,288.8674558769592,259.3743630091535,0.010214915959069853,25.787679183679252,0.5530197215882909,59.71186863739041,348.4332832259163,403.7561302738901,187.00539570784773,22.42053887541645,101139.41536872702,242.1392474824927,28.942237972915784,321.8418385586301,403.76413687065184,3.8940122070114938,3.2300002616727594,10.291005977949196
2007,10,2007-10-01,287.9459507538052,258.6659290217606,0.009839782468140615,24.56454389357678,0.5386604861070954,59.998975838195484,342.8478759478955,398.755996806721,191.93738945218217,26.515352854689052,101138.06923551121,248.22665922741956,33.36395935455135,315.87665973122813,398.7559622679895,4.000653459257474,3.320337977060147,11.1397385016897
2007,11,2007-11-01,286.80632077570834,258.08152860439185,0.009568364277482371,23.78293613231953,0.5390709096111176,60.81961386141482,337.339636644336,392.96753965239884,195.22066452982995,30.40855469232931,101139.29479786444,253.53588852264454,37.522036233332734,310.29312106527203,392.9657765320626,4.112037949706123,3.3981517726941046,11.232281928845792
2007,12,2007-12-01,285.99239668605094,257.9805981924044,0.009483497087751367,23.62703236508965,0.5386742557170644,61.98236531021288,335.2041613814902,389.2884268812676,194.88849992931316,31.15736920380198,101146.34919814409,256.31513823742563,38.612001297153995,307.68350964692866,389.2795843830367,4.182164977245234,3.4211778084342352,11.075329275061094
2008,1,2008-01-01,285.59229843895554,257.7061810483241,0.009560127246009555,23.799598828743957,0.5322958401853122,61.582327052304194,333.44453030453013,387.83299426145146,196.1930788282469,28.56631258123705,101162.16921446957,255.58635026655983,35.54636467644399,306.93418139918634,387.81415332235275,4.176661232463,3.4374798298155884,10.919068510829439
2008,2,2008-02-01,285.8806686301625,257.84885407311475,0.009591945664605145,23.75545276637684,0.5363945184906443,59.78463809989965,333.80595988960187,389.3720788132733,196.14054725232654,26.875524162901126,101164.40481562397,253.03065267848544,33.6287971758012,307.8366041462713,389.34718060947796,4.11827807008582,3.4163250248917754,11.587142146658614
2008,3,2008-03-01,286.88791003970005,257.77818484164703,0.009732851561110045,24.151405270780415,0.5198197583538143,59.95301192939891,337.76253801112506,394.2769901984409,195.58780096572957,25.99852880523377,101149.7232328701,248.6538937464278,32.967687729296316,311.8258974439676,394.2600120694148,4.0291930739316735,3.387967501074477,11.884053878384698
2008,4,2008-04-01,287.73180047404844,258.1289525762831,0.009817794791505427,24.460254006305064,0.5201255942302208,59.584689250946866,340.8529092916285,398.17968039785023,194.11950879821015,26.953321829988077,101143.75375486002,244.711946072813,34.09826879190652,314.8816030524711,398.1736919248474,3.92975095750941,3.3263593997851393,11.409268170516338
2008,5,2008-05-01,288.6688272241498,258.4988932924159,0.009966994575245856,24.927164900170336,0.5143439293015599,59.72657852771769,345.3738094456597,402.82533049239083,190.50940374423985,26.46223467156704,101137.70155631927,240.71709986468218,34.01039274911574,319.19460097923104,402.8372881789374,3.858122526426367,3.257380947024191,10.119943604968517
2008,6,2008-06-01,289.30009181195425,259.3099636329261,0.010227725030268323,25.902973124498946,0.5378785043999373,60.01008208835794,349.48380656266886,406.0060049430601,185.66483557723632,24.378383967127654,101138.98367134664,237.4892991712146,31.579381585157112,323.56002180785345,406.0138969142976,3.8115822913479107,3.1835831881858554,8.945343254914103
2008,7,2008-07-01,289.7081500332638,259.8632163069226,0.010453639049492829,26.700233907721184,0.550150000649988,59.664597649566716,352.3413084081918,408.2111115251362,184.0613002108598,22.205217327329656,101135.3050652095,235.9297519288523,29.03023095920534,326.77857977889323,408.21916002551615,3.806009170382107,3.172651770388362,8.704830078845509
2008,8,2008-08-01,289.49154418122276,259.71549626179257,0.010504253780036957,26.854286572955402,0.546271857377399,60.15931417410666,352.0417469023731,407.1799486512784,184.47583526139604,20.902014920172384,101138.96876439372,237.55134146938954,27.419371675959557,326.110915771331,407.1866412978057,3.83345040176104,3.190016218949212,9.243179557390434
2008,9,2008-09-01,288.9002876488359,259.34074178782316,0.010230898038775103,25.842216820916757,0.5408488977267476,61.257473440064366,349.1296555194599,403.9863003016104,186.18526902710332,22.041491768494964,101141.3473826498,242.22133886411098,28.704859161185528,321.90555139610314,403.99119374871805,3.898954812058191,3.2255845821129294,10.217406768529154
2008,10,2008-10-01,287.96822450366255,258.5567818669063,0.009942095534664967,24.977536886472862,0.5379665839361631,60.782072191855434,343.80953338004264,399.161419837253,191.03974832928876,26.20495804328355,101145.06813196765,248.2057804228601,33.092677916795616,316.6491368979051,399.16302358513633,4.014022805955062,3.3198583797344736,11.059807563193115
2008,11,2008-11-01,286.87342565545373,258.21392960865586,0.009667496819261006,24.249596322304345,0.5385685382365806,61.55743163412118,338.93444488998927,393.5296528533687,193.71430918350785,30.007372298003972,101143.47929728581,253.48682792042374,37.44038978032843,311.4367097873306,393.52561094613725,4.134748603755522,3.3988444299866143,11.2296104633381
2008,12,2008-12-01,286.0530646321224,258.06923147070063,0.00950730024710548,23.81722265573019,0.5233170335256508,61.95700079207531,335.33057859492817,389.9690490765565,196.3222722465774,30.494724115052367,101155.50349105225,256.374042136062,37.75542499448117,308.18584851807697,389.96303902471044,4.196509486093466,3.4512176954016653,10.802853542876608
2009,1,2009-01-01,286.08501791311505,258.03263477527753,0.009591989323384661,23.967019382308507,0.5338406400438841,61.09957477206744,334.43911727389775,389.98975577221967,197.32510115947736,28.25005483977011,101156.03346272561,255.58767085456685,34.93066443726306,308.4367185809196,389.9772742159013,4.188582111773944,3.4638900112684103,10.44958179360534
2009,2,2009-02-01,286.1870377976935,258.02803604906165,0.009773166584475213,24.48487548972333,0.5272775537001498,60.951970486361816,336.07431408517397,390.8220919977535,195.39102406156374,25.749482629418782,101168.12133009463,252.5533718702584,32.30006006836392,310.12052685481547,390.8048065292022,4.132125534686354,3.4270939151025988,10.816313659372618
2009,3,2009-03-01,286.74821499516867,258.10368515954497,0.009824288940779819,24.539318834930718,0.5163121358190558,60.816095473516455,338.4974870142692,393.78415185675084,194.06803850015638,25.147611058290206,101171.10887242305,248.40572655587704,31.950777896253612,312.17433025040344,393.7700291919483,4.020742487553294,3.3648784886801457,11.335864864320559
2009,4,2009-04-01,287.7256185012715,258.3359613865691,0.01000213313903603,24.878825778523858,0.5280334358268464,60.22160673502182,342.131757506183,398.33151638940933,192.1251548550444,26.010460311918383,101161.75465883341,244.3937117366287,33.11164704841349,315.9008204481926,398.3281550152689,3.919270095996474,3.2937867921140938,11.02774720163448
2009,5,2009-05-01,288.6923956414644,258.77018823640964,0.010142507910707694,25.32881352079224,0.5331355755214479,59.45871286847524,345.9401123572933,402.81917288224963,190.95486752877147,26.924665337809444,101147.93820613,240.73113268263452,34.32006093914929,320.0630442440314,402.8474604657689,3.8572611485447696,3.2634196570325837,10.181487253093495
2009,6,2009-06-01,289.3673090296139,259.35006317121747,0.010356876886909217,26.211447383856566,0.5348324739894265,60.1375601889356,350.4813451458539,406.47748536092666,185.5381656523989,24.755436828182226,101143.51825455819,237.46244415695472,32.41581334595053,324.60535699811084,406.48916478881995,3.8206336810088066,3.1937591110294297,9.188756784508085
2009,7,2009-07-01,289.75359645299693,260.31079974765896,0.010590481059844331,27.166125758003414,0.5534426911108574,60.194345703142744,353.5183993338136,408.2338156344806,183.1848073895906,22.65942201775029,101141.04560803047,235.86854369619167,29.763272529122965,327.8911422644095,408.2402441403139,3.813309391286423,3.169795603221441,8.941892015116197
2009,8,2009-08-01,289.5561178433827,259.9482163994525,0.010623619967732614,27.134282021436952,0.5429639632373083,59.249675480546344,352.5255360844381,407.5180964487363,185.09079776638555,21.474279871164658,101150.48108165192,237.51831503842294,27.905930676086612,327.28401683996725,407.52323608196065,3.840277325601756,3.2047050419741585,9.464670716117197
2009,9,2009-09-01,288.91499329890127,259.6147952036656,0.010437136571881363,26.51942418351156,0.5504457458289184,60.7210096225972,350.2722639771764,404.07303411548634,185.97790220610952,22.546050120709875,101152.46523613352,241.91221711547908,29.29111891696428,323.54397906662626,404.0811861679944,3.905194126996964,3.2308855882126974,10.540818841640645
2009,10,2009-10-01,287.84556911950625,258.66751208365196,0.009962883850004961,24.900092968134533,0.5334334075221479,60.8894198998633,343.7447506967543,398.68182179241785,191.72964339633694,26.65079372869725,101142.44825961921,248.23771947380908,33.76802343878681,316.3639783690117,398.68786515645706,4.014084348029184,3.333214617337852,11.325488083053195
2009,11,2009-11-01,286.8740267855249,258.29432858798907,0.009752073911133901,24.378631877395964,0.5381743375036098,61.6938763911755,339.0603135334717,393.90540753656154,195.57050206092114,30.478974055385606,101143.4420245785,253.40601717337026,37.89695072525551,311.90573288748635,393.9012609234041,4.127024482107493,3.4201708629751835,11.337070895080384
2009,12,2009-12-01,286.14298430825886,258.000194817843,0.009645791941705811,24.007471780825135,0.5268416131392727,61.58502004832911,335.3608915944412,390.7080440511634,197.87378997610134,30.927645514169686,101151.57477769801,256.26515132250813,38.01529517865537,309.13896800922623,390.69524479708747,4.193090525176809,3.4705322664467744,10.74576408017989
2010,1,2010-01-01,286.0097411753943,258.4658800316322,0.009695453222574412,24.330629364822947,0.5659725142925683,62.13596588462313,334.3962478034243,390.213558826417,200.50812642986335,29.03294039511031,101145.66453265272,255.38471511438635,35.37209704042804,309.3987865589898,390.1942222855765,4.188021764459992,3.512586868564967,10.623407904794918
2010,2,2010-02-01,286.30825544687224,258.3965822715819,0.009917839083487007,25.02534526693358,0.5560642777604867,64.52028842815568,336.68661954435106,392.0019186296803,198.80837094758314,26.386330621612036,101148.05857920954,252.27399859334375,32.73597983000561,311.8828898339189,391.97810651315785,4.1305531198373,3.4777224978644745,11.06075395832071
2010,3,2010-03-01,287.011259008279,258.59405278515027,0.010029921390916834,25.198643075365663,0.562590009638806,63.60513631909165,339.2224202592184,395.2499265349447,197.40800338101675,25.702461322884588,101142.80163218269,248.19152018369428,32.10962815968147,314.2399663918834,395.2331542470739,4.024727488478586,3.4155726333432224,11.455854929753162
2010,4,2010-04-01,287.89173453551365,258.61963528821116,0.010214939101140548,25.922217199385265,0.5512078729490293,64.4776355027617,343.9205217070791,399.59987840072006,194.30601708339896,26.3263621777205,101146.81282160916,243.8266463257137,33.26938859533705,318.4777291828794,399.5927520139113,3.920097544940672,3.333932064422482,11.111935557500274
2010,5,2010-05-01,288.6800419237958,259.33357835581995,0.010347120752246733,26.330584688378746,0.5634845312329092,64.15542735911286,347.8632775142049,403.2144668162477,189.38653674980728,26.49841484028408,101134.82891434531,240.01950264461578,34.03173940137996,322.00497235813884,403.2282277347993,3.8477839733334345,3.24450575520887,10.155040084268688
2010,6,2010-06-01,289.3113880933732,259.90072161676727,0.01044953288505434,26.94082514955128,0.5616359139932773,64.15344030879437,351.5472455438938,406.4058693229887,185.43108024389207,24.60476666493354,101129.82441624832,236.96918530645536,32.17738394210888,325.7623614932283,406.41999900781184,3.808892466880666,3.189955626848321,9.159497415090447
2010,7,2010-07-01,289.5280064297481,260.4178826716749,0.010649604333344637,27.875698274954747,0.5848585156656937,64.24967267931346,353.9900589493903,407.80382435884525,183.6499728337563,22.62328980278415,101132.36293383011,235.31673385666338,29.524111961969297,328.5332811148532,407.81714415219164,3.8034858033588104,3.175694751596683,8.936517479212643
2010,8,2010-08-01,289.4186463566821,260.23070315154644,0.010578654831074844,27.500151776031615,0.5831005949853169,62.579982523571914,352.17068668594277,407.08453638768384,186.63781338087944,21.522638498747437,101131.00192751388,237.243175789011,27.842606696525245,327.2834799554629,407.09474691396673,3.831887934598074,3.2214461359059126,9.485845611209438
2010,9,2010-09-01,288.75953466250195,259.6535863884027,0.010274124488514854,26.30480154487402,0.5766348339261286,62.73901317546827,348.2617584351035,403.37194439903845,189.92380135249556,22.747599862533054,101127.03054868629,241.96748918836292,29.191725769214507,322.455586126815,403.38947371533413,3.8934911643882617,3.272379324989823,10.537885126900024
2010,10,2010-10-01,287.7893393525847,258.69706162126187,0.009924113243273868,25.161001168847072,0.5650422317058676,63.253577120511935,342.9566194591073,398.34898785519295,194.04163706503604,26.993126974408494,101125.68588470471,247.99680766606647,33.79222107048801,316.567176840373,398.3590531746542,4.003464170788384,3.3559761904932413,11.400346986589586
2010,11,2010-11-01,286.8128131268574,258.2306050270006,0.009618507696181139,24.221140791269836,0.5611729575456832,63.64177826106895,337.8365530957735,393.4294245461529,197.77792474774836,31.11750928401144,101121.6042614542,253.47884780581194,38.231324765937046,311.1576137152817,393.43553989977596,4.121021046613134,3.444803361919186,11.412602261303814
2010,12,2010-12-01,285.92455490866644,258.0812233114187,0.00942582576074207,23.791741960544336,0.5499200064366692,63.885767271600244,333.1859621476393,389.3711120669929,200.53996584290448,31.667988590435883,101131.35398319131,256.36395708098456,38.63654769807327,307.55565476068784,389.365072239771,4.187698404626652,3.501924086514137,10.946753071864592
2011,1,2011-01-01,285.59380770564445,257.778187388451,0.00953303078472172,24.140466903178375,0.5531261913861505,63.970260733661355,331.44062133892373,388.07884447548616,203.04828376494547,29.355465154458543,101151.55570720212,255.3379274683296,35.57578485443303,307.5048298977566,388.05254747009883,4.1765498378958625,3.5315569668748643,11.093584730378058
2011,2,2011-02-01,285.80240197337463,257.8519323377505,0.009670970733676195,24.216744093663195,0.5559288891235851,63.04457610476963,332.6511843268028,389.5051221178172,202.02580945239288,27.301979531337405,101142.24843016444,252.6022934299356,33.4943484307673,308.7879143950711,389.4784164278152,4.1106442913159045,3.4955730249484804,11.678363877469451
2011,3,2011-03-01,286.5705226923216,257.78174109332053,0.009771563088577287,24.58892260627843,0.5498742510685639,62.07783231935733,335.3635966876283,393.05933311247,201.9289708950861,27.27791532523341,101151.13168370057,248.6499865094956,33.733676028367135,311.4343383608536,393.03364899693,4.025652888522702,3.4678279682450657,12.208912040126174
2011,4,2011-04-01,287.6074927580366,258.11789702510214,0.009934601689528092,25.12003301703762,0.5485614619810939,63.98414493700855,340.32861428648266,398.01116906003443,197.92366476465253,27.157166792064196,101134.77819381906,244.40858991979337,34.04968788284453,315.8907196377853,398.00210489479804,3.935576509603053,3.384573765535269,11.389059850281244
2011,5,2011-05-01,288.4364518061876,258.7601345809736,0.010056640716293554,25.61411350621192,0.5464019095777514,64.24103679268376,343.5688940559983,401.8087528591993,194.4643711267022,27.255892495421026,101128.91594038914,240.52883963025806,34.12609172140035,319.5318666837582,401.816499330973,3.8667347721595626,3.3142426245298506,10.187922722631251
2011,6,2011-06-01,289.2414549902535,259.74487559417037,0.010294242641485925,26.33519409321427,0.5671047815522735,64.16944803174943,348.7746370578274,405.84814988707086,187.77308241807603,24.69630846086269,101124.49000761977,237.31680235711542,31.71253455259565,324.28450786454243,405.86335280213854,3.8249652988388854,3.2217706586663137,9.017531379457905
2011,7,2011-07-01,289.60486254725095,260.18139180654674,0.010466015012969513,27.020466230131657,0.5845601389452224,63.43395752635316,351.038900293518,407.6104472541113,187.23065607878019,22.765398118872408,101122.01886979534,235.81009443433683,29.23325365778096,327.17896162541336,407.61835439271465,3.8236616835981265,3.228571105982154,8.814475684598944
2011,8,2011-08-01,289.4272666521024,260.03034890056443,0.010478102895081514,26.929509450512114,0.5810832662280281,62.76334375165412,350.03714081516995,406.73850359176373,188.7035785166013,21.50224334580072,101121.87799276286,237.49412423203577,27.538309605971723,326.24422856316016,406.74697629542857,3.8442980997861462,3.2516898306405593,9.358048108769143
2011,9,2011-09-01,288.69518672087895,259.3163576705421,0.010142720538271777,25.70356794168827,0.5654310384509496,61.81499754426111,345.08322657924083,402.93925638648494,193.8088327078852,23.013506302535312,101123.63981576162,242.33893703675056,28.957283480208936,321.0071321074575,402.9511790463141,3.903796751470369,3.322680995013044,10.463446742456664
2011,10,2011-10-01,287.7009578728128,258.40817436563964,0.00981655979151134,24.584435310801826,0.5479869132516494,63.47591527543484,339.9576542405434,397.8492220860168,198.16225425759455,26.877866097272243,101124.18155737652,248.2503310101521,33.40606422582541,315.08731073949235,397.85712873531753,4.012420264366502,3.4117447273498773,11.330346193344175
2011,11,2011-11-01,286.4840606722771,258.020758061334,0.009544998135263485,23.88431858833056,0.5625186746060223,64.89363095604513,334.48368085751144,391.84989468246926,201.64901637909674,31.24751341265842,101131.2512246038,253.62651803404611,38.09716709180909,309.5264686000503,391.8469449617969,4.125641733756932,3.4916755293932895,11.59924951541577
2011,12,2011-12-01,285.8592904980388,257.93916102652946,0.00942815826153362,23.68060317494403,0.5510571322834424,65.60842904051025,332.19974994505486,388.7536468617894,200.924029370065,31.737124196770246,101131.84742807207,256.42236079115037,38.731002875623936,306.9876045605934,388.74848032264697,4.192807840262155,3.5039722391969894,11.15712370366579
2012,1,2012-01-01,285.5535308959557,257.54476781705665,0.009381385643733024,23.429171109721747,0.5395687538787234,65.04225108254364,330.01482100309454,387.87753455477844,203.21349120915093,29.69425563024918,101138.91285208409,255.95928358458391,36.03571064567651,305.93668661684944,387.86467827727176,4.199718432670709,3.5444620590236786,11.02516842541543
2012,2,2012-02-01,285.81390662697186,257.5388128395328,0.009519100836222765,23.932480237348045,0.5338493556005552,64.24907436065543,331.01465090374865,389.31206731538833,204.75826982453032,27.77085227475923,101149.88816907674,253.0626964918208,33.85719416606695,307.7474198876952,389.2932811993067,4.1329589574653225,3.5450095568513666,11.72369393724343
2012,3,2012-03-01,286.5173347746324,257.86509250074437,0.009706745752340522,24.305617699604905,0.5545975971731943,64.6030301982101,334.770460407312,392.6436161632222,201.33139784600223,27.192447670681062,101144.73686355141,248.7880752821736,33.692474114258445,310.7593394738837,392.62291294844727,4.033791584985586,3.4643205125107563,12.157784903499698
2012,4,2012-04-01,287.67622415176805,258.3084108498959,0.009865149692644312,25.096732946809794,0.5461507809686073,65.04730159377007,340.32479706045467,398.3034352066083,197.911059358329,27.34818943484057,101131.89644571222,244.28417855798622,34.21855473715962,316.0717314748196,398.30069960621137,3.9347759864779444,3.384322993329289,11.484389233558153
2012,5,2012-05-01,288.6886970478313,258.77386229879835,0.010049970512643317,25.546620168487046,0.5445791233394629,63.06503875758119,344.0240979879015,403.13186756325257,195.69291358671822,27.300954573110438,101124.88373479065,240.50458181648438,34.26286757510513,320.21290222130966,403.13805685734866,3.860794402257563,3.3275269625537582,10.250221896670462
2012,6,2012-06-01,289.3322709067501,259.64303600432777,0.010271229170133601,26.15702210479481,0.5659145992066352,62.17914831725039,348.15826013768975,406.3356990019544,190.27738331017684,24.57999941347119,101122.7451630696,237.31307527901,31.321395543933274,324.37761060065907,406.3509784751201,3.818392037808707,3.2474908584522235,8.974043688950353
2012,7,2012-07-01,289.560465872611,259.94997252537763,0.010524599635328175,27.19330638673168,0.5758205845987613,62.94243243253868,350.7498360560425,407.57471775706256,188.26428845397632,22.458691498814733,101129.75451250905,235.6782558540339,28.757221260157888,327.3217124382516,407.5910931924137,3.815271523504999,3.2342925575935744,8.745029222482586
2012,8,2012-08-01,289.4796514966078,259.89886463514875,0.010450076310268478,26.74672891631793,0.5731408587591419,62.77536761003986,349.92057305822533,407.048303777642,189.92646258289173,21.38619688491354,101124.54654484219,237.64249860706653,27.33523037932829,326.1300639279862,407.06381592785124,3.8441604300533605,3.2673457076191985,9.292495461125943
2012,9,2012-09-01,288.80649194284683,259.4386304288341,0.010187831607688047,25.738500775059876,0.5701480315369621,63.86578443559932,346.3705859030173,403.7060634512079,192.70476124709188,22.781156310054953,101124.1519832312,242.353543900532,28.85858696697313,321.6600128783625,403.7246996806645,3.9067459319884863,3.312742391098724,10.305184317255788
2012,10,2012-10-01,287.90031372584434,258.66301676529196,0.009859226549849298,24.760900767565097,0.5409035016049978,64.58395863269071,341.1470279607873,398.8893391040015,198.35612625263732,26.87968847433309,101121.1538835975,248.25038405824546,33.38810987842216,316.2937141592182,398.90477852772926,4.012935586327825,3.4148485188215156,11.262104178582495
2012,11,2012-11-01,286.7658709692121,258.1408166738359,0.009636237627227538,24.258408991846686,0.5454646461753669,66.06198509778943,336.47532869050366,393.42052559402026,201.474052834575,30.872081925521304,101130.65320682208,253.32379520056418,37.70194981964718,311.4284273133246,393.4236671391115,4.113935228469105,3.4830522612268187,11.505153824326525
2012,12,2012-12-01,285.82156581135564,258.05319164411094,0.009515550814240461,24.003020849965935,0.548533719545187,66.98986815504189,332.66553655586256,389.17848279533024,202.38680819054838,31.41181803914947,101139.08789624364,256.0712031389253,38.16633132707034,307.99314642028025,389.17184781189366,4.186312844979136,3.5258101317666717,11.144688772361802
2013,1,2013-01-01,285.80205093209247,258.37619115081895,0.009515985805547147,24.019444650584617,0.5571969157449177,67.34558322314905,332.96450093673576,389.0735061632192,199.92557645851596,28.96557386088842,101136.76474176762,255.41136202592114,35.56775857656027,308.2002647041598,389.0587827382291,4.192640849627634,3.5014034993871985,11.067751740992167
2013,2,2013-02-01,285.96289514567076,257.9513835327179,0.009633054227904144,24.196125614027082,0.5419682369081734,64.78769100387066,333.20916514922243,390.2212156727715,202.11204490177036,27.415227734783734,101142.22980339095,252.76801825543694,33.68555865868332,309.18670549405806,390.2028238772629,4.130625792722542,3.511529250124314,11.688742191054198
2013,3,2013-03-01,286.6497412702457,258.1107913614429,0.009797151335262905,24.73711566590611,0.5322001613079751,64.29193618198828,335.5575348824436,393.5611489756823,201.4183665822804,27.250965448666115,101139.12540207632,248.62964601640098,33.722908774607646,312.0453658641999,393.5410212361284,4.040855699027011,3.473948387257609,12.212881895401248
2013,4,2013-04-01,287.5486126713139,258.3617844378324,0.009885577494790727,24.8560524254757,0.5310606648242342,64.73595872035419,339.517383269242,397.7795892187363,198.2625759569718,27.970424424668145,101135.3900976374,244.6443331290922,35.06002059163902,315.24393216384834,397.7715892155003,3.941415760804815,3.389755802864195,11.69609097473322
2013,5,2013-05-01,288.51174567020354,258.77253333476705,0.010076183109206873,25.492897916056165,0.5430208218219752,64.7313366168711,343.9624924777466,402.37863276585256,194.13125468007829,27.374250934907934,101125.62165225887,240.53125654493576,34.39972087475971,319.7009357392993,402.38551231023575,3.858500114652844,3.305451667747513,10.281250577239348
2013,6,2013-06-01,289.30824660281485,259.725969016912,0.010309101159985172,26.320388674125226,0.5606357766589136,64.30489159096125,348.6600832868992,405.9846268353052,189.13425374845667,25.025980533772422,101121.10237145318,237.3239825031298,31.796609024825788,324.3716290856431,405.99443084867187,3.812963953389392,3.228483790696793,9.08418688924803
2013,7,2013-07-01,289.4277799538924,260.05651582539514,0.010516689681392142,27.1763668874184,0.5767911406877054,63.78853090162767,350.9876021665268,406.9225410835478,186.77774179886205,22.555422648386873,101122.23501976415,235.60644211704707,29.09974344760855,326.9581924738976,406.9322650997064,3.8052509777290195,3.209229889772508,8.860490729437581
2013,8,2013-08-01,289.44087470197223,259.90207466425414,0.010505915171991955,26.786333360764846,0.5760228189443198,62.61485844091764,349.5846326797485,406.91187821115494,190.63426057689946,21.803449997810198,101117.6378757663,237.59858366997554,27.711667095487027,326.1677383720651,406.9266116521551,3.839518154810953,3.27103268700067,9.51618449343283
2013,9,2013-09-01,288.9015209217786,259.4222468473906,0.0102492874820592,25.951310684911554,0.5731408064676294,63.03024550695647,346.4558295346719,403.9936273193434,193.90301641384787,23.030835870990614,101114.19188405247,242.20706988239078,29.160327365239326,322.2506846426397,404.0136413213352,3.908872146643657,3.331995193462729,10.57963567197296
2013,10,2013-10-01,287.729559961616,258.6044976486291,0.009872331199368471,24.74993353923266,0.5508261244148033,64.45605438240408,340.5460441067224,397.9949825907702,198.5960941173114,27.305479582517712,101115.82627677475,248.29463530639026,33.74543064606739,315.7228926621725,398.00678145772264,4.019563424674652,3.4218474199876536,11.474397295522108
2013,11,2013-11-01,286.75199601438965,258.0362637846981,0.0096253438415016,24.089888679133296,0.5566976407091795,65.44917429125015,336.43264709878594,393.39477229061924,200.78862129485088,31.12608501596025,101115.10820637576,253.49758838181825,38.09339279665853,310.90706474435115,393.3973406120276,4.125202796759987,3.481709288950388,11.535032627932546
2013,12,2013-12-01,285.99738664285564,258.0800244288218,0.009503224143285268,23.84683281587181,0.5483567480642272,65.85111625462159,333.0807917454964,389.71224652227585,202.3650280304414,31.71553701079142,101129.66123076178,256.23927382154835,38.61292768369261,308.2027423220136,389.7065146818651,4.191861894368109,3.525517632410284,11.160736066369678
2014,1,2014-01-01,285.815108022139,258.09514974264823,0.009528366402454042,23.833911284810267,0.5484642199789198,64.84228407529896,331.94467785769103,389.22056908314767,203.43314202433373,29.479806268747062,101134.04352005186,255.5023069148317,35.750395249561336,308.00901386967877,389.201069271199,4.188676294046504,3.544329719912841,11.028036559908207
2014,2,2014-02-01,285.85813019465013,258.09495502525823,0.009629260566785187,23.91830010724429,0.5379809416350608,64.25346934569225,332.2340426273501,389.6954198694917,202.6876445575608,27.618898012571194,101147.84854280953,252.87453413199086,33.813745014522574,308.4924739471346,389.67361482066264,4.12326072550004,3.5103481692814538,11.71691631073191
2014,3,2014-03-01,286.7519134699993,258.0438374806336,0.009812609988551886,24.541031131454957,0.5422908103870471,64.21649041076004,336.2797033369171,394.02480251876295,200.83342747670852,26.743583025142943,101143.07052656784,248.4944511874795,33.18310180572667,312.29718498433914,394.0066044728714,4.028641976503791,3.456670471486174,11.997255469396308
2014,4,2014-04-01,287.7294392562681,258.37108278921363,0.009979486758287666,25.20678409502414,0.5404575370044131,64.54206795647525,340.312932930664,398.79177131707394,198.38173724809587,27.27829258180708,101133.13959295495,244.25455141527053,34.140791268019036,316.4919568093999,398.78377808142545,3.931813831829277,3.385769300728989,11.509250846133531
2014,5,2014-05-01,288.68785284174044,259.14515921462174,0.010167354544694593,25.766147288322646,0.5503112624783277,64.83546675731982,345.25184856652777,403.2193607832155,193.32614207185617,27.028918425058745,101128.07532318511,240.26976556938052,34.218428741816695,320.91484555971334,403.22346667758086,3.8577496731046863,3.2964603297702872,10.289137097402312
2014,6,2014-06-01,289.3009524673017,259.88836927953815,0.010392860162119663,26.57690775877893,0.5647279014901895,63.83295573959618,349.2641693244777,406.2657841553331,188.63314149782138,24.927261663392223,101124.84611714343,237.15512571517803,31.903565405714915,324.9424995434455,406.27793534567365,3.8174202991959727,3.2298018018713095,9.120643591095115
2014,7,2014-07-01,289.5673078216148,260.2345123552686,0.010548540315366164,27.0962012437323,0.5736728665569892,63.93214975673366,351.3802141012736,407.5976969995849,187.0163857938914,22.649836517178162,101126.93990690897,235.6417936334783,29.157919275273937,327.371833881078,407.60666593849146,3.810689737846652,3.216785714840551,8.866020959814911
2014,8,2014-08-01,289.54968104617956,259.8695884136892,0.010549605450711957,27.037109549358654,0.5696623263591412,61.49310263578482,350.2969566512545,407.77229231925855,191.1321124703246,21.78114476650193,101129.17724327059,237.3961616056804,27.688611562535907,326.9494656368403,407.78470707107834,3.840174231032096,3.282324240679581,9.507835463888108
2014,9,2014-09-01,288.9234897996266,259.3089660395979,0.010305826594324436,25.98826181051586,0.5673827781248776,62.70967837279885,346.6877290924966,404.3131484920877,193.9331295725248,23.072184175080334,101127.63378196022,242.0271391957383,29.1857579521946,322.5884247056398,404.32978871206933,3.902876917943231,3.329225740363553,10.599374316639947
2014,10,2014-10-01,287.87311640045175,258.7245496272955,0.009922666574217658,24.92125354567319,0.5509667001026929,64.09277510952055,341.606270486573,399.0549539687254,198.19597216019054,27.095374015056553,101126.54642007405,248.02884047534337,33.66694460365198,316.67079817459734,399.06591639966217,4.0119426479074,3.415464406502837,11.469337488928316
2014,11,2014-11-01,286.65342303349337,258.3531230132589,0.009656508539408996,24.229967532080924,0.5480826712494524,66.02994687257846,336.24705287875446,392.99546729987225,200.52892028900698,31.018853986623448,101132.73018093835,253.2626867025433,37.907163734063474,311.19988721339047,393.0023084395025,4.118572243271274,3.475466229875737,11.53892964240486
2014,12,2014-12-01,286.09001047319606,258.1476368256422,0.009597888355046744,24.228553812364627,0.5510594584743268,66.3625577909827,334.25297854506636,390.3260935721221,201.8236169875113,31.72443699346358,101142.89530671471,256.02839848950276,38.525758231993926,309.208482685807,390.3236326770652,4.185063171273493,3.5155820243462648,11.094696782303327
2015,1,2015-01-01,285.87690677578075,258.2782943268302,0.0095563592800436,23.88867122906502,0.5505601188258765,65.52137113033451,332.47355172381964,389.44004789031715,202.72011823926948,29.458201915850772,101137.06309998815,255.50046479183894,35.843839508699325,308.1933447376909,389.4242588555216,4.188862203073662,3.535044759776749,11.031653258911936
2015,2,2015-02-01,286.1758654257801,258.1107124953416,0.009658215705875125,24.26222937320103,0.5412875585804787,64.24423537728742,334.0076481098717,391.4328831599484,202.55902604426785,27.19181137176617,101142.80513406052,252.50917220255693,33.33121096446469,310.0418614299095,391.4135688980751,4.115225116227671,3.5097161784411934,11.543226819489817
2015,3,2015-03-01,286.8654723670797,258.2433950309472,0.00983328164425856,24.643363205504027,0.5463713765052871,64.27302424438544,337.12541512404994,394.7145255661382,199.905810494925,26.36989451528417,101143.23911772255,248.3322537458061,32.91783671067094,312.9098301010571,394.6960686952344,4.021811279373877,3.441180795555494,11.942786215595524
2015,4,2015-04-01,287.6895298504162,258.2909138261301,0.00994134253746957,24.971806702590737,0.5338992185773125,64.47287558191414,340.1493751633342,398.74083889383843,198.7736297373503,27.259199648728035,101137.04711052467,244.37755717885696,34.07963936999885,316.04891446664107,398.7265437731383,3.927905845700526,3.3895807071370254,11.464734343457252
2015,5,2015-05-01,288.71014613036715,259.0714022605428,0.010201399527147428,25.72651318326333,0.5392073896987042,63.94150998790289,344.7600264601056,403.4753451548775,195.53555323887792,27.231641230025343,101131.30897136017,240.356984385521,34.095326027347234,321.0656593873885,403.47297044702356,3.8519169805773874,3.319346628334625,10.272266395757676
2015,6,2015-06-01,289.43968668241973,259.8466233163621,0.010464290383987326,26.640216776174928,0.5558017038827324,63.68396459410418,349.728993459043,407.08720867687026,189.82680969731132,24.756245434072294,101130.9042354678,237.03397898581593,31.534565013272644,325.6662719677621,407.090355361256,3.8108393321072107,3.241348612293677,9.033366770520438
2015,7,2015-07-01,289.6715907251066,260.0837375605269,0.010634998536814039,27.309000604046897,0.5571665435147795,62.300974655222056,352.01308862063337,408.43368617364104,187.4302099509592,22.5851611864159,101132.45836005367,235.4547330582187,29.01134303164955,328.1361766956362,408.4429528280219,3.8059027705958033,3.222079425209815,8.828651566129302
2015,8,2015-08-01,289.6499211627303,260.0422646357525,0.010663746034595543,27.3902663559675,0.5671940391407694,62.318689234106934,352.0085988458601,408.3989098205226,189.71627147752778,21.487946252888644,101135.32312881037,237.05955835101554,27.47689650155115,328.10873550160403,408.41428785252236,3.833213412472216,3.2642361694103905,9.371096036344106
2015,9,2015-09-01,289.0305379044491,259.4097627513717,0.010402904627942126,26.466337015599187,0.5482050721927734,62.11896008653953,347.8740910616089,405.27181147777446,193.93350311397964,22.66540221753255,101140.76030074299,241.74025088264588,28.73601142899937,323.85329865332176,405.297329574553,3.901911860338507,3.3321845315102236,10.385825672501191
2015,10,2015-10-01,288.16937435757444,259.0242399501223,0.01011195059448453,25.535969332037503,0.5502918349406097,63.10577101351526,343.2478280345222,400.63445091306727,198.67888131740727,26.906372287719762,101137.04155090773,247.765343973523,33.37121861790785,318.70152183844743,400.65274610852623,4.024878584699771,3.435688233327048,11.385068249440403
2015,11,2015-11-01,287.0348174316078,258.46230042958274,0.00991096151777204,25.124372032389775,0.5540805378748379,65.09404472131908,338.91771074681645,394.9743437409752,200.64589074472076,30.704837193658935,101141.41947422552,252.8799861672931,37.69902616535037,313.88959699026714,394.9731331119636,4.138116943775442,3.5000534261410396,11.524914783046315
2015,12,2015-12-01,286.43903290558404,258.4635601401227,0.009809773301698469,24.84308528121963,0.5498833378584252,65.33960793398782,336.35587434747436,392.064094026154,202.05755719738423,31.06055941020308,101148.32906385405,255.6359966125531,37.902440835203,311.44419756887027,392.05351390938887,4.193007402441641,3.533201492275839,10.943734059240194
2016,1,2016-01-01,286.2644641239639,258.59963873570064,0.009787759225753388,24.645485241192855,0.5387146770215142,65.23078867134188,335.15984159773217,391.5053733114321,201.10044119616026,28.819872415817354,101149.70414726877,255.00300739943611,35.2296687563599,311.03922610633737,391.47841634987645,4.187656193349251,3.5178627090350902,10.914429085021352
2016,2,2016-02-01,286.6773161348137,258.94015899083627,0.009931862980104527,25.028185817974933,0.5565847732020203,64.54282363953824,336.81109363010574,393.43184150825937,200.78989598323918,26.865056235245703,101153.55595943432,252.25161550094435,32.91843323653717,312.88549324449633,393.40348743317105,4.12841890616553,3.4976454607358325,11.390974820668912
2016,3,2016-03-01,287.29957960149903,258.9019963797057,0.010121720076641779,25.636149905501036,0.5295742002378429,65.57886915997851,340.68394692406207,396.96673597461375,198.13138200224634,25.924300876089596,101145.45349524915,247.75535415816964,32.58464651969227,316.24822138935855,396.9436017927043,4.040290928958735,3.4413437725718476,11.784888089343497
2016,4,2016-04-01,288.14009798223873,259.13815067763704,0.010208422003262925,25.803613641876936,0.5302947422955695,64.91970254093465,343.58283328203873,400.8870201563452,196.55292575891187,26.762429801017657,101141.29661258106,243.78653288873238,33.690263049697464,319.4238305268963,400.87424822890637,3.941145605891692,3.3767532775234455,11.29612839253363
2016,5,2016-05-01,288.9528969837627,259.4445779484404,0.010313337855834888,26.304917347455504,0.5287189305111444,64.8036646056751,347.24074285003775,404.51795727474604,193.13427378956456,26.540937670903105,101133.8242344899,239.90131775819617,33.77814152175191,322.8291942225426,404.51785137140826,3.866295522329594,3.30705584516823,10.099725952188034
2016,6,2016-06-01,289.5163732657392,259.88443407938456,0.01050359758303959,26.918813850827554,0.5488394396812142,63.442925411793574,349.9676988550071,407.4631957959802,190.6837695636362,24.63763025044683,101133.75416262065,236.7785048034881,31.235889070337592,326.5593075854733,407.4668875783912,3.8203869829425483,3.262277057557058,8.96290883314926
2016,7,2016-07-01,289.8951371968969,260.38400352682754,0.010755622114516233,27.754434351593456,0.5700102323167099,62.530472874950185,353.15594312187494,409.2538874442535,188.03262058237806,22.512881055906373,101136.6311653004,235.2149018461693,28.803208820618984,329.8037671292097,409.26077950423127,3.818338784968627,3.2393429548049286,8.773520333129493
2016,8,2016-08-01,289.80091431264344,260.32972810406267,0.010740337345459003,27.504361039140612,0.5844830587518443,61.62084856006498,351.6403223451606,408.73722057043733,190.4696219924241,21.535033729151163,101135.21896316911,237.1575752441752,27.365313550443183,328.72730299391105,408.74494294876826,3.847143851200393,3.2797236868645583,9.343461986446048
2016,9,2016-09-01,289.1179392898158,259.7587307670411,0.010474734814314468,26.574529272446252,0.5577280997612318,63.22735874780341,348.9419706274677,405.16974602733615,192.51197767058767,22.53286750778576,101131.43834168359,241.69219995881676,28.661711824782724,324.4365194611007,405.17734882548285,3.9088204379845544,3.319983416869118,10.300016913347957
2016,10,2016-10-01,288.0592337684759,259.0182112718573,0.00998108626549704,24.96020560288228,0.5453953546063502,64.61503901646623,342.4874944720322,399.6629406872038,197.55313119641428,26.39232067143846,101131.48566779032,248.02704229855493,33.00042528842914,317.2963462647978,399.6703344229539,4.01721404952199,3.4118231035117588,11.174010662201729
2016,11,2016-11-01,287.0093149603054,258.49880276125697,0.009684350169712698,24.22550399773886,0.5308962713335915,65.51367133861416,337.0267844655021,394.397708075458,201.41279988347634,29.490016185854127,101134.10567403624,253.1505592055232,35.961377436715416,312.2837140617999,394.39385719746286,4.117704258943145,3.4847317711230406,11.053109339583758
2016,12,2016-12-01,286.2853606609107,258.11233439243375,0.009635611099148983,24.144185415252284,0.5374432025088244,65.35262878330153,334.44457155836886,391.21354741558935,202.57173283508567,29.914517289566067,101141.33387246933,255.72424377309483,36.21542485299674,309.77869385221953,391.2050771459293,4.179765041294582,3.5253779780520516,10.621004751099019
2017,1,2017-01-01,286.12069064493664,258.2638911357306,0.00963528127806939,24.040730383705583,0.5330657760716889,63.65121751772629,332.9763599465565,390.6427995755492,204.2837636292995,28.62547591923824,101148.97696251374,255.17419848729182,34.57449311614814,309.3244307991069,390.62390216331096,4.179860927606411,3.551231563875403,10.823323128359682
2017,2,2017-02-01,286.4858023880833,258.30150354127557,0.009809275989565434,24.589418170858945,0.5347397083339032,64.00542746283118,335.3882436561822,392.42725291291487,202.35355230648932,26.779781286245775,101146.08498215413,252.1998722389342,32.88210803308124,311.76215304896937,392.3908451053661,4.120503091118147,3.511275905237796,11.434868459570799
2017,3,2017-03-01,287.1867373529844,258.202834897712,0.009976342061170304,24.951916472345808,0.5392304522379605,63.67324125801013,338.34800704640077,396.06162633209567,201.37362302717514,26.08106156154803,101150.23744918358,248.0436952031987,32.45224180079836,314.50537764525035,396.0344428462939,4.025439116251245,3.468197773665074,11.638176652527374
2017,4,2017-04-01,287.959609121095,258.55282645827344,0.010105494197675088,25.160799428213473,0.5314302032917494,62.43154207293532,340.9340962345206,399.68029193799225,199.60116111614624,27.125543848006533,101137.74372135317,244.1638764420062,33.8497300767792,317.49124053791337,399.6669776841893,3.931501677609493,3.4042685766600482,11.273461659636629
2017,5,2017-05-01,288.92932448033963,259.3490196451607,0.010300643407896612,26.01964327618438,0.5469540984668074,63.11784475450325,346.76953812758717,404.1854397792647,193.8935074269197,27.196368941368522,101127.62517316743,240.08822710693047,34.38508427593035,322.41527845843046,404.18135982873014,3.862679514819031,3.3107666883673947,10.202103783352507
2017,6,2017-06-01,289.4989031791258,259.80610039161996,0.010502167162638937,26.77176068026709,0.5528621681276452,62.7446957212132,350.08249729251355,407.30767448453054,189.502878472703,24.705059657747817,101132.13133326451,236.9580273588633,31.655099018607473,326.15341641910703,407.31594920845936,3.8211052639473158,3.2447278666897352,8.997795846400665
2017,7,2017-07-01,289.8264730181259,260.30520352539423,0.01069337047305607,27.525047366533116,0.5730033950706227,61.95783824516651,352.1577487860385,408.83867180258477,188.48343686740506,22.541535692959854,101130.48267998581,235.37461517502106,28.745591568273085,328.9407990471404,408.8432383539064,3.8118817873881894,3.238182515490352,8.675480094501646
2017,8,2017-08-01,289.7177469113903,260.3153237185056,0.010726599210972895,27.490441556822166,0.5704471223364593,62.58499977640654,352.5932963354825,408.33826100433197,188.5975259924441,21.220879658729352,101133.56454290081,237.00598836947302,27.14657528801202,328.47932900433705,408.3455430896019,3.8399983715502346,3.2543076760384904,9.138509144768618
2017,9,2017-09-01,289.01520754552394,259.8503588374992,0.010355353027921834,26.318368902260474,0.5552518383404156,63.15091110611246,348.2287611778733,404.60039244787725,191.51559139681314,22.27746278454752,101130.4247094488,241.71564418460017,28.39957262935345,323.4170635289939,404.61582621970695,3.8967696523903936,3.2951776090147917,10.162005484648217
2017,10,2017-10-01,288.0735513451349,259.2164573309807,0.010025980833679365,25.232071965345543,0.5519117769535201,63.86617584784801,342.7142690107762,399.36472340631803,196.46566363245248,26.124975549580828,101126.91073821604,247.64895803192564,32.56500664396593,317.69714062128577,399.372857389132,3.996611870040976,3.3808108396898886,11.080615920432082
2017,11,2017-11-01,286.8820140566926,258.41913764836767,0.009680882350546087,24.228949262872767,0.5352942999958683,64.71384009743564,337.0851315641899,393.7757164989833,199.64600808810627,29.63416649964065,101125.95189479346,252.97288229501092,36.40554858920836,311.7962538000868,393.7659336253264,4.09806647213587,3.4482986560197415,11.106933361752187
2017,12,2017-12-01,286.2900573673277,258.39974434347977,0.009560131545401359,24.006028829068793,0.5353372649225417,65.77592998677956,334.2863070322597,390.8272688707143,200.8334531221399,30.123783686084117,101132.80768708832,255.80573679283447,36.54234675471418,309.49510184364016,390.81821265489816,4.169292435745223,3.4883193282355474,10.584569657286321
2018,1,2018-01-01,285.9743578585331,258.25295051349093,0.009564206239034529,23.902255725089482,0.5428703533380134,64.1652024298688,332.2750595074166,389.53505901827464,202.9157543480377,28.509916319871255,101137.55282726233,255.2343175424377,34.39762719053691,308.55921422337934,389.5107660936563,4.171227298062781,3.5237956556655416,10.604076933494513
2018,2,2018-02-01,286.29879219612036,258.142038556998,0.009725621534047074,24.557667210897147,0.5306086189039715,66.4815179950794,335.6107312921553,391.42736314529765,199.2522141115128,26.2204491875833,101141.73121084487,252.09492483911686,32.50114901119493,310.9259126771327,391.40300970872903,4.122866158811364,3.4747312596380824,11.165017381019412
2018,3,2018-03-01,286.9524682304608,258.2634176116225,0.009901832433057763,24.58409293287376,0.536548704683564,63.616066964668896,337.08862069907593,394.71010413401933,200.58056797135808,26.260830640691456,101135.30519511856,248.24748236826593,32.640010522608584,313.39127188943587,394.6914868985702,4.025941418248935,3.4547077887446758,11.766884597724255
2018,4,2018-04-01,287.9478559670004,258.4891224608186,0.010028027368646995,25.081975765785998,0.5330137176520962,62.14726264242548,340.81510840157273,399.35852885230116,199.33765599195038,27.122875804080042,101127.51612689227,244.14999524486973,33.72371789937522,317.41979303824417,399.34639678036854,3.9246280395161723,3.393608451017695,11.23527197381138
2018,5,2018-05-01,288.7698686435277,259.04715172875785,0.010198927155078743,25.707681213276,0.5392523656593217,63.287739313332565,344.91614554120804,403.3494007331663,195.23795301554034,27.380369675979914,101119.91109816318,240.23053209647816,34.2012606723973,321.22239481143174,403.34753120551,3.8563516984286594,3.3204225793507938,10.17250694692002
2018,6,2018-06-01,289.43525937278315,259.80688952248266,0.010378514769968943,26.426352494167507,0.5493513960777412,62.754188209234265,349.09173927770905,406.5618765318535,189.38659573808962,24.785152897836156,101115.78953298078,237.01110687886424,31.683447530229813,325.349945463878,406.56558138125564,3.815638905297654,3.236941658646029,9.019139352580515
2018,7,2018-07-01,289.73662797151763,260.415380993534,0.010634791593417375,27.48038314006118,0.5719554362110084,62.38095513841652,351.8894384419888,408.0481158386433,188.01560722289662,22.772537367503876,101116.28455987223,235.32803041232907,29.13354472046756,328.5962708856235,408.04587186721426,3.807059623101545,3.2279541141455814,8.84358146395052
2018,8,2018-08-01,289.5369059148171,260.12966150060083,0.010634281847356857,27.210051899877918,0.5760310464960249,61.949475283335246,351.43582998608707,407.1349724812256,188.40999782461807,21.396789393178704,101117.37879546545,237.07135867965724,27.47197063106457,327.55173728367834,407.14190396768515,3.835576691547264,3.245735146051708,9.391575370455536
2018,9,2018-09-01,288.8748131141387,259.38431510597695,0.01035901732575912,26.169629364086703,0.5487606634854643,62.215374966945454,346.96228358236857,403.9294102189637,193.69424764852457,22.87817668416002,101120.02270191607,241.8352572073696,28.88396212610819,322.95026257616615,403.93879166019457,3.8976192066447863,3.3235956965485007,10.47567270877924
2018,10,2018-10-01,288.00632990261187,258.7243466100288,0.01002674306357473,25.17969675497269,0.5387192897029447,64.1810795617491,342.5577382083071,399.5367061003473,197.3466113119785,26.84671328045371,101122.97614005071,247.75902173603276,33.32539048795038,317.7828480048126,399.53842965606026,4.010841288133191,3.4040972984772395,11.295454558218081
2018,11,2018-11-01,286.8257389627261,258.31558434149906,0.009786450682907795,24.503384437826277,0.5305544012404748,65.4551112954154,337.22974926166467,393.5250129883469,200.6630372126729,30.502518824077733,101129.54539564668,252.9811487975661,37.47744509243137,312.33902521374864,393.51635840327344,4.123310525420606,3.48547936621546,11.426747744330005
2018,12,2018-12-01,286.23973888266664,258.1098030564489,0.00966250598288478,24.317533998260576,0.5410271322176591,64.51611554432185,334.0124101161705,390.8237505063702,203.14603163037185,31.012278842942454,101136.04326022168,255.75120175385598,37.3980508916073,309.8501217772683,390.8047247641126,4.184391772753047,3.5343379797645094,10.874399046287397
2019,1,2019-01-01,285.993794486669,258.2364703078197,0.00966214174306714,24.267113952047183,0.526263432590919,65.25025270456739,333.41248637291073,390.01375343448325,201.8780528156821,28.711476279696328,101139.52733199697,255.17164575121924,34.84197592091016,309.3747948443671,389.9881265412537,4.189456561365594,3.5278086832537094,10.773624969663034
2019,2,2019-02-01,286.27673594529426,258.30320611355563,0.009807643065194068,24.48093991552459,0.524614461103164,64.08313924252398,334.28373311978163,391.4823827674422,202.65851383273775,27.125376824492587,101146.29932344527,252.45509239339097,33.18772436846389,310.95438462144756,391.447355929635,4.129552913228724,3.5187890329279585,11.509295089714922
2019,3,2019-03-01,287.1620804604881,258.3053667112874,0.009978326686276474,24.88388139398776,0.523245775195723,63.929001058465076,338.1697257340959,395.7427378101791,201.24647409504698,26.265600142871968,101137.85223342976,248.2501766731016,32.723274260323976,314.56059288957874,395.714177057173,4.034766585660148,3.471128044400995,11.848860709587438
2019,4,2019-04-01,288.0220631063439,258.81638586313585,0.010144214341516971,25.42541732402483,0.5255266698617479,63.93850487289618,342.5217859519429,399.8101629036832,197.8735986072873,26.740683214393606,101127.99958332426,244.01313686769103,33.468200980666346,318.4986228838314,399.7900397813184,3.9337337304849136,3.3862025700184817,11.208903449558697
2019,5,2019-05-01,288.81046608505955,259.18276165276177,0.010281943277313152,25.984053113053175,0.5182501915265517,63.690657990588974,346.14291825026487,403.5311230578478,193.5303298579662,26.590775979631832,101127.52300998878,240.0911145596559,33.74252976598672,322.09899135851373,403.52438254062537,3.856182485676657,3.300218808740297,10.106663614546221
2019,6,2019-06-01,289.5509501717955,260.13352547630143,0.010561581563228123,27.030027671989323,0.5557017966846628,63.094946271495445,350.8928623082787,407.1892457903999,188.88544998048224,24.424561259164683,101120.53202018037,236.74136771486164,31.27018300446117,327.0570116622604,407.18474142599985,3.809770205365543,3.2297408945305275,8.917331738993104
2019,7,2019-07-01,289.8113924669918,260.3944685882025,0.010702248016970261,27.61799830329848,0.5478283355586885,61.463266021939056,352.4064220654518,408.3620228565288,188.1340310559507,22.630798981503812,101120.55049425688,235.2769229976818,28.85896412707817,329.34097252717214,408.3626209109016,3.807393994789751,3.2322166555174285,8.745483702182318
2019,8,2019-08-01,289.6956490201794,260.2541781121437,0.010732045903135867,27.489134651968314,0.5618165168402073,61.11080467405381,351.6667762788311,407.8963792341902,190.25609224758549,21.52336923933664,101122.75596288465,237.05712424777997,27.33448264050544,328.4992550083714,407.8940739063348,3.838552169389961,3.2722554068692884,9.298109093093561
2019,9,2019-09-01,289.03493270290966,259.7411415574567,0.010412323433507975,26.46667298523324,0.5515455124283146,62.40906585877666,347.797957078061,404.56451834042576,194.41901625504863,22.91968583537704,101121.08732034653,241.67316062726746,28.740030625174818,324.2248110847847,404.5696648456352,3.906778983056853,3.341580967590454,10.391493148653662
2019,10,2019-10-01,288.09025227551075,258.7538347554276,0.010067910673834156,25.318974922332526,0.5372175858387487,62.620499883747414,342.4650439325771,399.6654877680226,199.60787752760876,26.86235913668358,101122.33774701555,247.60126453293907,33.22675433952848,318.253555129311,399.66625330063846,3.997780551631069,3.4248946767465713,11.349201332500536
2019,11,2019-11-01,286.95946550980693,258.4412368534119,0.009790074406168045,24.518615601663765,0.5327115216523777,64.66106265513395,337.5070143362505,394.12651511965885,202.2172836829766,30.729197601089428,101129.78656011066,252.88861582878502,37.377186195182475,312.9317981530915,394.11816309459147,4.105723620435276,3.489861398184258,11.457728227660237
2019,12,2019-12-01,286.4129133457852,258.39683995236413,0.009710936057317232,24.220504710317936,0.5300036587285667,64.51217928882531,335.1668541935674,391.5216636063975,202.79625289403913,31.015646371087296,101136.29868067696,255.6477395508362,37.58596485364047,310.7822130308053,391.49991644494713,4.171546963525807,3.522237538677821,10.913296978802038
2020,1,2020-01-01,286.31681037811427,258.4366403498847,0.009828927742233269,24.784002966865064,0.5322984048579403,65.14537323504604,335.98186703316213,391.06335071927975,200.86376854564247,28.70394165790406,101140.8252077549,254.70004668238784,35.05128225046982,311.2390612919942,391.0384049141795,4.167312126724487,3.502820050451275,10.637750927541486
2020,2,2020-02-01,286.62557734551604,258.72704725488103,0.009935475423944655,25.009902733263203,0.5348381632152809,63.45381367511413,337.0022754346991,392.7011019453564,200.03952443905948,26.654752932380955,101145.24379508337,251.95512207969884,32.864834300745954,312.8038927223601,392.6747611777714,4.103650243975651,3.4688492701976843,11.12300753945801
2020,3,2020-03-01,287.12472650777283,258.518523758988,0.010047588620456677,25.196372981046014,0.5146394980240282,63.289614119058925,339.4666177524373,395.6759838940122,198.7623349709194,25.89388109806806,101143.97504623063,247.86192433873634,32.41639878184928,315.0856340659736,395.65619521520733,4.0173229681706735,3.4287228678960955,11.544836087314136
2020,4,2020-04-01,288.0669719716503,258.7506943087284,0.010146327332162638,25.59020986706823,0.5229440037566401,62.736370245404906,342.7036395202924,399.9209037713815,198.06281570876365,26.910378439029635,101132.7190860464,243.9394068626019,33.74967440471713,318.80249932921157,399.9104586024696,3.9329331751782353,3.388335615269603,11.243177065976388
2020,5,2020-05-01,288.8918857033104,259.4913381847759,0.010354496224598813,26.11470499221349,0.5405649861206238,63.1610736315303,346.69852012940964,403.64735429231905,193.57653528270953,26.8763392594817,101122.58720769512,240.14560916866296,34.23490218314328,322.70541748461363,403.644705419684,3.8703416379397306,3.3127550837830513,10.212165570424078
2020,6,2020-06-01,289.54073916146797,260.0419649582367,0.01053885415431811,27.106062433078392,0.5535933787525441,62.95645968393061,351.1497524400684,406.97981839133297,188.56594125276027,24.775214882669744,101119.33396837712,236.7508068303848,31.83405698740092,327.2080042223856,406.9782653675222,3.828270071362637,3.242418413742984,9.094371775644547
2020,7,2020-07-01,289.7935783369264,260.5668517712883,0.01074548161220069,27.883991012934246,0.565363069944076,62.26334813362863,353.184762866396,408.4705649678099,187.0663643361173,22.39528898234022,101118.5778247486,235.2400464749668,28.96423505159394,329.7836324266535,408.4700370202167,3.820412600986951,3.2292650497869126,8.826176360457202
2020,8,2020-08-01,289.6264554204558,260.39150749541614,0.010742020104876139,27.578978408392192,0.5527482880032708,61.173606516969144,351.8541603660448,407.7781189707999,189.4458164826819,21.515519917374274,101122.9040414354,237.1742100323739,27.490044251014666,328.66896917942324,407.7784114139221,3.8486730710539034,3.2671323919641018,9.409469450323858
2020,9,2020-09-01,289.11275011478074,259.77153685722635,0.010440766097064657,26.654976209664056,0.5426846170962333,61.55327029889025,348.89436681775146,404.85223739419547,192.8822518612122,23.126017675958494,101118.31775793368,241.83412204932554,29.2495539161925,324.6264083443807,404.85751762267483,3.9130859490031593,3.325771101580153,10.563059128433293
2020,10,2020-10-01,288.01993671938726,259.05711917551145,0.010004008579589822,25.4125592450428,0.5306361272014922,63.20818087402565,342.9991603711717,399.1965531897862,196.55607357633053,27.384893906693655,101123.81951588216,247.97665078483416,33.987386252890936,317.9295301778249,399.2046846957783,4.021026292284039,3.4000812880079567,11.429089393633058
2020,11,2020-11-01,287.09585437539835,258.6355080779747,0.009724277340182882,24.52468884960855,0.5297259405802038,64.2169591296607,338.4944688283043,394.5890736083717,199.74213940464907,31.337913961618472,101145.24337264102,253.28834420164736,38.34432233172627,312.96678224948545,394.58480440106746,4.143935558752467,3.4878258433544373,11.528686012558694
2020,12,2020-12-01,286.220433140319,258.23325392978626,0.009578349840668804,24.18776845479096,0.5259698018843293,64.23537471500713,334.49486608958347,390.51722887544094,200.47430063499624,31.483656929045626,101159.85881402875,256.061085214291,38.39728609882865,309.43472089302253,390.50814438716714,4.204879369425444,3.5147601774893453,10.952351619852488
2021,1,2021-01-01,286.03954744177594,258.16093683986554,0.00958661754510119,24.12098758050049,0.5236948698051553,64.03690950125917,332.8647394399684,389.83483587893124,201.5912549787998,29.086961310719893,101164.70669566377,255.50616324940975,35.30459137803945,308.868293987317,389.8243253096918,4.195278590013367,3.523297506054217,10.692664126880922
2021,2,2021-02-01,286.1638201479094,258.2686977714764,0.009670928725211829,24.22456935100048,0.521154453440357,63.182038292644265,333.4444254125216,390.70431166542596,201.85155912462923,27.06423208951757,101166.63015751664,252.62840979550566,33.096186077736235,309.9140754482239,390.6892231983373,4.124448938203697,3.50192678661515,11.215000217549541
2021,3,2021-03-01,286.87336569413736,258.0619290621766,0.009782805183374594,24.49596227236693,0.515431876296313,62.06110217295205,336.58680976239685,394.52324879901806,200.94636023132603,26.22257636083453,101161.10355468115,248.46804735107457,32.557171275046784,312.66265078091317,394.5148346701713,4.02392998136829,3.4565624835429785,11.644190610649938
2021,4,2021-04-01,287.77345018132837,258.30502016663706,0.009906118762609448,24.97052114405484,0.5154132566096553,61.98578578172154,340.17622603140217,398.7935240944512,198.8965097943313,26.98540793120568,101159.83759471242,244.3572257344374,33.775469248399105,316.5288148083922,398.78575316098943,3.9270946722467475,3.389953215757469,11.294537960028823
2021,5,2021-05-01,288.7223236314554,259.0212048007141,0.010178969281016149,25.67974936248871,0.5447230501588621,62.15356063291892,345.3689501622627,403.2457002843369,194.18598070424284,27.154345074979283,101149.13135885335,240.367491645067,34.39540566715107,321.3759473488278,403.24526979091905,3.85901946512815,3.307272274953198,10.27234528698984
2021,6,2021-06-01,289.43744636679946,259.6504948632427,0.010410483091275957,26.64963597273831,0.5375700370670348,61.86455270207094,349.5438758445381,406.894909712513,190.46179682222555,25.102058245591365,101142.41560010632,237.04022435001716,32.08418947195336,326.1025649294757,406.89555316361736,3.8189386376697403,3.25620802425182,9.16921048666249
2021,7,2021-07-01,289.8697081963988,260.37063438864556,0.010713474587284022,27.738528320798324,0.5682549038758183,60.640066484516026,352.51869338270996,408.859413319935,189.23089998272619,22.92103840745798,101147.22465742375,235.3832413175334,29.21527691505343,329.7852930321509,408.8587252570351,3.807716529604977,3.2451116237203546,8.927663292081556
2021,8,2021-08-01,289.71479523964666,260.20913320119615,0.010627027443343946,27.366661176658106,0.5480154146440881,60.16454303991801,351.4645516949992,408.1985099654686,190.64133551355127,21.82494837427969,101139.7397100957,237.24492191800414,27.711815974283173,328.3878834037709,408.19953689538187,3.8371628606101718,3.2741313334986613,9.518209685274618
2021,9,2021-09-01,289.125015152547,259.63300936445074,0.010379239157681259,26.500735313847784,0.5476248029836904,61.09712174304478,348.6718321497253,404.81589381881923,193.05611367475385,23.026785360426164,101137.51344929963,241.84968462237433,29.162825725817484,324.2086785492513,404.81189833714524,3.8975403124118273,3.3165351708244524,10.57009811737653
2021,10,2021-10-01,288.1335636505554,258.9897465828821,0.01001054454818852,25.19174607835389,0.5342146381903962,61.48289753702596,342.7267343669314,399.65783993546177,197.58943793108014,26.973272186468574,101138.94456736116,248.0571545964827,33.426130815372375,317.962885308341,399.65475661449864,4.0115923350389755,3.4047334393354514,11.335804591062777
2021,11,2021-11-01,287.03290529493677,258.1776865495703,0.009718484963187224,24.34400628284438,0.5234054760988647,62.674204179353374,337.4262260029876,394.3862253131342,200.91584959658172,30.672390516728612,101139.41146793176,253.3482827639186,37.46220245453728,312.5042532156797,394.3812685789486,4.127311688572715,3.487235105285227,11.323950311318988
2021,12,2021-12-01,286.3984553720033,258.2661632808191,0.009640736748959083,24.306300606526406,0.5293172377146836,64.01487638423485,335.45752008351513,391.4209666660076,200.36046607903896,30.662906638675086,101143.32419953072,255.93769728538635,37.35749375005981,310.39750296826725,391.4140266931042,4.186253504551531,3.499263879881042,10.673990826826508
2022,1,2022-01-01,286.1526998146726,258.00761356144534,0.009617242677574793,23.94407116681873,0.5218302362541456,61.81802070822585,333.00914647300476,390.4790191081006,204.08499127524593,28.85451212588308,101151.658555918,255.41798723541245,34.841541865019835,309.3595779738227,390.45973507317956,4.176210580221788,3.543459703701512,10.58293175153699
2022,2,2022-02-01,286.41141104071437,258.0814242422256,0.009718740382288102,24.09709083231257,0.5282429137504526,60.55950279452324,333.87476776777316,391.6552443235039,203.56845931606043,26.974944037017078,101157.6241947845,252.70211142767812,32.84364758935248,310.44989506577133,391.6335342961945,4.111256599841546,3.514396883214049,11.099637958266698
2022,3,2022-03-01,287.2050739090535,258.2413691221613,0.009921064323356873,24.633037445878323,0.5274938682445502,60.58276290062907,337.309656985314,395.4552571383456,201.8629898951361,26.251993202205824,101150.26463607336,248.55022880273992,32.398664961827095,314.1218606724047,395.4447028496132,4.028478203056375,3.468713196951957,11.527854671380803
2022,4,2022-04-01,287.96409778339853,258.61570293670644,0.010042484548705197,25.12175938988436,0.5269493180002665,61.07506781261615,341.77935014996604,399.2885917606493,198.4567290557915,27.206267473743537,101148.28474326397,244.3690302852294,33.888085550658644,317.87912259856034,399.2851721088894,3.9340322652469277,3.389455435973993,11.266725936124914
2022,5,2022-05-01,288.7772515406131,259.06915547791084,0.010170679117590186,25.394997422214686,0.5299421053371457,60.48249007013487,345.26917731580545,403.17964288454095,193.9996832336668,27.26559313000426,101135.89462694549,240.62133006073665,34.57283727529826,321.0695759242068,403.1826640989132,3.861754218456951,3.304195296696096,10.289952499542737
2022,6,2022-06-01,289.58084212416907,259.7431955488151,0.010374428930004377,26.259566555123982,0.5466275152149965,60.17511845140909,349.4941923653605,407.25359087109723,191.76561567692679,25.292852566733924,101130.25568498482,237.32115042962343,31.923140904206985,325.8876963533093,407.2576355920751,3.816935289042906,3.2684414048512207,9.07874712126565
2022,7,2022-07-01,289.92496581065393,260.63080912219164,0.01073062336666007,27.789119261214523,0.5695187556297906,61.03918651524828,353.76832386468305,408.9035873383388,187.27846003885602,22.90632460251543,101138.00564830157,235.35235935980992,29.231412121909052,329.98366898011034,408.90219982905046,3.8069475050927024,3.219613983330115,8.81595673238872
2022,8,2022-08-01,289.73619344407984,260.3465560866279,0.01071949260303739,27.537896465842326,0.5548781809184262,60.7907106142458,352.86146158022393,408.18473252359996,188.96769681917849,21.6183119079778,101140.64153008805,237.14756701870377,27.641836663292892,329.0135787502332,408.1809359606459,3.8359936823005794,3.2532903675769176,9.417715306276316
2022,9,2022-09-01,289.1353703610703,259.6524932899575,0.01037287072401541,26.29305549287833,0.5405442607927626,60.45315204383698,348.6882877040482,404.9201968097343,193.35129236803402,22.81201942127316,101137.9403121817,241.9014930117013,28.918845503460833,324.1814255039711,404.9231386606252,3.901922374189677,3.3234746177579555,10.472151506850757
2022,10,2022-10-01,288.15053131526304,258.93068451904804,0.009977668305763446,25.04054115147557,0.5360168144394796,61.312850137822835,342.9061310639073,399.6330053123543,197.56709460046062,26.904738581934073,101137.72104355054,248.1233637267448,33.38841674921935,317.8467457713912,399.6350341063459,4.01717491007593,3.4083171370343504,11.316416280511495
2022,11,2022-11-01,286.845691559513,258.29525674749635,0.009644334826706987,24.102210559577408,0.5217107442519218,62.222586019474875,336.7029750372592,393.4341925951899,200.85996584959176,30.783826613858228,101137.13498037025,253.43483161699447,37.72488284568489,311.71202833063955,393.4286108708589,4.129239886601669,3.4870215769036452,11.420090828729649
2022,12,2022-12-01,286.27945015360297,257.9684606733048,0.009571482009144542,23.997419213030796,0.5314510636394502,62.366602767423394,333.9168598670475,390.61509410562877,202.67808665096666,30.768161422120134,101149.93934380903,256.0643111915093,37.26155464988933,309.5530565816094,390.59932428579214,4.17987295801975,3.521387001918713,10.693032086137165
2023,1,2023-01-01,286.0755715333103,257.8518219726375,0.009598479779296969,23.95799209218821,0.5247184386476333,61.42202599282515,332.3649739316518,389.77516550767524,203.99957836347625,28.80538492641298,101152.3123157961,255.46463684827307,34.62577962803588,309.04531388470224,389.75137509624074,4.17160171972942,3.535336603885024,10.499938709023192
2023,2,2023-02-01,286.41480714961284,258.00648084352446,0.009750310969039633,24.329411133845596,0.5279620013898949,62.1690030389943,333.99641103063715,391.6175838841671,203.82818715032158,26.99666111682195,101154.26289577798,252.63532282320986,32.761100294812096,310.8997642608108,391.5995698740039,4.1164691375118565,3.5228119939013918,11.0720807533018
2023,3,2023-03-01,287.21425224068577,258.11434768034655,0.009931574032717314,24.638348779652787,0.5088069789271349,60.69446721744883,337.8769186501436,395.78216888922105,201.74803384913992,26.14901663439547,101151.14333818348,248.3927293358708,32.34723813296174,314.484432888681,395.76203567585674,4.023512337143732,3.466219610957227,11.519467234773655
2023,4,2023-04-01,287.95510910617475,258.43623293724124,0.010067308370384864,25.315717687533304,0.5179849969451675,61.15981090216584,341.35917965068126,399.3028045422132,199.9327153251199,27.192264811473795,101154.17908927734,244.29336379296112,33.78583617794527,317.880975126631,399.28483333303365,3.925643680073824,3.403861363224913,11.248126989694455
2023,5,2023-05-01,288.9204943192784,259.2686746691005,0.010344954068304164,26.334520009064292,0.5318468625722531,62.242607283888354,346.87058334206415,403.828834472027,194.80455192413535,27.142395124073932,101148.61682168365,240.1211419899688,34.29212954139874,323.06448064554627,403.82924235989515,3.8469623901433208,3.309908870527387,10.211545118665246
2023,6,2023-06-01,289.77519092776555,259.941474130814,0.010596193302668179,26.999427796388773,0.5372539499536884,61.002175699611925,351.2157712651793,408.2137676562668,191.36562944988557,25.22911906807577,101139.28450110611,237.02107125190133,32.015193116499056,327.8967816941258,408.2206761635731,3.8161675084392193,3.267008857572741,9.092582130283958
2023,7,2023-07-01,290.25059771192093,260.7160682912708,0.010897327074708894,28.214953019770892,0.565130104207094,61.011059399482555,355.0450575667357,410.6406701802132,189.2320367033452,23.02195531929236,101142.96307535633,235.1813004173781,29.174180835131786,332.06974949471265,410.6425323060382,3.8062618299206012,3.2482491136174256,8.767325018252473
2023,8,2023-08-01,290.0677555900049,260.58439145488256,0.010900461721832266,27.91822060017404,0.5474686810211191,60.016463011401484,353.7416097425293,409.9922092280564,191.40540277252964,21.78626868976213,101145.34811675489,236.933312087381,27.444095438270782,331.10309378290634,409.99405239911147,3.8329351818101016,3.2833200955297084,9.307724000413806
2023,9,2023-09-01,289.6106027930864,260.141050796741,0.010660275614477077,27.180044179068613,0.5416330270468641,60.08821726200486,350.86218010589374,407.1377425953716,194.3912410264962,22.849746595213364,101142.03652452011,241.43358585711326,28.640222820623507,327.46732289900297,407.14374071841337,3.890352121783656,3.3294024941764695,10.34429744659446
2023,10,2023-10-01,288.4705064744246,259.48464717585966,0.010233914719055465,25.7199337580047,0.515101629911456,61.68030936686577,345.390375949991,401.4578705234417,197.0220666783424,26.668029288984584,101143.77496033302,247.53580809638072,33.090951978265394,320.6612327548293,401.4621609166883,3.9968225870035927,3.391693379197434,11.239800480728768
2023,11,2023-11-01,287.4269101475538,259.01468593338313,0.009984751811101181,25.247610168161376,0.5196998508984446,63.313077020165174,340.69301005555525,396.22660127589546,199.5848679048049,30.33888563385799,101149.57077750778,252.63805833701113,37.214113929907114,315.74539690960654,396.21892671545635,4.106134933089171,3.461592785694338,11.294956184379007
2023,12,2023-12-01,286.79573566892674,258.7811328511982,0.00987987739444954,24.9982815145866,0.5198187182170066,64.34574315501908,337.6577202068667,393.22910815749884,200.78434989077797,30.763508610422964,101152.93249961463,255.55228303824782,37.31869970852682,313.1178470553918,393.21991610777684,4.17089492974821,3.4962565864745634,10.653623759059682
2024,1,2024-01-01,286.46507051973873,258.8478224427011,0.009899657942336357,24.885942514992813,0.5199637094059494,64.57618874532858,336.18442189627524,392.09537756701764,200.6993443069636,28.696660627307207,101161.5299312766,254.94844656011728,34.89853666992214,312.1960275509651,392.07863218884665,4.169892948839373,3.4981337318548764,10.554291804683315
2024,2,2024-02-01,286.83080508435205,258.9558148291247,0.010054764471479263,25.315402866948464,0.5203915798927222,63.71494575157404,337.7374364039318,393.80097485175537,200.97670830134865,26.629610775441616,101165.54750567419,252.0079202519088,32.55605887668087,314.36465295114675,393.7783432073543,4.110881023268734,3.4863901362486693,11.024872379010079
2024,3,2024-03-01,287.3850899116668,258.96115914468277,0.010206979454503334,25.78555400736178,0.5196822144796106,63.62377410517896,341.0982267667995,396.8145262608368,198.87906418887195,25.798025994720884,101165.2314797321,247.6959402214343,32.15945350628732,317.0939846713368,396.788303191315,4.017706125394157,3.4318126069711115,11.47730370794184
2024,4,2024-04-01,288.25103309204906,259.418818603857,0.010375324085560385,26.176697986088666,0.5241357262361417,63.107267532014,344.80962555995467,400.81568006292315,196.67188465016355,26.66891224034631,101159.01187472892,243.51088402180972,33.482036370233494,320.84641359591024,400.79880784166414,3.9075256142147663,3.353002050398633,11.194503710199303
2024,5,2024-05-01,289.1056280534215,259.80708133112,0.01047361353199088,26.63537212483319,0.5303943661878524,62.59489792712844,348.39262190986136,404.8227178635235,192.98925454207625,27.20370887331588,101147.88650569382,239.82387092962205,34.436901551120926,324.3090125628009,404.82444942518936,3.837131165879843,3.2808981833029116,10.255563376820943
2024,6,2024-06-01,289.85192176726116,260.40802442263515,0.010651418274727887,27.258677348474077,0.5480248353625612,62.180401871020635,352.7578074687825,408.8504155379924,189.07870488691083,24.96854054535457,101142.74609024062,236.67709396782038,31.995015594822338,328.760262104708,408.85846798221934,3.797549121936046,3.225719456814378,9.107165955546295
2024,7,2024-07-01,290.13213088841115,260.9055921331692,0.010873643125668285,28.15511866298176,0.5627539309953316,61.682777320464865,354.56523004945143,410.1095352935164,187.95450723558878,22.79378762609861,101137.6657906865,235.17707901737913,29.07626434831133,331.48358541541825,410.112190517324,3.7952083634102456,3.219207455870062,8.785614722548328
2024,8,2024-08-01,290.0632845560308,260.74965509895634,0.010887492151939905,28.095745213801134,0.5580872816538418,60.20597390856254,353.7479928079078,409.60058537382645,190.48481011616894,21.667254918289192,101139.74067477035,236.89066793665754,27.383216037457494,331.1135338327061,409.60198112232524,3.825831796869681,3.2644380865790503,9.336724039594282
2024,9,2024-09-01,289.39588888665173,260.21368070754886,0.010620231208676379,27.1500960386299,0.5415508117105655,60.551665337211816,350.68662042209075,406.23601916900515,193.2787791034949,22.771988544339003,101145.03212817265,241.48814872487958,28.783856255504286,326.8556212623759,406.2457211183685,3.8866924788972246,3.3121320396242058,10.42058279124554
2024,10,2024-10-01,288.43009936754237,259.425375093047,0.0101917952273218,25.729371255529863,0.5275759805685443,61.964762634834564,345.03826915767337,401.1403302870826,197.22734695360955,26.837831761108355,101146.22244538792,247.66759494245068,33.205653592768776,320.347634743961,401.14280086408013,3.992311727123568,3.387125276862147,11.243268040860416
2024,11,2024-11-01,287.26593556244006,258.83590003596055,0.009898474140386476,24.87885909260856,0.5284336054276441,62.86422571391461,339.81417518568446,395.33317781267004,199.38680576981383,30.696754102595584,101143.57138598907,253.01456281362394,37.480303174744336,314.4968971050183,395.3240098805848,4.1011166125345735,3.447454711908087,11.294176925077704
2024,12,2024-12-01,286.70042626447884,258.6541264086282,0.009753354962316682,24.74528922197251,0.5258765652603011,63.78183533459935,336.47986228041214,392.3810624109623,201.48104979733688,31.054118458688343,101152.71429384565,255.71527976944512,37.69428067585689,311.89583366694205,392.3673570073244,4.163008692390341,3.4961926877576492,10.750174095355739
2025,1,2025-01-01,286.52757846743185,258.41448379800767,0.009726371239775034,24.389144476394446,0.5207049623417631,61.98966734633303,334.56112654009416,391.9513864490449,203.46212256335423,28.921502201831334,101148.34122702158,255.10477399870274,34.92693061535065,311.12000284399545,391.9290453203181,4.151156899846724,3.516161741164289,10.592957955431613
2025,2,2025-02-01,286.6677314779997,258.55815239775563,0.009872796871612003,24.751594184347972,0.5270720730456412,62.259675779847655,336.13022349996925,392.86689255809705,201.6214440268672,26.89067342436986,101156.65039707553,252.19994385854034,32.923276454023274,312.5358128624806,392.84284668385027,4.092032655434096,3.477185284206563,11.145456487347307
2025,3,2025-03-01,287.3719645804666,258.5955972246841,0.010068829975739779,25.292300479348615,0.5259103631265429,62.04851587508483,339.55856944671837,396.57323277736845,200.17272266680143,25.80394263153522,101155.84998883886,247.9352722859294,32.01108777508207,316.0329590633161,396.5658766165236,4.012048450408224,3.4386346845745055,11.379911577380646
2025,4,2025-04-01,288.22732608322707,258.97717646575506,0.010204919823643074,25.780644203501367,0.5263080821822667,62.561752079204695,344.02254396301777,400.6208689387333,196.46202069945497,26.490289492994982,101145.23012385854,243.73013993965014,33.2192832040304,319.71905406097005,400.61519751741656,3.9151882543836547,3.3546464015599926,11.020576521397453
2025,5,2025-05-01,289.0392190045822,259.4677083189993,0.010360912027164125,26.335991142180166,0.5447723444021321,61.958802985074385,347.73246890757576,404.4188275419245,192.93569230667057,26.725938516207346,101140.13547152808,239.94841055382506,33.96444611734286,323.39026943142477,404.4262113493823,3.8445835599524503,3.285431803243062,10.110536201181553
2025,6,2025-06-01,289.6996822894031,260.1904355767312,0.010512550000756044,26.843678931265067,0.5354713763898924,61.021396082223745,350.73615326304247,407.76665351985747,190.65292891335795,24.894295890169577,101130.92217035328,236.8945634852399,31.522610479853505,327.07195714084554,407.77817737043404,3.793588361903511,3.2402210409993346,9.00954726161101
2025,7,2025-07-01,289.9046457213201,260.42661400302325,0.010696919738681662,27.598521265967317,0.5305332558517997,60.295377642070115,352.53070737361804,409.29866929018704,190.1811886524122,22.753069971003068,101139.12796341027,235.44061327536073,28.728807213446775,329.296305839662,409.30382240661766,3.7964713095832168,3.252527001734738,8.65157654151029
2025,8,2025-08-01,289.83573190280003,260.3678126089605,0.010624571878738236,27.257084579080463,0.5149083534847001,59.87979545898509,351.541684567073,408.82844927853216,192.38038105302576,21.784092335729177,101135.5468645242,237.2911389385044,27.281141913788765,328.3055574610172,408.82626146725306,3.828555449634537,3.2933533648791813,9.197939725372894
2025,9,2025-09-01,289.3176090684941,259.80458946021275,0.010383600769112683,26.241499402502726,0.510589230725851,60.02278968215514,348.0171409906153,406.0425257365366,195.93240211951428,22.909640018387634,101136.11754117577,241.92308597672502,28.564750641974356,324.43051707472847,406.0499668490929,3.8937560272727043,3.3519537795888845,10.27683373560496
2025,10,2025-10-01,288.3258133512314,259.18808188607903,0.009945188181023659,24.947992204001913,0.5115962643852101,60.96485216770678,342.67929119263727,400.81869514050413,199.78597762901717,26.555203911373628,101139.62446149257,247.92795119089575,32.620844293314754,317.96883840097524,400.82951009590886,3.9835500464821507,3.4169471433952494,11.04866909077433
2025,11,2025-11-01,287.251898370468,258.4537881180008,0.009604268295076721,24.00721599028122,0.48763414316613773,62.20338938832765,336.83905091851085,395.4277006168195,203.0587701281885,30.38930286670504,101141.78073783188,253.2647830393124,36.704746395694414,312.361007146907,395.44092286637414,4.08455116400727,3.4848522250577996,11.1445951636526
2025,12,2025-12-01,286.45946546197365,258.11579022289993,0.009511199096949346,23.759239782176063,0.4860385608671478,64.5998798243669,334.05870169836595,392.1315053345414,204.46791288530875,30.880482572186317,101149.71210150993,256.0835741956253,37.14748884154635,309.3530219896363,392.13709307776253,4.1509095834982475,3.528523097804479,10.603063252328594
