date,year,month,T2m,T500,SPFH2m,PWAT,APCP,TCDC,DLWRF,ULWRF,DSWRF,USWRF,PRMSL,CSDSF,CSUSF,CSDLF,CSULF,CDUVB,DUVB,ALBDO,CRE_SW,CRE_LW,CRE_net,co2_avg,co2_trend
1979-01-01,1979,1,-0.00792663164183055,0.09711403599104029,0.0001919946945766164,0.6942860872853551,0.007622155111549841,0.4626461141545035,0.4657146544282722,0.34840901495769394,3.0529888928885525,0.5996629040165151,-3.2791067036987025,0.24571766446342258,0.3797855603125398,1.6997743697664474,0.344597144608517,-0.0010328888963789772,0.03786827205346239,0.27000413714004584,2.587393884721171,-1.2378715856874012,1.3495222990337656,4.887476765923182,5.161433059738599
1979-02-01,1979,2,-0.29240538879997796,0.19284448067308624,0.00018399199277929106,0.4369557724750548,0.0060499012475355406,1.1059499355839915,0.11116829397356165,-0.6903423827895596,1.8943812925690815,0.979834754518748,2.260025431453039,0.4417713810448942,0.8883567478563226,0.6441079890321664,-0.6967000862553874,0.009476060439661316,0.03027122766409885,0.34249092614031573,1.36113190486175,-0.5392973985244423,0.8218345063373108,4.9701636330906425,5.178587554275019
1979-03-01,1979,3,-0.0827860316510094,0.18320331101531206,0.00011951826441402062,0.46566987115936276,0.006323092065242227,1.6065146989080743,0.7320714004251978,-0.06429541068037414,1.3022934729202718,0.9543927235285408,-1.2827165897751653,0.7534113065964366,1.1724734367395389,1.0153782432248333,-0.06341926355442662,0.01082902023222727,0.02158136801590508,0.3607217299949862,0.7669628795348356,-0.2824306956736906,0.4845321838611373,4.983468998356507,5.130828676313342
1979-04-01,1979,4,-0.11257032787914556,0.1699712836116648,8.175900103978988e-05,0.03131569790854183,0.0005140676168604828,1.0531356842701949,-0.6115127121492261,-0.4000244330332021,2.4945901510191417,1.620342729396077,-4.1313582723050155,1.0259732351951818,1.7584459153203278,0.025647768274710714,-0.4003323386974289,0.009899204564408577,0.03297478462566138,0.4966141400383516,1.606720101748259,-0.637468386088138,0.9692517156601239,4.865730333609008,5.018834234679595
1979-05-01,1979,5,0.032927685063901646,0.2830633145104178,0.00016253773870528892,0.3867761564830068,0.013906728173991665,1.4322430628499907,0.670797784728157,0.0787332419662532,1.6148203300136785,0.7964650556716727,-3.9625121631169553,0.776499828772939,0.6983126198373694,1.140366412237253,0.08486796404596242,0.008442851461021944,0.018856106090102312,0.14636261532927686,0.740168065406428,-0.46343390542943586,0.2767341599769897,4.641460246241849,4.6945637043407515
1979-06-01,1979,6,0.16130570763287588,0.40683581181892436,0.00019002077603856056,0.7353151442091612,0.012954205036810891,1.6709756771733981,1.306334833298593,0.7530464406706585,1.3383805177007202,0.6206147458364498,3.2548382641217533,0.6408079530747935,0.5673501146552079,1.8661487529958651,0.7547207404209288,0.013088748675083774,0.022750189577661527,0.09504754790476469,0.6443079334446868,-0.5581396199468518,0.0861683134978346,4.449466262345396,4.287888411643102
1979-07-01,1979,7,0.10387948579077944,0.39750552820881,0.0001169264316679832,0.4808301865838158,0.006285017956342301,1.609759324884652,0.8792447249151936,0.5917764036681756,1.2508104088331438,0.5141586797342593,-0.3304966000713401,0.7766776805158523,0.5330515774281712,1.3023391740464572,0.5924265425544537,0.015862289231386096,0.02210980033428788,0.04823536154069798,0.49302562601119493,-0.4224443102449633,0.07058131576622406,4.0762600047655155,3.7731923493894612
1979-08-01,1979,8,0.1833342816484157,0.2057100254186518,0.000128847921654371,0.3733601190139697,-0.0016851272022132685,1.7825956267436487,1.3463323971401802,1.1210538654432936,0.6654135729727497,0.21048019704301263,4.3261932019124005,0.777655858409322,0.40991391412322953,1.3264902117250346,1.118800435524581,0.013136080522273538,0.013798751947967917,-0.00918417493034258,0.08719143164365395,0.017588755496451558,0.1047801871401014,4.009797935762769,3.694389397117341
1979-09-01,1979,9,0.22776013563685193,0.1773905269727546,0.00012263952349124099,0.5172288458672718,0.002715432894924555,1.349202600081394,1.3013143124838833,1.2515121048574698,0.806456054376991,-0.047404367967113864,5.752884424501835,0.6048772675251415,-0.027493006421509147,1.8517273772202323,1.2475383462252165,0.0026099789757246666,0.007490483141163629,-0.061071704029919155,0.22149014839746717,-0.554386823368626,-0.33289667497116293,4.3684422497386635,4.119203466121846
1979-10-01,1979,10,0.22381974653051517,0.29089822589380665,0.00015779058660921156,0.5809050304619576,-0.008909503940194772,1.6029279985916132,1.5811521732120024,1.4573546154384043,1.1341267300920221,-0.5387596039649654,-1.9141342202672438,0.5160865421578918,-0.619669418548575,2.187868381293809,1.4565145277006069,-0.005116647373735957,0.007705538978532961,-0.14761885183955187,0.5371303733505157,-0.6075562958195997,-0.07042592246908808,4.208853013435338,4.10025208471918
1979-11-01,1979,11,0.14658446086715948,0.13046970767070576,0.0001684963510056999,0.6792310167615461,0.007471808580904734,0.30286804907185383,0.9930206051190784,1.1169720909202223,2.761373582311678,-0.11495700264657274,4.698874623281208,0.5713283353037428,-0.42593684014560645,1.9036001037176336,1.1183638796417639,-0.012537810002021251,0.021749128349171337,-0.0067779366636420285,1.879065409508907,-0.909187709877006,0.9698776996318971,3.6821781784751266,3.748895940957766
1979-12-01,1979,12,0.34653816320345754,0.10562849141492325,0.00019905487990298603,0.6897847181697188,-0.011410946779179473,0.16495174659291845,1.7154997803472058,1.8642859062104187,3.757945477864146,-0.44944869319108355,-6.840892331845437,0.3870250040924719,-0.8769274280141903,2.7537421016155217,1.8539500203719104,-0.01598878406756319,0.0353620889291485,-0.1725293287446981,2.943441738948559,-1.0485782071068805,1.8948635318416744,3.1702485166398944,3.405689240406197
1980-01-01,1980,1,0.17104527686587123,0.1708528069809493,0.00018202289833365058,0.6747095997264052,0.006488741788238363,0.743020827692173,1.232779762437814,1.1298875654856895,2.7938951940726806,0.2690243658624317,-2.0067077256905494,0.5160789741576982,-0.022842794565906287,2.2579413934039736,1.1087344239333832,-0.004788508688426597,0.031727074692990694,0.06548538973330298,1.9859490594866394,-1.046314772518515,0.9396342869681276,5.010169426360491,5.294120330687306
1980-02-01,1980,2,0.2452473052102097,0.46642304952216496,0.00017990686623732484,0.6521374349220355,-0.0002498786611253509,0.8914698932445329,1.8197943186931496,1.3188528555153691,1.043997785270212,0.4831249789349775,-4.379636817078471,0.5667592614582612,0.49152638245605174,2.4039258322512658,1.2942122867393933,0.009704300761240976,0.018048620708379218,0.16389564352633415,0.48563992733299544,-0.6087720823340985,-0.12313215500110375,5.052856293527931,5.261274825223772
1980-03-01,1980,3,0.17982294300736146,0.2792675688168039,0.00015952902885038188,0.5819961957300892,0.007686098652964043,0.8721341335761341,1.4431232954655613,0.9964017702200438,1.4858764719160722,0.6472445063504136,-1.7657008705270298,0.5216135782598589,0.5214044357891929,1.935282940985867,0.9540418661883272,0.017812148475927218,0.031651211845622376,0.0033237830049445936,0.8384228230949806,-0.534519549552029,0.30390327354294766,4.810990953753951,4.958345227456476
1980-04-01,1980,4,0.23962709214581246,0.38237979797009936,0.00018072590603875158,0.7817459754820928,0.00520764948587207,1.3911459971141498,1.6480992907549443,1.2718597675607615,1.3368946658021628,0.823809522162416,1.6979449446847563,0.5384964145380273,0.8471900064730445,2.2980812066508722,1.2762014295060955,0.017921463542899533,0.02875892274330845,0.06588703800358697,0.8217787355748338,-0.6456402539505652,0.17613848162426804,4.653252289006431,4.8063507858226515
1980-05-01,1980,5,0.399995622449551,0.5015904387950567,0.00021548928309495126,0.8805348006150766,0.00990865687587875,1.4024410694948752,2.613677850934635,1.9411968162578475,1.3042746452925844,0.6642140151909735,-5.627884736741748,0.47009659287318395,0.6083359917612939,3.0179138850959544,1.9672952697833688,0.014909071992290267,0.02774673187045522,0.014295780047483872,0.7783000289896842,-0.37813758063585134,0.40016244835383585,4.928982201639279,4.982080255483865
1980-06-01,1980,6,0.26598539106385677,0.5480479622482973,0.00013981187283282153,0.6795803333973636,0.01169276291216981,1.4558557798263667,1.8603444142756098,1.3690647549348811,1.220210165840105,0.6150234111239377,4.227720684936154,0.6081259556014568,0.576614929341474,2.000550844166557,1.3832817248952884,0.012746488082269823,0.022105093029065263,0.04770606682811753,0.5736757284561902,-0.12598945993039012,0.4476862685257995,5.1569882177428354,5.005404962786223
1980-07-01,1980,7,0.345159602332731,0.4880030717244964,0.00010117632193264398,0.5017509810953924,0.0033560647488271173,1.9665900113742878,2.184067007956235,1.570881372248135,-0.3409116770633227,0.5075325561451309,-13.075095084334476,0.7401996987308787,0.8859485728462148,1.836241710536724,1.5815070246618628,0.01574873554277388,0.0030479461485166323,0.11285889144780481,-0.7026953590931189,0.35845094983326087,-0.3442444092598621,5.053781960162944,4.750708900532516
1980-08-01,1980,8,0.27831277677976674,0.441356963141064,9.99004254954326e-05,0.4177655830897298,0.005616988752909377,2.2761159778544364,1.8496177373809957,1.1669456181610853,-0.7595272989689674,0.3478238915854434,-2.0260711676924386,0.736137450001294,0.5809729881749602,1.5800366304547966,1.1707741913111414,0.011553323881389282,-0.00920703272220355,0.07199101983726668,-1.2625156523807175,0.2734096800762733,-0.9891059723044449,4.967319891160216,4.641905948260423
1980-09-01,1980,9,0.21522724205171406,0.4168807380655313,6.604891388510217e-05,0.2667954263065342,0.0030067336588088384,0.7064573683708368,0.6754830500712732,0.9345706903122846,1.6048681613915305,0.3128764866043753,-2.119530072370701,0.8205721842558206,0.2179284882966538,1.2779900151279087,0.9428434132836563,0.008667623013788074,0.018683904835095383,0.06590287919426248,0.6893479788279586,-0.594234242085288,0.09511373674266643,4.505964205136117,4.256720017264925
1980-10-01,1980,10,0.12398217273785361,0.12236060932968851,7.485327349127362e-05,0.4852983379517215,0.004260725416944857,1.184673140513178,0.9591445322523584,0.6966677395926961,0.9485608219917752,0.00877125162754766,2.395147286890747,0.6978950198215387,-0.051156965036080575,1.247747325832071,0.7073063870443541,0.0028549796823060802,0.009491370965726664,-0.056246976153644324,0.19073758550660713,-0.27796414612805065,-0.08722656062145129,3.776374968832741,3.6677686358623234
1980-11-01,1980,11,0.18519682137883098,0.14287387786090522,0.00010182963958676214,0.39677466838969555,0.0001722749034767622,0.3099765956114151,0.4106226821964478,1.1261198745835157,3.378131783285964,0.16482672702713427,-3.059520433933761,0.6543147505326974,-0.23750568402308295,1.626877130840545,1.1182785202898335,-0.0020659817161291505,0.035618511613739086,-0.05332484028603148,2.3214846217030622,-1.224095802937772,1.0973888187652898,3.3597001338725434,3.4364124921008568
1980-12-01,1980,12,0.16501778339743434,0.03423016291207637,0.00011363265525684738,0.404190254203298,-0.007785123241238586,-0.3094609643833999,0.15437974960346157,1.016379596467919,4.522139314824546,0.06365763140049957,-5.616830894282826,0.6111782754685211,-0.5270711048118187,1.4983172567659575,0.9860266005261844,-0.008522964312927744,0.047472203966990235,-0.1153173252931347,3.320232303143708,-1.3742905031042867,1.9459418000394177,3.027770472037311,3.253205791549256
1981-01-01,1981,1,0.490879758581368,0.2724224558495588,0.00014694972896641312,0.5572462517694432,0.013302377868997604,0.37521162594114266,1.85302941531237,2.198712850660129,2.631587027188334,0.05488846383592308,-6.768200576807788,0.49189858518633456,-0.2858785492655453,2.709407263143588,2.1730511241554886,-0.007737200933754389,0.02390125627896037,-0.07462466609052154,1.7989214289005688,-0.8820395743359075,0.9168818545646643,4.727691381757921,5.011636881830427
1981-02-01,1981,2,0.3486475324647852,0.4524672486761785,0.00018758519519738748,0.8174179300949913,0.01935112018889307,1.6247944951023698,2.622900771956482,1.3613934156275829,-0.4286831823890911,-0.11650289427057059,-4.7747774442444575,0.23114495576473165,-0.06714558996890414,2.6212154834669383,1.3505088425006126,0.005659085903965258,-0.00029952415362900775,-0.08216161067607017,-0.6104708338521754,-0.009199284637436689,-0.6196701184896126,4.650378248925364,4.84879137636684
1981-03-01,1981,3,0.3912911119727827,0.36206226906148387,0.00020075999559061717,0.7318158826607841,0.004628560011411185,0.9615616077463645,2.1248526805907084,1.6488055347663533,0.8906446739836043,0.017218580553556018,-14.850798098556345,0.27018038879342904,-0.052836443977442644,2.897827385840698,1.6501286491518845,0.003756908019439474,0.013322981258876113,-0.06723709458475977,0.5504092606591859,-0.7716515908644648,-0.22124233020528294,4.703683614191242,4.861032498405166
1981-04-01,1981,4,0.27038335006626757,0.22321911262277205,0.0001597776020817871,0.48606920160128997,0.00038878647848800477,0.5918456176798585,1.1970665064080181,1.2094884897205505,1.6351448165299471,0.3971141682487048,4.93404603472175,0.4549490167909827,0.2424843771756087,1.9832906945651678,1.237189982736925,0.00421304376925432,0.02150683532748983,-0.029800380772761537,1.0255660086658847,-0.7585226951407498,0.26704331352513777,4.445944949443756,4.599038056771391
1981-05-01,1981,5,0.2559881298914303,0.4073416517741725,0.00011806770304588742,0.5014518575922293,0.009022738004434164,0.6515249336854363,1.1981601061589457,1.153012693386536,1.9726825096113105,0.40144373274131195,-1.492891517660939,0.5373060700946612,0.17076978394024303,1.8252827555009858,1.1850369277720751,0.008548473592995137,0.027236457909634068,-0.036818056917082134,1.2047024907155541,-0.5950984149565537,0.6096040757590016,4.031674862076606,4.084767526432607
1981-06-01,1981,6,0.31365840387018135,0.27300518207745117,0.0001062170186912562,0.3580206735105693,0.004988010354562464,0.8593333108855425,1.1239356560675762,1.5228457322317737,2.286072256331785,0.31014623088601423,-10.650118711958676,0.6212507303861947,0.15328910080573477,1.5442193407148954,1.5458615166206475,0.01156915760823905,0.03465062753008918,-0.03084778273641435,1.5079643958652666,-0.39726790025829195,1.1106964956069707,3.90968087818014,3.748092233734951
1981-07-01,1981,7,0.22215252709888406,0.47643842857564156,0.00011105380890857848,0.44853592417292454,0.013111626404269376,1.8050154684968365,1.3617537053077058,0.8848685370811462,0.09822943620266944,0.4586348238368723,-14.757970554241467,0.6425918028816374,0.7351358784045057,1.4444282928990346,0.9059008179845145,0.015313189898850776,0.007298503307363778,0.10998822225551602,-0.2678613121113289,-0.061642306687938575,-0.32950361879927503,3.9564746206002823,3.653396171481269
1981-08-01,1981,8,0.2989907750304818,0.4244230363550012,3.757034486966761e-05,-0.06446504627137828,0.008080302181675127,0.7628965643415668,0.1290907773388974,1.2191231609998507,1.9578510048870583,0.4144739591250024,-17.13181658318469,0.9714310467253946,0.45312291634989,0.9326466399404159,1.2360692960566673,0.013031470639837672,0.023960432649926117,0.05448183976175445,1.025068915386564,-0.7866097275446837,0.2384591878418797,3.9400125515974906,3.62459321920916
1981-09-01,1981,9,0.2273340525439379,0.24903821346136645,8.320797857733821e-05,0.12144524085705077,0.011003076679375386,-0.0007719131276608948,-0.5836518173510217,0.8496520898141311,3.575301544339137,0.35843249607762373,-14.344702220382015,0.8898914965014837,0.13270676036594062,0.9760772532042945,0.8535590720308168,0.00570376723663046,0.039478005390000875,0.015141487393077647,2.459684312125976,-1.5558220883386582,0.9038622237873174,3.5386568655734507,3.289407288213667
1981-10-01,1981,10,0.08903260067432545,0.107974106967336,3.979182220250997e-05,0.0911212497315681,0.011969389870895356,0.19008996801310074,-0.8145440390744758,0.4170020626459925,3.075939527844399,0.24186248629046966,-3.288915436163026,0.9216668908029572,-0.008251531557672016,0.4916350606094766,0.41911112451634325,-0.0051646602666706,0.0229488941232871,-0.028697880178286346,1.9041586191933058,-1.3040700378135976,0.600088581379704,3.139067629270059,3.0304559068110564
1981-11-01,1981,11,-0.0016531195295463874,0.11162337343491091,3.0103455606897498e-05,0.13417150320805482,0.008323796711324636,0.7620738185496947,-0.3347291511338466,-0.1783458684123691,0.8186703520913321,0.08280724159064085,0.1465925288374092,0.8788479749080423,0.016580477901534448,0.2855006842707941,-0.1821044254394959,-0.008080356887639181,-0.00979284156635795,0.03848385664391554,-0.12640438650581443,-0.6239883924317602,-0.750392778937575,2.7123927943098707,2.7890997630495917
1981-12-01,1981,12,0.16971850065712574,0.12963638010592038,5.8001743823482695e-05,0.3861178508153513,0.005447033584980762,0.3737838263746478,0.12046345447489415,0.7026585287217777,1.5712100046481852,0.18423234450121187,-10.486824423897971,0.6729780516138943,-0.09648837343252395,1.152768745855215,0.7042303027224428,-0.0060165419310918775,0.005321699412730398,0.08325443927790944,0.6175112351005463,-1.0307335173797123,-0.41322228227917,2.240463132474652,2.4758930624980025
1982-01-01,1982,1,-0.20943000129505396,-0.015327629710372603,1.667099263944822e-05,0.13202404363311793,0.009358534751464712,0.5338270610258142,-0.8222024401030961,-0.4962822271651084,1.7803703579643066,0.32549431197973944,-4.535300662382843,0.7460472640215801,0.2920021193524824,0.014141610329390986,-0.4945221462195031,0.004790769969317078,0.018246755338671962,0.2753714275201595,1.0008309013155072,-0.8345839694869346,0.16624693182857575,4.020384042195246,4.314324152779157
1982-02-01,1982,2,-0.1431418078503408,0.09588276351089653,4.704798605022209e-05,0.37187627463920747,0.01086210702274397,2.1234232639930397,0.4007402834216518,-0.7378928034531531,0.10305944210708651,0.6887956566933872,-2.1999625604249458,0.5615814845684858,0.8576572446880742,0.4172403367384456,-0.7353143664914452,0.006570059369480106,0.0009822054878660808,0.37536625776127214,-0.2896604544667276,-0.013921616355099697,-0.30358207082182087,3.9630709093626706,4.161478647315619
1982-03-01,1982,3,-0.34776208631181504,0.09419602051554488,3.4891671396252615e-05,0.29968187363312815,0.012432258326403947,2.323611758656097,0.005024718710882947,-1.5173627269170114,-1.4614941415106502,0.7833303449662017,3.1959118834546203,0.5246703303546281,1.09016597812558,-0.24865422824583838,-1.5185332806205605,0.002390873851692881,-0.023747360995675412,0.35110897027598603,-1.6793288387059229,0.2525083932531653,-1.426820445452758,3.6663762746285826,3.793719769353892
1982-04-01,1982,4,-0.18732263355014273,0.14080357304989766,-1.2280677108177616e-05,0.19908615419580888,0.002362209494469955,1.8119989400896106,0.004214059464053843,-0.7340047870688013,-1.1489981123231365,0.41676353323789694,-5.1519460804184805,-0.5578258849473755,0.7205626893199694,-0.13062312942453413,-0.7324755484856538,-0.022534026366327526,-0.026714245195874217,0.21975339012879325,-0.28737307129365086,0.13636642747176064,-0.1510066438218871,3.3986376098810496,3.541725327720158
1982-05-01,1982,5,-0.048535927183260164,0.1894510969362968,4.430035780812218e-05,0.270457544709217,0.0005615765988727876,1.13619710136446,-0.06918713075723915,-0.3116678165473463,-0.4722620913661375,0.5745189427292368,-13.59504729299997,-1.818324796512458,0.22461538569856043,0.5474946919699692,-0.31782694525830757,-0.05098546265955528,-0.030768972508361705,0.0662441062924469,0.9961591481156429,-0.622840951438226,0.37331819667741983,3.084367522513922,3.1374547973813307
1982-06-01,1982,6,-0.021853547253926353,0.23232527363826705,3.465005097559213e-05,0.19679468272076406,0.012143885360709284,1.5170369080102382,0.41471007610411315,-0.27367835602596413,-0.8761542488907186,0.21375974534547598,-30.12223525688665,-2.2433243827754024,0.023901322330048366,0.3027181061332933,-0.27857778241994824,-0.06417863313404415,-0.039096498379615936,-0.03459188373825693,1.1773117108692475,0.10709254357698517,1.2844042544462395,2.882373538617472,2.7207795046836907
1982-07-01,1982,7,0.033877739489720615,0.036448848812821844,-5.283137815985617e-06,0.11012032523746251,0.008391064352674203,0.7793671001128049,-0.5229289432459199,-0.18454247352839337,-0.717837104028618,0.1596766366887418,-36.13566650229954,-2.9395990953373072,-0.05685199081783476,0.07248094674090044,-0.1854803345826137,-0.07905755114157717,-0.04549531072023764,-0.039544871871931016,2.0052333638020965,-0.5963477510410189,1.4088856127610705,2.5891672810375823,2.3060834424300154
1982-08-01,1982,8,-0.07509101519582057,0.1508773375333693,2.3032458169203402e-05,0.3172980774243632,0.00590880773616748,2.17891720406798,0.3500982194314064,-0.6830928383398067,-2.91285526329277,-0.19024857682415874,-22.55619751835821,-3.1910171477260243,-0.22103364899560254,0.1889883218918591,-0.6872430541433725,-0.07992276858026025,-0.07205344708046899,-0.12052731008386339,0.24737681226182717,0.15695968173599972,0.40433649399782623,2.0827052120348384,1.7672804901578587
1982-09-01,1982,9,-0.037252400021504484,-0.08771294775349314,-1.0935118527257565e-06,0.029833339327803188,-0.005756702872247024,1.3468588531294454,-0.10481138272085477,-0.2583668915342461,-1.9445622049122315,-0.492330415551928,-21.44316418593004,-3.166235115868401,-0.6199697553941967,-0.02382409830279375,-0.262725999469005,-0.08001325873125785,-0.05885671402506812,-0.21959525382727835,1.0940335711138995,-0.08534639235284014,1.0086871787610516,1.8413495260107666,1.5820945591624067
1982-10-01,1982,10,-0.08075401584365977,-0.32269694224543666,-2.9931706334455845e-05,-0.1620366924634946,0.005732124199305619,0.853268368039541,-1.2137900488005648,-0.301741501575318,0.2958237364547114,-0.6517405681756674,-13.91559566126576,-3.1528344636333125,-0.9780140388643173,-0.3684273710442225,-0.2985554064332614,-0.08209792768789101,-0.031949766783307576,-0.16025565711955575,3.1223847293993794,-0.842176582614282,2.2802081467850934,1.7917602897073976,1.6931431777597936
1982-11-01,1982,11,-0.09737141367524765,-0.10583297684352488,5.010854810283286e-05,0.2258918933001406,0.007153878476880551,0.7603019152926307,-0.7267843160180494,-0.4926516272990562,-0.38437180740643484,-0.7323660542348545,-11.959173764360381,-3.2892585345604917,-1.1558984283165201,0.2284691172893183,-0.4853569416455441,-0.08354299006537044,-0.042763827361468325,-0.19306707024419237,2.481354353072386,-0.9479587476538482,1.5333956054185374,1.6050854547471616,1.6717870339983065
1982-12-01,1982,12,0.09760885549276194,-0.05475356733722703,5.699762063071786e-05,0.21475230370306408,0.009398784047840359,0.028691353189274516,-0.050965288991660085,0.6010058119193322,1.4318069136259848,-0.6908645416266446,-17.100416321095427,-3.0539303050749202,-1.3115202108857642,0.8971521472208424,0.6105242423033437,-0.07873066600313355,-0.014382028329050688,-0.21897566643674155,3.8650815494417765,-0.9385990058285438,2.9264825436132256,1.3831557929119427,1.6085803334467101
1983-01-01,1983,1,0.12234171901222995,0.29745012608789645,0.0001002010546344832,0.3321499192596904,0.015055013508823984,0.7438134150162177,0.5723575874821702,0.7594371654912115,-0.4645997485524509,-0.15172462020716115,-15.949662914634125,-2.806204967976706,-0.5039360685198424,1.1242005500657561,0.7649523601022867,-0.06581707836779155,-0.034257177913791306,0.005914101615870124,1.9893937711115899,-0.5463277679725598,1.443066003139033,3.1430767026325555,3.3970114237278537
1983-02-01,1983,2,0.137455887577485,-0.07192611637017887,0.00014761309575335704,0.5643498985453645,0.010492387251990832,0.1350752116407481,0.6163063462115366,0.8803565244041627,-0.010828439412712054,0.319130862080123,-12.57831372365838,-2.7360898354148273,0.00809761919881691,1.8277873122150834,0.8814630034669635,-0.04814882865272325,-0.015064513907455904,0.17090547028243178,2.414228153120815,-1.2103744869407564,1.203853666180065,2.8657635698000092,3.074165918264299
1983-03-01,1983,3,0.056908508269031266,0.43525005569757447,0.0001075825195777874,0.44932274010224527,-0.004398072436907326,0.758859307909673,0.9423218969707037,0.25440034332726724,-1.5046533906914084,0.45434558174795037,3.377237248663837,-2.5922275543687197,0.29634749715329445,1.3564419227691835,0.250535117977998,-0.038338789642053284,-0.02724079103580289,0.17968050210561548,0.9295760790826257,-0.4179852511477561,0.5115908279348657,2.589068935065903,2.7664070403026315
1983-04-01,1983,4,-0.005944409022185071,0.31429308536663614,4.092052644035811e-05,0.15903328118104043,0.006294239275571288,1.1535316272805605,0.3866402100175481,0.09100729683341013,-1.451279707697075,0.22634586715626803,-4.438405231606197,-2.3094119196502763,0.17026511514019546,0.6484745822826921,0.08315146182932542,-0.03613672351087038,-0.026489518517465213,0.10098644346846368,0.8020514599371522,-0.2696902072692069,0.5323612526679518,2.501330270318377,2.6844125986688567
1983-05-01,1983,5,0.20892282121249928,0.5016574392560691,0.00013771740053545697,0.44764913940617457,0.012457119329343933,1.568628702881571,1.632658522720091,0.7719094656569729,-1.393365346089995,0.24449035069989705,-23.263001581202694,-2.3092773491772993,-0.1625356186152055,1.6944778102866414,0.7640312770336297,-0.03762904765760454,-0.025384247715828548,-0.05899506040950006,0.508886033772161,-0.06969747618994648,0.4391885575822157,2.667060182951211,2.730142068330075
1983-06-01,1983,6,0.11961266603675424,0.18360555060680295,9.558516177752809e-05,0.3581230042460004,0.006816683494357937,1.2893829575462443,0.8212507988748365,0.6186330033443348,-0.5642653240370685,0.16469417143957316,-14.010595618278597,-2.107934531311821,-0.17022263652995342,1.0267353031544797,0.6158124113566914,-0.03720229359870596,-0.018792513371596826,-0.08397474875995696,1.2087523993052174,-0.2083050962671371,1.0004473030380798,3.005066199054781,2.823466775632369
1983-07-01,1983,7,0.037732491275455304,0.4124728385504578,8.090527859804959e-05,0.42610228133079087,0.007820224018209377,2.2016873827835033,1.4237494240501767,0.22361694699661916,-2.2110957558668334,-0.04718415174934698,-11.988215931363616,-1.8338421085025347,-0.0021562297676205513,1.044995353582614,0.22348171704215103,-0.02809693377056407,-0.0335476275640865,-0.06363879975231564,-0.3322257253825811,0.37861884051311967,0.04639311513052391,3.0918599414748797,2.708770713378705
1983-08-01,1983,8,0.1615753538596746,0.4612219955461254,8.052696561483829e-05,0.47428678779302547,0.0032557102383457947,1.7330583308503718,1.4822560511440197,0.5479043692636187,-1.418962929352856,-0.15510989164971,-18.734443269979916,-1.4885446617845017,-0.09829027419846842,1.1940554115913562,0.540509046506489,-0.02232001810749592,-0.021169941129644182,-0.11421526997304257,0.12640134988291774,0.280805316795548,0.4072066666784688,2.7053978724721475,2.32996776110663
1983-09-01,1983,9,0.1855235475438448,0.1856686138382584,6.852317858820842e-05,0.18618725627378518,0.007446375995679723,0.5295598771437251,0.4165868111728148,0.6888937584975074,0.11870330502392967,-0.18988566002173182,-26.51404975335909,-1.056362699237371,-0.32744112572477474,0.9152803799838747,0.685892005352005,-0.02048595706217268,-0.00637533069662935,-0.10513255294301249,1.0375105385583094,-0.5016953219565872,0.5358152166017182,2.3240421864480325,2.09478183011111
1983-10-01,1983,10,-0.06855708665646554,0.06826257965441163,1.0712777999679696e-05,0.014718986591810257,-0.0012575170872894184,0.3047761815232226,-0.9697956188355419,-0.4322010699408676,0.6545543444548152,-0.4280520128447614,-10.951179896303707,-0.6967598383690241,-0.6318095847170813,-0.3231492169592083,-0.4305257816092902,-0.024304820865166114,-0.006687314508054432,-0.10045564200775493,1.1475566109515039,-0.6449711135447527,0.5025854974067471,2.044452950144702,1.9858304487084695
1983-11-01,1983,11,0.0033997989980855126,-0.05079818369566724,-3.789594038613179e-05,-0.0656552332712359,0.0039228396685876896,-0.12014047083276269,-0.6423639439556861,0.12092568668764203,1.3288418206287167,-0.23186971873257053,-15.10596844832767,-0.42188448805129825,-0.5426277275671394,0.12571447596823715,0.12643040674076644,-0.020326437744423283,0.0005980029363854625,-0.024277864670816808,1.4399682998454693,-0.7625736998707915,0.677394599974681,1.5977781151844752,1.7044743049470483
1983-12-01,1983,12,-0.1226622634416189,-0.2912155962765094,-3.91918411696466e-05,-0.1285365246435155,0.0032248093105567456,-0.9367122170629161,-1.8294912171076474,-0.466343179713975,3.5740377984645697,0.2147758390171014,-12.122408276559003,-0.1845028492128585,-0.25388285893929013,-0.4422540535833459,-0.4605608381312176,-0.013207731012295151,0.034015484520041196,0.14328502135597465,3.2898819497210283,-1.3814548219416043,1.9084271277794198,1.2158484533492881,1.4512676043954542
1984-01-01,1984,1,-0.11425653267914959,-0.28257065386382374,-3.256024926968031e-05,-0.14171940325113486,-0.006136099363720584,-0.22483586197668703,-1.262000503207482,-0.5879311529242057,2.9928681691986974,0.5076297129457047,1.1814983750504289,-0.10814528971471211,0.12978736994845075,-0.5235703708884278,-0.582911092941262,-0.009406548481249041,0.032858262396910407,0.1943309171265977,2.7231711159161893,-0.7334100723361601,1.9897610435800217,3.2057693630698623,3.459698694676625
1984-02-01,1984,2,-0.2527271040996689,-0.08505538739737162,-4.6676207275006944e-05,-0.06136564371856079,0.0052322257394902295,0.5707154284935672,-1.1149848465575176,-0.9423931177738307,1.1933928563069673,0.988038889175116,-0.6770700371112638,-0.015289024905855982,0.8398694618686676,-0.7690970952325458,-0.9387699462757013,5.116014971635538e-05,0.016101092306739714,0.3338228765952554,1.0605124539063804,-0.3422645798268563,0.7182478740795306,3.0584562302373115,3.2968531892130386
1984-03-01,1984,3,-0.07489278994317083,0.03581089826904771,-1.794700138695038e-05,-0.02821142243415753,0.005233546050940001,1.5389424126689857,0.1285726925303976,-0.4472276921928642,-0.11813414297092506,1.0464051949518163,-14.109997211263897,-0.14594414663171085,1.3293025243205465,0.024912881592355163,-0.4542514593202973,0.010807182551574642,0.009794237601120068,0.3652191799609539,0.3107073330295038,0.09663604381060309,0.4073433768401029,2.6165908904632857,2.7739235914457723
1984-04-01,1984,4,-0.15166864741598818,-0.06916718946394157,-8.146378744579888e-06,-0.027266613825485786,0.0039265354722275644,0.45489949370542115,-0.51144680035569,-0.767458545686539,0.2479750428324703,0.8948603471369763,-13.693140050545978,-0.0791245337456775,0.9863317626776328,-0.4312997284734226,-0.7733985628953031,0.0007842901037748914,0.0038491273805973253,0.19454712586937742,0.418570992118831,-0.0860870890910066,0.33248390302783476,2.2888522257158073,2.411929149811968
1984-05-01,1984,5,0.1975182712300202,0.182053038607232,3.028420461861968e-05,0.17193240513143448,0.010061965559701767,0.4496886006055991,0.6150931215954563,0.5338845252978752,0.6895288375420805,0.14359021156795676,-22.0685313248537,-0.2000508215093323,-0.11052973448984368,1.0314635506387964,0.5254868527356715,-0.002961769288490443,0.008319360489778237,-0.09175633529082458,0.6354597129935575,-0.42476810160559686,0.21069161138796189,2.2645821383486364,2.317658619473143
1984-06-01,1984,6,-0.10314461111382989,0.10761886433089674,-2.715793900061119e-05,0.00293544126221168,0.004600840709411139,0.3318894098972489,-0.9060814436689375,-0.7762350597717447,0.6048787624056142,0.21462044983932244,-10.696991391185744,0.02346133097816639,0.04631485495930288,-0.45702839736135026,-0.7843818707932222,0.003964235153849485,0.009887700420707933,-0.04550361040494194,0.4131118365474231,-0.45719985732891144,-0.04408802078149232,2.1825881544521906,2.0209833267755073
1984-07-01,1984,7,-0.11069493308431788,-0.01980276466675801,-5.814963878328773e-05,-0.2905415029753933,-0.006494791173347158,1.4207430966296832,-0.5536907835244467,-0.7200514133191653,0.5893660561873446,0.12903089614137875,-21.584687268688402,0.31176360814428805,0.18666115750788306,-0.9857938198018128,-0.7290183966191381,0.009059191098873685,0.015951389206588062,0.006209154800837651,0.3352327094095593,0.42313605297741474,0.75836876238697,2.2593818968723056,1.936287264521816
1984-08-01,1984,8,-0.024054410492275857,-0.036359891889399476,-8.01616920715004e-05,-0.3415430056725587,-0.006380785110545644,0.38507061300787804,-1.1712146743966727,-0.40808339881302147,2.1728177731691285,0.3273882948832304,-13.340565664290304,0.5808017781305738,0.25069266705783877,-0.8534721111599173,-0.41576984810204376,0.009444871176385514,0.032869552467928775,0.012306923723922242,1.515320367213215,-0.3254290125257667,1.1898913546874548,2.402919827869539,2.097484312249705
1984-09-01,1984,9,-0.03390659956450226,-0.5051435469386514,-0.00011124912644742906,-0.4822446055792503,-0.013568878258446703,-0.17337112803184018,-1.937614679178422,-0.2213373292517038,3.409502480969876,0.06853172190083842,-10.903659651086315,0.6757392551560106,-0.029902224655830402,-1.1640207306060417,-0.22687244383324345,0.004452671322155016,0.04469237620971228,-0.048106281306539496,2.6353292792572094,-0.779129063153944,1.8562002161032614,2.031564141845479,1.832298381254212
1984-10-01,1984,10,-0.06697000525226171,-0.12706867031359004,-5.169255135275793e-05,-0.14382943439990226,0.003103345452567817,0.8248858987095442,-0.9594614324633861,-0.5475563712666749,1.4052657915127509,-0.13613787745033606,-2.9510013514631264,0.6145395900032515,-0.22761069614306842,-0.5632171167677802,-0.5415871355716055,0.003660607837490719,0.014455390972619199,-0.06669306768913877,0.6992533828167726,-0.3902750800005327,0.3089783028162323,1.3919749055421278,1.3133469998516034
1984-11-01,1984,11,-0.2366680321037321,-0.3021009506484239,-6.661448696316957e-05,-0.24148871088765278,-0.0008503858269121659,-0.6456545575882853,-2.458951644854131,-1.103645355151088,3.9989263624133464,0.43541921480635004,-4.755824734727281,0.741974435409832,0.026281695836724413,-1.092698290129313,-1.1002179387801356,0.006249291765267718,0.04908224634399214,0.11572406004708981,2.84781440803388,-1.3628259383538577,1.484988469680022,1.0353000705819326,1.0819908560901368
1984-12-01,1984,12,-0.34257969212340755,-0.27252045628116006,-6.731686113168613e-05,-0.24751406468339976,-0.005995668596083855,0.8557446992993163,-1.5121050342270999,-1.3473775405977928,1.974880516085571,-0.0392218014188388,4.96040457655513,0.6395153073356986,-0.22389920966939827,-1.4104663481073185,-1.3481618566384743,0.0055717535748825535,0.027133437856418377,0.08934674433868606,1.1506878004992933,-0.10242300216051947,1.0482647983387698,0.8333704087467027,1.0187841555385972
1985-01-01,1985,1,-0.041113115022773705,-0.2748200493347257,-7.90905259100191e-05,-0.21351662983651865,-0.016606856710083186,0.21345124933988835,-1.236091147876948,-0.1400771188755181,3.0785049574827577,0.45632474808928114,-12.41036374530932,0.4003395602558124,0.19239780018758085,-0.34701191985497726,-0.13622257263371784,0.007698669001757481,0.04448917699811651,0.3027530761669876,2.414238449325208,-0.8852246817802203,1.5290137675449906,2.3432913184673154,2.5672152458197317
1985-02-01,1985,2,-0.4963971475885659,-0.3083385768128352,-0.00012166499920544484,-0.45783464113042494,-0.014302789527689649,0.16854371575222382,-2.512913931140579,-2.189186492268035,1.9271535073617732,1.0868452077887354,1.748177625589719,0.6982590129089997,0.944842537803736,-2.2585689450465622,-2.187686008045622,0.0119098936842233,0.030774231770971563,0.4021342933442948,1.0868918244677404,-0.25284450187161434,0.8340473225961292,2.145978185634746,2.364369740356125
1985-03-01,1985,3,-0.2519135515924484,-0.2640716489085658,-3.778800171381618e-05,0.02333739730280071,-0.004106072157311428,1.4051057658878459,-0.48860557434004637,-1.2816857166863902,-0.23590789779401322,1.2577855041304922,0.2970148679839215,0.358972012929802,1.5095223822573647,-0.8011383078341785,-1.2795357048994,0.02333332649727672,0.013104336286339766,0.45440410486585275,-0.34314303259695134,0.3146827452811153,-0.028460287315836497,2.4092835509006107,2.5966108623944777
1985-04-01,1985,4,-0.25353105318039915,-0.11026458057363964,-6.450089551674555e-05,-0.034173700894999604,-0.00560353721698453,1.0877420743290322,-0.717216474467345,-1.5414653559309661,-0.2868775633184475,0.9833435402929921,-7.440274785114783,0.3146179444364087,1.0794271483910642,-0.9613702722583213,-1.5467518929758182,0.019087418735610494,0.00973143238044221,0.24172291821579459,-0.5054118996567432,0.23886726074614573,-0.26654463891059094,2.1515448861531254,2.2946164207606756
1985-05-01,1985,5,-0.12758372634660736,-0.15838843383308254,-6.911111190884559e-05,-0.12893871144387703,0.0009650129186657523,0.8973319051733486,-0.7413888099354282,-0.7406345071963196,1.3923948002676223,0.6154741094088394,-0.6270509507860653,0.3368813186911119,0.5232972187189514,-0.7316762242635426,-0.7494743258515377,0.013830787923608177,0.02877169228566758,0.11179165786131236,0.9633365908865605,-0.01855240432716032,0.9447841865594049,1.8272747987859432,1.8503458904218846
1985-06-01,1985,6,-0.09348087943935435,-0.20129979603331294,-0.00015993805542617476,-0.5225409747335495,-0.011971215152423349,0.32558750393875613,-1.8183927772337292,-0.8613065444108008,1.8372399861703435,-0.03841024940828028,-21.16060787774971,0.6597078939435443,-0.17795687209239888,-1.6428922041617313,-0.8713602892998731,0.01036893568980593,0.025989925361217546,-0.12693798800363354,1.037985469542725,-0.1855543179609207,0.8524311515818039,1.9852808148895065,1.803670597724249
1985-07-01,1985,7,-0.19022830853463185,-0.2958318119290954,-0.00016766937371805337,-0.5369308314433912,-0.010276134507497599,1.3841649510636378,-0.9597364109427882,-1.1217314423858733,1.0962687468126147,-0.10534170504722451,-18.75552536537473,0.6391034076282205,-0.0682554603572032,-1.8399673576871969,-1.1278432275333223,0.010611950780818606,0.020750425629280922,-0.15404709607435355,0.4942515838743924,0.874119161596985,1.3683707454713663,2.092074557309651,1.7789745354705673
1985-08-01,1985,8,-0.04663876507442977,0.013296731297083197,-6.17393638448639e-05,-0.19635908165302418,0.0037457365972121334,1.5087210243479667,-0.14269489054376328,-0.8188022584736951,-0.5209186972480331,0.0805940399672049,-20.197916555540527,0.5464969362534956,0.11550239796702774,-0.6847429676512578,-0.8254701858182791,0.013243580768398648,-0.0006099120667957258,-0.08245704150219578,-1.0325072755016933,0.5353801497629249,-0.49712712573876533,1.7156124883069026,1.440171583198449
1985-09-01,1985,9,-0.15626620900971766,-0.17066814999679292,-0.000102840947370094,-0.3224166628155837,-0.0031996085462280346,1.0655053557389493,-0.9044308371820362,-1.1216529985588912,-0.30735391126468237,-0.17608380687774644,-10.977361644355499,0.6705578563475173,-0.05548319140151042,-1.413015378788499,-1.1269867009833558,0.013026115228617675,8.638385293685547e-05,-0.10609073617609062,-0.8573111521360186,0.5032508391819701,-0.3540603129540453,1.3842568022828026,1.1949856522029378
1985-10-01,1985,10,-0.2643680961220761,-0.45201373482144463,-0.0001104070282788231,-0.3629807514289538,-0.006249915872147625,0.5160452203386394,-1.7330279033824838,-1.3807611731002463,0.6407930382852451,-0.21691854668441998,-9.76852366837023,0.709362176168554,-0.18073341600722417,-1.7053346884881115,-1.3818557837702834,0.015803257427190198,0.014548152961298223,-0.06129525337144601,-0.032384007206089915,-0.028787825564405845,-0.06117183277049276,1.1546675659794232,1.0860342708002975
1985-11-01,1985,11,-0.22924328230004587,-0.4254735741238247,-0.00010688340997033551,-0.3940250436014391,-0.001985203026121398,0.030525918849104272,-1.782931105955964,-1.0757296843862871,2.729162645182817,0.30066477883767295,-9.52984038902568,0.892079006991364,0.12463258311822116,-1.402274508151483,-1.073825190210648,0.021282973007946078,0.0435387307169661,0.14340864640451184,1.661051442472003,-0.3787521036288348,1.2822993388431572,0.7779927310192463,0.8446781270388968
1985-12-01,1985,12,-0.17425766716582142,-0.3606494237253765,-0.00011772666153485046,-0.4084850294077875,-0.007052151673322755,-0.3811225542420802,-2.5866702744892365,-0.9508123848680725,3.378044274817878,0.4246807557403166,-15.972993538003799,0.7724151413987758,0.07683152571033774,-1.3183378454489607,-0.9428850739867818,0.01842546370688644,0.0481496591793998,0.1317052997550498,2.257779903389115,-1.2604051181590419,0.9973747852300687,0.4960630691840322,0.6614714264872994
1986-01-01,1986,1,-0.03777183801806927,-0.17233309341327263,-6.118476260188419e-05,-0.21459888780713032,0.00020466284895144168,-0.9339405428326231,-1.6997938991312416,-0.4544378590524527,2.5584930241462267,0.13578522609404114,-27.212452255988904,0.45096411867158454,-0.2880860618247339,-0.6494179340997124,-0.44406069518052016,0.014221000146356938,0.03921674847316105,-0.1028011460122922,1.6836576175558902,-1.0399988011596464,0.6436588163962469,2.2159839789046245,2.4399025167684485
1986-02-01,1986,2,0.029283978505430408,-0.3151301367518492,-0.0001367818618173104,-0.5102692913287213,-0.011821375184139688,-0.8736727251680172,-1.8144338158454576,0.015916230316082913,2.844678418199631,0.3789992765156796,-22.534251876040802,0.42626330901009996,0.10532286452083406,-0.8160200666747639,0.023630718467392287,0.005937806125613534,0.036353964908541106,0.011434897368975076,2.14473869719468,-0.9906992610193949,1.154039436175292,1.798670846072028,2.037057011304853
1986-03-01,1986,3,-0.09464901527179859,-0.16836389161841964,-7.336225299068102e-05,-0.2797634774718095,0.007787397817211838,0.09463435420375665,-0.8332984575617908,-0.5571900623215578,1.383707898494034,0.5419065802688294,-8.254567430619373,0.29296434501431184,0.5250866185927497,-0.7456915107559423,-0.5500893241787874,0.007760598368840608,0.022253225381969263,0.07859138857162196,1.073923591803616,-0.08050620866308478,0.9934173831405344,1.5919762113379186,1.7792981333432003
1986-04-01,1986,4,0.016796286716236175,-0.05726767125229926,-1.452306421300916e-05,-0.0952039596872708,-0.0028801912822348404,0.3478025054496978,-0.33524692021750035,-0.17307064423479446,0.6516055512674048,-0.11398069867042443,-6.06322553551583,0.1067522615300167,-0.163354139012191,-0.10531053102897348,-0.1682445216289521,0.005156099923362217,0.011743350082442143,-0.10269494212216976,0.49547984939566936,-0.22511026658265965,0.27036958281301304,1.5442375465904732,1.6873036917094346
1986-05-01,1986,5,0.04025560055574218,-0.014581546754652619,-8.050434639601074e-05,-0.3116038620331776,-0.004979891519138031,0.005771188621733536,-0.9442656578089161,0.022310215069980543,2.1267156371921923,0.25893226470220243,-10.454830621000848,0.25750551154507123,-0.09855183410727066,-0.41303087153765894,0.022310128799597928,0.009870642233278208,0.033716570161704616,-0.10506220903400264,1.511726026837625,-0.5312348725416931,0.9804911542959331,1.4799674592232819,1.5130331613706254
1986-06-01,1986,6,-0.015691522227146815,0.10168460123679945,-8.153135556534011e-05,-0.05857720384412424,0.005927451149587225,1.1065953471207108,-0.18474409040772732,-0.07005690274393239,0.6957930244251007,0.20477637265762938,-7.765384442864134,0.3133523909262045,0.050769631025529414,-0.3713558702842503,-0.07633337929534001,0.01334695100549637,0.01655958594184556,-0.09914283061957459,0.22843389186678387,0.18033530332526815,0.40876919519205523,1.5979734753268282,1.4363578686729603
1986-07-01,1986,7,-0.01309325380390891,-0.13217799847417766,-0.00013957942898001796,-0.414540600228664,-0.009923532222002178,0.5087860158613333,-0.754301440052001,-0.27018190905439177,0.31133001156707074,0.1534490790637005,-14.188168193129025,0.528329285124446,0.16258094358266026,-1.047750956767481,-0.2781696908016835,0.013290460371147849,0.010455652398758841,-0.08350476119640268,-0.20786740903838874,0.2854617349682096,0.0775943259298203,1.5747672177469738,1.2916618064192669
1986-08-01,1986,8,-0.02661420311866841,-0.26672379058237766,-0.00011455327218192889,-0.41836628392985853,-0.00599764139060016,0.9197662755017411,-1.0693601960132664,-0.470661267136006,0.6624293967996144,0.12444803058761772,-13.494168361808917,0.5353188831320219,0.12864274530076153,-1.1260644233717105,-0.47395986857747463,0.01555033722802885,0.01758802754005262,-0.08196547875505948,0.1313052283807452,0.053405625916989274,0.1847108542977377,1.3383051487442117,1.0328588541471966
1986-09-01,1986,9,-0.1049154195672975,-0.3394675404692187,-9.254435049405854e-05,-0.34077481015768185,-0.0049616513872343376,-0.060099843805621944,-1.655820325610613,-0.6915518376431489,1.20508909173319,-0.2027355094040228,-9.180683389026743,0.40287450266066405,-0.21858754106894682,-1.1492803141095989,-0.6904453275196203,0.005404867483061966,0.014703888446433278,-0.08295778589553905,0.786362557407593,-0.5054335013775105,0.28092905603007146,0.9869494627201263,0.747672923151665
1986-10-01,1986,10,-0.10399743667732808,-0.3585845255139537,-8.496759943378779e-05,-0.491624876976392,-0.005342138335974817,-0.919981027977534,-1.8349542520234046,-0.5284947046099873,1.9365195173019691,-0.5215447514983873,-10.17650428196782,0.42872387328825823,-0.6925525797542885,-1.1816378016605853,-0.5248300540850546,-0.004512256772409434,0.016247639523891667,-0.16208500284125907,1.3367878157578081,-0.6496517998378827,0.6871360159199214,0.6573602264167278,0.5687215417490314
1986-11-01,1986,11,-0.11586462953524096,-0.2939976920317736,-5.1739182090898865e-05,-0.20161373075275835,0.0011021799405302006,0.37678734872247865,-0.697780988556916,-0.5773243290260792,0.6349752777458892,-0.7823290778121377,5.12757445676395,0.2924439623034303,-0.9997573553743854,-0.6773560990572216,-0.5693496188049036,-0.006027734896398549,0.001822874813395256,-0.25636870082573116,0.12510303788020938,-0.01245017927851133,0.11265285860170482,0.40068539145655535,0.4673653979876171
1986-12-01,1986,12,-0.14831142002835596,-0.17673672620999115,-3.042342537871469e-05,-0.052974001800082604,0.00646263863403531,-0.03700061705237356,-1.3551310847679663,-0.7300275520324222,1.7052493105057769,-0.287616407834195,-7.321069062469016,0.24370932312171042,-0.6630221009481718,-0.6077767066310207,-0.7224386882276399,-0.001969950319801527,0.01625277814765498,-0.15265564662438136,1.086134294270081,-0.7397655143322203,0.34636877993786386,-0.18124427037867008,-0.015841302563995185
1987-01-01,1987,1,-0.07800743467139065,0.18849523041547228,-3.1270653724952985e-07,-0.020729942077730934,0.009550036557659063,-1.026052094628922,-0.7555641176326828,-0.20524935445068881,1.9513606391376317,0.24566008116743782,-9.658918676356535,0.41529115698709684,-0.07870821014890315,-0.1078338317696037,-0.2059963009895962,0.015979561747296853,0.03349103660690335,0.1085340208511252,1.2117011908342135,-0.6484772324020363,0.5632239584321767,1.22867663934192,1.372589787717171
1987-02-01,1987,2,-0.0008111433118699884,0.0843946591674738,3.717468814532602e-05,0.1493373473478007,-0.003208670482523081,-1.0169691624262234,-0.22725258567555873,0.17407444666220906,1.393178276617546,0.11781826048960442,-5.194450303440807,0.3901894808476092,-0.006550805783167155,0.5175707384938795,0.17790432549676916,0.027986919251605888,0.03726529002025343,0.09412191331986014,0.8786197294971418,-0.7409934453348885,0.13762628416226008,1.1413635065093644,1.2797442822536347
1987-03-01,1987,3,-0.19807269811562733,-0.21268377722015352,-2.0195064485644152e-05,0.0025841281198724086,-0.020102422199725252,-0.5267007035561064,-1.037416746811516,-0.6251119440921993,2.028703252422061,0.7088116064749066,-3.9693272529701042,0.42005121348872876,0.5803348657793528,-0.47939674193406034,-0.6255238459701997,0.019182184985595478,0.04029684549900235,0.22025904813435176,1.480175298237798,-0.5584319067554632,0.9217433914823309,1.2846688717752777,1.3919854042919297
1987-04-01,1987,4,-0.07346470900386814,0.2072917666069521,-1.4083985162475219e-05,-0.01690821318590585,-0.012195473270120584,-0.4127894303650881,-0.6532424067057625,-0.3171755379822452,1.0194824349930927,0.34936308881322026,-5.0314113299225545,0.39469126982765346,0.10949639144696706,-0.20052771874245767,-0.3207554634348284,0.007097506227074439,0.014225610129635129,0.06140528599688941,0.38492446779922695,-0.45629461341585975,-0.07137014561663324,1.4169302070277823,1.4799909626581709
1987-05-01,1987,5,0.02359985403512621,0.02364172659832009,6.168795301722494e-05,0.46305662593483987,-0.010404502258888532,-0.35143002463533524,0.38437484537443023,0.18425771963899695,1.5148278759121219,0.11252097354181911,1.1267007913040756,0.026182768770188106,-0.2994865349331121,0.8993949836608706,0.17739592264282056,0.0030212645952235155,0.023701668353876014,-0.07760540624074945,1.0766375986669794,-0.5218819352826699,0.5547556633843107,1.5326601196605978,1.5657204323193525
1987-06-01,1987,6,0.131372759780938,0.3244983956028075,7.510382354019538e-05,0.39065656140651195,-0.001416160063322569,-0.18374467593728094,0.3870501117216216,0.40839266598807344,1.033674742645903,-0.027224851444185294,-10.975313309439759,0.14593357384382158,-0.16194590755704347,0.7607075158068572,0.39920480495500943,0.0024732308116639026,0.014311184662604587,-0.10616856063440229,0.7530201126892107,-0.3828452651181502,0.3701748475710529,1.410666135764135,1.359045139621692
1987-07-01,1987,7,0.19584262318190704,0.10516173002933993,5.419577592951857e-05,0.20838311586433478,-0.005822505418267333,0.3567456309061352,1.3013089197851406,1.126433713197838,0.026786989437049824,-0.022992293454493995,-2.8907596058422307,0.1953614609654567,0.05820554812139074,1.0462273775076438,1.1306338417466026,0.004572812188282177,0.003916352255885769,-0.06780715261202566,-0.08737662995252737,0.25928167082627973,0.17190504087374814,1.2374598781842465,1.0843490773680031
1987-08-01,1987,8,-0.00024169921981653797,-0.018087883727615495,5.030315122720575e-05,0.17527016247017535,-0.007961989234912665,0.6460058847194639,1.0918694626963301,0.3731707016253183,-0.528853727223527,-0.16832568541863774,-3.310253719520604,0.1827517579135465,0.04473613175310602,0.3375032068609105,0.3707346455192937,0.003363278433027389,-0.0020645065237654414,-0.09033453494524801,-0.4985436679653459,0.7519301997294092,0.25338653176406645,1.1409978091815276,0.9255461250958987
1987-09-01,1987,9,0.11288799646080341,-0.09807455151887717,8.530149445227679e-05,0.35443314630093214,-0.017269128751174968,-0.10784215267974817,0.32428280239278884,0.7470839206438313,0.6479165971591883,-0.18372843703879937,-1.8672811620150387,0.16434811262485818,-0.1417296754887606,0.7615817150288757,0.7511924868197766,0.005719013682175391,0.01203476484202676,-0.03004856402993968,0.5255672460843632,-0.4331903464601663,0.0923768996241931,0.939642123157423,0.7503601941003808
1987-10-01,1987,10,-0.02027563177610081,0.03963925984453198,4.978197926854732e-05,0.33970122281781934,-0.013228671164122333,-0.052256092827161815,0.2839740737492762,0.1494132358751854,0.40178923111967646,-0.40258077484630095,-0.8541527941612077,0.21462610654426376,-0.44494536234543397,0.49457687551515317,0.14703375732419377,0.009164826620825281,0.01268451098367588,-0.13590706770389713,0.14479853707628854,-0.21298228031686506,-0.06818374324058063,0.7100528868541005,0.6314088126978064
1987-11-01,1987,11,-0.08437095136557712,0.04400257399749885,0.00012110379279823609,0.5432236869501565,-0.015786388772005173,-0.428227468708436,0.3672409318792311,0.055812738343071544,0.11070509215063562,-0.7082492044550557,10.770458424592501,0.15591407300944374,-0.7842512230633449,0.9051739117441446,0.06096601142313185,0.01578203473540994,0.014364738096851886,-0.21896342312341516,-0.12121099946711711,-0.5327797067848461,-0.6539907062519635,0.46337805189386216,0.5300526689363352
1987-12-01,1987,12,0.1272217823232794,0.3048759023677057,0.00014303544842282035,0.39917914992060455,-0.002039974134221134,-0.3253137695719073,1.1088362254201674,0.7526967275875958,0.49440815705182395,-0.614422575250414,4.131347421500724,0.2340817794462562,-0.6762915644135078,1.511733695699601,0.7608595144252737,0.012393852889156183,0.012365789416166017,-0.18422299038938791,0.19845738844246874,-0.39473468344181617,-0.19627729499934798,0.3814483900586332,0.5168459683847502
1988-01-01,1988,1,0.19872301850062726,0.24409473059103637,0.00021065777300218678,0.9030039941024965,-0.011286471359399836,0.37674660194326326,2.2344133536403628,1.107100006899955,-0.023162181806098747,-0.2942847459803828,-0.852210586478138,0.020976688830668753,-0.32587146767962694,2.291847899344542,1.1124360131257975,0.008524105885252767,0.009759672573439584,-0.11850478885315734,-0.07572559233597786,-0.05209853947839016,-0.1278241318143613,2.251369299779263,2.385277058665878
1988-02-01,1988,2,-0.0168413442235312,0.1883878628668379,0.00012099496684256063,0.4737839579861127,-0.021379757332547877,-0.4208523160920383,0.8209514258971866,0.4649242471308752,0.33690800984032987,0.1649917233508249,11.129802374933684,0.3062354860819257,0.1728759373561411,1.0228056247516073,0.46868224716123597,0.012799926581302912,0.01174702198289031,0.10729608202527008,0.03855673776372193,-0.1980961988240706,-0.15953946106034533,2.1540561669467166,2.2924315532023414
1988-03-01,1988,3,0.07645081397764808,0.34131577679923575,0.00013101300339891638,0.49697138734983715,-0.005963591669124588,-0.26363110223563346,1.028130224481949,0.4337721159255459,0.3788772832775005,0.4812913074452118,9.014502678007828,0.27141058170567167,0.6858436101292763,1.184020885351032,0.4404093490930927,0.023462241813630588,0.02149829961917445,0.22998398086482366,0.3120190042558204,-0.14925342770154315,0.16276557655427326,1.9521908271727,2.0095019554350273
1988-04-01,1988,4,0.12692184244374716,0.23196848149687804,0.0001136991927732873,0.5594364838346833,-0.004813155394560268,-0.2653390537047302,1.1704489128099904,0.7263903786312844,0.5638028668108281,0.11653781458640883,5.664123708370007,0.16413228353976028,0.11886348340000275,1.3538423770207677,0.7221600783487836,0.017773272454710318,0.021159195784078343,0.004834801255137206,0.4019962520846918,-0.18762376449325346,0.21437248759144167,1.844452162425192,1.8175075138012389
1988-05-01,1988,5,0.1848257027675907,0.2309710771409898,0.0001002215832753867,0.4254578796295029,0.001740527539040554,0.06836103639988322,1.2048854711327543,0.6935342892771135,0.3754819758613914,0.07326563226276772,2.597665357948743,0.18543882569761647,-0.02217162906390334,1.2178755716275247,0.6857908100226691,0.013876846533218364,0.01736994297999472,-0.0727322767740996,0.09460588883711285,-0.02073357974926826,0.07387230908784587,1.84018207505801,1.8132369834624456
1988-06-01,1988,6,0.17428106942691213,0.2993982608362944,5.242338317795658e-05,0.36921158941786314,0.003034746920740683,0.20924182702559535,1.059894611071138,0.8096480287047119,-0.19068110135282224,-0.2788676639111286,3.048727593641697,0.18047325788233792,-0.06414917857983783,1.1391588835979936,0.8010137226812355,0.011967508459576563,0.0066709960219078455,-0.06229881862094535,-0.15643587390385338,-0.0878985785501829,-0.24433445245403662,1.8181880911615664,1.7365616907647805
1988-07-01,1988,7,0.0870197262536836,0.40866980886496457,0.00011276496370547946,0.4023004770914652,0.012591932596910837,0.6498061081493218,1.4780872615449336,0.42721855321976987,-0.7597986720694312,-0.305096437987832,1.0928520521698353,0.2792028652812436,-0.09628062305536489,1.0721189925305508,0.42123452597367317,0.014632168624750887,-0.0023114633462764933,-0.07908703523961351,-0.830185722418231,0.3999842417683077,-0.4302014806499307,1.7749818335816734,1.6218656285111166
1988-08-01,1988,8,0.0860787479630053,0.32323842015634974,9.311897616616808e-05,0.3640055273778767,0.004749142101121411,1.0854076366153205,1.5425208936983952,0.32499455808247024,-2.016785092894404,-0.41794435045134337,2.812244962641343,0.35987993978640187,0.0028155676284905284,0.8021034645864535,0.3183249292358279,0.020560210613631745,-0.014022415770865073,-0.05734000682280305,-1.9559051146009598,0.7337478002653133,-1.2221573143356435,1.728519764578909,1.5830626762390168
1988-09-01,1988,9,0.12078817818287549,0.32207729281349423,6.8934936527438e-05,0.22332046139223338,0.0031859097013223307,0.4608439876305559,1.1067432073362604,0.3384216983904327,-0.7971156556896046,-0.35275092766225713,3.383692675537241,0.4499955721277652,-0.24656711919869573,0.7955329245243528,0.33810518113843013,0.012237415685672678,-0.005626425951117585,-0.1139175724982385,-1.1409274193537642,0.31089376555988035,-0.8300336537938948,1.6171640785548362,1.4978767452435306
1988-10-01,1988,10,0.041671810800730125,0.012785338172167371,-3.3836420906903277e-06,-0.05605827281068276,-0.009608854830985761,-1.0639176512826778,-0.7376757940451961,-0.019554779925658572,1.6763238858823777,-0.12815116360408488,4.410795332480746,0.6413463442552975,-0.3847336600787377,-0.02759060491365961,-0.015148332070001214,0.0019988828264295554,0.014848685459582074,-0.11837339801585932,0.7783950451524433,-0.7056787412758759,0.07271630387656325,1.287574842251491,1.248925363840904
1988-11-01,1988,11,-0.2080566068903079,0.09578895043812108,-0.00014402418279540338,-0.2591661503592583,0.0011116951837903313,-0.60633015845673,-1.5592159841878146,-1.0974478526709759,0.5840970225396038,-0.13304326917800063,-10.496036648490435,0.7524490446373999,-0.3343309060864897,-1.2449859807832606,-1.0912347211680107,-0.005092204591640854,-0.010029028099780391,-0.08134891041751587,-0.36963965900628715,-0.30801687190157845,-0.6776565309078695,0.9409000072912868,1.0475692200794668
1988-12-01,1988,12,-0.08314423979222096,-0.023400844099144613,-0.00011297471983351848,-0.15742644223459468,-0.0015168295251145048,-0.16975681438619938,-0.7977079895239163,-0.6544092383541726,-0.16515812150271425,-0.5842258527885683,-16.314992927900004,0.5060023530656064,-0.5047074890032089,-0.7548472236078783,-0.6481470144724628,-0.007286632949089265,-0.01757830385486754,-0.09639103047121575,-0.5916421107829846,-0.03659854203438895,-0.6282406528173667,0.748970345456101,0.9143625195278773
1989-01-01,1989,1,-0.29607186024484555,-0.13082731128834546,-9.932250229905144e-05,-0.3347890283023248,-0.007535796241378984,-0.9709288462363812,-2.1082645779431246,-1.3586002335731577,1.9049704300513204,-0.06169276676918545,-3.680981230480229,0.7853224524086143,-0.3091723503396046,-1.7296885309045504,-1.3570274878462305,-0.008472761886207159,0.00813649107465918,-0.03912119964688326,0.8721683940722991,-0.37700330131169324,0.4951650927606019,2.448891255176658,2.542793609808996
1989-02-01,1989,2,-0.07015749659115186,-0.1409015777227337,-0.00016757781231737837,-0.42921803769401057,-0.0014921367000252372,0.31525316599846165,-1.1535998851370814,-0.5829490629055769,0.3873630469229554,-0.06932586868239243,-2.135372081617951,0.8304572217517903,-0.10846242281086682,-1.4496149828646145,-0.5782378277590603,0.0025208122091922008,-0.0037904809514120556,-0.0067382417039343456,-0.4822307289573078,0.3007263328740388,-0.18150439608326574,2.2615781223441367,2.3699481043454185
1989-03-01,1989,3,-0.1303591080274195,-0.3126730279342618,-0.00013763134058324865,-0.47106012411354936,-0.014243190436609682,-0.8778662938078805,-1.6851316380072177,-0.6924117886957657,1.2518710780009306,-0.1275853888928246,-2.807736859946306,0.7720312631608984,-0.10562167963071567,-1.3455481211665408,-0.6935066786100059,0.004175831787454126,0.009340524794629507,0.01782793608721609,0.5018035241021321,-0.3406784067549241,0.16112511734720047,2.2248834876099863,2.312189226383751
1989-04-01,1989,4,-0.04138966689207882,-0.11957967246418022,-5.760425684167805e-05,-0.30954031366692947,0.006691846005380253,-0.03380564620979243,-0.9945659770354092,-0.49011915046808197,1.0917313804438311,0.1751234382592599,-6.190417466462528,0.7725331733624028,0.12280996846515133,-0.8700752506024942,-0.4947056975610873,0.0011303766969048036,0.005234744819163771,-0.018537743646393032,0.26688473728733175,-0.12907727352589526,0.13780746376143982,2.037144822862494,2.0101947847500057
1989-05-01,1989,5,-0.13086177125142756,-0.26866658880359656,-7.812776465767804e-05,-0.31479239185141406,-0.0006541207762879482,-0.06738648529405866,-1.0050886962020427,-0.6930624300997663,0.7214545414932623,0.24468263422253167,-9.948137821693479,0.7600862083731197,0.32786702715736793,-1.1126373599615134,-0.7046488592986597,0.006511362479987704,0.006943198692958671,0.0592279927780458,0.044552726054991165,0.09596223456052388,0.14051496061551633,1.6828747354953464,1.6059242544111783
1989-06-01,1989,6,-0.12555408252542813,-0.24693207474241807,-8.885819702480867e-05,-0.38517332650660496,-0.0012593440002527014,0.5794164372562454,-0.7711000707169369,-0.5996087272372959,0.9016175869447127,0.08710871779325674,0.21118041808663582,0.7434614729023749,0.256908648376822,-1.2048144041561137,-0.6053138218938181,0.0073566021377139065,0.010594198246350939,0.02475193580695759,0.32795604462589767,0.4280092387828037,0.755965283408701,1.4408807515988755,1.3592489617134973
1989-07-01,1989,7,0.021859140200356342,-0.19460611959434304,-7.703599116778563e-05,-0.30552569015083686,0.0012290028043047598,-0.10677612066905762,-0.7826951117949785,0.02531156650044708,1.3940821942651178,0.114395035701001,-1.8914651244396181,0.7477335552786611,0.18223384461075073,-0.6962776659333603,0.020272740840207693,0.0065990699686743065,0.014756831352692151,-0.009962323950402405,0.7141874478961971,-0.09145627152183666,0.622731176374353,1.187674494019003,1.0845528994598652
1989-08-01,1989,8,-0.037347302789028564,-0.1560528367029022,-3.8122708281297516e-05,-0.28098213292951246,-0.0032984979521051092,0.6095830406466687,-0.5977834889806719,-0.39318275142456827,0.05186715523954222,-0.0979475598336602,-2.3489349851398376,0.7344683801142808,0.03879327568087127,-0.621250151896457,-0.39497125180655734,0.005745150496430524,-0.004152302216272632,-0.05465064638578216,-0.545860389360195,0.021678162533813383,-0.5241822268263785,0.9712124250162795,0.8657499471877586
1989-09-01,1989,9,-0.005472266146858612,-0.018046598491883836,-0.00010782683009982728,-0.3739025138458417,-0.005936022798973548,-0.3079485701765954,-1.1968565425258886,-0.14344634894906805,1.3772054077024691,-0.08742470210697595,-9.366506609607365,0.8879566388856537,-0.21304067095496312,-0.8544831198284406,-0.13957263030817124,-0.0003428593279205718,0.007129807106295551,-0.13356893863537647,0.36363279996882636,-0.3384997040565727,0.02513309591224261,1.0298567389921658,0.9305640161922497
1989-10-01,1989,10,-0.037036477533442996,-0.08565386430060434,-7.507998661545543e-05,-0.27977598020465566,-0.0017339784221787058,-0.5689301792668613,-1.1411536528217696,-0.35256838840591365,1.09754774913952,-0.38595240100678735,-12.636852245635097,0.8846275875804356,-0.46776192463711114,-0.8722386219982221,-0.35140088002209136,0.0008544989977280499,0.004875357395696452,-0.1596039104847236,0.1311106379287622,-0.26774752243972144,-0.13663688451096678,0.8202675026888251,0.7916126347896366
1989-11-01,1989,11,-0.1526573002301195,-0.23656798140809582,-4.910014400026736e-05,-0.10318015442119044,-0.012652984634759307,-0.3938270696951136,-1.2390382733245995,-0.601555104485135,1.2165273252844004,-0.5446023999474123,-4.17001252865885,0.7252337482209092,-0.6726169412956777,-0.7614637934297281,-0.5965748247314275,0.0006839888538536787,0.0069086915428453015,-0.16488563539469148,0.3632790357152307,-0.4725942001411565,-0.1093151644259297,0.47359266772862085,0.5702564910281609
1989-12-01,1989,12,0.008371114670376406,-0.020090941251024952,-9.736271779628279e-05,-0.30293073752414246,-0.011036126944400279,-0.7201679241725152,-0.6808917386949174,-0.04794332464297968,0.7577511393295016,-0.4777359859484931,-14.053773051370625,0.6879507619740983,-0.6101379673699877,-0.297208283342421,-0.04639638170121052,-0.0008172603933533727,-0.0015238354396846648,-0.12028100331501104,-0.06260160406610393,-0.3821365124107843,-0.4447381164768815,0.3016630058934169,0.44704979047656224
1990-01-01,1990,1,-0.01743112952078532,0.011685045571241781,2.171813311698274e-05,0.24238765887506764,0.006867688970945427,-0.04871693305446834,0.6720499170770204,-0.05895503066449126,-0.9576310710670681,-0.604217869654478,-4.138191659403635,0.382474699290898,-0.42502994760460433,0.45306828188051096,-0.05326527286805671,0.00672553269955491,-0.00875569800435606,-0.09465023356231539,-1.160917848308066,0.22467139299289407,-0.9362464553151653,2.0315839156140036,2.1654808807577126
1990-02-01,1990,2,-0.017396769305795257,-0.15478671925359366,3.3578088335558116e-05,0.1587440454369614,-0.018811783475795783,-0.5667850750295855,0.341373112313218,0.13291096637380928,0.16753443989999672,-0.16811548969858373,-2.6240111386622766,0.4811473789508794,-0.08872179511106429,0.19692766392228656,0.13659664387060722,0.011074174745020498,0.0072554488586417595,0.038189589781509256,-0.2342192444633796,0.14813112588771848,-0.08608811857566145,1.784270782781423,1.9626353752941625
1990-03-01,1990,3,0.30501325295473414,0.14410254202190625,4.799304635638756e-05,0.2530978709860857,0.0023071723805808773,-0.2862362523547213,1.3883494366301343,1.196843121455133,-0.5605076509239222,-0.558687675999397,-8.588917582816043,0.3401596661249006,-0.44325888780289235,1.0584266980596402,1.2005590221087166,0.003812289830152105,-0.007380958366441849,-0.1307529172397067,-0.785238528852338,0.3336386392240738,-0.4515998896282647,1.5275761480473022,1.614876497332478
1990-04-01,1990,4,0.21426405503222173,0.09544707979630834,6.256611134675843e-05,0.20501903129912702,-0.0035352497231785542,-0.293898827055328,0.9364307186606666,0.939132829638051,-0.10162548991759346,-0.6047724231111956,-1.7413496220041753,0.5142184450693116,-0.4479070682164145,0.8429940825045232,0.9408757848536129,0.012657537644112225,0.003884362079392155,-0.1611146071521115,-0.45897858009207615,0.09517959137172638,-0.363798988720343,1.2798374832998078,1.2628820556987215
1990-05-01,1990,5,0.21945222784596388,0.21348130404007748,8.537522208275808e-05,0.245598838350651,0.00419954187074233,-1.0441544933988982,0.8076889152853295,0.9129850639258108,0.5106572446942783,-0.6999331614228194,0.9851039850000916,0.49776235836357824,-0.5973398637004201,0.9523546754921033,0.914318608057521,0.014162060186380094,0.013868133354067554,-0.2101351466981521,0.11548818405309358,-0.14333221607511692,-0.02784403202202196,1.0155673959326883,0.9586115253599168
1990-06-01,1990,6,0.08191764656313566,0.10972478630207022,-3.4618846019722526e-06,-0.018566700430459826,0.0015334280519383077,-0.7442478360189164,0.16430763228676315,0.350958790998507,-0.06854673807486611,-0.33066883076463655,9.33522273119808,0.5132049179905944,-0.3788340827792221,0.09459772835565117,0.33935591669037324,0.012282287967491184,0.0032907662826052175,-0.14240979004230406,-0.6299169080800445,0.05810702962312697,-0.5718098784569179,0.613573412036196,0.5619362326622586
1990-07-01,1990,7,0.12399407190715298,-0.03816688629828424,-1.5335059839550173e-05,-0.18682277847020778,-0.004627741360269472,-0.539995622606166,-0.15800047524932803,0.4175974003061651,0.6450393468828641,-0.3257098984418081,2.935148837805286,0.617140675902419,-0.2590225677323729,0.000910880016186999,0.414998997434457,0.010462115540900933,0.008740460844893466,-0.14164617924114437,0.09458600168985698,-0.16150975813720203,-0.06692375644734183,0.4403671544563075,0.3972401704085833
1990-08-01,1990,8,0.043613015908929464,-0.08414241491739527,-4.048028840906168e-05,-0.2921930012611996,-0.011126231830556,-0.17225702276567612,-0.21282285933575418,0.27759474736346146,0.7966689280130157,-0.0762513168049781,1.8121065663355385,0.7143189642067936,-0.07788334449296759,-0.5961213663759317,0.27434225546705227,0.011398835591664769,0.013897065640730209,-0.1279057044179599,0.0807179361182162,0.38004601514378566,0.46076395126200864,0.44390508545355445,0.35843721813648344
1990-09-01,1990,9,0.003793682058221337,-0.1262347541213577,-7.252647320719096e-05,-0.25704821506059583,-0.013210519924486047,-0.6529640071390708,-0.4943374318937688,0.043018556342862,0.3981884395338353,-0.30321417918397864,-9.98799550415951,0.7457894876500235,-0.2796710921092296,-0.6609156595750749,0.0415456270281469,0.010963560003463766,0.005867395599836546,-0.17933316954821563,-0.32405796104143414,0.1651052983665623,-0.15895266267487224,0.36254939942951125,0.24325128714096778
1990-10-01,1990,10,0.09884571841004833,0.0222030248863615,-6.735320029520905e-06,-0.05627391654219693,-0.00668330747241149,-1.2549013666580773,-0.3660495703428841,0.49502257137483485,0.8011373459458897,-0.4965324479246121,-7.946100140122129,0.6289243183791258,-0.6537040492905136,0.18272598056458578,0.4939486991636264,0.008507496467721328,0.007629214474814804,-0.21059392983394676,0.015041426200878116,-0.5498494231186749,-0.5348079969177937,0.26296016312612736,0.20429990573832058
1990-11-01,1990,11,0.09101291127263705,0.2415704805002234,-9.971680685322672e-07,-0.100293857345361,-0.005261407423156164,-0.8333942441292224,0.1774292650453959,0.6482898626628324,0.15654829296481387,-0.7513343901563879,-10.106229656795897,0.6592965184926275,-0.8845379526959075,0.31237072135705635,0.6576831807868064,0.012167195634207779,0.004559508190926834,-0.22744620629570808,-0.6359517880673103,-0.12554813818767963,-0.7614999262549904,-0.0037146718340927976,-0.007056238023107397
1990-12-01,1990,12,-0.002038276502725561,0.13712857610082674,-4.0959170625147175e-05,-0.08994181015244496,-0.015244721699842905,-1.0736161401376654,0.05118694815991187,0.3580659138250959,0.9264046397566732,-0.6596218739287755,-7.2507720651271805,0.6243595917410832,-0.8001562176091448,0.05442001110571537,0.36689063981898973,0.013346921185066788,0.0164179298609171,-0.19194300133486505,0.16151070433521864,0.0055916630480331575,0.16710236738324435,-0.3056443336692922,-0.2702629385746924
1991-01-01,1991,1,-0.03215326165674687,-0.05472688842230422,2.823887923121939e-05,0.13405574994554648,-0.007879091032891649,-0.48179528842644936,0.11212812054226373,-0.057669172061021845,-0.18923048015053756,-0.26194264262577016,-2.629349997272305,0.5266889938266508,-0.192309863896013,0.24639346151941277,-0.05758051339754022,0.0182258105580441,0.0041053492926384945,-0.011938382331835695,-0.6462866952474049,-0.13417668231371394,-0.7804633775611192,1.4242765760512945,1.538168151706433
1991-02-01,1991,2,0.10943552383931504,0.06858059037046221,2.2766554096293796e-05,0.012518882718375424,-0.0014726644851225483,-1.4255051278820885,-0.22924911101777257,0.645874604480424,1.995671770005462,-0.14330619833210306,-9.897922847757084,0.7036361372594323,-0.2491439227096804,0.27767095922680474,0.6486209804868668,0.02040260503897321,0.03647448741082509,-0.03366123163568049,1.186197908368436,-0.5041736942381455,0.6820242141302938,1.2069634432187435,1.3553226462429215
1991-03-01,1991,3,-0.08242062143683082,0.3870800196648766,-2.8843794061477374e-05,-0.19423680097934615,-0.012392719872500745,-0.7849560003539162,-0.10088535404671695,-0.2879826449900338,-1.1141981777390937,-0.14088224498989899,-4.733700022313961,0.5886990942137147,-0.0722535397807063,-0.20693682812700365,-0.2829693396995705,0.012440222800938911,-0.01330462393684232,0.03921734880860492,-1.6342685667436427,0.11106477937074255,-1.5232037873729043,1.1302688084846295,1.2075637682812221
1991-04-01,1991,4,0.11031776226659085,-0.16678448223274583,-2.6874908460106106e-05,-0.12863171769921367,-0.012401885442868448,-1.590070694282414,-0.45908502602494883,0.5987034392926758,1.3912583389123694,-0.13434337411685518,-2.6833539021960586,0.6037952915491648,-0.16768406058273594,0.1169935289097821,0.6018870642604726,0.008206343516469632,0.017905918375867105,-0.0026013143062437686,0.754122360897343,-0.5728949299669096,0.18122743093043658,1.0725301437371328,1.085569326647427
1991-05-01,1991,5,0.0686206492534015,0.038320389981586434,-9.64947254060772e-06,-0.0964702843576476,-0.006662074186459673,-0.9989071323994709,-0.18930183934782097,0.5945189851083195,0.6644639162681416,-0.4054903317869783,-0.5652708264257505,0.5270063710499645,-0.3314617132058137,0.02344387214940369,0.5942817023834726,-0.0003690995503970989,0.0014428367316545697,-0.06962022017512882,0.21148616379933605,-0.2129829942221252,-0.0014968304227877538,0.8282600563699951,0.8112987963086518
1991-06-01,1991,6,0.27112432415765886,0.2621558475088859,7.980675313916369e-05,0.1288627622705637,-0.005147027127380134,-0.09826020356215603,1.4148607046911448,1.26762717738365,-0.7235955350523742,-0.4380195926387206,-8.129858199112842,-0.42377154489446633,-0.33210688933276206,1.2086195222070755,1.2636884636201162,-0.018346065590222005,-0.020005075270913053,-0.14753416881644885,-0.1939112868519407,0.20230246872068436,0.00839118186874327,0.5762660724735369,0.5646235036109708
1991-07-01,1991,7,0.1825447865427361,0.03928039041810366,-3.7131915858915136e-05,-0.14987299635660511,-0.011771026061034853,-1.0145248509657432,0.07224258572953146,1.0569526649494814,-0.19266687323450182,-0.22669520387518116,-2.6294717575016078,-1.3094014092813688,-0.41612171794918257,0.1511938863560096,1.0587728798277003,-0.04395937426931216,-0.027337266447387955,-0.22152759570060176,0.9273080219728279,-0.0771310857482378,0.8501769362245897,0.37305981489361884,0.3599274413573319
1991-08-01,1991,8,0.11793042790723407,0.26240582078883123,-3.209860334862539e-05,-0.013303294638105423,-0.012647888798785775,-0.2482402589445103,0.23932993185989915,0.4199218491825556,-2.8524470206735817,-0.5051716038956543,-3.534188050302483,-3.1532970192728205,-0.550592215986439,0.04527082157144635,0.4226256047036261,-0.08096988416269023,-0.0740938423220914,-0.264808418492435,0.2554293865084132,0.1967628658095374,0.4521922523179538,0.03659774589089082,-0.06887551091481114
1991-09-01,1991,9,0.05914698146513511,-0.1472710689829438,-0.00012037143781085618,-0.5908553222524687,-0.02190353772011549,-1.6155614087917916,-1.4411373245764645,0.400233845802624,-1.162829584560159,-0.49064818160162477,9.095755371029073,-4.15398202087206,-0.9793691619101333,-0.9829859021052316,0.40738859339529654,-0.11170793691136392,-0.06599084029052579,-0.3914672857588894,2.502431456003362,-0.45099667487858575,2.0514347811247724,-0.3847579401331842,-0.50406144191032
1991-10-01,1991,10,-0.01543271021425796,-0.25336740764790117,-0.0001681543004578853,-0.5683333681959942,-0.010594437352208923,-1.3369613552880901,-1.409516661521516,-0.01690076805713603,-2.5153039366690253,-1.0842615980400303,-2.2317674556093348,-5.2739591117726965,-1.6205380786813819,-1.0415182919160864,-0.008730722507851452,-0.1410619030541421,-0.09757081775449171,-0.4435416697207201,2.2223786944623103,-0.3598283240561454,1.862550370406161,-0.8043471764365613,-0.8730128233129513
1991-11-01,1991,11,-0.05119628942419205,-0.3200722175263331,-0.00013517854868139617,-0.47148445240954906,-0.013045430449753103,-1.1292922585854768,-1.6966350091964548,-0.2740427655930666,-2.60823001931814,-1.390198506622412,-3.33547240429787,-6.0628202093828225,-2.00965579399874,-1.0299514398748175,-0.26290560194424284,-0.1620988448387066,-0.11002835432221762,-0.4663752456654303,2.8351329026883625,-0.6555464056728104,2.179586497015552,-1.1810220113967382,-1.2243689670743656
1991-12-01,1991,12,-0.0806637500497357,-0.29630301717113156,-0.00011206761887971203,-0.38447830572986263,-0.022412900927141377,-0.627497404087902,-1.08464520299299,-0.03887579091639504,-2.5940621480578514,-1.3236487685744838,1.0768148958827881,-5.60006795122158,-1.8792803929441853,-0.8094311657534243,-0.02628881820496587,-0.14077009208155483,-0.09224388945183955,-0.3644527075196839,2.4503741787940108,-0.2626270645281936,2.1877471142658096,-1.4329516732319831,-1.4275756676259483
1992-01-01,1992,1,0.010562302152516773,-0.3171392484085861,-0.00019123499101634606,-0.6126049599212054,-0.01828071178774701,-0.9677265264500441,-1.1449151054562707,0.1278542258226656,-2.808029817662153,-1.0859092837826207,-11.642900623617088,-5.603577836202227,-1.589172194945448,-1.0810091239490323,0.13243246691600952,-0.13624948816567134,-0.09293017446775499,-0.3440390096271452,2.292285107377287,-0.05932774041394473,2.232957366963346,0.3169692364886423,0.4108554226552066
1992-02-01,1992,2,-0.04257400377690365,-0.29718830301452953,-0.00014860868182617237,-0.6532472169142619,0.0007464330725315254,-1.3000125135545386,-1.9072602985493017,-0.10318603798928838,-1.8299859367833813,-0.7848442780386881,-4.601979017083421,-5.450184305918593,-1.334289401196863,-1.2499436582319445,-0.10148551686697815,-0.1331869052569416,-0.08251608778464475,-0.24708859271626746,3.0707532459770235,-0.6556161191950545,2.4151371267819686,0.019656103656050306,0.15800991719164514
1992-03-01,1992,3,-0.032905948415118624,-0.08155199707304633,-7.755845790881582e-05,-0.28552991261091654,-0.020827603802890792,-0.6538602202509995,-1.000376056412562,-0.2061617250073453,-3.630471282102091,-0.6874003214531278,-5.2109205165556105,-5.486004532405827,-1.1032318370208765,-0.5737295893690209,-0.20433960854183986,-0.12110931083572843,-0.09765962592768623,-0.20821510029895043,1.4397017347359786,-0.42482435057804335,1.0148773841579313,-0.18220923611796636,-0.13491968057565984
1992-04-01,1992,4,-0.1818744126165991,-0.3516494189917394,-0.00010253626734384617,-0.3455576749645617,-0.006599289952494574,-0.15443483979814743,-1.4602962702130542,-0.6444324446357994,-2.857062044521454,-0.2064083435708021,-3.7394138640432835,-5.148051121871206,-0.7164105405310953,-1.2743886047554143,-0.6419498858762829,-0.10852317824727856,-0.07678194482986023,-0.1419880379088091,1.7809868803894886,-0.18342510669809897,1.5975617736913856,-0.24994790086545393,-0.2869141222094278
1992-05-01,1992,5,-0.12666274827410906,-0.27952389754590107,-6.401421779784523e-05,-0.12634530862959104,-0.01602611430808895,-0.7508584170904469,-1.4525105688922726,-0.507390596365572,-1.8975341244602726,-0.19875567731410632,9.13877653190742,-5.1315535776703065,-0.6581530096809418,-0.7361316385504217,-0.5069286876728529,-0.10410026014145346,-0.061741574481639666,-0.14247241632019528,2.774622120843179,-0.7159170216491855,2.0587050991939946,-0.3442179882326144,-0.38118465254825296
1992-06-01,1992,6,-0.13288384137317322,-0.28938704954814176,-0.00014578030300997497,-0.5770674126731907,-0.004379000523941247,-0.09074700929122237,-1.5484255106271247,-0.7858289435485617,-2.3778840018821454,0.01754919343662656,2.2830951951197465,-4.020991924323005,-0.26993160733515725,-1.6324947464217745,-0.7859457024124756,-0.08249914672051051,-0.06054862213618881,-0.09778107741636487,1.3556271216690776,0.08395247693088459,1.439579598599962,-0.6262119721290453,-0.6078599452459521
1992-07-01,1992,7,-0.29319085216073937,-0.5233053471760535,-0.00028921711854475304,-1.1146556811050852,-0.021729391572073757,-0.8081291965618811,-2.9641974339370893,-1.5380653895020207,-2.067534813720318,-0.3532687125998133,-0.8391157177769086,-3.617256993758583,-0.6596007415857877,-3.237802210763585,-1.5348132951523201,-0.08187029543848533,-0.06026441033590635,-0.2179596308587709,1.2433901510522702,0.2768568711762176,1.5202470222284803,-0.8594182297089361,-0.8525560074996115
1992-08-01,1992,8,-0.3354271094771072,-0.6223055136717113,-0.0002336185656332654,-0.8313141510344809,-0.01388809629234635,-0.4483042510935018,-3.026329284967779,-1.6992271370347996,-1.7739142718567575,-0.4055831017361444,3.0150664942136483,-3.361082744740228,-0.6424148107484416,-3.061796217009554,-1.7013128571056078,-0.0730010992327622,-0.0529463974200624,-0.1992658832752082,1.3503367638711885,0.03338121197098065,1.3837179758421723,-1.2558802987116664,-1.3013589597716795
1992-09-01,1992,9,-0.42134981927599324,-0.6455169720099652,-0.00022358987537309495,-0.8540965454374478,-0.012680415989698093,-0.19745790235886473,-2.973814560271049,-2.0147592024690315,-2.5785293943764502,-0.6033373269887181,7.683675168122834,-3.1078555977349254,-0.8108601308919468,-3.323031237323104,-2.0198567468882964,-0.06538869222199349,-0.05843417872389088,-0.23335540674152827,0.3218033994552625,0.3441191326327647,0.6659225320880231,-1.627235984735787,-1.7165448907672065
1992-10-01,1992,10,-0.3505963853568459,-0.5086164046611361,-0.0002755019271412233,-1.0465534152144462,-0.01762159558719815,-1.1251574490445242,-3.6641261006233785,-1.8374258976601217,-1.0229094231721374,-0.7240180517867502,1.2692543968167007,-2.6974948064874016,-1.1602045699664774,-3.196324377161249,-1.8319215867389336,-0.056650182679493594,-0.037082457043136854,-0.22087981142170282,1.2383988651355844,-0.46229741254093815,0.7761014525946424,-1.8968252210391299,-1.9554962721698423
1992-11-01,1992,11,-0.37337353827494824,-0.4726371142920386,-0.00024750614076773524,-0.9420075408968984,-0.015274203640594796,-0.35420896661099555,-2.859830097532145,-1.7689372989429888,-2.1007375543793785,-1.2549239117622548,-3.924974362725318,-2.5502152073940665,-1.4997524245436755,-3.0862070564865323,-1.7640428499477188,-0.05182107360152907,-0.04455885371174924,-0.31956574429328094,0.20464914023326486,0.23127140794966372,0.43592054818292825,-2.243500055999334,-2.286852415931275
1992-12-01,1992,12,-0.2747477699938278,-0.5035456066841987,-0.0001879633882303504,-0.8953875015098275,-0.014569123038397804,-0.4436375179416374,-2.035182479354683,-1.2454794774730722,-0.9358128170517925,-1.1881047377393663,-2.2598478011988616,-2.006408686598442,-1.4970961000110765,-2.2935959292001025,-1.2503605177525048,-0.04746151064785071,-0.03288702063812597,-0.27869416717260004,0.7616045072749371,0.25353240956593315,1.0151369168408557,-2.5354297178345426,-2.5400591164828654
1993-01-01,1993,1,-0.1040624407489874,-0.4289375911141929,-0.00011838282461418511,-0.7993595569706685,-0.01575259002561144,-1.5144067453257524,-2.4370736668542037,-0.4829597977776052,1.2173147583241828,-0.7972806200996245,-3.8262620217020715,-1.8394241961803854,-1.1019268430035352,-1.9038591885918752,-0.4824236043771397,-0.045055020628350824,-0.005111387817674874,-0.14120688597722464,2.7520927316006625,-0.532678284861913,2.2194144467387527,-0.9155088081139695,-0.8416280262017004
1993-02-01,1993,2,-0.0689647882133256,-0.3808870010608014,-0.00019777907102950994,-0.7943987998855822,-0.01805509540347383,-0.9512108453676811,-1.7493451552117045,-0.47895669527201834,-0.2933469249438294,-0.5737741377280201,-10.37238201964655,-1.558775058977701,-0.7052390334064775,-1.7423262189241155,-0.4807007836448285,-0.031064800124923474,-0.017001768267769758,-0.09887688145085735,1.1339632383554012,-0.008763024660410124,1.1252002136949981,-1.2228219409464955,-1.1344735316652823
1993-03-01,1993,3,-0.17655715400280964,-0.6928903776375044,-0.00021393889765248028,-0.9341123730859744,-0.013637894773160771,-1.6430672795586365,-2.6004194482141587,-0.7159446725889269,1.2036667085783863,-0.08909552507279475,-1.9034510427219637,-1.1500818985843213,-0.3113326141288433,-2.363641394880455,-0.7134308160009517,-0.014125387301437756,0.015466193325947057,-0.03857505818994143,2.131511518106678,-0.23426419674573584,1.8972473213609384,-1.3995165756806323,-1.3222324096269418
1993-04-01,1993,4,-0.11041774613246405,-0.5280493396893695,-0.00012322114467291063,-0.5040374812702215,-0.007540346882128181,-0.5382999643602169,-1.7668415840086547,-0.7032531994956772,-0.21026575786758483,-0.11880062543390785,-2.853971510954679,-1.1082039109522042,-0.4318682884136141,-1.4403230587096614,-0.7061448491243292,-0.0043053772642630585,0.0017544668456902467,-0.11622838224682314,0.584870490104936,-0.3294101749276245,0.25546031517731815,-1.4872552404281016,-1.5042268512607393
1993-05-01,1993,5,-0.0973898015776325,-0.27987628262046116,-7.89029841052103e-05,-0.2249264550345368,0.000457121361137576,-0.24670965418181057,-0.7081491023403412,-0.49950907747519757,-0.8177582956690712,-0.5577298741097455,2.698625023419389,-1.196529266375927,-0.526092658468093,-0.8420284124886455,-0.5039565942663307,-0.0007023748567492744,0.0008030969881016314,-0.13976047352225449,0.41040818634847787,0.12943179335711752,0.5398399797055966,-1.6815253277952849,-1.728497381599503
1993-06-01,1993,6,-0.15524040671913544,-0.17982108452727502,-0.0001259576978601402,-0.6760052459176142,-0.004698400727064032,0.14299086653961246,-1.1801843005428798,-0.8732886599064575,-1.1378541654436476,-0.6042422030348459,-5.531313564290085,-0.6872185007915985,-0.5239683004700051,-1.902583978933039,-0.879315959496271,0.0024222207750788233,-0.006257525530598298,-0.19730955094695318,-0.3703617620872106,0.7163723788004944,0.34601061671328354,-2.0435193116917567,-2.0951726742971886
1993-07-01,1993,7,-0.18269573709783943,-0.19304140544993365,-0.00012752214123481744,-0.5809519684720396,-0.002225215580997709,0.9498044176369753,-0.7176644644698549,-1.0393169594350786,-2.703393927644613,-0.7048410991090707,4.105483167929331,-0.6517334260620797,-0.6334489290970153,-1.8161628787509647,-1.0422566079845899,0.00381948565480442,-0.02652439998113276,-0.2760054302638782,-1.9802683315704697,1.0955587657316164,-0.8847095658388608,-2.236725569271627,-2.3598687365508297
1993-08-01,1993,8,-0.19060280062468984,-0.3783104562359964,-0.0001976035629460301,-0.8856278519361501,-0.017562831854826082,0.32991695442747093,-1.9633060307622658,-1.0982925012895923,-0.9892295247101417,-0.34506029970607294,-0.07424293336590426,-0.4213442631715219,-0.32078800246886435,-2.4121298936552122,-1.0953624526339845,0.000386402402724393,-0.010325741351207944,-0.21111103182788862,-0.543612964301385,0.45175391154856837,-0.09185905275281336,-2.393187638274348,-2.528671688822982
1993-09-01,1993,9,-0.2549948988072198,-0.6013389738889328,-0.00024762785789005884,-0.9959987726037101,-0.014175600064131443,-0.7867279065704622,-2.8298257304517476,-1.2986973129402122,0.9522691596185648,-0.2566461226168033,0.1739829864955309,-0.24817175761139282,-0.37129302540756914,-3.0086423198995726,-1.296567980724482,0.0005833443669643057,0.017247368337837587,-0.18317276810185246,1.085794014439179,0.18094592166353018,1.2667399361027123,-2.6245433242984255,-2.683857619818461
1993-10-01,1993,10,-0.13659902886807399,-0.3780476734282624,-0.00017402748209238722,-0.5635089128392948,-0.005297674769456641,-0.9843422931108852,-2.120347611573669,-0.7054311899524286,0.48706091632128623,-0.5157326195271814,4.442467817196338,-0.4363489999315753,-0.6519177320792702,-1.828908524499723,-0.7019471892288129,0.004670550748975981,0.014404042866035343,-0.16696418696119641,0.7872248037008274,-0.2879550863503274,0.499269717350496,-2.8741325606017867,-2.852809001221104
1993-11-01,1993,11,-0.29656739777101837,-0.34033288962168556,-9.15480662928001e-05,-0.4280996012968098,-0.007416802845791855,-0.29092161447076514,-1.8138144061201125,-1.2162135208654796,0.06834846329538169,-0.6320973053755097,12.49509032074191,-0.4505411439595935,-0.7431403240045189,-1.738635486337742,-1.207924121379515,0.007191566006695394,0.011999004623676576,-0.12310059242964108,0.4078465886259637,-0.06688952029639594,0.34095706832956385,-3.1608073955620455,-3.0741651449825227
1993-12-01,1993,12,-0.16977438892110655,-0.11638409004948946,-3.0115879961914417e-05,-0.3187866112478589,-0.008483309953557193,-0.6453377257097059,-1.160249800930472,-0.8127486986543468,-0.09879357470281747,-0.6508930368687023,5.562062316454184,-0.302912156115723,-0.8643803588134561,-1.0921516380853453,-0.8041480679209745,0.009280233633893919,0.007310799577381805,-0.1533976822184231,-0.009368740531857656,-0.059497532111811635,-0.06886627264366607,-3.292737057397229,-3.1973718455341213
1994-01-01,1994,1,-0.16786854927553999,-0.24349373250683226,-7.517349609444967e-05,-0.5420242612378384,-0.015313849238083148,-0.8795371342147222,-1.5858208282869743,-0.5782674581794887,0.4675918803108414,-0.1610309220113569,3.2449023473883516,-0.0871551605435756,-0.3550640752105675,-1.3477595628790398,-0.5665287742353633,0.013710825959807393,0.016299977891879168,-0.023255420562334275,0.36071388765525025,-0.22632258146385942,0.13439130619139755,-1.5228161476766218,-1.46894075525298
1994-02-01,1994,2,-0.4383335455399835,-0.20867872497036782,-0.00014437601228357516,-0.5734960464736508,-0.01831023523973565,-1.0521707237794864,-2.6920673590740405,-2.0497900787766508,-0.029557811519247634,0.26685636702838467,6.9985651485205125,-0.010670473602378435,0.11781590580193975,-2.4967374626743672,-2.043706434416235,0.006424764110728627,0.0027748834353008775,0.13211443313486324,-0.1679277991433128,-0.1892462520392686,-0.3571740511825712,-1.6501292805091978,-1.5617862607165165
1994-03-01,1994,3,-0.19964181531897482,-0.34517546549890155,-0.00016083021801744583,-0.7450467110772795,-0.012285052772989295,-1.3445908501131771,-2.255501644943715,-0.7990118380628166,1.3791572040710562,0.31472655634514074,3.212808112318373,0.17965431714362207,0.1702886600502461,-1.9837983180148968,-0.7962428023805239,0.006794804786064659,0.019956443900818903,0.11853923593968947,1.0550649906325087,-0.26893429124653345,0.7861306993859785,-1.8668239152432982,-1.7995451386781909
1994-04-01,1994,4,-0.017117616529089552,-0.28429016192008844,-0.00012380310096457494,-0.6233876677882726,-0.007655020275003886,-2.1056955458696027,-1.9564098242535122,-0.31813966605402055,2.405491828609264,0.34113447463901087,-4.838040639706238,0.16075975346084134,0.03090174120162019,-1.2192691794690727,-0.31169624304859234,0.011159091000254265,0.03798780572425009,0.05507848615998599,1.9344993417110616,-0.7306972217789871,1.2038021199320776,-2.074562579990829,-2.101539580311993
1994-05-01,1994,5,-0.05696634249072646,-0.19864215057541745,-0.00011013423781727435,-0.44399338355896323,-0.005987836277938986,-1.5223993548266488,-1.432514795643985,-0.21453484439963622,1.20265586019502,0.1518829103092838,0.36496058502522083,0.11586201386985912,-0.05590368874104695,-1.120006217023911,-0.21341553629950094,0.009393151432305267,0.021708741139293747,-0.02506469376433465,0.879007247274771,-0.31138927051999277,0.5676179767547813,-2.208832667357953,-2.285810110650793
1994-06-01,1994,6,-0.021229588945070044,-0.03832179893796672,-0.00012277063358450422,-0.5566902961597527,-0.00672346086171864,-0.8572317447096993,-1.133182423131779,-0.35345322022056314,0.2647350186033999,0.003849060749094635,-1.3125398214995554,0.30529004370442997,0.07382199772390044,-1.29413800945599,-0.35224391418982126,0.012294827621528701,0.009993900318561871,-0.04729641229154468,0.0294179118737663,0.16216489235510134,0.19158280422886736,-2.470826651254402,-2.5624854033484468
1994-07-01,1994,7,-0.06264003590270117,-0.03985456091980438,-0.00014437067084698308,-0.5700104392817201,-0.010500537679434294,-1.0952546333871203,-1.7388386120886108,-0.5130415553275394,0.6625570188386845,-0.10656629486680497,0.7348518910395898,0.31905240575747046,-0.1411850084996073,-1.5845374047382736,-0.5087027124869756,0.010014181381667701,0.010825583872179918,-0.08106094629637074,0.3088858994483987,-0.14996236450975253,0.1589235349386388,-2.5540329088343157,-2.7071814656021402
1994-08-01,1994,8,-0.14530256086667265,-0.23875249828355904,-0.00015389380676709443,-0.5465701174726548,-0.022892662181825788,-0.26089313029476324,-1.3750413822558463,-0.6678338275658271,0.04785862997737067,-0.048696122725736174,-2.111754662780865,0.3081564881213909,-0.01664975214767071,-1.786874229711405,-0.6604324805536488,0.010285783697325739,0.005952630447499892,-0.09673407262861564,-0.22825148756592517,0.4192341944677509,0.19098270690182895,-2.6304949778370528,-2.735984417874249
1994-09-01,1994,9,0.0002772277391639988,-0.18803338241021123,-0.00015805987753912342,-0.7626509077147258,-0.017231845544144114,-0.9325019463680402,-1.7913872690822714,-0.13711480751404181,0.9314125839649854,-0.23072668596887466,-5.52497351119992,0.46839726239047275,-0.21016056719761478,-1.6589705738992016,-0.12914633830535793,0.01201880673243676,0.016181497155310268,-0.1057937292822661,0.48358144034579875,-0.1244482259744113,0.3591332143713835,-2.9618506638611564,-2.9511703488697307
1994-10-01,1994,10,-0.00676452098832786,-0.5982104668984534,-7.988682665865184e-05,-0.4802605130263887,-0.02299265379755263,-1.2765006127354033,-1.2422646484977338,0.001872101180035557,1.6684716573606462,-0.49229301091195043,3.545648888545022,0.25403514849722525,-0.6239838063278661,-0.9035827455086394,0.008880471050745298,0.00830616701682636,0.027606616200833142,-0.17586163608721025,1.2827457134475138,-0.331673533118382,0.9510721803291278,-3.211439900164514,-3.140121730272355
1994-11-01,1994,11,-0.013585955561972562,-0.2547680531364065,-5.8493321527965043e-05,-0.522138011091558,-0.012103984115879644,-1.896716251785373,-1.5269932019168106,0.03614613593875382,3.2529480583980668,-0.5090077484887877,7.112821979849599,0.30343645220415216,-0.848447267583572,-0.8454899061999837,0.042785556677913394,0.005024873448303775,0.043603688777582514,-0.1949458509999952,2.610072087099117,-0.6748638749776612,1.9352082121214556,-3.318114735124709,-3.2314778740338355
1994-12-01,1994,12,-0.08048317613909467,-0.13921448366520622,-5.6199474699679245e-05,-0.5157510409667762,-0.007486931113698898,-1.9602187500833521,-1.8574127922310355,-0.3402655217765427,2.3562718013103234,-0.2821354748813971,2.52632747986204,0.367871858948245,-0.5737006797692472,-1.2028222690459405,-0.3392662331177425,0.0016110242418234388,0.027394540643109998,-0.15567412911425732,1.6968347374742152,-0.6535912345263524,1.0432435029478662,-3.510044396959895,-3.444684574585409
1995-01-01,1995,1,0.0010119291616305648,-0.138805393040479,-2.1100372239713362e-05,-0.19577805706335372,-0.013220855328707438,-1.9692684724602132,-0.32138265719074854,-0.09937775523031123,-0.13883384803660226,-0.08077035691128073,0.16202738027040442,0.3053888852796343,-0.14067260999510525,-0.5320082238049251,-0.09713072515862331,0.01427622500668399,0.007489425085905964,-0.04073341320039261,-0.5041249864000101,0.21287259668581415,-0.2912523897141928,-1.7701234872393208,-1.706253484304277
1995-02-01,1995,2,0.21966109581756005,-0.3068466511758268,-7.460157235538893e-06,-0.24450388315659677,-0.027321392108128326,-2.0653421420623577,0.24456140433134932,0.9337773749314284,1.5012536448641587,-0.22755036564558084,4.773805067092721,0.2563523771232268,-0.2864733694430744,0.1336530017159525,0.9346358188195982,0.017455081105416128,0.034997558958985174,-0.041438797269895175,1.1859782639434184,0.11176684650355895,1.297745110446977,-1.927436620071866,-1.7790989897678315
1995-03-01,1995,3,-0.09761262295283224,-0.22409289872851496,-3.903252003220953e-05,-0.23465265296773896,-0.012123418658294428,-1.7205820851588927,-0.4786681296444182,-0.24149378548507983,0.4511568709263212,-0.03443470069315607,12.149222438817901,0.33687883050150635,0.10261725720415699,-0.7751845608404038,-0.2456950125547006,0.026980993181075417,0.02762042923469093,0.06226244489936251,0.25132999832210423,0.29231520412635703,0.5436452024484539,-2.0341312548060095,-1.886857867729507
1995-04-01,1995,4,0.08552621447404218,0.03806499389348339,-2.741623161233944e-05,-0.2423988732015412,-0.0079583061315963,-1.1549295863367566,0.5921227059161491,0.33806642612838345,-1.064847897376813,-0.39273103186298475,9.69289135505134,0.32539941117953153,-0.21866914997928996,-0.1905504673270606,0.3377000432921351,0.03540704583143653,0.014047166247201148,-0.08436000855657695,-1.216185426672595,0.7823067904069856,-0.4338786362656063,-2.121869919553479,-2.0688523093632476
1995-05-01,1995,5,-0.06629562012643031,-0.08471806492869843,-4.581089486064012e-05,-0.39739805216309565,-0.009913357788391617,-1.2155974130336569,-0.5786396574685362,-0.31415093894390744,-0.5187878596805009,-0.7838585382917481,5.7227291333742185,0.4282671151505575,-0.7487423003250921,-1.0807812195757207,-0.32136411458632863,0.030545112498923492,0.014147854329039172,-0.23738416572255547,-0.9119387368644296,0.4949283864647094,-0.4170103503997188,-2.3761400069206644,-2.393122839702091
1995-06-01,1995,6,0.08299530732765215,-0.03274245758418315,6.879347788129838e-06,-0.2738090696496033,-0.0031814377740103685,-0.8237287318192057,0.017258288620924045,0.5076684101333604,-0.45224009453075165,-0.515527327006661,1.363345272264693,0.3880679270186188,-0.23850418209611268,-0.36428767632632253,0.5030594642963866,0.0323875225384565,0.017237374113586973,-0.10407416784793216,-0.5632848766388459,0.37693701911042143,-0.1863478575284247,-2.5481339908170817,-2.629798132399724
1995-07-01,1995,7,0.08087072746016433,-0.10452158290011349,9.877615086153465e-06,-0.1393198276059694,-0.0057211156638365904,-0.9898133766379806,-0.1638818021414199,0.2987470547714923,-0.12827595508133127,-0.43333404701278083,1.4778833537252236,0.3578633557958194,-0.14913232078605917,-0.27192533407364294,0.2969154703456516,0.03112479358032567,0.02244609897894779,-0.1061652225825191,-0.20193758465044565,0.10621194750640683,-0.09572563714404264,-2.6913402483969975,-2.83449419465342
1995-08-01,1995,8,0.0911629341995367,0.26708449828814657,5.574961820141325e-06,-0.10414220773510119,0.0010237218261045285,-0.2101874785183364,0.7001321685175486,0.6254914039475115,-1.4004509171466815,-0.22928517552861225,4.81685906065151,0.3222772957167903,-0.06835239451676556,0.10419570466153383,0.6277738795918697,0.024800696975798075,-0.0020635076394928606,-0.14540174055936098,-1.561795431851606,0.5982189395003864,-0.9635764923512165,-2.807802317399755,-2.943297146925513
1995-09-01,1995,9,-0.013751174058271864,0.23183691632742742,-5.289959480218805e-05,-0.23030876571473502,-0.008644785783297686,0.31652556589689196,0.7876751539145226,0.024479995093243723,-2.785165858379454,-0.4426685837302451,12.959576899349084,0.34812667315443957,-0.02334732897281181,-0.48707952383705555,0.0307249647814829,0.018811825231255082,-0.022839218923143653,-0.09372299767343073,-2.7139712767764523,1.2809996474397916,-1.4329716293366643,-2.799158003423827,-2.848483077920992
1995-10-01,1995,10,0.03331663565146914,0.02010169737579376,-6.391044534541742e-05,-0.514427962525731,-0.008170257070786486,-1.4082846387081078,-0.36166724944560347,0.1915464059242824,-0.008731661872281471,-0.5491983375519884,15.301290111347559,0.6515086483776827,-0.3920241799259505,-0.9955062729240396,0.1969390146882508,0.02445691332960273,0.015955428182554562,-0.15687205468259205,-0.5030661526239286,0.6392316322424038,0.1361654796184783,-2.9487472397271617,-2.9374344593236508
1995-11-01,1995,11,-0.022794092700263557,0.18756648676513465,-0.000120061827930429,-0.514999272898416,-0.0069986566232358004,-1.8247105585972183,-1.08493890356653,-0.14676567034533972,0.39490447075987634,-0.11040398567121185,8.531949039195394,0.809498535016056,-0.1736989666064233,-1.2588130193374036,-0.14179095179033085,0.029661492725746776,0.02107114006952064,0.062315062380961975,-0.47788904519141484,0.17884883432588883,-0.2990402108655227,-3.1354220746873978,-3.118790603085106
1995-12-01,1995,12,-0.23396625033983398,-0.19019580270409941,-0.0001248912668051439,-0.46638018993710795,-0.01679682956164447,-1.3363715231873043,-1.0161384734754881,-0.8415605834004609,-0.5443400656267434,-0.028657506850543107,7.866279460563069,0.6433770132146239,0.235225780407693,-1.5792922013693258,-0.8413963046264492,0.026771233591700295,0.010387636974950508,0.2737151203198308,-0.923833791583162,0.5633180066677953,-0.3605157849153705,-3.28735173652262,-3.2719973036366774
1996-01-01,1996,1,-0.2629534297725591,-0.17548571058150225,-0.0001196278162071788,-0.5556885522621572,-0.015394916205429297,-1.0313076716824598,-1.067250913023969,-1.0336213759519537,-0.4028689240296779,0.21163368911353653,20.741052311208165,0.809242907244215,0.3544365051516472,-1.7362263422930506,-1.035079854692277,0.025699753072121568,0.00917504568071744,0.17442096603349802,-1.0693090152357279,0.667516950528708,-0.4017920647070167,-1.6374308268020172,-1.6335662133555147
1996-02-01,1996,2,-0.06632439477650137,-0.07603254608677057,-9.639818838230401e-05,-0.5049730610896287,-0.010220427555302506,-1.6389158402893718,-0.8800187690873906,-0.1942208392949778,0.9501407511690845,0.3354030992662512,16.96115240485842,0.725417688884435,0.4130297586319682,-1.24670780346753,-0.19202503085686096,0.019159112304658818,0.02301725040134963,0.2069131330413138,0.3023497216503641,0.36888484281824496,0.6712345644686122,-1.9247439596345615,-1.8564117188191034
1996-03-01,1996,3,-0.132331102353491,0.08015273806586715,-5.0112826798848e-05,-0.2921716927972915,-0.006850689949577339,-0.6096886773854617,-0.1589288673297693,-0.7905705839095893,-0.6963274044944754,0.49122021086607726,18.574604181774404,0.6164286147146475,0.8720395653387626,-1.0582006119707854,-0.7930196187207461,0.025048073556991707,0.0061939292907531585,0.25274506926429596,-0.9319366647364258,0.8968227098298512,-0.03511395490657837,-2.1866092994085804,-2.089341316586406
1996-04-01,1996,4,-0.14864401609308053,-0.13509508856672564,-8.605028618097755e-05,-0.47011076415968356,-0.0004456038829194608,-1.4508662691585115,-1.7197597466173107,-1.1152036597255763,1.2319405853422647,0.8903417693152229,10.474078231899252,0.8442480874085541,1.0880751835225044,-1.6772473404133557,-1.1208517270961358,0.031160494349926873,0.031597910060809115,0.26954914224528376,0.5854259121410219,-0.04816047357449049,0.5372654385665345,-2.424347964156084,-2.3913357582201513
1996-05-01,1996,5,-0.21931880398231585,-0.28690265487398336,-5.4317220380978564e-05,-0.5436146481832012,-0.009351038826380196,-0.5323020272785919,-0.9822950603007714,-0.9854436323340374,-0.7407924945491573,0.323720049123148,16.4721087316336,0.7008381663627212,0.8815759528093032,-1.6407006854794601,-0.9938717868218705,0.0300828400964968,0.00873489401413402,0.2007763468675722,-0.8837747572257364,0.6499774706908015,-0.23379728653493337,-2.4386180515232,-2.445606288558949
1996-06-01,1996,6,-0.2096857836516548,-0.22921253290722704,-6.45954530564088e-05,-0.3775161326201373,-0.00297056195685386,-0.5540425544164318,-0.760465369710678,-1.029990955483715,-1.2299615651409286,0.04500969487663117,13.117883173611302,0.5783320991977131,0.6747867361473926,-1.5556271395564232,-1.0390225743721833,0.021237159849529716,-0.003582802406463241,0.14081619699160858,-1.1785166230678756,0.7861301509574252,-0.3923864721104507,-2.17061203541968,-2.212281581256619
1996-07-01,1996,7,-0.11314595928770022,-0.2724571112970613,-0.00015242293783388524,-0.8603461989634816,-0.0077375765880793815,-0.26741614002536673,-1.3684521562832628,-0.6994342148095052,-0.10007353644189565,0.07037764656966541,14.262435300404624,0.9570468624178271,0.5674574877909507,-2.1587521192512966,-0.7045930332333117,0.030980861188543547,0.015352245927482945,0.08796039848252449,-0.5600405576384435,0.7851411445442482,0.22510058690579732,-2.0338182929995696,-2.1469776435102688
1996-08-01,1996,8,0.0009301976345733598,-0.2600669210866517,-0.0001506475458972974,-0.7769735507404985,-0.016325738339411776,-0.8631860923370045,-1.0257887708905424,-0.41530479102645423,0.26225498071514264,0.07114612321490324,11.385492558519047,0.9976056479570998,0.40011711098896946,-1.681516209329339,-0.41857513513086864,0.029899579355106072,0.019842378063839407,0.08356009269159799,-0.406379679467872,0.6524570943343959,0.24607741486652712,-2.40028036200232,-2.5057805957824257
1996-09-01,1996,9,-0.17379627965720368,-0.09484343189374184,-0.00017776596849122583,-0.9318375847058091,-0.006855298782374725,-0.6807135169970073,-1.7969253197011925,-0.9752942864426211,0.38844257482838973,0.042380849173253465,8.955138870081878,1.1379120643574894,0.2864933559572942,-2.3157078060984677,-0.9731003990328198,0.026150794696683636,0.016328714624880933,0.14339588434873818,-0.5053569827450439,0.520976373807051,0.01561939106200333,-3.0616360480264078,-3.090966526777912
1996-10-01,1996,10,-0.3185793911636634,-0.10735064118039761,-0.00014973981055345584,-0.7514267246039947,-0.009306718603924109,-1.0623802969952991,-1.806840054588442,-1.5990247556164303,-0.43363931433973746,-0.1601003160523248,18.790371242001914,1.0639898964406953,0.09823496429756187,-2.5022273126665766,-1.5975104567140253,0.0213963549090905,0.0030105474232418744,0.14698809558280043,-1.2392939304305524,0.6969015569805421,-0.5423923734500069,-3.591225284329745,-3.5699179081805497
1996-11-01,1996,11,-0.09822674914848417,-0.09495479386473976,-0.00017269512229656814,-0.8850735145554829,-0.012333058538313969,-1.8383232455399483,-2.173124680670212,-0.7205321782292298,1.8883881718117743,-0.2693771532260946,20.009634230180293,1.2461350192352871,-0.26898481497176163,-2.199998030222006,-0.7225793314975197,0.02511674059478993,0.03416565051702416,0.016664954563177854,0.6426454908308212,0.024826196283507018,0.6674716871143316,-4.0079001192899995,-3.9612740519419916
1996-12-01,1996,12,-0.12739670068040032,-0.2192426083711876,-0.0001548941640351821,-0.7557645568683439,-0.005177595023606544,-2.0503388743424176,-1.9858046222075831,-0.5388001602699686,2.269626832056626,-0.25879084584126466,13.372312244581655,1.0748409177833924,-0.5078084138566703,-1.7712105664198305,-0.5362098506991744,0.019521206999788418,0.036089284883287436,-0.033534212302475344,0.9457683462578184,-0.2120037462170159,0.7337646000408058,-4.199829781125182,-4.174480752493558
1997-01-01,1997,1,-0.22866556621117695,-0.22758698054336385,-0.0001288194336647159,-0.547153059006172,-0.013922723392192558,-1.2523518172465256,-1.6261604131756182,-0.9289579489216235,1.0893668707836164,0.19640580310231948,11.876496394925155,0.9380582344699199,0.31532634482043953,-1.696218733071468,-0.9340183924448642,0.02131004167559512,0.02150024416072776,0.2516870021588078,0.2702291780318462,0.06499787637255838,0.33522705440440775,-2.3999088714046053,-2.416049662212444
1997-02-01,1997,2,-0.1895123510360076,-0.10963564599373482,-0.00010059332654454304,-0.4965529904070163,-0.0008123563167197236,-1.9720145244020997,-2.277648409403111,-1.0838249709273182,1.571806862177491,0.30038872197652133,9.811259646658977,0.9812494089283457,0.3081252319725977,-1.8356377950348493,-1.0849185308957436,0.016726395181088632,0.02169593206281195,0.1753227907989226,0.5982939632452617,-0.44310417433670224,0.1551897889085629,-2.6972220042371404,-2.628895167675992
1997-03-01,1997,3,-0.02993072343307296,-0.23934741440051865,-9.37660304958121e-05,-0.5871958973615194,-0.017526408641914435,-1.690802172806404,-1.523640373185327,-0.32872546887353105,0.8846762271100299,0.1715846427440463,0.6021825193019466,0.9598799163297757,0.3726824537397719,-1.340943312355058,-0.32942513539684826,0.020183154813337923,0.014492579185395399,0.1733328872076511,0.12589412177596326,-0.18339672735359058,-0.0575026055776276,-2.8739166389712736,-2.7666540456376367
1997-04-01,1997,4,-0.19953220543953593,-0.49351447723447733,-0.0001718755913627432,-0.6938311080906079,-0.003501934350954531,-1.2212376517337233,-1.8681494527159277,-1.014044113646144,-0.08044175434178191,-0.20977633361815273,7.575395553026262,0.9208652645424895,0.37342639027080565,-2.094011789561556,-1.021717130931409,0.026369444278134632,0.009903689698506607,0.10733157300217419,-0.4181042949952729,0.21818931956039078,-0.19991497543488246,-2.951655303718752,-2.888648487271432
1997-05-01,1997,5,-0.13492338597620895,-0.3650457303728516,-5.8769165149242175e-05,-0.5828988389624246,-0.00010396761306035764,-0.5660222557383183,-0.980141161614545,-0.6155418984689287,0.7299973171604959,0.07915931014877672,9.551073932096173,0.8797149863007423,0.3170832809479856,-1.4323688922269309,-0.6262651513841082,0.027972794235567706,0.024806677610471117,0.059037346586965314,0.08820630165892807,0.44150447769715195,0.5297107793560815,-3.115925391085902,-3.082919017610223
1997-06-01,1997,6,0.04563552329651738,-0.4561165982959039,-5.971059697647174e-05,-0.6063850052763156,-0.0077315056965737376,-1.1958005994967884,-1.005095875852358,0.25135538744198893,1.9579918133435676,0.12428561306428249,-0.8610638705622233,0.9200132097835471,0.25806701785413316,-0.8483127902236438,0.24279112447262685,0.02490405110891664,0.03834130731032182,0.050523709914458634,1.171760008349851,-0.16534734859793143,1.0064126597519227,-3.347919374982382,-3.3695943103079244
1997-07-01,1997,7,-0.11596583351288542,-0.23768838669542414,-4.568887964405058e-05,-0.4272870920139954,-0.01065358407241608,-1.1052014009879345,-1.3877359631306652,-0.30671035327775353,1.3590791092049597,0.10419175948498485,14.961639033790593,0.8813763016437227,0.13211628276131598,-1.368669636000892,-0.31608587136747035,0.019076150961304186,0.025940721998721862,0.003790930591434067,0.5056273308375692,-0.02844184521946913,0.47718548561809265,-3.551125632562247,-3.674290372561586
1997-08-01,1997,8,-0.08980829622088443,-0.27905404113117627,-7.824346245656149e-05,-0.5145161617891829,-0.0198440751341281,-0.6608255439484627,-1.1196843571390969,-0.12010953174391514,0.7274725016561556,0.11508742585344356,17.44249886786845,0.911957880577071,0.16922944763271555,-1.3070980197365194,-0.12125899921817829,0.019832548806038765,0.017033844998327538,0.0370310087376844,-0.1303433571416388,0.18626419512317283,0.05592083798153724,-3.937587701564979,-4.063093324833709
1997-09-01,1997,9,0.025415312532675816,-0.399110963238544,-5.9712553555691235e-05,-0.4115934674522259,-0.01755834664801749,-1.326688038223086,-1.1940608686125054,0.5791741862510951,1.7166244493960396,0.12961637928240452,18.25425538742831,0.9967175859981464,0.121317695109158,-0.6763818134004596,0.5822910024380183,0.02748892951115641,0.03440802335973324,0.06602109512820502,0.7116081792246371,-0.514562239025148,0.19704594019948524,-4.238943387589053,-4.27827925582919
1997-10-01,1997,10,0.07236780731800213,-0.23913742521022163,-1.4258512964420193e-05,-0.1742874152076822,-0.016705491910554152,-1.008733934032453,-0.20769017976509296,0.7573323665326925,0.7683837509590683,0.0767623195764004,29.039146180376633,0.8617258223408893,0.08470012483154932,-0.03214561760951229,0.7576383338599053,0.028688137497558927,0.02368813947348032,0.012225486714996039,-0.08540426612667118,-0.17523859482836535,-0.26064286095504025,-4.208532623892445,-4.197230637231776
1997-11-01,1997,11,0.12345634376790571,-0.1742047962549469,5.0077780078768144e-05,-0.03151695764813267,-0.017493990317588835,-2.1744517050272307,-0.4657965296224553,0.9010743068080915,2.5151785488622034,0.0007697708979045592,30.33440190313392,0.8048288650225146,-0.08838632375053049,0.3599683268230387,0.9004863407507635,0.029906778284998308,0.04912112023250339,-0.041998274805940594,1.6211935891912117,-0.8263528225028122,0.7948407666883958,-4.055207458852649,-4.028586780993265
1997-12-01,1997,12,0.020769366669828038,-0.058855800452755846,0.00013160248690185285,0.14052426756892367,-0.004601655985919129,-1.1056768681606295,0.24555251650326015,0.5301402148978467,0.8868976530664252,-0.08585397259596983,20.359950086788718,0.700808564567464,0.061046954966791904,0.4632993186916794,0.527390396165033,0.029249106143621643,0.027827564821732757,0.00819446380169557,0.3329900160616954,-0.22049662092129052,0.11249339514039403,-4.027137120687861,-4.031793481544803
1998-01-01,1998,1,-0.08460358906694754,0.3082892347886924,0.00014183376991871893,0.2552004150137134,-0.005418820809766795,-0.23913287887361578,0.7138581429945843,0.0418285145266708,-0.8912945473659897,-0.0199973323900228,35.663907325482995,0.737541241344667,0.2263833022437792,0.4312487668134075,0.03362687215397475,0.0331329628097452,0.00788034995041214,0.0860611692837568,-1.3824551540768182,0.2744077338084301,-1.108047420268385,-2.367216210967271,-2.3833623912637023
1998-02-01,1998,2,0.1479087911846233,0.5297239117607858,0.00014488408939809317,0.14898003868977705,-0.007620468873984454,-0.6420038786103461,1.5671859606897103,1.1527750063808015,-1.7790111067712386,-0.1726986862028032,21.219209146679766,0.6394979642302792,0.26823518956569387,1.1734782347499317,1.1480189755447732,0.02382109700679791,-0.012443247140961122,0.14084495371409556,-1.9775751952330445,0.38895169510373884,-1.5886235001292954,-2.7345293437997995,-2.6562078967272456
1998-03-01,1998,3,-0.041671462786774305,0.3366270323440521,5.361980198692238e-05,0.027394025144714673,-0.003883423900033484,-0.11596070507381251,0.5912937616262308,0.02242069064305996,-1.9403783792259068,0.32966439412823223,36.82774682258805,0.7095524888900141,0.7092337999560743,-0.020709375800169738,0.01683912675233823,0.020278913036481945,-0.019718539780412686,0.2445747093496009,-2.2703614622880246,0.6064215735356709,-1.6639398887523575,-2.8512239785339304,-2.723966774688904
1998-04-01,1998,4,0.1818956260083689,0.6286894097518958,0.00016122845599849308,0.2910711398431709,-0.005286491284765571,-0.9477689115679326,1.6466747745986017,0.992037851948121,-1.229173482562717,0.40181312424237237,27.539057312901825,0.4677737733912864,0.581659931980699,1.532352545658621,0.9864156700663007,0.014740211849201327,-0.012699690805667713,0.1787859319381744,-1.5171004482156578,0.10870004705818437,-1.4084004011574702,-2.75896264328145,-2.6759612163226834
1998-05-01,1998,5,0.2336241742693615,0.5252462230556112,0.00014528893190369205,0.2225211337011439,-0.0042231081130146425,-0.6624503924834206,1.2802943810351524,1.2022025283143665,-0.36579255676626343,0.2213715457845266,21.648430546653117,0.549974848593547,0.3573031305303555,1.112673614833573,1.1976143321181405,0.008468262330368983,-0.004399082076918692,0.07804124401489076,-0.7798358206140268,0.16303257000529914,-0.6168032506087262,-2.6432327306485703,-2.57023174666152
1998-06-01,1998,6,0.2415777618714005,0.3642224838204905,9.53575955646627e-05,0.01056362763444052,-0.005933167690284222,-0.710343766670912,1.2986412294134189,1.2065291711657427,-0.759057243886202,-0.32966639939868425,29.3753063391462,0.4754584819361671,-0.1700519096516998,0.9206381362407865,1.2003296110362007,0.007351430826107973,-0.008969993553201931,-0.06353288494970429,-1.074901236075334,0.371803533043239,-0.7030977030320988,-2.565226714545048,-2.546907039359162
1998-07-01,1998,7,0.19909443982648078,0.24317503218197023,8.818296235708466e-05,0.0630339819592074,-0.015668254842071495,-0.5823228910592446,1.2306841659807009,1.1417768745680092,-0.10932040155818656,-0.03191365394254431,36.363018669452046,0.5010512360645324,0.01581180987763456,0.925977053200568,1.1374021771914635,0.00845340261779802,-9.918192913085239e-05,-0.02019436132609218,-0.5626461738025641,0.30033241540360434,-0.2623137583989635,-2.5484329721249424,-2.651603101612835
1998-08-01,1998,8,0.21722637687025032,0.2506988090245441,0.00011546154995497357,-0.02421512654737601,-0.009659379572738052,-0.7453261378933278,1.1347201677021186,1.0782599206492252,-0.038995738276946135,-0.1442505043586685,32.880935776619786,0.5946235236021841,0.0339871386315147,0.9131587734690196,1.072679075057865,0.005517518190951795,-0.002962592777129361,-0.003658308989593348,-0.45538161888893525,0.2159805486417523,-0.23940107024717971,-2.4548950411276564,-2.5804060538849782
1998-09-01,1998,9,-0.0187646984164474,0.26037765909043875,2.7116159571844632e-05,-0.2883884582535121,-0.011649402763990712,0.2036447888785613,0.7339383376878885,-0.03707850319696293,-1.975627359565203,-0.12408229204216642,39.21729526231537,0.7575032694557402,0.2307076911322574,-0.26998492139978536,-0.04297058493346917,0.010361207828912571,-0.023405370604782108,0.046800805931072366,-2.3783406458465253,0.9980311773511383,-1.3803094684953874,-2.5062507271517873,-2.5655919848804416
1998-10-01,1998,10,-0.09361919120963008,0.2591635003966659,5.3349350143914467e-05,-0.1914111704506556,-0.002002928548912786,-1.566707708832861,-0.6672309131599152,-0.6111895335184259,0.7360727106668286,0.5068570924214564,31.433105642337424,0.8420797118332624,0.511461268956238,-0.37042667986218536,-0.610522680772889,0.018730781506396402,0.014964045969762488,0.2395696079462349,-0.10140282463164763,-0.29613738055218675,-0.3975402051838418,-2.6958399634551498,-2.7145433662831024
1998-11-01,1998,11,-0.03564880085701455,0.1743099099514015,9.045037367730419e-05,0.34656488393953655,0.014768772132085944,-1.6282778029636575,-0.03900203781891154,-0.44827283339775614,-0.3705524016520525,0.3168189816111431,13.523908888848773,0.6141827520937636,0.36539631786718224,0.47879185508369027,-0.4491562583226747,0.027018389427464373,0.009588287165405295,0.14480168902042279,-0.9361578174897547,-0.5186773178275144,-1.4548351353172657,-2.962514798415313,-2.965899510044494
1998-12-01,1998,12,0.07541912710951221,0.31799213790589864,8.808159270288878e-05,0.3808661782878775,0.025174132817968223,-1.3046811973327967,1.019109284100057,-0.10507894364174919,-1.4665821466355589,-0.05195391902763505,10.844249593273561,0.5001662569208984,0.11150651941269227,0.8712470273489719,-0.10033506725145336,0.025595692738875096,-0.005162543739140497,0.059293653909037715,-1.8032879651161255,0.1526061331413231,-1.6506818319748098,-3.1344444602505135,-3.169106210596077
1999-01-01,1999,1,-0.06369340895334813,0.1167647904271909,6.573476954335373e-05,0.3374638463837052,0.011257122310926113,-1.2565220919861155,0.31893049992146194,-0.5233666711153093,-0.8206293565279874,0.11420934544176514,25.01821673861603,0.6603154945438845,0.22938194436369058,0.3385914474174423,-0.5255751608596348,0.021569716821840963,-0.0024315367087370324,0.09616336989392694,-1.3657722521499065,-0.021869437240356504,-1.3876416893902597,-1.334523550529937,-1.3506751203149605
1999-02-01,1999,2,0.1678842080034007,0.13868744535788058,6.827310211202908e-05,0.493531069886326,0.020731758759837862,-1.1999193230567524,1.271594970608085,0.4781204657749043,-0.5833620728840998,-0.08821221036292531,16.9721687758097,0.49051063177597765,0.08285605603373272,1.319642005041429,0.47325817110495527,0.01825550428621105,0.0002708599313659965,0.11844831918658366,-0.9028044382634113,-0.052909329103304925,-0.9557137673667165,-1.5818366833625177,-1.4835206257785174
1999-03-01,1999,3,-0.1996751634140539,-0.22067403857583545,3.3424694847257366e-05,0.39355658928736337,0.010253583290585053,-1.4665188245488219,-0.5729668544727167,-1.0849142468185247,0.7928110955343619,0.7307866234397505,28.345243847612856,0.6618453950009504,0.7070271919217878,-0.01666054954199625,-1.0963358807773853,0.02238409156562945,0.02035981437167858,0.2738455684540991,0.10720626901546026,-0.5677279388895857,-0.4605216698741328,-1.7685313180966418,-1.6312795037402168
1999-04-01,1999,4,-0.18116984857735885,-0.2353258637212151,-1.857355091147147e-05,0.08829951179476847,0.0015625215340289295,-2.0324086954375926,-0.642770295474901,-1.1804831333948185,0.05612865280103585,0.47859275268531476,24.507559875091378,0.6967368681457725,0.6128201305188435,-0.8104927241009121,-1.1736850456042842,0.019122378550987383,0.00748278706317404,0.18881121619449312,-0.5063808375111749,0.17452051641657262,-0.3318603210946026,-1.9362699828440952,-1.8232739453740052
1999-05-01,1999,5,-0.2005223949684386,-0.3345204077584639,-0.00011663565210067128,-0.33290117016714627,0.005851723235838513,-1.7311780230138583,-0.9611965009992933,-1.1338894637092565,0.25232115662249077,0.37339717797751093,18.65192743706258,0.8937490756688004,0.4261895058543954,-1.4389440368279116,-1.115089747247381,0.01381820885059347,0.005970850772329457,0.13719997522290234,-0.5886355911694241,0.4965472522904397,-0.09208833887898293,-2.1805400702112863,-2.0875444757127894
1999-06-01,1999,6,-0.07214524044400195,-0.4957983853928778,-0.00014860494262620196,-0.4415401329760573,-0.010667421460131115,-2.0414419452748835,-1.5504265746870995,-0.6223781157064066,1.6540485550972663,0.6096573390372007,15.871477686886967,0.9414217547115029,0.6183756780403225,-1.4204253370139313,-0.603700462572405,0.01608509930053235,0.026324234695058076,0.16924652059235687,0.7213451393888861,-0.11132358453901481,0.6100215548498676,-2.352534054107707,-2.3142197684104318
1999-07-01,1999,7,-0.045978076869862106,-0.19251978826013483,-8.60243131172792e-05,-0.08885997844978655,-0.00017601414265277712,-0.7528727470957306,0.310392912753477,-0.45148925833755715,-1.209502874848487,0.0325624394227135,12.339383678005616,0.6519548004672528,0.22101695757002615,-0.5334869371821589,-0.4493403368746862,0.01134254160690085,-0.011745496534427823,0.03063343649645186,-1.6730031571684478,0.8460287713985273,-0.8269743857699207,-2.5757403116876105,-2.6689158306641048
1999-08-01,1999,8,-0.08621804959502943,-0.2811824113194712,-0.0001344350659283902,-0.2984329010976876,-0.008447166638527539,-1.0546702658310467,-0.41032462475189346,-0.7732662251332585,-0.7806880373889324,0.01888735686251558,1.3908508874224963,0.7797885756429809,0.22802438388634302,-1.1028423219270271,-0.7768689043208521,0.012941668551151753,-0.007026918173593202,0.012869890826974538,-1.3513395860080957,0.6889150179875567,-0.6624245680205392,-2.8022023806903817,-2.9577187829362614
1999-09-01,1999,9,-0.07646961607746405,-0.21117763465044914,-0.00010017182472201992,-0.18099166575046932,-0.0011711402074653897,-1.0213522369744514,-0.02721089098328866,-0.5165633349150427,-1.1193621920032002,-0.0750009943715802,9.57959766643275,0.7064612504329337,0.023029283219425933,-0.7592472942793478,-0.5189111980342913,0.011645684801380174,-0.011659363054003627,-0.04588553499391942,-1.7277931648451446,0.729688540176781,-0.9981046246683638,-2.983558066714444,-3.0729047139317203
1999-10-01,1999,10,-0.11238420566746066,-0.14993819426409283,-7.940809315325003e-05,-0.09349505094550481,0.0013322323405993847,-1.5350675268435419,-0.2214107327882795,-0.8126273723671562,-1.3108280117884459,-0.1173643221989299,10.695356232957831,0.6418116552975239,0.06906844597109547,-0.8246921286845796,-0.8260955655138866,0.0145565035871136,-0.010599313902402693,-0.021803260064086158,-1.766206898915947,0.5898132027495724,-1.1763936961663712,-3.1731473030178066,-3.2018560953343425
1999-11-01,1999,11,-0.11427339969999639,-0.17439226869535562,-0.00010469496944926106,-0.21997309023792377,-0.008416739476918414,-1.9260855066522393,-0.8892151603359211,-0.8149649706315232,-0.22959297127978706,-0.06576746421108737,10.912228491581748,0.8282475870859166,-0.026044795919772556,-1.2312085479510047,-0.8380299958877426,0.02102293604684848,0.008564924989678778,-0.15751998868562228,-1.0181178900743775,0.3189283623588737,-0.6991895277155039,-3.409822137977997,-3.433212239095809
1999-12-01,1999,12,-0.04437380082244513,-0.1419184369380433,-8.476467997037713e-05,-0.19747088718984762,-0.0028362601076658625,-1.923872839288547,-0.16782676247034267,-0.5597127541705225,-1.3750579652234445,-0.18909779292939127,11.806303918965297,0.8617702878737695,0.0018951833755221428,-0.9401536182253487,-0.6039194844590063,0.019772887909744668,-0.009483643767524093,-0.21645661112706058,-2.0458352767923174,0.7281201254664642,-1.317715151325857,-3.611751799813227,-3.6764189396473554
2000-01-01,2000,1,-0.19223384887491668,-0.4108863356973729,-9.829497144991001e-05,-0.323340289843703,-0.005166970488995927,-1.5044727578544874,-0.5671329499935567,-0.8615685057163294,-0.8208690113072776,-0.10854939275886671,11.735794430884875,0.843520973787363,-0.09867201152138547,-1.397191209090292,-0.8616849671046021,0.01200400829516094,-0.008894373545109857,-0.12624979118576612,-1.6545126038571265,0.8299417977084158,-0.8245708061487146,-1.9418308900926462,-1.9479878493662142
2000-02-01,2000,2,0.06232426277761921,-0.11024746749042846,1.0486089672263573e-05,0.01509493329170608,0.006722734420491202,-1.5322378800229584,0.4149061131881262,-0.3318789895853915,-1.0585154909532521,-0.3438554292851843,6.809652936162625,0.6140808622092037,-0.18520434722596457,-0.06134286653523979,-0.3369093080345149,0.004994023315948594,-0.01811730853215765,-0.103672640569636,-1.5139452711032353,0.4712186612742273,-1.0427266098290011,-2.329144022925213,-2.230833354829805
2000-03-01,2000,3,-0.009419487214348488,-0.09955780568999117,-2.4839254157280315e-05,-0.14253265305167329,0.0037416896609133027,-2.239789136702422,-0.36548179510636114,-0.5175125666960536,0.22681504847981926,-0.18112945713732434,13.72580023050683,0.6988676481023299,-0.18139745129892398,-0.5564372878214177,-0.5164758825984126,0.006238826999039514,-0.0012778717668640027,-0.05296492820682749,-0.47232059378411995,0.19199217681268954,-0.2803284169714344,-2.5910093626991753,-2.4737629525970988
2000-04-01,2000,4,0.09763151888539678,-0.17739460479907143,2.6467870798189432e-05,0.09745842331057442,0.011211864749546732,-1.3698568045328425,0.8904594328583317,0.19055708130718663,-0.5989302392917062,-0.08393368120682304,15.799453431121766,0.4611495992163893,0.11816931515534161,0.43717424389027437,0.20360761828770624,0.009201366419520924,-0.005391554170033064,0.06743068551290095,-0.8579768421459018,0.46633572594860073,-0.3916411161972977,-2.7687480274466694,-2.69575739423086
2000-05-01,2000,5,-0.09181568405911389,-0.16254243029358184,-5.1382105080711375e-05,-0.1809164890381083,0.0015733802535820227,-0.6979014994034274,0.7700917653570727,-0.6491604920651979,-1.7076139771578458,0.28324572715431173,11.716909294057412,0.7206931502806694,0.6738603160956815,-0.5098904488763898,-0.628789586872047,0.015318938358253025,-0.016089772831313708,0.20123837718936172,-2.037692538497212,1.300353119426559,-0.7373394190706517,-3.04301811481384,-2.960027924569644
2000-06-01,2000,6,-0.08964877492028456,-0.1106660889645914,-0.0001285011271671403,-0.42267550616945204,-0.005683364324362013,-1.7440715521420902,-0.6922604743490677,-0.7895022732344867,0.31464368677592547,0.629631671534791,14.080177467156181,0.9222392410158164,0.771476258254627,-1.0946672076980803,-0.7614431964164812,0.016027568370976387,0.0076860263240592155,0.22862561124116174,-0.46575096752007905,0.43046581016716656,-0.03528515735291271,-3.295012098710302,-3.216703217267373
2000-07-01,2000,7,-0.07604592458123349,-0.43715319502276084,-0.00020699523341141863,-0.5990309100267504,-0.017906487028546466,-1.188296119890078,-0.9281051223466661,-0.49750138960854295,0.3814774422910925,0.2986346116479005,18.181492362146727,0.9897993822983693,0.32698544457730155,-1.4509202354203032,-0.5010518234282033,0.014121555470312797,0.008617080636222081,0.11090545827892635,-0.5799711070778819,0.5192646792539974,-0.060706427823888354,-3.2482183562901596,-3.251399279520996
2000-08-01,2000,8,-0.054868171538206334,-0.4276222439148144,-0.00014279984859052889,-0.41029432984399494,-0.009577281876545298,-1.5951794445357645,-0.9430289860244363,-0.3629086405725175,0.7033173650683218,0.37314009098838447,18.675140201470548,0.9281403538050429,0.32940172438825277,-1.0246502266297512,-0.3688207624590991,0.01352191649416645,0.011915214946491073,0.17334515781984594,-0.26856135533685555,0.07570911871874308,-0.1928522366181057,-3.2646804252929513,-3.3702022317931366
2000-09-01,2000,9,-0.051985062079349165,-0.2842357804118948,-0.0001445636681327585,-0.42579235284963257,-0.009244179114978598,-1.327324664295746,-0.7083655071100283,-0.34942884394795737,0.0945976536459543,0.411499998194641,15.193353231831626,1.0076663483616448,0.46116829320584185,-1.0608784424079185,-0.3635289262313015,0.02020574451514878,0.008302952118872178,0.17803044621771427,-0.8634003997044997,0.3384128530145205,-0.5249875466899757,-3.606036111317046,-3.7053881627886227
2000-10-01,2000,10,-0.19142772641478656,-0.165801840059437,-7.104800926358869e-05,-0.06563057448156018,0.006332058001391319,-0.4743994544770964,0.07830608498868186,-0.9395083166442193,-1.749466601001803,0.2261198353635956,29.463246019222378,0.8175667598673646,0.43106759466767597,-0.7618930307911689,-0.9550501827084832,0.019364174408706872,-0.014061474038083728,0.10343086701565252,-2.3620856015650826,0.8246572497155893,-1.5374283518494973,-3.905625347620358,-3.9643395441912403
2000-11-01,2000,11,-0.10333923312355531,-0.18092270035139646,-3.6768281132599525e-05,-0.13462459292313578,-0.0008495893331941923,-1.2491346690575877,-0.2816250397637017,-0.5968198205108621,-0.3619637031316254,0.2674118994154726,25.797261035858348,0.832863420643151,0.399754597679154,-0.5528397551847761,-0.6202226194892053,0.020518594360892997,0.005168242490383938,0.04954679806589883,-1.0624844255111263,0.24781191644273703,-0.8146725090683895,-4.062300182580621,-4.1556956879526865
2000-12-01,2000,12,-0.10351279008767322,-0.14718476790615054,9.185735509185554e-06,-0.21122405858360183,0.000288784847962624,-2.3182876637304077,-1.2229220357341801,-0.6650842282848874,1.8163487913996628,0.5910506055405069,23.330818922600884,0.9009178543027027,0.3125585282310894,-0.7003119101186606,-0.6745717502700146,0.02379243250859012,0.03278873594713302,0.016269006368035768,0.636938859787515,-0.5320976476007013,0.10484121218681342,-4.284229844415776,-4.378902388504251
2001-01-01,2001,1,0.09044808049382613,-0.024871994786165197,1.532929140465048e-05,-0.053390868792141166,-0.004880198416835159,-2.2688901870909834,-0.10215537669111496,0.3053128334972013,2.070026838816631,0.3631658310690621,15.78955629982651,0.7957142042685728,0.27793644096129005,0.056899614598672876,0.2976711638696412,0.015631886334773224,0.0338608251504742,0.026454310939023454,1.1890832444403157,-0.16669666091739876,1.0223865835229202,-2.5343089346952112,-2.5204712982231143
2001-02-01,2001,2,-0.030227878655788687,0.1187232758741893,6.812859028472467e-05,0.30292273935639114,0.008310723772292576,-0.7405018131775072,0.4095294797630613,-0.31791862082680367,-1.6282653155324738,-0.15767903504231992,25.333258776574514,0.4767442101458882,0.015504525414018634,0.2065869216062115,-0.3285253514484585,0.020027016168460393,-0.011310444137633185,-0.0008905650081797618,-1.9318259652220262,0.19233582753518297,-1.7394901376868432,-2.69162206752776,-2.6033168036867167
2001-03-01,2001,3,0.08516209229394872,0.05533949744977473,8.688648940305535e-05,0.36611836299339506,0.01075914821776499,-0.9078860449807782,1.0241614376163106,0.24741702650702724,-1.2585160157564979,-0.004482309779291815,21.843102381061748,0.4077653959032721,0.2818364912177553,0.8820044642735452,0.24813738210171388,0.010591692583717373,-0.013330517157828181,0.14479205445234442,-1.3799626106627327,0.14287732893744365,-1.2370852817252929,-2.8683167022619003,-2.761075681648343
2001-04-01,2001,4,0.06658281820486439,0.1617899158500875,4.912275102932523e-05,0.19400956319436102,0.01704954410382791,-0.24540087820713907,1.6182344216943445,0.17703112858845205,-2.404773039570756,0.10709931542499579,21.495224554406434,0.4766491522284334,0.4429735155287048,0.6223583275687989,0.19314716234798013,0.0033679798523224905,-0.034382239124012,0.1315015302677316,-2.545547991695501,1.0119921278850974,-1.5335558638104034,-3.1060553670094038,-3.0430701232821704
2001-05-01,2001,5,0.15456285209748083,0.07565641080724694,-1.2322138128475991e-05,0.009565597742490217,0.0035126757263860865,-0.704998551922682,1.163659941502106,0.6939174370520191,-1.2122901003065842,0.35063190405916256,14.060563313381019,0.6386669595435116,0.5769810972041003,0.5725897503044206,0.7131254316637634,0.009203194481760546,-0.01378023208698783,0.14908349629750295,-1.624607866705207,0.6102781858093789,-1.01432968089583,-3.41032545437654,-3.3273406536209293
2001-06-01,2001,6,0.07800234116558996,-0.16078067469754387,-5.833961542390571e-05,-0.14277517644127657,-0.0014064647132362128,-1.6655851530187604,-0.2678772125127322,0.2031422657131885,1.241915779691131,0.6506021535901239,10.946395531444171,0.816935846379631,0.5485157721970382,-0.2239237410168866,0.22944833092153605,0.01039755788609786,0.01688895681781586,0.13126313299026118,0.3228935519184115,-0.01764740628735373,0.3052461456310612,-3.662319438273002,-3.5840159463186083
2001-07-01,2001,7,0.16715635883559804,-0.1044147078850538,-2.0305495290982953e-05,0.11225839812076721,0.0004071841262312387,-0.3999862615553491,1.2130367642940252,0.7341313871234587,-1.3244825193210565,0.03165225950282252,11.517616490447036,0.555822106991918,0.1212891900563701,0.6639477619227971,0.7295443201259726,0.007503909661966807,-0.016189519730685317,0.008219856287673862,-1.7906676957594192,0.5445019353737626,-1.2461657603856708,-3.595525695852878,-3.618712008572281
2001-08-01,2001,8,0.1354633286261237,0.22000376171746505,1.604828231500623e-05,0.24724024054091998,0.005490224468208141,-0.38314503416365797,1.7625751296307643,0.6928049780987762,-1.9340028548289379,0.051232975120635904,16.91467861835023,0.46310249954294547,0.21590815480222159,1.0982476155251506,0.6964415198461376,0.0055241629703175615,-0.025453207618253523,0.0869761312468698,-2.232430174690286,0.6679640558529885,-1.5644661188372873,-3.6019877648556218,-3.727514960844374
2001-09-01,2001,9,0.044961526423450304,-0.10602452094700321,-9.809675422224498e-06,0.1551207928863767,0.002745634215640211,-0.2413156778419463,1.2834146034364955,0.17680705022259957,-2.1485021384125584,-0.03604626774586492,14.380987543581073,0.5047965338049509,0.19413013174044366,0.4832261331849814,0.1734482712817047,0.007326457541749001,-0.025965727457090623,0.1301686791427444,-2.4231222727312183,0.7968296913105937,-1.6262925814206246,-3.8433434508796935,-3.9527008918399105
2001-10-01,2001,10,0.05506687074541766,0.24618815790023185,4.940095322744734e-05,0.19376598918992372,0.006472647435737493,0.6563616650583834,2.152962251177067,0.092005270740108,-4.368523665488994,-0.4695733928651312,6.513015500591985,0.436978545615871,-0.025867692588192007,0.6586357419981876,0.08671362862030452,0.007926095947797727,-0.05398420256073395,-0.004887512578972183,-4.361796510827915,1.489034867059082,-2.8727616437688397,-3.9929326871830852,-4.051652273242496
2001-11-01,2001,11,0.28576168866793683,0.23181435559070962,8.904799452383555e-05,0.40605516931855923,0.009851030356020384,-0.9748320992983928,2.079286319431777,0.9760910572300074,-2.0282488969292003,-0.3565889452748846,9.56442202562653,0.4253157557502437,-0.07422686441153141,1.5051720395190005,0.9794341978342112,0.010146818164983782,-0.021577291293339303,-0.08432077729525757,-2.1712025718160937,0.5774574205169862,-1.5937451512991077,-4.169607522143274,-4.2230084170039675
2001-12-01,2001,12,0.17498125945756787,0.19913737702608347,0.0001420911754557213,0.5725347528433409,0.0154959102489842,0.04450081015720553,2.858472617980639,0.5648298044723938,-4.311971940863923,-0.5718101351915645,11.696555319877245,0.2508884449387597,0.010996269471982817,1.625851949654503,0.5662545640222161,0.013124041908664723,-0.0468669863770386,-0.03652684332672999,-3.9800539811391635,1.2340454278759,-2.7460085532632674,-4.29153718397847,-4.346215117555559
2002-01-01,2002,1,0.2611166832112072,0.17545091187105877,0.00010772075258668731,0.4210197075950557,0.0049709844670406435,-0.41541808800136026,2.8634434391633716,0.7760270100880358,-3.1336400639672886,-0.475183443550377,8.335394975406693,0.2300124159798336,-0.10342087157355667,1.6444014733806243,0.7781522223814075,0.007389712137364883,-0.03482876711865443,-0.0327516913933007,-2.991889907970301,1.2211671780760684,-1.7707227298942296,-2.6016162742579,-2.6377840272743995
2002-02-01,2002,2,0.18145985433108214,0.2613023439827389,0.00012067144635646073,0.3873662252993044,0.008863075713612698,-0.16928523373718107,2.365709374858317,0.5960746391157141,-3.710804815043457,-0.6209163221838512,11.265873270211474,0.30943812738898896,-0.20492262846279516,1.2862265222765905,0.599197103981765,0.003869507731071798,-0.05073420661895614,-0.06364309432782886,-3.6042492487114215,1.0826053174477657,-2.521643931263649,-2.8489294070904236,-2.8706295327379863
2002-03-01,2002,3,0.36717674078076706,0.1989278643681578,0.00015945985378149096,0.49839702683040876,0.011487089059379677,-0.42427442981236263,2.680269019716866,1.3430076320014945,-2.0395829292329886,-0.3038016505838857,11.926572143807139,0.23985694150772346,-0.16655185013129767,2.0591478352945374,1.3472287772627631,0.006819409741263601,-0.024110876196495212,-0.034964317779150295,-2.1421900702881556,0.6253423296835885,-1.5168477406045708,-2.9556240418245707,-2.9583884106996194
2002-04-01,2002,4,0.0807735673956354,0.24539373919772134,5.642333379656157e-05,0.3061396236074303,0.0015746402738465483,-0.07353097343102144,2.588509789043528,0.36624607283164456,-3.2439356357503017,0.06145317419490906,15.597754035781989,0.36606131452125695,0.5171773247266644,0.8909036560298325,0.36957903105102385,0.010948938545729089,-0.03469176769783216,0.10220082642513045,-3.154272799739788,1.700939091233102,-1.4533337085066864,-3.1633627065720447,-3.1803828523334374
2002-05-01,2002,5,0.2587252636255428,0.21102003981075745,1.8295077243160422e-05,0.028020387158058435,0.0005999335135542343,-1.4286713765056858,1.3071667022293356,0.8931086969158453,-0.5918305959236174,0.4018102561400908,6.231636891157301,0.7306049829428577,0.6194635795919315,0.8334015277192961,0.8965230153219927,0.015002576475688052,-0.00320527260167721,0.10086637616100384,-1.1047822554146371,0.4771794929161326,-0.627602762498503,-3.3476327939392334,-3.314653382672226
2002-06-01,2002,6,0.25713478276240703,0.22681638920756453,3.0019321700031033e-05,0.03930471205633168,0.011250808874908213,-0.6110090595031736,1.5995982687278096,1.0887594073654239,-0.644169891336297,0.0030457614632616037,7.1671560195285355,0.6231003185759839,0.043228643352980586,1.0003743244256844,1.0904613172564444,0.00888234031364167,-0.005929004083955268,-0.0653407667781031,-1.227087328022579,0.6009258541932938,-0.6261614738292853,-3.539626777835693,-3.4713286753698753
2002-07-01,2002,7,0.2318254854821299,0.08764984386379226,-2.223749087846747e-06,0.029651993933276888,-0.008316009081619148,-0.3819197664756109,1.3607904007502505,1.1727658147355622,-1.4166971325348663,0.1531792003870956,11.482960449642073,0.601241393339125,0.2380173493389348,0.9446880334667056,1.1844248250856717,0.011390730964685382,-0.014314271990623226,0.013985621621136538,-1.9331003769221728,0.4277613776336713,-1.5053389992885053,-3.5228330354155233,-3.536024737623528
2002-08-01,2002,8,0.1426073862801514,0.08208457453963969,-2.8839630990858318e-05,0.13770750377108087,0.0041933971900325814,-0.14620331392712638,1.7600433759931189,0.6803306703122454,-2.624681204258283,-0.15151815566464807,14.48501357594471,0.4406810634806528,0.09525507912116168,0.877253443009693,0.6866829009948114,0.008322163629413546,-0.03206589899377109,-0.013220817683078496,-2.8185890329531005,0.8891421636660051,-1.929446869287092,-3.449295104418283,-3.5148276898956823
2002-09-01,2002,9,0.21549530844776837,0.10011519214744469,-4.613815838588951e-06,0.10746141341441096,0.002582184344209447,-0.6861929471386774,1.4328898819018225,0.9191131426213373,-1.2473542817459449,-0.086986747999942,13.581416263259115,0.4531640464349605,0.08031778048273214,1.0693223134255865,0.9236524364949337,0.008341816863152749,-0.01571494107598207,0.03687669543397777,-1.533213799698195,0.3681068623498063,-1.1651069373483924,-3.420650790442373,-3.4400136208911434
2002-10-01,2002,10,0.1376461143815894,-0.0270559359769319,8.297482583188333e-05,0.335069664848167,0.0021366495026367317,-1.4361026346786039,0.9100024460216547,0.500149970382318,0.23221847190841238,0.24291709525528124,15.77760605972842,0.3323539839194834,0.3095861222180854,1.0055710829364783,0.5034124573224239,0.0001916316085263589,-0.0009240243243304261,0.19314112783208792,-0.033466485048266215,-0.09230614997471531,-0.1257726350229854,-3.640240026745758,-3.608965002293786
2002-11-01,2002,11,0.17287961022796688,0.13756466769156273,0.0001281118930645702,0.4560258138138098,0.01848468558368033,-0.8539112105699496,2.094024503212821,0.6058779358992887,-1.6398204071245872,0.21715136220309889,10.042134297552836,0.25087818533977785,0.3153363096433382,1.5511989750793096,0.6074742678486991,-0.006876500857641195,-0.03017253476511706,0.10487166422154628,-1.7925136450241288,0.5444218600829274,-1.2480917849412017,-3.836914861705985,-3.7903211460552413
2002-12-01,2002,12,0.08889279635220931,0.11835433024600306,0.00016719243934795616,0.4604170801652916,0.0023794448304073172,-0.20055572289595158,2.314111379844586,0.43291334179471663,-2.876469715974531,0.17171738287794494,10.969793223700004,0.19286399548704763,0.6383759052592244,1.4108663315780516,0.4361639696346864,0.0047127293818421505,-0.032326433641425324,0.18847445306168145,-2.602675189080302,0.9064956761064462,-1.6961795129738595,-3.898844523541179,-3.8935278466068013
2003-01-01,2003,1,0.30145729742111377,0.29075770827979364,0.000143027765203221,0.36538993198436254,0.010001825803854763,-0.2418923760562408,2.699699472011522,1.2412451644534408,-2.2975541472739507,0.051442603558418454,7.8774128006330715,0.2344222064194244,0.48859119465881323,1.76306533583403,1.2456055130216677,0.009471357556148873,-0.021541734605888346,0.11692790799536862,-2.094827762592969,0.9409944847456679,-1.153833277847298,-2.058923613820575,-2.145096756325678
2003-02-01,2003,2,0.14830511644974603,0.16551347376016523,0.00020166362269589613,0.4984506822854533,0.0014474376892052547,-0.6571026527923345,2.6708320703068864,0.6742099898873342,-2.475309514191588,0.13866577583164505,6.315574501294221,0.12095973413601999,0.55176426661626,1.867862527979768,0.6830050370830012,0.005464862964138124,-0.028578440193450044,0.21742777704268088,-2.1831707575429924,0.8117645895227736,-1.3714061680202156,-2.176236746653103,-2.267942261789244
2003-03-01,2003,3,0.027612295125337027,0.14805278860871163,0.0001094841764064253,0.12538171452335556,0.002810371143999884,-1.3100546362141232,1.028488833412582,0.10592119072782236,-1.1966466902262538,0.39222146570405036,10.82245699890659,0.4321567364943716,0.6171256099831054,0.48932737451333885,0.10860949736476933,0.0038203933404995644,-0.01728726467934316,0.24401340696584736,-1.4038992824415768,0.541849765536182,-0.862049516905395,-2.312931381387223,-2.365701139750932
2003-04-01,2003,4,0.07429674434722988,0.18026190931762343,8.269561504859526e-05,0.17470737348121035,0.009154432634152398,-0.37450060231255167,1.8265366059204484,0.3016620624580395,-2.628995131891452,-0.19644485711178938,12.597503164825493,0.31349635782104324,0.11762793264190527,0.7615795348898198,0.30450683304317927,0.000539339441071332,-0.03643001845730336,0.08228820143756155,-2.628418699958747,1.0678018416157917,-1.5606168583429518,-2.3906700461347583,-2.437695581384716
2003-05-01,2003,5,0.15170058635844808,0.1458598168715628,3.745364951259622e-05,-0.05594878287804694,0.0044891024658815434,-1.0252952289773711,1.2721327731914083,0.6710417283538015,-1.513430189247377,-0.027672628376742364,16.819158443718695,0.5118110042448507,0.14348565806108904,0.45292642162551555,0.6680349232829732,-7.14310488693845e-05,-0.025126308859627265,0.04565415837368768,-1.8540829070544098,0.8161995464950098,-1.0378833605593987,-2.4049401335018743,-2.391966111723498
2003-06-01,2003,6,0.03673594347949605,-0.13430469998847872,-4.0533216916340616e-06,-0.09858011427656832,-0.008834407487940184,-1.4620349799663588,0.5374012133192014,0.2363728138910628,-0.5485228113665004,0.026952810155623286,21.060720302199698,0.4575081750849538,0.19379730218021549,0.21522881182112918,0.23996808596753194,0.00011351888834224347,-0.010564486524405246,0.09615732490110863,-0.8391864944268863,0.32576767357468905,-0.5134188208521974,-2.55693411739837,-2.488641404421145
2003-07-01,2003,7,0.13830038118342025,0.06277357392724026,4.485066384248747e-05,0.23788919391507246,0.003003845412779208,-1.3021825054282394,1.175909599230677,0.7160410153772525,-0.45364966372407833,0.06386231873939133,16.4032167118527,0.3080011268690131,0.10338561680402024,0.9338599760768078,0.7204188702489169,-0.001027945308528514,-0.009872418790465007,0.05671095182414898,-0.7221274925284764,0.24642747802555398,-0.47570001450292965,-2.650140374978214,-2.6433374666748293
2003-08-01,2003,8,0.2250571559434894,0.048632139312197675,7.480359686277651e-05,0.2511277262972864,-0.005456367733800229,-0.7439585847463741,2.18073302967769,1.2177496030273183,-1.6229145316588784,-0.17532613764805072,13.41931118017118,0.23297124833740154,0.058108395906576966,1.3462220934852276,1.221125825274438,-0.00022186136028818498,-0.02299124444759003,0.02069944301219332,-1.6224512464416447,0.8378871584395917,-0.7845640880020497,-2.74660244398099,-2.76214041894697
2003-09-01,2003,9,0.22312256657759466,0.12464904628367124,0.00010052358045844692,0.20812517581559797,0.007992347851575047,-0.594617628109003,2.1652820791564436,1.1336783589603936,-1.7331078442171735,-0.21158736700152173,11.763767728147041,0.2801615411259982,0.025686423377650626,1.2242907050228693,1.132828334368749,0.004028691671212829,-0.020296040795633442,-0.011289595861717449,-1.775995594963981,0.9401413495419004,-0.8358542454220808,-2.887958130005096,-2.847326349942456
2003-10-01,2003,10,0.24976805181117778,0.2802580670841661,7.741264142001753e-05,0.13635865254182367,0.00774618822195312,-0.5748443940952344,2.1438558049794376,1.3861039313592833,-2.594501403496561,-0.10253952587607346,13.00169699063439,0.38901170559686105,0.10567483468906697,1.2648023387684875,1.3844402558815223,0.010472888741374042,-0.028226787626166323,-0.023024021000286173,-2.775298748528274,0.8773897907331916,-1.8979089577950896,-3.117547366308415,-3.0462777313450715
2003-11-01,2003,11,0.1250138938093076,0.2390907494071426,0.0001380593396358056,0.4866487649370981,0.007306922928210929,-0.5874281768875571,2.5536836553771223,0.6062170959245967,-2.5318888107812785,-0.026641654077545568,20.69360847040096,0.18062904623977372,0.25527914694642273,1.5179891550561102,0.6111470798374872,0.007475272265611132,-0.025646499716717737,0.04407619348915223,-2.430597055997126,1.0406244842339083,-1.3899725717632179,-3.354222201268662,-3.2676338751064904
2003-12-01,2003,12,0.31533667333560167,0.42871989426060975,0.0001223101002606922,0.36917797402599395,0.0158607800146287,-1.058191371802296,2.666098942030379,1.2084654181109928,-2.3129960611250966,0.06021514623919222,16.244800183135148,0.2074011228300616,0.3163916453003344,1.7043352409159578,1.2124446447206387,0.005152618584244845,-0.026466630744009817,0.044728394463870294,-2.264220684894058,0.9657429277240086,-1.298477757170053,-3.5261518631038697,-3.5008405756581027
2004-01-01,2004,1,0.13934626644344061,0.15716222130255508,0.0001374532152692576,0.4324046934326722,-0.007752995723829016,-0.26895665097847843,2.7512111017229732,0.7242085605022175,-3.4760270132316924,-0.19369882512630324,15.341730553527514,0.08699104967525806,0.2560726308891883,1.6757656145816968,0.7297368255959973,0.014712672778613961,-0.03137185528104777,0.046686924115162835,-3.113246606891451,1.0809737522350047,-2.032272854656443,-1.6762309533832749,-1.7424094853769319
2004-02-01,2004,2,0.18542223730431723,0.21588714211818882,8.593548702863068e-05,0.23722180741531917,0.012933945909802229,-1.9389500961641493,1.3383360116643197,0.8536631869350719,-1.035341766826071,-0.08810079858770209,7.500981866270078,0.34297850805999297,0.1748198261831164,1.0844121608423372,0.8541762499985639,0.00822128728342272,-0.010903371245514798,0.09263735758016203,-1.1153996501152486,0.2544369138854625,-0.8609627362297828,-1.813544086215785,-1.8952549908405274
2004-03-01,2004,3,0.1350156244099956,0.406379419298198,0.0001188010328947868,0.28938488508806537,0.012035611616761293,-0.6394273176994414,1.8636132788415778,0.5862174784617564,-2.7259113328659876,-0.3271255504497038,12.325646642096986,0.23413842575798022,-0.09981778238251855,1.0468275691738231,0.5953056630146842,0.002899126410061747,-0.03720492594329385,0.016141333180881248,-2.7327419905567925,0.825873894220674,-1.9068680963361184,-1.9654094259898471,-2.048184588607789
2004-04-01,2004,4,0.15961526714683416,0.17296066298074853,0.00014618686922805783,0.4987489791418902,0.010156861425370877,-0.596189962737002,1.9822024376734535,0.6031046822162578,-1.6067225061737784,-0.10310511683167756,15.027617194514177,0.05446456194275281,-0.03250210062863278,1.510118451158399,0.603486544602148,0.004506240186615284,-0.01863328101205882,0.015339664118550136,-1.5905840519134684,0.4724658489009681,-1.1181182030124968,-2.193148090737303,-2.2301790302415867
2004-05-01,2004,5,-0.0973158456159694,0.12036384520306276,2.121353033375669e-05,0.20257555313152986,0.015228627142002259,-0.23280258650321395,1.0242279802625234,-0.5149986316487647,-2.9530518969579655,0.14938564397739626,14.945088124561059,0.23371071685606498,0.4402645660254247,0.06075533091496066,-0.5164039076464948,0.006022953619798127,-0.03577792442532723,0.07346548334825129,-2.8958836917660333,0.9620673733497775,-1.9338163184162542,-2.427418178104446,-2.404449560580396
2004-06-01,2004,6,-0.0014786966100455157,-0.10858756715454121,-6.445508295871915e-06,-0.08596313669015543,0.015173632204874436,-0.4618756474884105,1.0072799996899513,-0.33621699380447456,-2.5606328557362374,-0.037858868483166386,5.6603557387488195,0.4042115350086806,0.26941160505866935,-0.13830781740493414,-0.3389078713179603,0.0023834934450411016,-0.03498560525929144,0.05315992092615685,-2.6575739172030817,1.1428969395815507,-1.5146769776215347,-2.649412162000935,-2.5911248532780746
2004-07-01,2004,7,-0.1748610691285668,-0.4418841257349585,-3.7567267795650416e-05,-0.08953681153770465,-0.0061028613918878705,-0.7293200000200799,0.4040705542488672,-0.6090506101186923,-0.5076612782431931,0.07530822515058169,14.255992423972152,0.3908295333674448,0.2394396014902778,-0.4515696956578692,-0.6057942955152869,0.0028898195029254843,-0.004540422696757543,0.10984080585442067,-0.7343594352709626,0.858896564510162,0.12453712923919213,-2.772618419580816,-2.7158209155317294
2004-08-01,2004,8,-0.060361794704681615,-0.1437710961867693,-5.831177580262485e-06,-0.06387185762442682,0.008543682543130954,0.026998024620537464,1.064267749791811,-0.19723929972650245,-2.5541489919192655,-0.1460547090220501,7.965943679823782,0.4178520923667483,0.19275379954474525,-0.15352545812705287,-0.1913252316046994,0.006413843405752507,-0.03048434415758873,0.07889767642820703,-2.6331925757192214,1.2237072760406833,-1.409485299678535,-3.109080488583544,-3.0646238678038316
2004-09-01,2004,9,0.036786975547217216,-0.036350040791890414,1.3259131493407854e-05,0.09484920772849059,0.0055969694285701865,-0.13317104231953714,1.640424915339206,0.1397035191772713,-2.415848196492522,-0.009906500084032627,14.340804403475001,0.40536192932963167,0.25812522017951006,0.40146413782263846,0.13998581550118505,0.007826379300168315,-0.026758716131514433,0.11114294745572245,-2.5531784055586173,1.239243073840459,-1.3139353317181657,-3.4904361746076518,-3.45980979879932
2004-10-01,2004,10,0.057978550670382045,0.14329724198243288,5.406590011427961e-05,0.19030337769179329,0.010352081346855013,-0.004556511534998808,2.1730446037040636,0.26017450079278115,-3.654192886825511,0.027133062862882695,8.499957026134359,0.3388653471006074,0.3607957214744987,0.8333909955809462,0.2585712337457746,0.011438759600784172,-0.04320294459977456,0.09497698229275668,-3.659395575314498,1.3380503410761166,-2.321345234238382,-3.6500254109109846,-3.608761180201924
2004-11-01,2004,11,0.17779137150953328,0.04249236105874188,9.271760888226874e-05,0.3522930747806563,0.00861208262440009,0.09374239126609574,2.9479391574759166,0.883508705527948,-4.0534550902216875,-0.25902759102798834,13.1027260812062,0.21077247190268308,0.2011869900243744,1.3684745327434662,0.8860819740685795,0.010293429157013537,-0.04498228873764845,-0.022881382089905346,-3.8040129810720043,1.5820378932730874,-2.221975087798917,-3.6967002458712344,-3.6601173239633837
2004-12-01,2004,12,0.009463283499287933,0.059009908944892,0.00010588446988755247,0.3068350060280176,0.011813093336113738,-0.26148293507631815,2.209843404856868,0.2174920661035049,-2.9415644441092264,-0.14408087993563778,17.094956915315457,0.16165763676998174,0.1613642026547277,0.9181326526194464,0.22036098407343996,0.006438410402442609,-0.03226033925574817,-0.022399855036503154,-2.797776998288853,1.2945796702073014,-1.503197328081559,-3.768629907706412,-3.7933240245149733
2005-01-01,2005,1,0.2980213687457738,0.3717566937158845,0.00015690557620081947,0.5465840611771753,0.010856016060490824,-0.5804109525117038,3.3746990591447963,1.2145972473674895,-2.836614268582204,-0.49369589411358017,14.9098788838038,-0.09518639504141793,-0.19409482064090616,2.0845767998882083,1.2163967351263265,0.0007323443662817473,-0.03246723652196293,-0.124644855506601,-2.441826800068083,1.2919217470153732,-1.1499050530527066,-2.0487089979858197,-2.1148929342338434
2005-02-01,2005,2,0.18533976278051723,0.2112810506665166,0.0001413840703743924,0.4238731811047072,0.007614277054637346,-0.29968876177495396,3.134162211361061,1.0660370997233364,-3.8564156927659585,-0.31177743182555945,14.547135566322293,-0.014255630055654677,0.05571912739648935,1.7761629564462815,1.0703552098695206,0.001473102563459748,-0.048380878796588415,-0.03394022679328544,-3.474663503488269,1.3623173650609512,-2.112346138427314,-2.166022130818405,-2.2477384396974003
2005-03-01,2005,3,0.20271166903201704,0.23002169957235874,0.00010645140276362332,0.32071402701981877,0.0015258695196443614,-0.5936241690010147,2.236251470081644,0.9987208114811605,-3.0323065482263103,-0.2721072605007886,11.057642579062403,0.07868980627010501,0.10316603509629699,1.3240696096434004,1.0020797658751612,0.006011925194270323,-0.035993208049766266,0.010074853220595878,-2.735723058899329,0.9155408148322366,-1.8201822440670963,-2.1427167655524926,-2.2254973176590838
2005-04-01,2005,4,0.22030452502616277,0.38153709517541345,0.00011639962421529349,0.3220994713977281,0.010705422039012528,-1.12353140549493,2.217243592969181,1.0461276684967427,-2.6902407033228517,-0.4982655782953169,12.633714116092188,0.17738690473792618,-0.3075949401554615,1.308074107519201,1.0312648459435345,0.006251670585844332,-0.0323493639198806,-0.09513504221836584,-2.676956969920883,0.894306662896796,-1.7826503070240833,-2.2404554303000097,-2.2974917592928676
2005-05-01,2005,5,0.1642239385064323,0.06559067869833546,8.487056427489208e-05,0.18531186309835146,-0.0018956522884822635,-0.9590116936518318,1.888122591433254,0.8665546309634529,-1.7410856037134477,-0.2500338404138845,18.398733798609246,0.2114031610253957,-0.0885386574694169,1.1386348373698274,0.8679411249410331,0.009288641837996648,-0.015481662896143271,-0.044876849103063304,-1.7909935817943574,0.7508742480409525,-1.0401193337534034,-2.304725517667137,-2.3217622896316428
2005-06-01,2005,6,0.1681746563042748,0.010729612596029448,0.00010854555493586309,0.3653779327807338,-0.0034774500999292524,-0.3546783095951338,2.7253406181340454,1.0182865045487386,-3.5954302483754264,-0.5389758764844395,11.381896536514615,0.047407876239438436,-0.015813395173647896,1.4113517225334586,1.0176315166029535,0.012645577944305365,-0.032566068328171036,-0.020614359998742664,-3.1196756433040798,1.313333907654953,-1.8063417356491267,-2.446719501563585,-2.4284375823293374
2005-07-01,2005,7,0.13589746317452717,0.16748556917778856,0.0001058511415887858,0.3308243680764573,0.009265876695839042,-0.6028148867415171,2.1028171931624384,0.8168451695842656,-2.4104417228975588,-0.3034176104570149,9.435681054061396,0.09104430239353,0.003974038850093623,1.3306034238017759,0.7995651895647637,0.009383840958941798,-0.022860918565970237,-0.003645394268727521,-2.1940943759839833,0.7549337893411769,-1.43916058664281,-2.6599257591434977,-2.6231336445829854
2005-08-01,2005,8,0.09868171762923822,0.04196175941119629,5.3588604546273586e-05,0.25340800176367484,0.006238788563289532,-0.5227118912193807,2.1167200488739826,0.7704168176260331,-3.50580952671649,-0.36703710921154864,10.33769849229543,0.1615038164499938,-0.004005940431514169,0.9146124309245911,0.754216159551508,0.010809935462589411,-0.037235196687238306,0.01645277416626619,-3.3042821743864383,1.1859069598748824,-2.1183752145115493,-2.736387828146235,-2.7019365968551057
2005-09-01,2005,9,0.1535776746216423,0.19112149453701577,0.00014189782608304484,0.46385254147697874,0.006221899765719501,-0.2387918802878879,2.832040280872979,0.7470846675901295,-4.1006382292042645,-0.09220720313483771,10.089142126035123,0.08211534882488306,0.18005673878618184,1.6335210658442758,0.7313428859862974,0.01236654648898822,-0.04412762471309157,0.04357390486603541,-3.910489636108146,1.1827774334248449,-2.7277122026833043,-2.997743514170338,-2.937122527850626
2005-10-01,2005,10,0.25699594574357715,0.30694075860934167,0.0001040663055588157,0.496997731049887,0.008534841387896501,-0.8207354340585025,3.1636914737508754,1.2082620645786455,-3.927907150327779,-0.20754535756053477,12.015567989038844,0.0571549574614868,0.09814053534791074,1.764317147749602,1.193735829784928,0.013264307661701249,-0.03804612970938324,-0.10780070597729331,-3.6793762148808056,1.3848480912075587,-2.294528123673251,-3.1873327504737006,-3.08607390925323
2005-11-01,2005,11,0.2646469298152443,0.18262688482741107,9.007234394090306e-05,0.27459171868215204,0.005949820971128138,-0.7319427111213344,2.7976745716493494,1.0862932175269213,-4.100957620893961,-0.15490978122928323,5.783967585459632,0.24121248120486108,0.2209543946411096,1.404300687083925,1.0629660324101886,0.01345514208245465,-0.045020243418864375,-0.14587160405524532,-3.966305926228429,1.3700466994486977,-2.5962592267797344,-3.254007585433932,-3.187430053014644
2005-12-01,2005,12,0.2296531181861618,0.09347823117813348,4.103177140478794e-05,0.1542929036180829,0.0077733533033058355,-2.0350319860562474,1.462554355790055,0.8879252035037171,-1.7309380114539779,-0.424768825405051,13.813254708032536,0.1757905227227532,-0.2710094902124613,0.9618136050527699,0.8677860640081274,0.009511503510296379,-0.015065116354335883,-0.16389080177876025,-1.7529691989841618,0.48060161124163736,-1.2723675877425284,-3.305937247269128,-3.310636753566243
2006-01-01,2006,1,0.12190260004518028,0.16538186208588734,0.00014753007762215338,0.5681853699568731,0.02141902525665157,-0.6012393427905107,2.75869076081749,0.4821732515496526,-3.7135151661646746,-0.8401347345290959,12.997041008992156,-0.1293311089903132,-0.4595056790870315,1.6154170577558498,0.44977963385733055,0.012361280545825623,-0.035648913891695555,-0.22346960483024633,-3.2035550017322896,1.1108800853692669,-2.0926749163630123,-1.316016337548497,-1.4122056632851425
2006-02-01,2006,2,0.263367545706926,0.13099469495165905,0.0001836274937139276,0.5697020103837191,0.004417854868167287,-0.31173483805183366,3.3520843757138414,1.1283281480818137,-4.206777338325103,-0.7820143731569595,12.565038706866682,-0.1101733921631067,-0.3753422789097536,1.946317589882895,1.1063813252290209,0.01205109483067111,-0.042421267017956614,-0.1764351767056343,-3.68993185191479,1.3838199629781418,-2.306111888936641,-1.3433294703810503,-1.4850511687486971
2006-03-01,2006,3,0.11134927271194867,0.13915482027992787,8.309216448215782e-05,0.19492470534965745,0.019777357793154593,-1.453518985525188,1.6485450167263012,0.29660494911995183,-2.7735826818782443,-0.6392330114604293,8.939088852232429,0.08733236666057045,-0.35942252520198337,0.6771622302814686,0.2815031363332188,0.0013918897404697102,-0.0367530303711441,-0.14375084789063658,-2.5811045622803506,0.9562809736580908,-1.6248235886222635,-1.5300241051151744,-1.6528100467103144
2006-04-01,2006,4,0.07182626696036581,0.1256392906678907,5.319311434342773e-05,0.14655544055961744,0.009470598722663842,-1.016469261923055,1.5082495745915105,0.2151647491954174,-2.7077448303938842,-0.44133919118316406,8.061393671002783,0.15846930251446817,-0.20639504704305447,0.5839195393792522,0.1987764584501739,0.00039800588565091014,-0.037660201775835365,-0.11240725092846761,-2.6312699887681856,0.9079417444670415,-1.7233282443011442,-1.757762769862687,-1.84480448834411
2006-05-01,2006,5,0.023426060475661536,-0.2262006329269357,-7.207764405797246e-05,-0.22789967122186328,0.0004654742002317795,-1.4480603758218313,0.8009850184897451,0.2848888110996972,-2.0725291246578776,-0.512420708777757,8.685021979247196,0.3068642850753953,-0.04959565110124665,-0.26704881974958106,0.30206908585258185,-0.001137222541909115,-0.031226176262889253,-0.04203869792227392,-1.9165683520567907,1.0852141129921555,-0.8313542390646336,-1.9720328572298556,-2.029075018682903
2006-06-01,2006,6,0.1561767565464271,-0.05673381306769887,2.780717744169743e-05,0.13523655750983044,0.010992503901187622,-1.2460912151153516,1.620305234574388,0.7144116636917777,-2.1773193720915476,-0.1108113888626221,1.2734544436347859,0.11044535145347928,0.19122143684090784,0.8831857058172483,0.7435190987648803,-0.0037703298443518204,-0.032710920207920366,0.04723356133376855,-1.9857318978414789,0.7662269638303894,-1.2195049340110895,-2.164026841126308,-2.175750311380618
2006-07-01,2006,7,0.041979671713599065,0.07406840322281749,6.565300619102072e-05,0.2411960092729275,0.0008513830069748103,-0.3354237189549236,1.8703504548277685,0.21514469400949476,-3.6383085478513917,-0.32402789355369466,0.9081571013234422,0.04423073698306537,0.07912856578443693,0.7682111141547274,0.2278299509196695,-0.003979730176580407,-0.05069030085612654,0.016290308605804698,-3.2793828254963606,1.114824597583236,-2.164558227913132,-2.437233098706166,-2.370446373634266
2006-08-01,2006,8,0.1230141266117229,0.05027925206325412,5.397940360240931e-05,0.16492372343166783,0.004002591564988767,-0.19832655420580503,1.8739891102325914,0.6009160597955732,-3.7019723096222608,-0.24543221733101156,1.1337922510315488,0.16010079884476186,0.10029408991775285,0.9107249744247552,0.5971307299660107,6.674819691495845e-05,-0.04993435379856293,0.04766733678965619,-3.516346801218251,0.9594788059782899,-2.5568679952399576,-2.8936951677089553,-2.7792493259063704
2006-09-01,2006,9,0.09182462522167073,0.15447343661083335,5.798442625397853e-05,0.2903199258062419,0.0019892623077762024,-0.5787734609402002,1.8416796076791404,0.42489631453095633,-3.1251770053290335,-0.10475806392048576,9.235470496531484,0.14368405280814772,0.1175082449752333,0.9029110470959001,0.4164913596985107,0.00736001573214037,-0.03706900672181252,0.053407018692815,-3.0465947492414585,0.9303636057507685,-2.11623114349069,-2.9950508537330336,-2.8644352569018636
2006-10-01,2006,10,0.1718432545545931,0.32447893889080803,0.00016851583633725102,0.6465882418900681,0.015635371056896635,0.5809227343159593,3.687201070263538,0.8969198414322226,-5.785139542315129,-0.35910350890180454,0.5730472333921741,-0.09597183587710408,0.0943614858332969,1.9541722682983327,0.8768707657064105,0.02234570452300542,-0.056193664338630024,-0.08710554045148697,-5.23570271170293,1.7129797262393922,-3.5227229854635382,-3.024640090036371,-2.9033866383045037
2006-11-01,2006,11,0.2056044303962477,0.18929223050815902,0.00011404360152923938,0.31318543983766345,0.007389302267039599,-0.5055437690246465,2.799322248611197,1.0308492016068218,-3.599769232214975,-0.31120113484214784,4.941715552121063,0.12337100736418632,0.09205647840375189,1.280868224728688,0.9981119393433282,0.026543559490672868,-0.02325370662268736,-0.16346836853997432,-3.31988262633324,1.4857167616190208,-1.8341658647142194,-3.211314924996607,-3.1347427820659135
2006-12-01,2006,12,0.29317753994160417,0.22544711998214761,0.00015136279296472312,0.40766743265654704,0.022742762059144505,-0.6479658889653654,2.8277013218014737,1.2112983037674994,-3.6126744636097246,-0.36250702305546917,4.684128137599703,0.16865344251405537,-0.12488389295928089,1.4097600405712045,1.1671465496325135,0.020097356991940932,-0.03255374417808349,-0.26656921080343304,-3.5437047760276124,1.373789527095228,-2.1699152489323916,-3.3032445868317666,-3.3179494826175144
2007-01-01,2007,1,0.3891055867441386,0.5502102224345403,0.0001633330183165903,0.4493234808786235,0.012051321302907075,-0.04505008945322908,3.774747134742979,1.5217662494368667,-5.788213037806745,-0.5412416653720358,7.408082600121501,0.05294781455085834,-0.03922225236497466,1.9492426558680513,1.5156896511279792,0.015951632483778403,-0.06576920182145551,-0.09990948011225978,-5.339141439350513,1.8194278805659883,-3.519713558784522,-1.5233236771112288,-1.6395183923363845
2007-02-01,2007,2,0.13877931751984335,0.12868668020753204,9.051605421906442e-05,0.16752374380490087,-0.006477383015343664,-1.2052376203506854,1.9789243531417853,0.7454249460165943,-3.239664618564749,-0.01040438788831266,6.024672751381964,0.14210679591405392,0.2225948448418301,1.0871577966254078,0.742682664864525,0.010402219649045193,-0.03457201529835146,0.030386279828736658,-3.1487721817486816,0.8890242753642961,-2.2597479063843817,-1.660636809943739,-1.8323638977999508
2007-03-01,2007,3,0.08142932445813944,0.2734549801823407,8.847258771039335e-05,0.19510590599139888,0.008146067406280138,-0.9566253206676274,2.1690624832265195,0.4139680686814575,-4.09934347112247,-0.19181192411303566,11.165626358505175,0.0775321628048617,0.1452318881215938,0.805851524355579,0.40531770044575,0.0021967465649724398,-0.052456476454299426,-0.04134131779402306,-3.839831821692762,1.354560590635225,-2.485271231057541,-1.7773314446778699,-1.9201227757616408
2007-04-01,2007,4,0.26084220920337964,0.07548858242978751,6.813116486296408e-05,0.22424434966700835,-0.0033151637636500315,-1.2511666946075377,2.499085589901543,1.1651603828547046,-2.9534417174150214,-0.42309550508765464,8.752909504551715,0.041419733210093054,-0.05655991960591982,1.1813389347009213,1.160844550627218,0.0005104599446443293,-0.03551254981295423,-0.08801551762208701,-2.6283258651433368,1.313430822973159,-1.3148950421701813,-2.0650701094253847,-2.142117217395402
2007-05-01,2007,5,0.11142769147012743,0.020460227901410222,4.4702866811464e-05,0.10714115403717628,-0.001768993626255471,-0.8144070492674418,1.7822316754322003,0.3292164026213076,-4.252810050413428,0.00808043984714868,-0.29043592913268584,0.19754906888654386,0.40956453439381035,0.5415469833881144,0.32469689480553887,0.006940679947764008,-0.05281554816603294,0.041696443726352186,-4.048875024753322,1.2361651842282626,-2.8127098405250575,-2.379340196792519,-2.406387747734186
2007-06-01,2007,6,0.06425150881374853,0.11306516617872753,3.894101761643356e-05,0.3425645162006281,0.010174631878360086,-0.45857463648657504,1.6312558579755123,0.14940510240970495,-3.9667123390051833,-0.5952037944724288,-0.9816981129572677,0.03690818179158482,-0.017663266327888894,0.639436303658397,0.14576517002639156,0.004827229731181406,-0.04759935521438256,-0.03628087727262802,-3.4260799926522103,0.9881796219339496,-2.4379003707182645,-2.5613341806889807,-2.5230630404318717
2007-07-01,2007,7,0.10668941088021211,0.13434397460006775,5.915571802755508e-05,0.09656784384847783,1.7074064312394555e-05,-0.8702679923101413,1.2326274012957072,0.2702159263996591,-3.3232409770593794,-0.6096082370734206,2.01249433707811,0.1005789796614855,-0.39730288337645575,0.6678284708521209,0.2699295246073299,0.006122843708530657,-0.040917167736991014,-0.13552325370757398,-3.2115146030238924,0.5645125286512767,-2.647002074372627,-2.8245404382688477,-2.697759102685538
2007-08-01,2007,8,0.052751966410338746,0.22996828473878383,4.44069873946446e-05,0.2795629297761,0.013784224685087082,0.3416657741050839,2.277041209194423,0.08623115204796816,-5.124084847129973,-0.6809424840912119,-2.348846981427617,-0.07081364768323276,-0.2829029702422489,0.7362717994875307,0.08693139584033283,0.0013051018652567685,-0.06422072984337868,-0.1803168557407951,-4.65523168559776,1.5414696534992662,-3.1137620320984865,-2.9410025072716053,-2.776562054957658
2007-09-01,2007,9,-0.05297192912541426,0.06928050561993726,3.639225100615553e-06,0.15926012950707658,0.014549169893948777,-0.6126346470756876,1.3442744731507004,-0.22134043854053242,-3.9654929664875405,-0.07416057260382702,3.152924582792201,0.1295156091877514,0.16696004788734164,0.07005110104755818,-0.2232532562976015,0.004956534053581634,-0.04946194350895767,-0.06185893030587165,-3.853887955184102,1.2723105543460465,-2.5815774008380625,-2.842358193295695,-2.7017479859531193
2007-10-01,2007,10,0.059419770473540856,0.08760200246847771,-1.8611308603015025e-05,0.03196421536938154,0.008998269845592998,-0.9688048930996169,1.3003194177724633,0.09714372450843012,-3.5694895059812715,0.19368526382347806,-0.7439537176853026,0.21452074020268672,0.43217774332554554,0.0776569880301281,0.09015940563464309,0.005363508902422324,-0.04477209607857311,-0.03883725439136712,-3.5455177666818725,1.2156781108685542,-2.3298396558133256,-2.9219474295990437,-2.840699367355789
2007-11-01,2007,11,0.03361898749737169,0.0041170861352427535,-3.6545067144525586e-05,-0.1029002993282937,0.010687837214765999,-1.0147527757775352,0.9256507336864406,-0.2270929951698717,-3.9166008233849023,0.27528998715234726,-3.3044334294528492,0.27498847564390594,0.5264716132544959,-0.401104329754717,-0.22652607986068407,0.006203381444344295,-0.0487626319243383,-0.020238445416203225,-3.94040767292667,1.327321978750351,-2.613085694176319,-3.10862226455928,-3.08205551111719
2007-12-01,2007,12,-0.1172013550562615,0.03720078743241284,-3.737872277574124e-05,-0.07906401082450065,0.011375005420722385,-0.2960025837862168,1.5284243218258369,-0.8333255543856,-5.7685289764634575,0.6054487329534148,-0.6925112175905492,0.2860856379098862,1.3768097534151735,-0.5948029785755926,-0.8303524787916494,0.011444490081747211,-0.06769309375596594,0.309921651750817,-5.283253593911599,2.126200375995322,-3.1570532179162814,-3.140551926394494,-3.175262211668816
2008-01-01,2008,1,-0.2994719977796636,-0.2448930245535048,-2.3006055998743406e-06,0.04095400580060571,0.004081090416381623,-0.13659811695446056,0.6939367679952189,-1.4925117581700778,-4.650871609470372,-0.11277484380728142,10.069419852786194,0.24933083391605382,0.5541444923650933,-1.0165291402916168,-1.4904029330618123,0.005696333875238175,-0.05984392482001799,0.11885106594412223,-4.2332831072140085,1.7125747333950496,-2.5207083738189553,-1.2106310166738652,-1.316831121387679
2008-02-01,2008,2,-0.25751309420861307,-0.17049205090562314,-0.00010412951142080155,-0.3200927549122259,0.010258373209264583,-1.5014411479513439,-0.26540078868289374,-1.342530004621794,-3.7497962631160973,-0.039200130184299575,6.830533453565257,0.49126017571990477,0.39506116827012455,-1.6749231931019688,-1.3431673724221977,0.0049032497863554965,-0.05271528461692603,0.1245965532831233,-3.8067951403816096,1.4088850366186592,-2.39791010376295,-1.3479441495064322,-1.4896766268511996
2008-03-01,2008,3,0.06146891987356695,-0.30042140206976364,-0.00010630531189844577,-0.26778064276208413,-0.003361221129786391,-1.1785413573148293,0.5669567673672602,0.1778194256383765,-2.59161897968321,-0.47361642235285,-7.39799496365328,0.2723277482690209,-0.22033233674444294,-0.5325672075000538,0.18152431238307365,0.006204327719866846,-0.030313757529280276,-0.03341676730331034,-2.6106626423438377,1.1032288616120067,-1.507433780731831,-1.519809489280476,-1.6426062246185182
2008-04-01,2008,4,-0.037500491435837335,-0.24040682402018987,-0.00015218585582657415,-0.40893237386322734,-0.004490638484190058,-1.619116320889047,-0.28811193313488914,-0.3296129036664488,-1.8040576585588672,-0.19682379492985785,-5.658656714726044,0.46598152391672204,-0.11684489245244678,-1.2956199942539008,-0.3269041874238656,0.005541205048094803,-0.022735469095380482,0.016635183719458296,-2.1900602799981246,1.0102167773616217,-1.1798435026365028,-1.6975481540279773,-1.7446006662522748
2008-05-01,2008,5,-0.03766743793410943,-0.44680526089158856,-0.00017083831143957474,-0.48718765434049005,-0.0185952568170825,-1.4767334999453028,-0.08406050103933849,-0.10214184936136617,-1.799016181335547,-0.630226268320093,-1.0417157752572326,0.3895796760152824,-0.38082785991213186,-1.1691470193680207,-0.09771722155827423,0.007153476959613176,-0.0205750804805548,-0.09460520601728482,-1.9391974489429247,1.089511146131719,-0.849686302811204,-1.901818241395091,-1.928871196591075
2008-06-01,2008,6,-0.11945813476436995,-0.335580157884489,-9.381232265040501e-05,-0.21158509947039983,-0.007822223192410781,-0.9793419288127598,0.017977770460975595,-0.481993031592578,-2.273380809011188,-0.38534783702447517,7.19677979119117,0.305485943404512,-0.33075870803999174,-0.927879001212399,-0.484172697412963,0.0030440969469322683,-0.030167577090190648,-0.08823318772282769,-2.5242776234312343,0.9436771058531408,-1.580600517578097,-2.133812225291571,-2.085546489288781
2008-07-01,2008,7,0.01020410353255663,-0.24819537468299147,-6.57566215771831e-05,-0.22633554770998643,-0.004149371016936687,-1.2658316879712808,0.31525452142845634,0.20951710362298614,-1.6351207171640252,-0.3096612919836799,1.9587889911663587,0.36268788891415576,-0.15583913569226504,-0.49690314242407485,0.21168427256498745,0.004089759933945541,-0.021141806532863003,-0.04974949070362175,-1.8439864497867728,0.814324832794552,-1.0296616169922281,-2.1670184828714127,-1.9902425515424085
2008-08-01,2008,8,-0.09053724779182348,-0.2617609085717445,-1.259882138579467e-05,0.10553637791953441,-0.0036789529143091138,-0.43616278209560555,0.7049426656868092,-0.25857490203430267,-2.513814501985988,-0.42602392931431493,4.483909039632702,0.23447422196351037,-0.1741830397932387,-0.3684391060578509,-0.2569525017951193,0.004504215829407614,-0.029684533344070653,-0.062280741472760796,-2.4964478344283827,1.0750041719838554,-1.4214436624445241,-2.3634805518742112,-2.1690455038145515
2008-09-01,2008,9,-0.03659436878283029,0.008376499517210756,7.57226277207614e-06,0.16106331903026527,0.0016217062309291097,0.8031095195645346,1.925438215639932,-0.07660359557098362,-4.871089861712305,-0.4628261974924647,5.066339054968116,0.21197522429802815,-0.07089887400624734,-0.032398865620836936,-0.08152317389470243,0.008764483268878662,-0.055972993162740715,-0.13507461069027663,-4.691137762524114,1.9529175029370232,-2.7382202595870955,-2.8848362378982557,-2.784231434810067
2008-10-01,2008,10,0.06523930879668649,-0.048827937158225976,7.165271588744786e-05,0.39222276055114413,0.007547727873184428,-0.3155691754734016,2.1467682988652257,0.4171335702896801,-4.552600843354959,-0.12632806554917086,6.2363432881521685,0.19401016913524932,0.1604161954064803,0.6839713505657059,0.4118939271181046,0.017598199768609876,-0.04734706349819939,-0.11838466385231464,-4.459866751534536,1.457557305127947,-3.002309446406593,-3.254425474201618,-3.2431828162126735
2008-11-01,2008,11,0.08426965570862677,0.10923530562682027,5.053843260033596e-05,0.31102544294219725,0.009428826038752652,-0.4067956391049119,2.405250428285323,0.24958702104917618,-5.508426384187324,-0.13551092514014623,0.8614665413053122,0.2262961069151502,0.44434505008685937,0.5763215881624211,0.24798153855066518,0.027779379662343447,-0.05016534472578166,-0.022526381888258507,-5.154866515875469,1.8273233576243963,-3.327543158251076,-3.271100309161838,-3.304538959974124
2008-12-01,2008,12,-0.07298762051891694,0.0985512809562219,-2.5624605455479288e-05,0.05839183210171606,-0.004738856572167504,-0.45122773795751536,1.5396329842093963,-0.23813654384746608,-4.420226873679599,-0.06681487376334955,8.443182239969403,0.3453577700382809,0.5197533405790058,-0.25862691156869655,-0.23222463278133754,0.024654343098578297,-0.03974857688248886,0.03782944860196845,-4.179016429375553,1.8041718068441668,-2.374844622531393,-3.223029970997075,-3.2877456605256796
2009-01-01,2009,1,0.17679326484571956,0.054277917627564065,1.751242974138708e-05,0.15564011165082903,0.004869250473477211,-0.7492110332249471,1.5733151863083927,0.578816567847372,-3.6043194927202538,-0.43865110324137024,3.9150686582226752,0.25101965541512244,-0.062035856979171106,0.3198452373002283,0.587391164823289,0.016482557354781786,-0.035529113461149085,-0.3502521222443412,-3.478723901873152,1.2620445459840302,-2.2166793558891187,-1.303109061276487,-1.4393145702445338
2009-02-01,2009,2,0.03240186178824389,-0.01859285973115321,6.504236641546125e-05,0.3565955207199385,0.00038476861729374104,-0.46396939752291466,1.8877448558348773,0.022049995107662035,-4.584789668359225,-1.1748601816337976,10.52844847364418,0.014347600984904488,-0.9341560493304927,0.44283671130075586,0.02913175163863091,0.01761605855548932,-0.04404176450005611,-0.6458484049672361,-4.358433137040867,1.4519899010650783,-2.9064432359757815,-1.5004221941089995,-1.6721600757081134
2009-03-01,2009,3,-0.0946353793298284,-0.0021293258164701845,-2.6884053382609824e-05,0.06754255686438171,-0.007623416144159328,-0.44496363875005374,1.1870119969189226,-0.4002186768003324,-4.1966181345605555,-1.3341264071598276,13.969095956844464,0.02452778510787377,-1.2377209681740873,-0.3498432084730183,-0.3935522274253094,-0.003377814337368206,-0.055492414962663265,-0.5812233002253506,-4.1247404806826955,1.5435216547669552,-2.581218825915744,-1.8471168288431556,-1.989918953669772
2009-04-01,2009,4,-0.06009171888476833,-0.06060625537880315,2.013637055006017e-05,-0.042950966168288085,0.002662630632821173,-1.111704662366865,0.8758425078271217,-0.2629766728561145,-3.8836482910287096,-1.1492775508629713,12.323698626212934,0.14811441512203072,-1.1039454343324093,-0.4421114059412341,-0.25753475934421655,-0.006071212143696696,-0.05739772180547841,-0.3645033040203031,-3.9864305896201673,1.3233958272802768,-2.66303476233988,-2.1248554935906228,-2.1819133953035603
2009-05-01,2009,5,-0.03050827529157557,-0.2027185585425053,-7.341097131739998e-06,-0.13812939824243187,-0.000558183076808938,-1.8741049847405233,0.3673486370017853,-0.19349922025127286,-1.438789086108072,-0.17738783994110385,9.176385403026185,0.4039797213572357,-0.0716384682655069,-0.46641256197644676,-0.1726385970686497,0.005160543399160038,-0.016626015511213142,-0.03267907675020803,-1.7370194357897248,0.8546218221607964,-0.8823976136289234,-2.3291255809577933,-2.32618392564234
2009-06-01,2009,6,-0.06865017177671157,-0.3226888612377572,2.332341283653016e-05,0.04429879536337644,-0.011622826082536036,-0.981369653787866,0.900622580053505,-0.09571237447469638,-2.485287423152754,-0.017887213833318316,11.712814370330568,0.27899815653423055,0.5051942543664982,-0.04825261836379724,-0.09399848523245602,0.010963930928972614,-0.022081299285667884,0.15556282301325072,-2.241204111487154,0.9505890876596896,-1.2906150238274643,-2.6411195648542574,-2.5428592183400482
2009-07-01,2009,7,0.039241268593679435,0.1721798244087348,5.906926762035304e-05,0.18696593804839212,-0.0016112530356816243,-0.8655894599480343,1.377451673457736,0.14702145221871188,-2.596850227737386,0.13495116057353967,7.680783179724399,0.3018468836431498,0.5767236358384288,0.44995053568340193,0.14767472502086587,0.010258425159406007,-0.026087618738835673,0.18769492670916352,-2.4569246361156782,0.9281544105765114,-1.5287702255391777,-3.1443258224341264,-2.8675552805936917
2009-08-01,2009,8,-0.04237284030395255,-0.05624901255643133,9.475124515594097e-05,0.3329414618772406,-0.007741419534014186,-1.4753073012086984,1.0738380741593012,-0.005626865325100816,-1.9840886863006322,0.13664878381453627,15.977677665396492,0.201815018386437,0.31189716194687916,0.6389531551696042,-0.0054513799819888575,0.010199583991268187,-0.017085355358175715,0.15959289839609803,-2.0106553265547156,0.43506040433282145,-1.5755949222218908,-3.3907878914368794,-3.126358232865819
2009-09-01,2009,9,-0.03829797338948032,0.2552216737149591,0.00020179467472431227,0.7856803171012174,0.010463981853485495,0.1371398765446017,2.953152899763948,-0.07506954244370823,-5.163693372010224,0.032139916859030615,16.165643906260247,-0.09677929694419783,0.5148820833855738,1.4403199974935044,-0.07662441696026923,0.013872242528795816,-0.05276163210202465,0.18871994356330993,-4.584171908539483,1.5112780277538562,-3.0728938807856343,-3.382143577460951,-3.3015441638613368
2009-10-01,2009,10,-0.07382533003157604,0.03469403794284176,8.042491007348294e-05,0.26218847768896447,0.002259978979554756,-0.3377272930183115,1.9670918419843937,-0.1476642352941684,-3.947942465611012,0.3099153820011115,3.5979223072794286,0.22631644747383972,0.8352829190107468,0.2331040142634988,-0.1483581639030409,0.01652818616387643,-0.036080470933872684,0.14767833714986237,-3.6488913760751873,1.7332938991120277,-1.915597476963167,-3.3217328137643065,-3.360495545263909
2009-11-01,2009,11,0.06846153110778536,0.1624260433153908,0.00012309940331927012,0.3874706335099687,0.008280052826167467,-0.39985670760335923,2.4162252981752532,0.5401419434933659,-3.737470196078126,0.3264985943780762,0.8056452015766153,0.14585258725128625,0.9004271966270055,0.8796358809093991,0.538537853475574,0.01892370233545883,-0.030928556776263987,0.08531653099612274,-3.3093941810804934,1.5349853272480674,-1.774408853832426,-3.398407648724529,-3.471851689025371
2009-12-01,2009,12,0.0005228009455133242,0.002306386453962639,0.00010085096799095512,0.1960505926728089,-0.0019688494381600308,-0.9527143072564823,1.4550522101299648,0.41565867001078205,-2.953945833459841,0.3565142874905539,4.495920253299515,0.2368341838740516,0.7791447263662794,0.5287837721717814,0.4148874772538105,0.020103826503066333,-0.022523650876431343,-0.01887753295265234,-2.768149578458167,0.9254972452011527,-1.8426523332570182,-3.5403373105597638,-3.63505838957699
2010-01-01,2010,1,0.0851072724529614,0.46031493233753384,0.00010896020777722128,0.46665972964142144,0.03624655224254708,0.15767425377797606,1.4155519422424834,0.7174198612959994,-0.5065309116384933,0.3346422142354114,-6.472410047081687,0.048431142624235646,0.3789179477988749,1.116204407961635,0.719245572156606,0.014790654361974274,0.011078098796355886,-0.17604352991266575,-0.5106863206991799,0.30117324514140287,-0.20951307555777354,-1.600416400839137,-1.6966272992958125
2010-02-01,2010,2,0.13721025629495948,0.3227451211444581,0.00019769874427329572,0.8444749334063426,0.028416920198016254,2.974842718718182,2.385156541419425,1.1166768662857578,-1.2526794716438885,-0.5476044273039563,-9.552851043890296,-0.26465844854018006,-0.498715086075731,2.039490882995411,1.1173380732523945,0.014912088027579627,0.004497173222768137,-0.40102562487704696,-0.9391316818755504,0.34632686539063817,-0.5928048164849086,-1.5377295336717154,-1.679472804759392
2010-03-01,2010,3,0.15199937910850098,0.4610300581441915,0.00016673227560042513,0.6742764327754753,0.037899885195976535,2.2145713812723726,1.7970514682756038,0.9803562406447441,-0.9418899430043557,-0.7888683804288648,-14.35669291593562,-0.189311359685272,-1.079349503133156,1.5500841255981506,0.9844791653584117,-0.000524369090931804,-0.006887915338638133,-0.4608507536506524,-1.0430597060233926,0.2510902673911122,-0.7919694386322841,-1.7644241684058102,-1.8972316827210847
2010-04-01,2010,4,0.08961506068533814,0.19585940461864593,0.00022092621150059577,0.9478500901692792,0.02508249527538972,3.0148182798202448,2.5497129351307146,0.9201855777059653,-1.7880227519783043,-0.8429679229242688,-2.6366872304547533,-0.4185837684033347,-0.9466826857957793,1.969088521336789,0.9219685769562922,-0.006375318878354314,-0.019342094536141767,-0.27993246701241137,-1.4731537464464552,0.582407413044276,-0.8907463334021685,-2.0221628331532955,-2.0792261243548253
2010-05-01,2010,5,-0.059271247632180335,0.3334633192231692,0.00018525562325339578,0.8110514048202215,0.02903620015503803,2.693103680344334,2.1756200203209324,0.11659495299814049,-3.0923565543764187,-0.6132305753298821,-3.9514550140888702,-0.3072830892718631,-0.36043880442177206,1.3098067447222066,0.12303500961987002,-0.005448187491030713,-0.037629562373978985,-0.05874376443291862,-2.5322816941964774,0.8722533322203969,-1.6600283619760754,-2.216432920520475,-2.213496654693614
2010-06-01,2010,6,-0.1409803626894664,0.20076134266740275,0.00010396328982766566,0.7210861965342397,0.014426041441700406,2.9050046405181376,1.8516292045009166,-0.2525281731613873,-2.6776095209637383,-0.17814961494541764,-1.9995725719904378,-0.21389346657551586,0.26628605213791784,0.9430430693448777,-0.24825792858250306,-0.0019088388780241806,-0.027974428505827938,0.1266859347377102,-2.019280387304894,0.9128563797350702,-1.106424007569824,-2.478426904416928,-2.37017194739132
2010-07-01,2010,7,-0.2027580093271924,0.2520545067800074,0.00010617641996668841,0.8439480904758812,0.02904999903954027,3.0602316906699234,1.7342175154419448,-0.36816958416529566,-2.216921472875831,0.08922670774398289,-1.0204396530684257,-0.24959572849561204,0.3370842702978302,0.9263805787183141,-0.36051892544321795,-0.0006967184470631875,-0.022278115402644995,0.18270287194770632,-1.7194681818263926,0.8154875954457272,-0.9039805863806727,-2.6916331619967764,-2.4448680096449635
2010-08-01,2010,8,-0.19625358167660195,0.19902949789284508,3.776998734417744e-05,0.6462208519480519,0.03164063973437996,1.7254939162641185,0.604094902071536,-0.5243866871262526,-0.5223097611108964,0.17541517353391034,-3.520025105075001,-0.07295700363587207,0.2480943839985847,0.4727074632564596,-0.5190342103178427,0.0006786373087305404,-0.0024339064654727363,0.18115027463043737,-0.37667354701031774,0.1367399156234983,-0.2399336313868159,-2.6780952309995385,-2.4736709619170725
2010-09-01,2010,9,-0.21016586446081315,0.26680461680739764,2.67664702038476e-05,0.5184673139398304,0.03589849747108133,2.0256376038629056,0.827753584098553,-0.8613590196403522,-1.3030309149283066,0.22409742081879036,-9.287592173410628,-0.04113999667077567,0.4150101372488709,0.18621825027343064,-0.85343053196249,0.0010377242412380576,-0.013357540363950184,0.1861687099647877,-1.070978201827454,0.6494638215029538,-0.42151438032450017,-2.499450917023651,-2.438856892912611
2010-10-01,2010,10,-0.146464351625139,0.03703533390805458,2.9638182188418448e-05,0.47050631387765574,0.03311423068366018,1.896924102077557,1.0640668307448968,-0.5656979332677783,-1.7211854862160316,0.642656389848941,-13.18300123962158,-0.014228132879153556,0.8590017523250153,0.27059367821601565,-0.5622638080477791,0.004776453244220744,-0.015408542817534794,0.2229197218283489,-1.4906119908607893,0.7969072777488821,-0.6937047131119073,-2.4490401533269974,-2.487808274315192
2010-11-01,2010,11,-0.009161382231728632,0.07149424068227239,-2.2482932787493018e-05,0.17738918285999605,0.03052410038862652,1.418539336737323,1.077571086884603,-0.021040807664020722,-1.6152841985550905,0.9554415851404945,-21.050666555160486,0.21905044708266325,1.2343224389216136,-0.034192098704055596,-0.012276832494384049,0.011788711162243812,-0.008385702871312954,0.16123037836164977,-1.5554537918566096,1.1205271607583045,-0.43492663109830876,-2.605714988287204,-2.6791644180766383
2010-12-01,2010,12,-0.2343158533189264,0.0561266383849951,-0.00013113133412680927,-0.07226959213183437,0.020354971379622062,1.218527090461873,-0.8347710102644363,-1.0064730749084423,-0.3730066559608196,1.0872651258933346,-15.74342288580856,0.3360071697400947,1.39991844739725,-1.2202382837753945,-1.0003787424044863,0.013580150274053734,0.006778524151879774,0.18249393987414583,-0.3963605041970095,0.3915616060148557,-0.004798898182157729,-2.9276446501224456,-3.0023711186282256
2011-01-01,2011,1,-0.3472354519689141,-0.2545859524883143,-6.547835122944245e-05,0.22390690347299813,0.022645656856514852,1.8624632772634384,-1.654968295850546,-1.502494250383541,1.948389734139555,0.6475747357202295,-0.5997841301161855,0.0020107239571057096,0.582126963416938,-0.9434610606803284,-1.5075229056629742,0.0021871721189899405,0.02795855206720186,0.29451577681257124,1.8809312378792078,-0.7165358904497023,1.1643953474295052,-1.2577237404018078,-1.373940028347107
2011-02-01,2011,2,-0.3850524718746659,-0.24911305433159048,-6.118572669156869e-05,-0.0167166043878908,0.02752695908150022,1.3696245697793663,-1.7651724497213048,-1.4653194063260147,1.8795223438616389,0.35845224455799424,-15.381548721415328,0.06400361544134077,0.2591747162990304,-1.221193363261202,-1.4674456744321356,-0.006128296172671476,0.020258055267722543,0.21696677541379278,1.7162412001613343,-0.5461053545662324,1.1701358455951054,-1.4650368732343608,-1.6467855338106503
2011-03-01,2011,3,-0.30514619152091,-0.37848987533018275,-0.00010364214789313923,0.011965599164395435,0.02442955414612006,0.5577615559852824,-2.1766658769069935,-1.2954369425786667,3.4938408817608484,0.7769933840565401,-6.0451900304963395,0.2695221935056514,0.5442195671655784,-1.4212527128404497,-1.3001197471273551,-0.000730524725671703,0.04327777452415366,0.2925888378644567,2.9915448713642316,-0.7600959686152413,2.231448902748987,-1.6717315079684738,-1.7845444117723517
2011-04-01,2011,4,-0.2110359714637418,-0.3330871001350696,-7.142732126586845e-05,0.09307554329778678,0.021681511827839957,2.3918218885143285,-1.157088259058217,-0.7537235237284219,1.7443882399711175,-0.02175554644398614,-14.689863652983364,0.16372705306593868,-0.16686219667522767,-0.7836298311660759,-0.7537722044988024,0.007972090105171078,0.029209961537593816,-0.0024256930893445244,1.4355545366739548,-0.37350710866249837,1.06204742801146,-1.8394701727159841,-1.8965388534061063
2011-05-01,2011,5,-0.3192706199123609,-0.26718869726781025,-0.00011724053385376855,0.04198985812954992,0.011199006020265818,2.64920728836246,-2.233657211478153,-1.3743187647989843,1.900241133214343,0.13465484194364402,-9.882977602696181,0.20242112376008453,-0.2665652827883112,-1.329007737067215,-1.373787056548327,0.012371055656241432,0.03001766190794985,-0.02547864492825808,1.296599884722275,-0.9041177661603359,0.3924821185619406,-1.9737402600831615,-2.0008093837449152
2011-06-01,2011,6,-0.22732272048117735,0.017707078425915235,-6.334307489469943e-05,0.06286477567338178,0.019140336521082258,2.7915065379204225,-1.0358730551579334,-0.8954473698279104,-0.4208440360839285,-0.09620005687968364,-7.3525298329724915,0.13409081147418753,-0.19904213576224591,-0.7005193667497744,-0.8899977965976866,0.01303243740133932,0.001750958273113161,-0.01489761975273687,-0.6577769264406821,-0.3299041151777884,-0.9876810416184706,-2.235734243979614,-2.1374846764425826
2011-07-01,2011,7,-0.14231114649633786,-0.011644599992765237,-8.942902156237556e-05,-0.06387431887105643,0.02799704983945461,2.1150107121568547,-1.3318349140228358,-0.6467464496479982,1.2785250828438812,0.22174278596882546,-11.383052320283403,0.24413207656751396,0.04574716772256298,-0.5936477181303044,-0.6444023472621501,0.018347606113399615,0.02850859394377416,0.06104355847610461,0.8583973880300766,-0.7358430935066638,0.12255429452340894,-2.7289405015594923,-2.5121807386962374
2011-08-01,2011,8,-0.2040425409283036,-0.028532994733797223,-7.479806980308822e-05,0.022988161904714532,0.02886873849747681,1.7793493187935483,-1.644344742293831,-0.9556192437951241,1.4582186853068282,0.14542778272377577,-12.662508488519176,0.17835866677852283,-0.056681504941867834,-0.7322527364550586,-0.9518984911978872,0.011957246817946663,0.025720143230122915,0.05373525333223949,1.0777507308626761,-0.9083712532415189,0.16937947762115357,-2.925402570562234,-2.7509836909683827
2011-09-01,2011,9,-0.2909230607558841,-0.09763234269781129,-0.00011665360119321688,-0.1353566537697679,0.02394012951628793,0.9721161471029762,-2.465672045356609,-1.37924679294257,2.4967637511571423,0.48041162295763623,-12.696873730499734,0.3306750791065115,0.18008904985636942,-1.4279445764928411,-1.376818863324338,0.010211755644489649,0.03485448462021936,0.1121128066635251,1.8657660989493534,-1.0352995392455626,0.8304665597037872,-2.81675825658634,-2.746169621963844
2011-10-01,2011,10,-0.25125508606905206,-0.2790601633588138,-8.993139072804667e-05,-0.15864990869144124,0.01530433974982754,1.9897564314476974,-2.049792161411503,-1.1506634631926054,2.3141950170383017,0.5178032748492747,-14.705877200259318,0.2396624385960949,0.47236610927548395,-1.3749812300734288,-1.1492819097263358,0.012600991143483283,0.03827034900004977,0.1533014097250367,2.0290954128684375,-0.6734293778718066,1.3556660349966307,-2.756347492889695,-2.7551210033664546
2011-11-01,2011,11,-0.35432309148404145,-0.16556096662896747,-0.00010800861485915815,-0.21202338460312897,0.031115244969351287,2.5408862061607347,-2.3901949249699666,-1.6857704320963864,2.170570743489165,1.0758534759240597,-11.422252037991752,0.3670879027063667,1.0996859664067278,-1.8310460213442346,-1.6859654328153746,0.015277842627187056,0.03639681956373859,0.3482601136157038,1.8273153312654347,-0.5593439043447148,1.2679714269207234,-2.9230223278498926,-2.9464771471279008
2011-12-01,2011,12,-0.3159895186186051,-0.11314388814886578,-0.00014081495448917402,-0.23599874225598882,0.020737524746780967,2.8116830338191137,-1.93587698644138,-1.7091380408606773,-0.07417981810444951,1.146808494364286,-15.26852663747835,0.39477810729556956,1.4938948265609833,-1.9539972912786157,-1.702064321870393,0.01755803023070097,0.006737031795680672,0.3932470528174419,-0.12187159320332164,0.025194023827461054,-0.09667756937587146,-3.1349519896851206,-3.179683847679513
2012-01-01,2012,1,-0.4039215163296787,-0.5152137655272904,-0.00022913961337210756,-0.539979254507474,0.008333646869473372,2.804947800592951,-3.1956624052722296,-1.789003931840032,2.0283604890408684,0.9767729736474522,-13.26118788059102,0.6237340676010227,1.0415739562734856,-2.677313148996296,-1.7804857608318634,0.024224211214979818,0.03877399917696465,0.22648195299203971,1.4694274040659074,-0.509831085267821,0.9595963187980935,-1.3850310799644987,-1.521252757398365
2012-02-01,2012,2,-0.38995707294945375,-0.5894407941939327,-0.00022507174529893376,-0.3535708252268879,0.004692853078856019,2.444617000112394,-3.516599646367969,-1.7435739695036094,4.526746026694926,0.8177327501164016,-7.760358441545535,0.5247739047161413,0.6215416532117434,-2.427396678045901,-1.737674565282516,0.015054814297890972,0.0676049421315568,0.2626793163298674,3.8057810250741095,-1.0833035641009874,2.7224774609731224,-1.4423442127970745,-1.6140982628619085
2012-03-01,2012,3,-0.3747883207442702,-0.3224212526787259,-0.00018050852616367764,-0.32407375522345316,0.02839626044927416,2.953098798804328,-2.885010708277667,-1.7965870765772038,2.8107976181966445,0.681907211537043,-12.458609630257325,0.40797919967570434,0.5025375428935552,-2.2624144039517526,-1.7961825912734812,0.006273515905812373,0.03767494869589131,0.24184523027361718,2.2234487498774134,-0.6221918190222011,1.6012569308552087,-1.504209552571048,-1.6270278606292337
2012-04-01,2012,4,-0.1587587892664047,-0.16985606011374887,-0.00015292836018340744,0.017041025355636785,0.018514191013876975,3.3251179092421155,-1.2761140361405943,-0.546890561905256,1.6463126191672606,0.15964857836523394,-17.59021121042582,0.039683924750868856,0.0015245474765303874,-0.7687807982731858,-0.5405042887488949,0.006036911148661773,0.02686381923766088,0.09328721922320088,1.4485046635277095,-0.5009469647110245,0.9475576988166886,-1.7919482173185628,-1.839022302263004
2012-05-01,2012,5,-0.0834795898028286,-0.28074376421550795,-0.00013595977953780817,-0.07823792730964296,0.00861957998050102,1.3433486172261602,-1.8936618306293833,-0.13663724549644485,3.043313378750075,0.1700984016659121,-13.933782651800293,0.17853154347844727,-0.1302695392468608,-0.814135003657178,-0.1375563258359649,0.00529602992284196,0.04120662983790487,0.03720405814658982,2.564413894358844,-1.080445907311781,1.4839679870470663,-2.0662183046857336,-2.0732928326018154
2012-06-01,2012,6,-0.15296101551867097,-0.11141529618917323,-9.84055882808377e-05,-0.1680416604604027,0.017193514373967645,0.6713461873876496,-1.7674585263500449,-0.4933314396951034,1.99798664153656,-0.22212762223833443,-9.115973833739998,0.13073196686079563,-0.5906612545879536,-0.7735794347745548,-0.48769891927950093,0.005324520539761079,0.025375787965069917,-0.05800178122465042,1.4987210423261343,-0.9882465711597412,0.5104744711663931,-2.428212288582202,-2.3099681252994486
2012-07-01,2012,7,-0.20316203267039606,-0.2703466659343089,-4.2893441237614924e-05,0.05623139001464428,0.018500855691517156,1.4936249823086398,-1.7361077025527085,-0.7679091314475035,2.2266872435597174,-0.09458235205600019,-3.6660090571875856,0.11266172975662372,-0.43076534006384226,-0.6170597094334749,-0.7569903432264424,0.008822790188870364,0.032134675461241706,-0.008019374604617041,1.777842525795216,-1.1081292048981535,0.6697133208970556,-2.8214185461620644,-2.544664187553117
2012-08-01,2012,8,-0.16811190795702363,-0.1873000449219101,-0.00011487369665002617,-0.21252682000379952,0.020169691227114286,1.661512541145553,-1.8761210502928365,-0.7312522426675643,2.595632537116921,0.019762803869444956,-10.012555859781823,0.327101275301328,-0.26024084174863266,-1.012580175770423,-0.7203856544386382,0.010684921253761446,0.03928065011480824,-0.011433865275323323,1.9885276161975258,-0.8526742862934789,1.135853329904054,-2.7978806151648357,-2.563467139825235
2012-09-01,2012,9,-0.19607205032207647,-0.0026423691782888614,-8.359157381075585e-05,-0.15315826811248234,0.027900482800824185,2.893042402407455,-1.2935212726345395,-0.6978729129703583,1.3072220758835091,0.2384431125101339,-12.203305711518441,0.34565017637999934,0.08091242645723198,-0.9412266097292274,-0.6886250246372985,0.012026280331206698,0.022820510611946447,-0.04576608950171388,0.8040412134505934,-0.34304677457227895,0.46099443887831104,-2.4292363011888938,-2.3586530708207576
2012-10-01,2012,10,-0.06835344457164944,-0.0515005484788722,-5.9313674423985537e-05,-0.034918899642490286,0.007464288301699602,2.9679391526698296,-0.9756269922219829,-0.19597962995866336,2.422596797600716,0.5100071339429708,-17.752150429888196,0.24008372018146545,0.45393165170890387,-0.3347406144889842,-0.18695891297796852,0.011981657273406322,0.03927877037773551,0.08544292399899234,2.1264375951852053,-0.6318656607523059,1.4945719344328992,-2.3188255374922377,-2.3576044522233843
2012-11-01,2012,11,-0.0889670060832089,-0.072785138899494,-2.88181649288971e-05,0.10933257119867523,0.013304576737219555,3.579379711871302,-0.5137556430321388,-0.20057270529613636,1.9101369844870368,0.6908034708197914,-12.038869270305211,0.06473330271645113,0.703988584081487,-0.09525011221132385,-0.19457005116414638,0.002436681507958883,0.025678181303315152,0.25454795156209337,1.8585887950322455,-0.4125028766888199,1.4460859183434254,-2.4455003724524715,-2.528960595984792
2012-12-01,2012,12,-0.3701684168358707,-0.026396055339822255,-6.54714438162117e-05,0.033684485051590496,0.01745747220704923,4.063261512317025,-1.5852989266880693,-1.3697352920705717,1.3031287878986313,0.8118838187763551,-8.046657916524728,0.0439886885624791,0.9287431678440524,-1.1146182357331869,-1.3640236282870717,0.009928379116281038,0.026479554271410362,0.38119565054908955,1.3759994484038423,-0.4649690271714415,0.9110304212323973,-2.6574300342876995,-2.762167296536404
2013-01-01,2013,1,-0.17185569172704257,0.28892678346252143,-0.00010658849359184542,-0.0024401613589268845,0.025205168934191353,4.978419305164623,-0.3611910226853956,-0.6784655081499884,-1.3450244760743981,0.2384726863195396,-15.42789764764866,0.0761807424303505,0.5731417769939159,-0.5798978658273608,-0.6717080955378663,0.016011972340504502,-0.0063799305534684644,0.26944879760441526,-1.0865361278303154,0.22546425575403872,-0.8610718720762769,-0.8175091245670956,-0.8837362062552927
2013-02-01,2013,2,-0.25742276578462825,-0.20415288578126356,-0.0001231673956513714,-0.14265989626217834,0.012055094584997861,2.853373007293895,-1.4372939519485723,-0.9198587968711922,1.7950508894546728,0.45248969217375284,-15.437323577931837,0.2304639018243175,0.44942603566478356,-1.1542738758244289,-0.9134586829896709,0.01158699372371014,0.03202926531055162,0.2281110991762718,1.5615233311213506,-0.2766199622426351,1.284903368878719,-0.8448222573996418,-0.9565817117188402
2013-03-01,2013,3,-0.25879107980294797,-0.10393063362486954,-0.00010211906439524268,0.054833846553904,0.0052442521044405305,2.5124989570297305,-2.212830006738567,-0.964254024865828,2.812529665170674,0.73083275165868,-18.08861973777286,0.24991716129264904,0.5324934048558255,-1.1420968210443592,-0.9631679659342116,0.012206074268381727,0.04521317840369258,0.2973247033172642,2.3642731570751385,-1.0696471267626002,1.2946260303125348,-0.8315168921337914,-0.934340589680474
2013-04-01,2013,4,-0.30277952439258443,-0.1436907138218837,-0.00014451667919097248,-0.2762298605023059,0.0026695023898895415,2.8842692102734655,-2.1984216009457795,-1.1559363105259548,1.9125925285059129,0.7722913303293935,-14.115107917678575,0.4002057232464187,0.8425116035689951,-1.7622889166532456,-1.1547083418018578,0.011545129796677111,0.030206983733515484,0.30537144154036555,1.582607078499124,-0.43490471556841337,1.1477023629307053,-0.9292555568812446,-0.9863350313142689
2013-05-01,2013,5,-0.2768402221025897,-0.30928096989144993,-0.00012176330412827166,-0.18455054426437423,0.006306705983398938,2.880140650963305,-2.0701611143767638,-0.9750718036451618,1.3964177828059614,0.23380252559998543,-13.214413815988944,0.20557349931941402,0.006104962020784003,-1.491810293076302,-0.9751945352908069,0.0018701866392672219,0.0170416899926081,0.06861521985757256,0.9631467199073209,-0.5784735529461618,0.3846731669611606,-1.083525644248411,-1.100605561653083
2013-06-01,2013,6,-0.19339457412596478,-0.055690525249564415,-7.254971958330287e-05,-0.05726545565383634,0.01116011934663166,2.6675836355457423,-1.3805291507330488,-0.9296033670930117,0.7696203905122365,0.21426126019948355,-10.777314082596263,0.1420064183701989,-0.11592657208237062,-0.9452697571992887,-0.9293402080695432,-0.0012351195584093567,0.00427907517058803,0.05252390021512445,0.29742613986017963,-0.4349962345101446,-0.13757009464995795,-1.1955196281448792,-1.0972808543507568
2013-07-01,2013,7,-0.35225720606101957,-0.19101160756144286,-6.281951632757958e-05,-0.013298473822484391,0.018716839300846923,2.2102176258448583,-1.6132353656608966,-1.505285565710968,0.6549038991412992,-0.007443440347268959,-11.204050434494654,0.041215220159410336,-0.08872195100011086,-1.1462884811962608,-1.5009120982756472,-0.002329311265964206,0.004982362601123606,0.10782461349247507,0.5324101683290507,-0.4625734170292961,0.0698367512997401,-1.228725885724728,-1.0219769166044301
2013-08-01,2013,8,-0.22329795726460638,-0.21129825746116082,-7.105095608049187e-05,-0.22551274008073152,0.022297078932677857,1.371497546470564,-2.3269552023621607,-0.9528775699033747,3.2181938418204754,0.427423678902689,-16.939773568112813,0.28355356560000855,0.11571707602317276,-1.1406145391003086,-0.942683592476611,0.004911090332497859,0.04087798445722828,0.21263764817365996,2.622933673341004,-1.1761466858350764,1.4467869875059312,-1.3351879547274876,-1.1807798688765274
2013-09-01,2013,9,-0.11745232606229922,-0.04623419226637826,-3.415182059352158e-05,0.00706127721534533,0.030138685251877108,1.9279976482118317,-1.323171414572394,-0.495508805583599,2.4202405533353715,0.4785304355823687,-22.181953522680065,0.19954338562842067,0.382174026336499,-0.516263652860812,-0.4847770463085217,0.013020939307521729,0.039983667936899774,0.2290677463575552,2.1243407584610914,-0.7961760024365321,1.3281647560245557,-1.6565436407516074,-1.6259657998720343
2013-10-01,2013,10,-0.25551646347198836,-0.13722790678643382,-5.822514605874964e-05,-0.09847649249877422,0.016632338631890717,2.710529076830429,-1.691504619879379,-1.1755359039387123,2.5773279729706933,0.9262060042641777,-23.09830588504749,0.2847021957158814,0.8107736209672004,-1.0712709189434708,-1.1700496453265306,0.017477939941377318,0.044188026504821544,0.29811852208070183,2.177193393957831,-0.6147474423237247,1.5624459516341027,-1.8661328770549375,-1.8949171812746357
2013-11-01,2013,11,-0.119251215577652,-0.20454626968191258,-5.172807180876067e-05,-0.11177810603856608,0.023782998791417723,2.837063079779248,-0.6713310083423516,-0.31152576944591637,1.139468755458779,0.935214323395322,-27.60241834905672,0.2388937113601899,1.0949527627059008,-0.7823214885935839,-0.3059902405899084,0.012572694119985354,0.022245563987832985,0.28480923631021304,1.0603134834091574,0.11652600910724531,1.1768394925163992,-1.932807712015176,-1.996273325036114
2013-12-01,2013,12,-0.21075684000788214,-0.026771512273614406,-8.981423592537566e-05,-0.1750939135663785,0.016525928246475,2.7950037863439543,-1.2849375106467051,-0.9211713258736118,1.1961119384874812,1.1060105525548884,-17.491872030820083,0.2124265985751592,1.3748607260793946,-1.0707311414086371,-0.9144504206575208,0.014345872826398622,0.02409740987597065,0.39762542569906273,1.252535513436821,-0.2074854640220356,1.0450500494147816,-2.064737373850363,-2.1194800255876487
2014-01-01,2014,1,-0.17520785635254293,-0.01932286635278402,-0.00010622401783891007,-0.2405638916571251,0.015717900688579086,2.345614331761769,-1.495907875322612,-0.6166023489702064,2.0773044004391936,0.7431128563147702,-18.167667995844965,0.1674928587304766,0.7552996516080488,-0.9368575077171162,-0.6145152249098702,0.010915861080518643,0.03445664493312268,0.2301160976625527,1.9219983370020204,-0.556963243545215,1.3650350934568123,-0.26481646412977966,-0.40104893530656227
2014-02-01,2014,2,-0.37859697147732835,-0.08778963488557201,-0.00013897717792433605,-0.47307576756881575,0.007313226832270894,2.189645523562717,-2.5273102474133835,-1.5308543608997316,2.2854138559409205,0.6465677320978074,-9.83713279180883,0.33734700576790067,0.5771335931171075,-2.0142142301566635,-1.5277614019318881,0.003090370822352275,0.028758539428639825,0.25666769999608174,1.878632711192295,-0.5100030582888895,1.368629652903409,-0.45212959696229404,-0.6438944407700689
2014-03-01,2014,3,-0.17302813472139628,-0.1980927560788176,-9.867653226030746e-05,-0.1938410524210925,0.014580328703898134,2.3075473602487313,-1.6055553258575093,-0.5858002425338515,2.142353870294604,0.21385809027209252,-14.162043878678972,0.11508955976084802,-0.007792362412079075,-1.0559865083138877,-0.5826783915331055,-0.0011392039336937908,0.02584561759320595,0.0820807584544211,1.8056138578495555,-0.546446966542885,1.2591668913066667,-0.7288242316964642,-0.8816533187317361
2014-04-01,2014,4,-0.13836219411038247,-0.16160060408529098,-6.262353684803601e-05,0.021911444522288104,0.011311802090454095,2.560872620841758,-1.5177657131162676,-0.22895397293702757,1.9465171303258346,0.07056724960491184,-16.384161232547203,0.010791236814368811,-0.07719651843790849,-0.6799730785104954,-0.22761313821851337,0.0008116451422837366,0.024130836559257844,0.11891379408277508,1.7879621254686877,-0.8364517998872354,0.9515103255814542,-0.9265628964439401,-1.033647760365568
2014-05-01,2014,5,-0.11714230523770736,0.03613666831860496,-4.26079897945373e-05,0.036108463478262465,0.0128425741601371,2.8547649658592538,-0.8956987991880774,-0.21954354703091816,0.5060684852796928,-0.12112222211261614,-10.779291522173848,-0.05555024884626357,-0.1756659693091604,-0.44360928007107336,-0.22233383028758213,-1.1810587745974405e-05,0.005960706976330853,0.07688422116263387,0.5070749869293874,-0.4548798023737233,0.05219518455566752,-1.030832983811095,-1.0879182907043656
2014-06-01,2014,6,-0.21709796431110157,0.07950149573187448,-8.068386027673116e-07,0.1466632644760233,0.014497671698293142,2.0661419586279073,-0.8913368867470406,-0.7336458078138297,0.18327145057276928,0.10595015195586821,-7.052117024757865,-0.026483142191956327,-0.009448989580174342,-0.5401081068057199,-0.7309293734096944,0.002089670569315572,0.0035074413060524265,0.08936308320430615,0.0943554512286866,-0.34851234553703936,-0.25415689430835275,-1.3228269677075133,-1.2745935834019946
2014-07-01,2014,7,-0.22913859301064293,-0.04022331933264334,-4.298500350754424e-05,-0.14605448203243276,0.014843992690516353,2.2243306553980813,-1.335517204506576,-0.9153294104225602,0.8083112048664978,0.07737819058059375,-6.51771192213469,0.07693396398025698,-0.031024921721654115,-0.8983558814246839,-0.9116049218324664,0.0019778931728124498,0.010448542630115291,0.11373732501190198,0.6229741285839823,-0.4334368344917754,0.189537294092196,-1.4660332252874326,-1.2992896456556764
2014-08-01,2014,8,-0.1309008677292422,-0.2709927496707444,-3.937679851445555e-05,-0.02732691601077164,0.0151820138678848,0.1202359157849826,-1.7295250044486408,-0.17766322254841116,3.6308090459415028,0.3955262097310038,-5.4189546962427935,0.08149872869441513,0.09218274468512323,-0.5245960817339395,-0.1696818358951795,0.004435610874785233,0.05007989309708787,0.20467109977103567,3.2459668522012,-1.1969475360614568,2.0490193161397467,-1.4424952942901967,-1.2380925979278175
2014-09-01,2014,9,-0.11189270288631908,-0.18672324170372356,1.0371170517713948e-05,-0.008577961704198112,0.023626084429510877,1.4779246885014437,-1.20616563034018,-0.2611873935879876,2.3651170227081177,0.5102865018086729,-8.758604247366085,0.01997992636552175,0.4071258149048388,-0.34423239726953003,-0.2537233179163003,0.005894154928240473,0.03512456979867206,0.24918887216663888,2.241976409438751,-0.8544691573989891,1.3875072520397587,-1.6338509803142642,-1.5032785289233033
2014-10-01,2014,10,-0.1283692793083307,-0.04438416976464954,-1.990589236351367e-05,0.020253149417906124,0.016018341840165953,2.2177439783941293,-0.7461720136212358,-0.20076428673220992,2.0919693265456547,0.7065081989396098,-12.396711218205622,0.01927459205863271,0.7318087801648567,-0.28907421392743426,-0.1960083657288214,0.008725607495270151,0.035715367980953185,0.2934411966290069,2.097995315712283,-0.45234187869041165,1.6456534370218607,-1.8734402166176238,-1.8122299103259394
2014-11-01,2014,11,-0.2342334511459469,0.0851047172342061,-3.257949505542545e-05,-0.02428961761478554,0.014413456852076286,3.288329835554799,-0.9718190019663173,-0.7960305209415628,0.7945310603106632,0.8183910561951044,-9.998992418887813,0.004359259474861418,0.9082449017239169,-0.6552078269630499,-0.7861160754569232,0.0048105849524167875,0.013912859874130525,0.28908873192462337,0.8800256463646674,-0.3066967295186227,0.5733289168460448,-1.9201150515778238,-1.883586054087374
2014-12-01,2014,12,-0.13454226433948352,0.013632642902182024,-7.166145317841818e-06,0.1540367184025908,0.018474066176960242,3.1769394971523046,-0.22764448466919474,-0.39252403677613135,0.5694642062532087,1.1053182973636348,-4.276344710304524,0.0019184939192396118,1.287212475993779,-0.23069958502403232,-0.38242608779931153,0.00641559405292701,0.012072156772899974,0.33196862277481065,0.7494398909641204,0.013153049331597888,0.7625929402957147,-1.9920447134130654,-2.0167927546389706
2015-01-01,2015,1,-0.12981835738279185,0.1366134761845218,-9.024726140327544e-05,-0.23839431192621752,0.017059227055921423,2.8951955612445537,-1.081927782786495,-0.4823233025493745,1.2790439260707913,0.7119162655550576,-15.166636691977303,0.16601796312729103,0.8482651123591075,-0.9182354471138359,-0.4764193029291537,0.009970214428821605,0.02308203975797913,0.23411527780837665,1.2493748097475748,-0.15778833605249076,1.0915864736950873,-0.10212380369245011,-0.2283616643578199
2015-02-01,2015,2,-0.07727099501937168,-0.09924040644684007,-0.00012203815998830184,-0.1817368661359211,0.009865271298074414,2.050905729605121,-0.8685985384842847,0.12140916880829389,2.071558653343835,0.20988885342936225,-14.899090173239648,-0.027647696276445977,0.09412074467229097,-0.6305355547905762,0.12709901313873706,-0.0060767941288723155,0.026036903549327535,0.08336068989608333,1.9834382408632272,-0.23237313936327797,1.7510651014999457,-0.1894369365249986,-0.3812071698213657
2015-03-01,2015,3,-0.07587849231301741,-0.025743447409844022,-9.002099770757146e-05,-0.1440993428958739,0.017906322342523793,2.2345753683213574,-0.8747373123171855,0.018723044092696206,1.1295001992069515,-0.1694226574500965,-14.012001356385726,-0.046740654522952785,-0.2735362558547411,-0.6090501990047326,0.021692168487985608,-0.009101456742463054,0.00826629662347448,0.027993985795734047,1.0721272553252597,-0.26271798891717224,0.8094092664080839,-0.3161315712591346,-0.5089660477830193
2015-04-01,2015,4,-0.194680854634314,-0.2689778088134396,-0.00011278387882010093,-0.2656563124349631,0.003998911183739077,2.3621744207278783,-1.7962172540385493,-0.3650861569212984,2.2531729302761008,0.04188207866245236,-12.495192295256992,0.13416422779041545,-0.1388272148450311,-1.2887242286780989,-0.36994110884760056,-0.004227896665322816,0.025852597928242675,0.07477977254859125,1.9382994089782297,-0.5123479772867303,1.4259514316915032,-0.4838702360066378,-0.600960489416849
2015-05-01,2015,5,-0.11125827128301052,-0.06482852740496603,-2.057912849560121e-05,-0.05611600610490575,0.0009841289008991755,1.831302370889555,-1.5024146792027149,-0.04875893611761439,2.630242962997298,0.07200834499056619,-7.564191979566331,0.03203579468388368,-0.2992474821655516,-0.45850425980469556,-0.05792372318670891,-0.006976058793900442,0.02675736050161722,0.0603960006600943,2.2269513411572786,-1.0530752064671696,1.1738761346901125,-0.6981403233737495,-0.7352310197556307
2015-06-01,2015,6,-0.09477300386511128,0.010547290911264495,5.860726211096842e-05,0.15738191734817364,0.0048169016112217106,1.7876449875831422,-0.5414065257741973,0.0025789529746753637,1.291702960758553,-0.07465831522747912,-1.012547332840858,-0.14726264416438253,-0.37892818040937526,0.017955510102114047,-0.0036030201692276442,-0.005622852198302882,0.01296460668936885,0.002468743771725467,1.1346957397410535,-0.5655440090200636,0.5691517307209862,-0.8701343072702201,-0.8219063124532937
2015-07-01,2015,7,-0.14126494419083785,-0.2182063557189481,3.1457096786390406e-05,0.014154513758317888,-0.0024169028313078024,0.4636497283337122,-0.8175364587393195,-0.1645399971151984,1.1368986726301546,0.0031106219549185687,-1.0178074098358514,-0.10975938388973822,-0.17807996373297239,-0.2997218742752388,-0.1604116946439338,-0.0039406297568920536,0.013652607960327627,0.07675041246839043,1.0654674708319876,-0.5136862819928012,0.5517811888391898,-1.1033405648501144,-0.976602374706971
2015-08-01,2015,8,-0.04707000585055027,-0.12552476925211098,6.27476642151797e-05,0.2732395260742284,0.011959154169898647,0.8163166885543185,-0.13277658343554188,0.36375451796691927,2.1297313638404645,0.0927354582543009,0.7083822110761959,-0.2547372985807667,-0.12001111468656567,0.4689649756210299,0.3748052832069595,-0.0036567633639500753,0.029902176788845707,0.0683141533691303,2.171722089480446,-0.5906907938165233,1.5810312956639296,-1.2798026338528672,-1.105405326979053
2015-09-01,2015,9,-0.021253852735867385,-0.11313477157456742,9.543308298145045e-05,0.416906878855283,0.003693806017792286,0.7577005766893588,-0.13469743482038554,0.6122758313500789,2.2802538748588157,0.09391230639747528,4.349365902983656,-0.2665411593372846,-0.04309950667732213,0.7549327430036445,0.628723882225521,0.003797541644660476,0.035993715906291864,0.03602270916997991,2.409783221121317,-0.8731821269486151,1.5366010941726982,-1.3011583198769756,-1.1405912579745774
2015-10-01,2015,10,0.1514794231424011,0.22809791141750146,0.0001573620067494206,0.5823785712583731,0.014588904198468425,1.1012340568360757,0.7804917607354374,1.2935328968609685,2.489641794458271,0.5079142337393926,-1.9201290169621645,-0.2438546823721391,0.43560399603379907,1.5759406425138751,1.3057276807933569,0.020529988608785067,0.05384954976611309,0.2095544382831927,2.6611862391248233,-0.7832540978460478,1.8779321412787717,-1.340747556180304,-1.2295426393771862
2015-11-01,2015,11,0.1307516922964604,0.1670738919134256,0.00020985736215370934,0.8175245181702118,0.019656750997847392,2.2229218587426476,1.5839450925031877,1.0976461594126863,0.8262648267203812,0.49478202536716936,-1.328247764163242,-0.37797404838572024,0.6996285346238807,1.8687931425048312,1.099614934662302,0.023223729777729445,0.03641041110038205,0.2754563537081774,1.4090853843628195,-0.2828792747520228,1.1262061096107967,-1.3074223911405056,-1.2408987831386185
2015-12-01,2015,12,0.19807091337648325,0.30234771573801345,0.00019270268017989402,0.7159778227337457,0.01654337308144431,2.0244838146046527,1.760357544146315,1.2602766565070822,0.7181677268219984,0.43184847623971856,1.138863796575651,-0.3901161556408674,0.663416280815925,1.8393064906304613,1.2623614821824996,0.013228269542219343,0.02760197966342249,0.18138838085377312,1.3398516870390793,-0.07686412080878413,1.2629875662302879,-1.0493520529757063,-1.0741054836902038
2016-01-01,2016,1,0.2413297361283145,0.43074964341034083,0.0001291365631524599,0.46582933567776474,0.004459212771944734,2.475107276699154,1.4894683175335444,1.4978023578168123,-0.4258698063426083,0.06399452765823477,-2.544138043806842,-0.3310722018859185,0.23361556163275105,1.7619371141238505,1.4926445290838197,0.00763264902555472,0.003810343977268711,0.1172735850598897,0.07482342951787224,-0.27762662532335103,-0.20280319580547534,1.0605688567448794,0.9543256065908992
2016-02-01,2016,2,0.4077704593421891,0.7029978474031846,0.000139592993087135,0.5316292141141337,0.02440791344000158,2.2199881663031706,1.8199532081572758,2.0351677563705524,0.21719190301103675,-0.12645852095452148,-4.166813431865982,-0.28483717049940516,-0.31913578164215883,2.047387452387536,2.0319238858928803,0.005985440130131473,0.011876540804915521,-0.0685088277827227,0.30935181282279345,-0.2306781147079453,0.07867369811485181,1.0432557239123241,0.8914801011273852
2016-03-01,2016,3,0.3417745305721948,0.6055751165761747,0.00018636839264179068,0.7959529093868143,0.00035250627360320155,3.4105596478806937,2.5685859366405617,2.185500267817488,-0.7303985079519699,-0.6246348146118172,-11.816223280386923,-0.6232720086673643,-0.6072065569967435,2.5631782851553186,2.183898470294575,0.008243537010994607,0.006333903545875506,-0.1295206114206559,-0.08969824166958906,0.0038058539623171406,-0.08589238770727203,1.041390384138296,0.8985505033600987
2016-04-01,2016,4,0.23943306565414707,0.5509762579210473,0.00014224654493946086,0.5134161791369123,-0.0003622048994802417,2.679140743714657,1.5220323136116147,1.6956619208347887,-0.05300126264264815,-0.46450628701507746,-8.264289689479348,-0.4564918288420858,-0.5286836453097516,1.9200290274357465,1.6924365512571553,0.007877207694442816,0.01092979822070924,-0.09344264933939374,0.3393132079047878,-0.40122208340174237,-0.0619088754969509,1.0036517193907741,0.8965560617263009
2016-05-01,2016,5,0.11503837057839289,0.28106437572017184,7.931015815795946e-05,0.4695537103729459,-0.010260970088136964,2.5635963526280263,0.8630931596750249,0.9084199990002086,0.1434932992036071,-0.6283137320988222,-5.067528300430098,-0.42326259914889763,-0.6169120979242059,1.1388677712079653,0.9016304055345685,0.006267827126905604,0.012371207241269215,-0.11176091387390988,0.5781575325270927,-0.28256420499863566,0.2955933275284587,0.909381632023667,0.8622855313874851
2016-06-01,2016,6,-0.03454063207975705,0.021075269161265897,8.586541912933055e-05,0.3832445442864765,-0.002902002391772865,1.416745169238792,-0.4179096808645091,0.2931328873337984,2.0631926126031264,-0.20289201682009178,1.8187803693983349,-0.40236859300023436,-0.6780842335077604,0.7448283236718769,0.28760240130261394,0.00279014280563478,0.031797681858796716,-0.0676056645638149,1.9903689889156846,-1.1682684905674232,0.8221004983482614,0.8073876481271895,0.8256102386898334
2016-07-01,2016,7,0.06582731606528819,0.0547768258092467,0.0001400316324547525,0.4068538135905535,0.009670146169146295,0.5632873120281068,0.21010949144786606,0.5702280887465738,1.653839089568705,-0.07878802652175837,3.1363983862695073,-0.3492223624470697,-0.38669428492687025,1.2017057551568264,0.5720881859020936,0.007360728784531503,0.028820767461488393,0.022002708504218357,1.6951551936106304,-0.9897361665534219,0.7054190270572087,0.7341813905473202,0.8009141764361516
2016-08-01,2016,8,0.08746893252843818,0.1346559142856485,0.0001272899330448419,0.33459976153301163,0.028491533979497188,-0.011384621521364213,-0.616261635189423,0.6166320831308463,2.797611664256506,0.13020441654966852,0.585617119231981,-0.15635217192910716,-0.2320741759578647,0.9213696637866375,0.6201335837894293,0.009139019532826215,0.04329432414906045,0.04106363250670921,2.59168524367808,-1.5341297983174658,1.0575554453606177,0.5577193215445675,0.6821112241640037
2016-09-01,2016,9,0.049693321096719256,0.2085504593223555,0.00015521422731991163,0.4723646879880208,0.012460193784774417,1.7362386019195015,0.8179735799840162,0.42477719616100496,0.7732582169865183,-0.048240921316464735,-4.991192607013282,-0.31422384967432976,-0.11787922105729974,1.1719907466411872,0.42341633749203256,0.009571463459306779,0.02169723117123277,-0.04940252094761771,1.0178437669199982,-0.35537802532617047,0.6624657415938243,0.4363636355204932,0.5969252931685247
2016-10-01,2016,10,0.024884622509734944,0.19478644838005676,1.4448635728082015e-05,-0.04611960561117412,0.008935784062732603,2.4806414237533096,-0.09505035280891105,0.23658948624672904,1.2784214589849543,-0.01575590050905845,-7.4946115849631525,0.018211876151854305,0.0643305563917578,0.004602264722845639,0.23798919955764708,0.011730797599604253,0.027889049856870636,-0.0011196199198478442,1.3402960397339232,-0.0982529042208371,1.2420431355130823,0.3767743992171404,0.5079739117659159
2016-11-01,2016,11,0.08879500945994051,0.1762934388152202,-2.8803027939529747e-05,-0.13407796419502205,-0.004284155344875331,2.5126878400039927,-0.4221897398655634,0.4355773091447426,1.5077037509956623,-0.7296575004047825,-8.66064740404605,-0.10703277666358763,-1.0385003041744039,0.09674740989619224,0.4350122244982102,0.0016763891140321,0.01899338598842993,-0.19596556071874452,1.3058937238896071,-0.5195022344082827,0.7863914894813281,0.22009956425686994,0.2866177680045041
2016-12-01,2016,12,0.02794445716903532,-0.07616081672342001,6.4914355965554785e-06,-0.03565649094792289,0.0033465979303671095,1.9076440278846234,-0.2661537960136191,0.3242968611916628,1.1468731500431137,-0.7238121623644452,-5.874927038744913,-0.301500761607091,-1.0240798115536698,0.0076399698383138315,0.32859792305956015,-0.0011487474362399351,0.017683095345682666,-0.14095739825176362,1.148106262460951,-0.26949270398409486,0.878613558476853,0.07816990242170618,0.06341106745287561
2017-01-01,2017,1,0.08110204556695161,0.06771925866787298,-3.5390426565379155e-05,-0.19165996952382747,-0.001946327979356885,0.7656754870498239,-0.8092218846965111,0.5497954371831515,2.671982412316332,-0.14002048688803648,-3.289922249423955,-0.15951288053810836,-0.42204018874234095,-0.11902099724803872,0.552803546854959,-0.0012972725486856164,0.03508382872362829,0.026551157433857032,2.549475591000164,-0.6871927777767206,1.8622828132234432,1.8780908121422755,1.71184215773404
2017-02-01,2017,2,0.19980250107767844,0.03705961307010619,4.956960514195224e-06,0.04012711928382218,0.0018062087704081436,1.5527313535623741,0.28189468317936983,0.9451459762752954,1.6953780117807962,-0.22135198792160715,-11.656390162670114,-0.33621219901750415,-0.35594109526142276,0.7578844527191002,0.9339547624245181,-0.003065030748651946,0.023411615212926222,-0.024231659845197248,1.8970011034584773,-0.4871809833905201,1.4098201200679608,1.8207776793097565,1.6189966522704964
2017-03-01,2017,3,0.2125230273855257,-0.1207946070621213,2.8974256016426074e-05,0.05912911170773527,0.009254185794106487,1.3754259203595463,0.11775228538682514,1.1951908645506983,2.4266058276726814,-0.4774663670168031,-7.050817978405239,-0.3345637362486949,-0.740090074277583,0.6546257336383308,1.189645861542294,-0.0077398313753517765,0.031098259600050103,-0.27584956709468156,2.498545856660546,-0.5424184512599228,1.9561274054006232,1.6440830445756234,1.481237774308795
2017-04-01,2017,4,0.04253494983835909,-0.061556203087191896,2.73026181975951e-05,-0.18198839905039121,1.8683617085277215e-05,0.0614744501625597,-1.2415985074990004,0.40373394173311894,2.9099974052875766,-0.11098447788961674,-11.835729549807718,-0.07878104817868405,-0.36969541661494326,-0.178269768955996,0.40007234419815596,-0.0028982762666119287,0.036355452318260505,-0.11572690109429946,2.730067514740944,-1.066990336077945,1.663077178663003,1.37634437982814,1.2592433326750267
2017-05-01,2017,5,0.07505661248332268,0.1582978307958438,5.4599589065795556e-05,0.1316892745779732,0.007219625387911703,0.7482706759034161,0.2769946636320131,0.49070274277010606,0.8174902472546082,0.017525300503175856,-11.285138255324073,-0.23598602302498145,-0.010448142132695676,0.5592431996870584,0.48004520051451305,0.001520263937487134,0.013992405401382295,-0.00900060156733993,1.0255028276436966,-0.29290607831069426,0.7325967493330059,1.2520742924609465,1.2049728023362292
2017-06-01,2017,6,-0.06841997336517353,-0.08446666024791538,7.241887757476599e-05,0.18360100920216404,0.00036615357504379137,0.5890096531056552,-0.41800501695053294,0.05241181513543225,0.7970648323657881,-0.14505484738251911,0.17740238085249166,-0.2224788102354214,-0.25935308362480286,0.173228349896843,0.0515703690288829,0.0023768681315475444,0.012158845952422552,-0.03233617017031315,0.9052454063589077,-0.5920748129537787,0.31317059340512887,1.1300803085644873,1.1682975096385206
2017-07-01,2017,7,-0.019246117377701155,-0.051231417268701396,6.576386984058767e-05,0.12487646400636865,0.011908736443444732,-0.13885314330833198,-0.9029786179810677,0.06981268632918791,2.0194186852915,-0.05972562733169606,-3.030635560757702,-0.18914180620573445,-0.4447903356597,0.173028865678738,0.0694533732353193,-0.0002278244747623455,0.025570683107860114,-0.07565504898153204,1.8234957831692125,-1.0763667967536592,0.7471289864155496,0.8368740509846475,0.9636014473848888
2017-08-01,2017,8,-0.012107723396727332,0.09304328708396525,0.00010153567740467633,0.2680899146907254,0.01370102508449789,0.823260769267431,0.22181858153996759,0.13247275627689303,0.8402789749723651,-0.1935418917355579,-1.087351781513907,-0.307571819241656,-0.4512912367759583,0.5076868668038435,0.13564006228119707,0.0008619842038124319,0.01578866828394101,-0.16350672802862423,0.8901014491736348,-0.28270097925955984,0.6074004699140784,0.4204119819818857,0.6347984951127614
2017-09-01,2017,9,-0.06944767786716993,0.2729702881358296,2.3816319773346654e-05,0.16361395327840556,0.009229359884343789,1.5302851346757858,-0.010129643202860361,-0.2297761440465913,-0.30836474609210907,-0.3132378824181198,-6.023373474256412,-0.2904123965013381,-0.3804972148735042,-0.01317399287443699,-0.22319993062575394,-0.00361087781370863,-0.00519822172214459,-0.18703146850526187,-0.0852116820461628,0.009620563092383572,-0.07559111895377923,0.20905629595777953,0.4096125641172961
2017-10-01,2017,10,0.02279294449670083,0.36582426585880845,4.7327082756417444e-05,0.1731563923282422,0.014697633930288098,1.6022724295823276,0.016830412342595746,-0.14682755538778425,0.10571720571899457,-0.2926932602301044,-12.08808979166628,-0.35950516308782016,-0.37156688645838465,0.2396878138020071,-0.1445814966061394,-0.010002937560265605,-0.0052128590040510445,-0.09413188054739566,0.38634874257855545,-0.2206113426777656,0.16573739990078606,0.22946705965441083,0.35066118271465996
2017-11-01,2017,11,-0.05491514882489584,0.06942008428127822,-4.4286968260093566e-05,-0.18322306358496054,-0.0006406991622129182,1.5833507732727017,-0.4787364147702342,-0.27161402807869006,-0.34432473367861327,-0.5950994244816763,-16.83297527926188,-0.2843424597862788,-0.5948079500683926,-0.5564216592257205,-0.27800500998013744,-0.019092953372098268,-0.019529374153921523,-0.14175905740821637,-0.05969079947904765,0.07129426255404314,0.01160346307499549,0.25279222469420404,0.29930503895320726
2017-12-01,2017,12,0.016231908913969917,0.18404089267801216,-8.100423930500878e-05,-0.22640344165525472,0.00048608786447009583,2.201439405809889,-0.5393120957152875,-0.14718144443208248,-0.6766432522068055,-0.5241380037098073,-14.419661052169786,-0.2196405144778392,-0.6976367082231596,-0.44166084614985035,-0.14336023031345357,-0.012752908664454648,-0.021465199509873044,-0.17701001092236734,-0.6305014422423478,-0.0938300354468673,-0.7243314776892078,0.27086256285900845,0.21609833840162196
2018-01-01,2018,1,-0.0816399955086124,0.02957039478355994,-0.00011848158675414379,-0.38272499266377946,0.007103676807353181,1.150154573639568,-1.6254160974289138,-0.6431448808401639,1.2187364417503757,-0.26517232411844116,-14.73260613327725,-0.09902659800263437,-0.5993849127405029,-1.0499463803843767,-0.6454261851415937,-0.011062457771171413,0.005558275474715581,-0.19231255628921537,0.9835504511309621,-0.57775102134602,0.40579942978494554,2.200783472579573,2.064529428682775
2018-02-01,2018,2,-0.0036169455572215292,-0.14961361285216745,-9.071361615816916e-05,-0.044214205201823065,-0.003079453139137909,3.8993160602578274,0.38948854555997636,-0.13994355209057252,-1.4911968724998323,-0.7902763244474924,-16.028710104338924,-0.44079237144521144,-0.7373789155346583,-0.24406472652634026,-0.13897429655450022,-0.0018335187342903743,-0.015222675425839112,-0.29370025725448884,-0.9975070921417766,0.6345225276223787,-0.36298456451939776,2.263470339747059,2.1116839232192177
2018-03-01,2018,3,-0.03815534981007579,-0.08742013479626953,-5.755149325013906e-05,-0.361284792288161,0.005817865760095568,1.188745801465545,-1.2565278355305556,-0.24153109427440222,1.5483140825514097,-0.30728952573679236,-22.001620675854035,-0.13040934379178548,-0.5528001508542911,-0.6251888295849346,-0.23840374852332413,-0.008369085056517376,0.0155186296406006,-0.14675914075570168,1.4332128012257033,-0.628211660194552,0.8050011410311405,2.226775705012912,2.08392504525753
2018-04-01,2018,4,0.014372541071736855,-0.15246844218669775,-6.218033198446916e-05,-0.31340242600171675,0.0008476254978176598,-0.3523108059000486,-1.4754801140393128,-0.0032289047066180743,2.561255591787595,-0.12324475967952664,-22.081872643123756,-0.09229501792554182,-0.4961863924058597,-0.41542607603398807,-0.005602221964550402,-0.010903470038788481,0.023605681636856356,-0.1535341057774489,2.2806089769868314,-1.0624273552632344,1.2181816217236006,1.9690370402654196,1.8919306036237344
2018-05-01,2018,5,-0.10080847900065132,-0.17077832725163766,-5.913278490606933e-05,-0.23286315285425263,-0.001236679899188433,0.7886594091799606,-1.6912916963396634,-0.43053606407699174,2.076699146571144,0.19193379725116239,-19.017761892015475,-0.09331380608768669,-0.19475054405268286,-0.7993492547204522,-0.43887708504745326,-0.0059391081317403845,0.02155865134572981,-0.038214956857730395,1.7833286113549356,-0.900283462589728,0.8830451487652092,1.6547669528982851,1.6276600732849573
2018-06-01,2018,6,-0.14847303437985776,-0.11088577102991293,-6.324963624919941e-05,-0.2143975414212662,-0.003899190954474604,0.4689963155739547,-1.5236568053475206,-0.7785858982903102,0.5955454084482308,-0.07455384515759284,-16.18294653532146,-0.16903206284485958,-0.23148337038940014,-0.7959514127409895,-0.7838911205166585,-0.004221046196970186,0.002282992869664928,-0.010610182848364463,0.6076479460612827,-0.7330106148327331,-0.12536266877145008,1.4627729690018327,1.4709847805872442
2018-07-01,2018,7,-0.12550041865799227,0.03173780922639713,-4.831130952075743e-06,0.02762187301058039,0.010106205104216073,0.15475792438890368,-1.2861827356232811,-0.805943038361046,1.4663523514789647,0.16168380934891702,-17.24730430675324,-0.2353593415080859,-0.05731598185215345,-0.3372081032469554,-0.813006775798617,-0.00618154444026164,0.013252636724038168,0.09282880160943827,1.4827119017859798,-0.9560383698138779,0.5266735319720947,1.339566711421952,1.476288718333592
2018-08-01,2018,8,-0.20935797464192468,-0.11982717246546648,-2.7978073652881437e-06,-0.06489010677736995,0.01853037676444906,0.05823045064336929,-1.0505415414479287,-1.156015527578249,0.5675141178421836,-0.027224395149621605,-17.29164784930547,-0.2418342816678508,-0.12637469211034025,-0.5856136612636558,-1.1530927219773779,-0.0046912514780137506,0.005126493258107025,0.08994197880039125,0.7101981025493473,-0.4620050745833859,0.2481930279659611,1.113104642419188,1.34748576606151
2018-09-01,2018,9,-0.2262513639244182,-0.22028168503110135,1.546449645668243e-05,-0.037715949419220296,0.0019836125497780938,0.46524316995601245,-1.3915010123000884,-0.985958133708841,1.7850548163151139,0.27788377933096536,-16.443929639401343,-0.17043214634228307,0.10341348349430599,-0.6456837531110073,-0.985328152480013,-0.00389287923817239,0.021130220772512455,0.12701823676785878,1.7810166668207406,-0.7451872779602808,1.0358293888604635,0.8917489563950909,1.0922998350660151
2018-10-01,2018,10,-0.06083775269833619,-0.15349469673770266,3.607319149785378e-05,0.06819081743153999,0.000750574200098296,1.787670317930648,-0.25459416371898635,-0.06004462210715067,0.9014281959408748,0.41945223277936144,-16.0412365894146,-0.24907423159105968,0.3883381591391344,0.15968638992004358,-0.0641028920197404,0.003094924853094167,0.01598395474424836,0.1210892383806981,1.119388353891714,-0.41833882355161767,0.7010495303400924,0.8521597200917768,0.9433484536633472
2018-11-01,2018,11,-0.12759949746337446,-0.06134146423196696,4.926524294764106e-05,0.03862174684470543,-0.006135170397220786,2.195116145699705,-0.4490124908879669,-0.6075172994638081,0.5874677015838552,0.26366066209199135,-13.25802305846822,-0.2757087298414503,0.4766097547676857,-0.17935905297265453,-0.6126738943749719,0.0050195442337817205,0.015561691002745855,0.1784378063116963,1.07612552410101,-0.27481003282646754,0.8013154912745389,0.7854848851315381,0.7519923099019081
2018-12-01,2018,12,-0.05049583041908007,-0.13310863599747047,9.354077024427356e-06,0.03251136301267343,0.005421382679973056,0.8121191377994106,-0.9281027853969763,-0.23589956952491953,1.5506985667209943,0.3547649152851068,-11.202636551249386,-0.27380832606668404,0.15758863028302658,-0.25234971993046695,-0.24194178344087502,0.0012148726645142861,0.022463806980037006,0.11320185922080554,1.6273306077855874,-0.6817952793825242,0.9455353284030629,0.8135552232963335,0.6887856093503615
2019-01-01,2019,1,-0.07861262204472191,-0.014118052532337444,-3.2562203875507653e-05,-0.07045713022992284,-0.01025781641935555,2.1056990227853887,-0.6028830055272549,-0.2496502253801438,0.0957982200906411,-0.07320460215678087,-12.776650031071846,-0.16133116183148496,-0.15551498075418374,-0.40007456680540443,-0.25315939988608305,0.006035249852786171,0.007481658023831418,-0.02238203897859706,0.17481900332473677,-0.20631761322784192,-0.031498609903105046,2.7134761330169255,2.6072166996315076
2019-02-01,2019,2,-0.04208245105539138,-0.015654297939164064,-2.070820616513258e-05,-0.17353186509822716,-0.009828183419559763,1.3714314821496436,-1.0524034004062055,-0.17012369069480693,1.8298661594209285,0.10505907459838065,-11.479146136379354,-0.08025758978151394,-0.05128235665263167,-0.3813015896202261,-0.17972173799033087,0.003721680004213943,0.02674545282498552,0.050959932583117484,1.7537823179514436,-0.680699858081516,1.0730824598699313,2.4861630001843906,2.374371194167921
2019-03-01,2019,3,0.15504762554519752,-0.0726792767760478,6.9266388145956576e-06,-0.11408669569800689,-0.00823963620735976,1.3721740697089637,-0.2903165741030862,0.7059028211367253,2.128983516936101,-0.31211226141969606,-19.47313099708854,-0.12734781156655844,-0.47001521152583,0.3784233631491496,0.6991927477376088,-0.0006754733241593099,0.02984924025786797,-0.0644005477504237,2.0984283783965356,-0.6754500106513615,1.4229783677451708,2.4594683654502347,2.3266123162062513
2019-04-01,2019,4,0.07217042574323468,0.1475867184859334,4.199051973156686e-05,-0.0225512322867345,-0.0073939947721449704,1.3094255990178847,0.1163036627383005,0.3632053859266495,1.0119615178203367,-0.5150295872293715,-21.616964843579865,-0.22878616771462662,-0.752182109501661,0.497694962144446,0.3529471166434881,-0.002929334748902352,0.014110155598591377,-0.17952014888803733,1.0035951632627054,-0.3916495686892849,0.6119455945734239,2.3517297007027764,2.2746178745724563
2019-05-01,2019,5,-0.07662029214079519,-0.062376644892362165,1.1867216174365721e-05,-0.00908161760092896,-0.022993426511572757,1.062072260883602,-0.579412760875321,-0.33401350014418085,0.2838392996927892,-0.6072521369603416,-11.424398698844065,-0.23236411552033892,-0.6539602488501929,-0.08846151504725253,-0.3471194122739609,-0.007239876562597832,-0.0007347643038184207,-0.10367580808943398,0.4694953033232516,-0.5040571579579047,-0.034561854634656775,2.19745961333561,2.160347344233699
2019-06-01,2019,6,-0.04919149003954665,0.18854194114421285,0.00010780103585603644,0.3366872718767031,0.0016966371728326206,0.6802485522823676,0.1625724516296594,-0.23641640049259216,0.009162961536719028,-0.4447377216924845,-11.459007968177513,-0.4384039994578483,-0.6452266945449733,0.7454059782326148,-0.24982473811433348,-0.011221301807936682,-0.00700741628488822,-0.11203531529368034,0.24707798814207083,-0.59624186422455,-0.34916387608247923,2.055465629439169,2.0836720515359843
2019-07-01,2019,7,-0.06714517785586677,-0.01638283774968685,5.060917144685944e-05,0.11264667172403597,-0.014775468027718237,-0.8924370176413254,-0.8840928857527364,-0.5772357812242248,1.499539495228852,0.010353185485430294,-12.999918554538457,-0.2860995287657499,-0.33237537362847513,0.24178473089291597,-0.5813513944531881,-0.006978728430911612,0.015425533056833772,-0.004886479016666249,1.4429104648806854,-1.1299932298745967,0.3129172350060815,1.8422593718592566,1.988975989282352
2019-08-01,2019,8,-0.06702412395163587,-0.02251880256726202,8.295012725974689e-05,0.16160228078918215,0.0035612746290170846,-0.9099459841908355,-0.9344890222963955,-0.4798085353623507,2.328371851505444,0.08976321314489716,-11.933029062541175,-0.2557014861554799,-0.26434148105640065,0.19619525602061394,-0.4860164456696432,-0.0028473293141721805,0.029557109036636033,-0.003141817419488095,2.2299686434596326,-1.1368921886242933,1.0930764548353462,1.735797302856497,1.970173037010241
2019-09-01,2019,9,-0.08254102982548067,0.10933652480403455,5.6754483051518496e-05,0.20673730720347128,0.004013889013014076,0.5294282362344478,-0.6707212902001314,-0.43604977299549263,2.424586733535029,0.3098006926845705,-15.397859841397732,-0.3321614990548431,-0.040996815825997734,0.4631559480987848,-0.43954862938125894,0.004135341495039486,0.037025846775414185,0.04322115778437895,2.405950724079317,-1.1373760946847093,1.2685746293946045,1.7344416168324273,1.9349871060147024
2019-10-01,2019,10,0.006675365528530375,-0.1512147929835701,6.522468060328934e-05,0.15487862026753318,-0.001505702143712092,0.09758481437618594,-0.46218221304150076,-0.01646271518055764,3.0774577222670096,0.42550585114581607,-16.69817825701913,-0.40646420729517047,0.28922321233030784,0.4646847070096589,-0.02137290978342099,-0.011097367327883658,0.034691687974529546,0.1752184938052522,3.3476392907466894,-0.9317771146540219,2.4158621760926637,1.7448523805290677,1.816035724612135
2019-11-01,2019,11,-0.010282205054578608,0.037102806036239944,4.087284505397651e-05,0.0012625461583419817,-0.004732622464932303,1.2715616798654774,-0.2866411898946146,-0.09121492890048177,2.0564774825834284,0.48074720124027137,-13.035407226920025,-0.36787447123289524,0.3758720591318701,0.24770507896142213,-0.09596286539882959,-0.013698916430403742,0.01785407793249228,0.2098007707840256,2.3194768117079216,-0.5390942053543839,1.7803826063535415,1.6481775455688563,1.5646795808506795
2019-12-01,2019,12,0.10626937802748854,0.12672001827309698,4.576803030296138e-05,-0.11710828945381357,-0.006356663288733706,0.6786770567501024,0.11144751840746592,0.37681376975371084,1.1156831410842054,0.34854020556653714,-10.965764728393754,-0.37690330169687375,0.34502379392926746,0.5140327261976978,0.3681562350517562,-0.012761492241581466,0.008273720854297208,0.15248227287754446,1.4890700311437453,-0.4112427424922467,1.0778272886514948,1.4962478837336448,1.351472880299056
2020-01-01,2020,1,0.22799401472852782,0.15884374788807598,0.00012220767413662743,0.3938415200641108,-0.004977416631948606,1.8713137277112701,1.8516038811316533,0.7147472986675991,-1.0037227392531487,-0.0903314618124636,-11.497322905562962,-0.6325630032732817,0.053312550418545136,1.2984830734128812,0.7120253106978818,-0.017240740467176444,-0.019596619817654114,-0.15787359995804837,-0.2275157237488301,0.5503988197490017,0.3228830960001753,3.3261687934542437,3.1499039705801835
2020-02-01,2020,2,0.2903496944943648,0.3809786017415928,9.51080314315028e-05,0.30284058811653813,-0.00035905378705726465,0.6126000891870187,1.551245140918748,0.963395726470726,-0.8743599235614705,-0.37515705537666727,-12.55322313072864,-0.5798606760840326,-0.3746512227574975,1.302497703883473,0.962589847804181,-0.023312544927714462,-0.02528395494434022,-0.33494513653169694,-0.2939934148582548,0.24794155836871634,-0.046051856489534804,3.1988556606216747,3.067058465116645
2020-03-01,2020,3,0.10123946129581601,0.11319498615215196,6.413953096095842e-05,0.1456704436459202,-0.017602553180530913,0.6029264942690715,0.8913668931839234,0.5537157202190377,-0.4406258216717487,-0.693449824190754,-13.368917646810411,-0.515231912439714,-0.7773708001638573,0.7373017354025713,0.5558841101085163,-0.019253746645034455,-0.014651306340984667,-0.3680416409880881,-0.009314885205124579,0.15623354767082076,0.14691866246569274,3.1069903208476717,2.9941288673493602
2020-04-01,2020,4,0.10062507951545735,0.05461237930603491,3.2054468343427843e-05,0.08950686304233879,-0.010733300678729126,-0.022569664507125164,0.18294868003345188,0.38851306887421844,1.1157084048163552,-0.3549528805604964,-16.916061572036384,-0.30214793931169465,-0.4711887956142065,0.6354086033832713,0.3880391421313134,-0.004864545886981066,0.014147830755759587,-0.14486300343470768,1.3016204290743532,-0.4529338500927025,0.8486865789816543,2.969251656100184,2.9121344257155926
2020-05-01,2020,5,-0.011654885424092487,0.21891710234931927,7.237112142622856e-05,0.06883581384506532,-0.0014352717189770499,0.4026272657911938,-0.1390194327849339,-0.3032154504236515,0.24457450995588204,-0.33130737507762514,-16.378800443111466,-0.17750127302122384,-0.16206794185696632,0.3518018069112374,-0.31212332887870664,0.005784619869074855,0.009706140644983673,0.002209676824061927,0.5913152161976685,-0.4997291181512826,0.09158609804639484,2.7549815687330295,2.737863895376776
2020-06-01,2020,6,-0.07585671190113069,0.06969863830704015,7.30245849121982e-05,0.3599875852514487,-0.0011684205607624017,0.41190132868379825,0.3042540323649763,-0.5312769843103022,-0.3958159806655748,-0.1037026161545751,-12.675659222016034,-0.4285966504426479,-0.08183282176855619,0.7302357342164463,-0.541627592255375,0.006143908357756796,0.003574732833615389,0.06538825039340106,0.054650464163066736,-0.4363323097963969,-0.3816818456333301,2.5029875848365606,2.581188602679134
2020-07-01,2020,7,-0.10141351945540139,0.12871756056367833,8.179372464342082e-05,0.32590493364548023,0.0020026265561929844,-0.222215541985483,-0.22096063586293058,-0.5541268546939278,0.346402560915128,-0.23477533164531028,-14.991187513420034,-0.3226078179887051,-0.2275845592760402,0.5182818262328857,-0.5592620808014854,0.0049052219348881924,0.010378557232364853,0.0761897082938551,0.676201151273081,-0.744377688203355,-0.06817653693028058,2.2397813272567078,2.4464925404254245
2020-08-01,2020,8,-0.1526719352094001,0.08752779593276272,8.087528696620937e-05,0.19871158949872947,-0.006263594009395721,-0.9770047773092423,-0.8623134861370532,-0.6835019835034188,1.4326258721215237,0.07229537321538876,-11.803549962384446,-0.13824746806951901,-0.10925998071050956,0.19974662293105006,-0.6870057337457611,0.006138916518370185,0.02233872403749638,0.10860206884644702,1.3893179862651759,-1.0655638593104333,0.32375412695474604,1.9333192582539453,2.217689588153334
2020-09-01,2020,9,-0.02117782948853114,0.11244903980128074,7.31481045743792e-05,0.34230608391996253,-0.005603646120543596,-0.45622795968569596,0.31047989843592605,-0.23376390397659996,0.802352125218281,0.5065140152988716,-18.18602170483939,-0.1708318435046285,0.46804636502835184,0.6985904035534007,-0.23702264800504924,0.009307651609945521,0.019120610671160394,0.2151706665996451,0.9347163184524319,-0.3913692491459513,0.5433470693064769,1.9119635722298511,2.12250365715785
2020-10-01,2020,10,-0.08009440212909041,0.12478684232785175,-1.0726455674850031e-05,0.19572849526348057,-0.00884380058244488,0.555405168620696,-0.04327432550129329,-0.5708304781677427,-0.059816443491576,0.9384221031887371,-15.235008841013602,-0.03070972190802676,1.0493750155294272,-0.025503048617836477,-0.5682683103069195,0.011013717493685769,0.007782929141961027,0.25549008397341083,0.08184619075711907,-0.015209109022632505,0.06663708173449001,2.0723743359265114,2.133552275755221
2020-11-01,2020,11,0.10965244900270393,0.20409124582658933,-3.6973262965061334e-05,-0.045398653611198325,-0.008474843338582474,0.6975975183584899,0.5856047511048126,0.2859103750615346,-0.5041370102244462,1.0798450438021647,2.402805852840561,0.0322221351214677,1.3425280855123232,0.11652637121394882,0.28535164541379743,0.023378366055387376,0.013723153008718715,0.28114208471811986,-0.2736761036357702,0.4685196502431277,0.19484354660736092,2.1356995009662825,2.0021961319937702
2020-12-01,2020,12,-0.10266503897285378,-0.064148789077211,-9.886722837927641e-05,-0.2025789926951147,-0.011147159934447443,0.2720118468981858,-0.6757491366308703,-0.7130541459536208,-1.2917393324390942,0.8069322455577124,12.575769172802605,0.03681059524995303,1.1558649289541165,-0.9996222157264683,-0.708942618391549,0.0194362578266553,-0.0012990104281315681,0.19192044296363162,-0.9796172442926476,0.3279846066576131,-0.6516326376350413,1.9837698391310568,1.768989431442165
2021-01-01,2021,1,-0.06572313314393513,-0.144142546903542,-0.00013215156502931061,-0.3219083140147865,-0.014337591486209934,0.6329893578906733,-1.3807322631164767,-0.5992007264317238,-0.3617065205761367,0.28306967303621794,12.365565552694965,0.17392179724059958,0.3061415678248414,-1.238447035405735,-0.5873810894532054,0.009591066990303477,-0.0012145343086650065,-0.10257687158297489,-0.5125564230281348,-0.13046559073227582,-0.6430220137604071,3.7336907488516715,3.6174205217233038
2021-02-01,2021,2,-0.18786171464639662,-0.10465366643545848,-0.0001814877093351357,-0.53522724186051,-0.014799403363457437,0.21096407068342282,-2.1218134323131292,-1.1188277382104248,0.8522045475279589,0.02470358379279758,8.814539851956866,0.09379527321486765,-0.1437795559305503,-1.7534823743941335,-1.1082749272933117,-0.0036485065310690283,0.005698191379172456,-0.24256892940453095,0.5899261345897426,-0.3577782470018962,0.23214788758785387,3.556377616019091,3.494575016259745
2021-03-01,2021,3,-0.16653060701167205,-0.37060795230389565,-0.00021266002727510702,-0.6073306295570069,-0.017564747387860447,-0.7550912773905734,-2.103334870449,-0.6842191355237812,1.6581627494307565,-0.3743467992876999,3.741042171279748,0.09125832728807189,-0.6370771053532853,-1.8513903570665704,-0.6705700972693438,-0.013778289126273883,0.011098664266846796,-0.2683046365101898,1.3041741160770952,-0.23829547512800064,1.0658786409490908,3.2696829812850012,3.196816138298061
2021-04-01,2021,4,-0.20930596547840602,-0.4182700044299257,-0.00022017022236373702,-0.5827722244948983,-0.019018620305328266,-0.9026599537432607,-2.459358582449298,-0.8240663688048184,1.8641658010798614,-0.28951562624786914,10.183898461543775,0.11603815991341102,-0.4458727503191653,-1.8039847248449314,-0.8217599616907267,-0.01183460449732399,0.013675786204574152,-0.09311962824017432,1.591770517095175,-0.6530674504902494,0.9387030666049258,3.0319443165374906,2.994821696664289
2021-05-01,2021,5,-0.1976262119510635,-0.2784245233571172,-0.00011517194331043645,-0.41871018040356156,0.001968219839646946,-0.7343915583729559,-1.5834831735243609,-0.7900692191545446,0.7687832421849548,-0.06289379744345813,10.146802082703749,0.04474843077242214,-0.0020432562361062025,-1.1433771362833616,-0.7966526199854642,-0.006669108621360709,0.0021336867760781905,0.06277187453192007,0.7848853526198556,-0.4466894380719746,0.3381959145478842,3.0676742291703363,3.0705511663255294
2021-06-01,2021,6,-0.19555876124170862,-0.34897969833156295,-6.736259928396681e-05,-0.1490292396124817,-0.01794633472588612,-0.8095114787286417,-1.4165163367578466,-0.7013854238789503,1.4148028994955575,0.2135485089036312,10.387423874757177,-0.1388119034206127,0.16782086439695132,-0.5409123661022619,-0.7094334585021174,-0.0043190810139959075,0.015274698303399857,0.14060944255343918,1.507887158409472,-0.883652005278605,0.6242351531308742,2.935680245273872,3.033875873627835
2021-07-01,2021,7,-0.04169291465500086,-0.09470806372367657,3.7770578572855545e-05,0.1278518769857071,0.004139888008320911,-1.9750030166508572,-1.0019238931414072,-0.25047826331749556,2.425701518219846,0.28138185560903667,13.637096529312254,-0.1790457480324918,0.022978505796520637,0.354233624321461,-0.25566750632498403,-0.008922405125941526,0.02413548612675525,0.17805912106030616,2.34634391643981,-1.3613467604703382,0.9849971559694647,2.6324739876939987,2.8591798113741618
2021-08-01,2021,8,-0.08074137069053805,-0.12205473993191696,-4.613349571995539e-05,-0.06619600675920467,-0.011751039848192809,-2.1155740799131384,-1.3668159307751497,-0.34831074958341635,2.5429082136867502,0.3721315922573814,5.0135700654915105,-0.06716835504970334,0.11203294417107035,-0.24704796013008146,-0.3509739146278452,-0.006502849604217067,0.027248020533004354,0.21772478493930425,2.3499779206501525,-1.1224311356894823,1.2275467849606705,2.4660119186912226,2.730376859102037
2021-09-01,2021,9,-0.025322046394277986,-0.05328669461896807,-3.9495596298555306e-07,0.13547482357984264,-0.001418032712700825,-1.0418823410839306,-0.026948543182748974,-0.35530724010154113,0.8909772494557648,0.3976894619031262,0.9911210286960694,-0.15490204306626165,0.38083937626640524,0.11515180101522304,-0.3677355958764128,-0.007369540660242067,0.007795034876408043,0.22259213668498015,1.0290292068852835,-0.15452869997286744,0.8745005069124091,2.4046562326671648,2.5851909281065417
2021-10-01,2021,10,0.017123274367035146,0.030206008053871525,-1.6206608230114983e-05,-0.07767503594927638,-0.006019862073155319,-1.2993839939317593,-0.4305941033340699,-0.19474349324086848,0.8883112219538529,0.5172081451002435,-0.12850599444423388,0.05016131713011214,0.4876407796239358,-0.15785672551052432,-0.20329005392854516,0.0004482045697678412,0.010345435430404594,0.162587762545225,0.8085825393474466,-0.2812839385112176,0.527298600836222,2.3550669963637887,2.3662395467039516
2021-11-01,2021,11,0.030294113869166084,-0.2809385242224458,-5.478176111462657e-05,-0.27867158489921473,-0.015549880299536013,-0.974663257501597,-0.5975318478043783,-0.0021376809246294037,0.5843364924040308,0.4047293610488851,-3.4476474888572843,0.09252792478232205,0.4599294099364016,-0.5117114700006038,-0.003277839046934794,0.005622940196779492,0.011042769900456696,0.07678886462051109,0.5470086165092387,-0.08696053592607522,0.4600480805831636,2.5783921614035847,2.364883402942496
2021-12-01,2021,12,0.05894793803941106,-0.058447679688995,-4.8496441243041756e-05,-0.13663720548351477,-0.00855429658370747,-0.07799230942685442,0.17201108370830775,0.10548388386432572,-1.490810577700528,-0.023410282676236405,-3.977393957671942,-0.08621010626506868,0.11559378179834454,-0.2025489478905378,0.11184602520355469,-0.0003211627261133117,-0.018884953075486592,-0.08605786892025155,-1.2655964069608898,0.3809221729380179,-0.8846742340228823,2.5564624995684113,2.291676702390916
2022-01-01,2022,1,0.03101998508069853,-0.32467406696838474,-0.0001135425537096761,-0.5514150922203933,-0.016956797516834054,-1.7154052606954164,-1.351219003672536,-0.040217258011014945,2.046793086565857,0.041028250335989,-0.701122825498953,0.08611301063299912,-0.1573867435817014,-0.9128718563088016,-0.03706498830727156,-0.010608498480131057,0.01685801829957847,-0.2119267657848109,1.7622650820152126,-0.4351948776600436,1.3270702043551723,4.296383409288978,4.100107792672034
2022-02-01,2022,2,0.04331992348660879,-0.31913543733092964,-0.0001456921734128006,-0.715296125072266,-0.008465515532976236,-2.54107725299037,-1.8063648506539791,-0.2530948408812552,2.4838680496550016,-0.07417670657110709,-0.2099715126207417,0.1678641327768815,-0.39679684270123683,-1.3833715642555031,-0.24905749177796865,-0.01797240057207544,0.016078642939020026,-0.35754870754527557,1.993383780747986,-0.418955937295203,1.5744278434527867,4.109070276456407,3.9372622872085117
2022-03-01,2022,3,0.14876835323245968,-0.21837613396383637,-8.641700844677159e-05,-0.522845820569463,-0.00625732791923762,-2.3629363752663175,-1.495381421124336,0.16258944305503764,2.489555723936662,-0.35452219577982164,-7.116425068950121,0.17380700634303337,-0.7960622169599051,-0.55788927298389,0.17420441983065826,-0.010361623117044017,0.021159732636773947,-0.3842580946372258,1.8742086964135196,-0.9258771713648348,0.9483315250486811,4.052375641722335,3.94950340924683
2022-04-01,2022,4,-0.035067618080321494,-0.13479547600518882,-9.58205574220015e-05,-0.48412434318922437,-0.008237131394331503,-1.9428837484014196,-0.9711282374779189,-0.414198463355413,1.339148373235901,-0.0782483215734257,-1.3875016193489849,0.1282099380950166,-0.3337352464465565,-0.6193857420855888,-0.4074346761326244,-0.0060285671759993005,0.011088361382046434,-0.12054917100198813,0.9554515102677743,-0.3449787081695195,0.6104728020982658,3.9146369769747906,3.847508967613024
2022-05-01,2022,5,-0.1591075574653819,-0.25768208780500523,-0.00013547822789040226,-0.756052485201433,-0.01356729746168386,-2.5349679467097697,-1.798149793574106,-0.9413263796992157,0.4972490823047533,0.03876201971810267,-3.10847845761894,0.2989540738316969,0.17490955352415852,-1.6154573683131837,-0.9443519743332334,-0.005065910971415368,-0.0030329365200753924,0.08076156822691316,0.33444254227910797,-0.1857180198949966,0.14872452238411304,3.620366889607652,3.6032384372742143
2022-06-01,2022,6,-0.06857225854412136,-0.2834872544038354,-0.00011543288170953053,-0.5916890217506532,-0.00964342905753873,-2.6284515549432563,-1.581093589527924,-0.4279040260435081,2.633385064892669,0.39475059218277386,-1.7910398791793238,0.14248140357521744,0.0062934982636473225,-0.9214897496774457,-0.4324446923862868,-0.007453985319685299,0.025418433863748945,0.05052855829869654,2.1024465673983066,-0.664144506193111,1.4383020612051958,3.2683729057112174,3.38656314457657
2022-07-01,2022,7,-0.0028445550718199653,0.13825842817770662,4.290323679489029e-05,0.12585245287805935,0.004649167282678789,-1.705388811471369,0.13281281523914545,-0.29150400566240675,0.38802488504553434,0.25707581280306896,4.399538774680713,-0.20956047836634506,0.03863491426520927,0.3869007648721219,-0.2972865966514804,-0.010822985317071553,-0.003451799302535856,0.0667350425095672,0.37914446487399056,-0.25987054062203074,0.1192739242519526,2.955166648131339,3.191867082322915
2022-08-01,2022,8,-0.07575242092937134,-0.011840096144739576,3.4315542819479076e-05,0.05244891790116868,-0.005642846053469059,-1.618912331138111,-0.08479981914286627,-0.44728795220069095,0.7840328300098158,0.15590288809207847,5.896841425404873,-0.16415602696043274,0.04157483479385568,0.21293857892342505,-0.454668511705683,-0.008803583592665486,0.00431740957220917,0.11761288708309885,0.8338608036720143,-0.30511895757127205,0.5287418461007461,2.81870457912855,3.103064130050754
2022-09-01,2022,9,-0.031376092543029144,-0.06101101075687465,-1.877951078274923e-05,-0.12479536191345786,-0.009253147383243,-1.8153578658444993,-0.12538676245230684,-0.33620400993511623,1.1009192534317638,0.17333128488670646,1.3994352783219275,-0.10272642634971282,0.13638035552283095,-0.07781005167375454,-0.3415889347383603,-0.004119034561248024,0.012644836770859653,0.1250280073013029,1.1666947504175895,-0.05296163558182365,1.1137331148357625,2.757348893104492,2.977878199055297
2022-10-01,2022,10,0.017681684402654774,-0.0560642974248311,-6.109897180917978e-05,-0.2814703273514454,-0.004972258303686288,-1.5989372186876483,-0.3660911799506459,-0.30477787709701154,0.7807312020302382,0.43908230270233395,-1.3705784374979793,0.11673767478183394,0.44944791508398335,-0.43970506986910074,-0.30810622442307967,0.004899223927865858,0.011839488090251628,0.143581933136042,0.6743591396300461,0.07028554259238429,0.7446446822224305,2.777759656801109,2.7989268176526707
2022-11-01,2022,11,-0.17332887622667487,-0.19057656794102917,-0.00014094801874889068,-0.5730576726900336,-0.0179991846260933,-1.555787242932857,-1.4356765871252928,-1.0393701596176261,0.44321605610994563,0.5065732203150888,-5.742683682799041,0.17944400524780282,0.7221310026970827,-1.4696451624495195,-1.041029209478518,0.006419582546877526,0.008739596479823121,0.1733118631732683,0.4793298332441287,0.03230952546333499,0.5116393587074674,2.951084821840894,2.807570673891206
2022-12-01,2022,12,-0.07646653503293716,-0.3833585288479735,-0.00012976730221150542,-0.4981089635029694,-0.0071750431385553225,-1.8557717517910812,-1.483542906351825,-0.7855884372631388,0.7415733049229978,0.07225226290539238,2.6192016882123057,0.04077102724751325,0.019175883240931064,-1.2127041419571905,-0.7879500444503664,-0.00783326493674966,0.0011485239231330893,-0.06663412846749842,0.6477258980110085,-0.27320037158192556,0.3745255264290791,2.9791551600057318,2.794363973339628
2023-01-01,2023,1,-0.06251755095358097,-0.5076738974208832,-0.00014432157314144033,-0.5900845313747614,-0.014823167602960676,-2.240905801648888,-2.1102853186180695,-0.8292706191851384,1.8761434854919972,-0.01769118699752603,-0.06591157983075285,0.13312985088323118,-0.37362777895258764,-1.3928447528380463,-0.830518627587975,-0.016348914651354827,0.006645273444038667,-0.29453732715651093,1.3870770426537216,-0.7186885741829159,0.6683884684708093,4.599076069726294,4.412795063620749
2023-02-01,2023,2,0.030306777713006883,-0.4212870776766928,-0.0001261377078152655,-0.5355661880630842,-0.009501000373148324,-1.0610828340720801,-1.7996153613825414,-0.37595504096673604,2.6583591946120353,-0.06205186462965351,-3.589819151567969,0.1014427556982365,-0.4798229356285504,-1.0992111766248227,-0.368115576310442,-0.013891418580620738,0.022404108587311643,-0.3847234313680768,2.1391453679148866,-0.6925647201014387,1.4465806478134517,4.231762936893716,4.0599495581572285
2023-03-01,2023,3,0.14153743019269965,-0.3726058174232809,-8.792342024023655e-05,-0.5701248513188457,-0.025698789716267347,-2.3807378839993247,-1.043013529887252,0.4043014331818,2.2893629886363165,-0.46709100145359234,-6.256271591265446,0.0166747668635198,-0.8479678442121881,-0.36102586411637283,0.4064435837323921,-0.016459044708542838,0.016576501602992504,-0.3922630501022783,1.8918113790141717,-0.6798455152202976,1.2119658637938708,3.9850683021596467,3.8821906801955492
2023-04-01,2023,4,-0.060465549976120914,-0.3414737171150266,-8.3012856896266e-05,-0.3427564100641278,-0.017956024929044797,-1.9876464844044972,-1.5061925103551874,-0.48518544254020535,2.729897953260138,-0.101843221706584,4.488295761608265,0.05291067321634607,-0.43646341754686047,-0.7832420214237485,-0.4928671143302146,-0.015548708027959126,0.02340464359391497,-0.1387656362903495,2.3423670842035467,-0.7306321607214266,1.6117349234821257,3.937329637412134,3.8701962385617747
2023-05-01,2023,5,-0.032274033472101615,-0.08537113825997977,2.678060166963394e-05,0.13087973712432155,-0.012417112706190826,-0.9043565585090554,-0.3116375409079519,-0.3773345529618912,1.216881083469084,-0.09402822407564326,9.595167648111813,-0.20086676954653868,-0.10627697876229758,0.2137385456175096,-0.38286737569313134,-0.020989294963901294,0.0005909922721641023,0.0027366684915202596,1.4054990983289888,-0.5309089092567574,0.8745901890722331,3.853059550044975,3.8459257082229357
2023-06-01,2023,6,0.10936729038034582,-0.11241691404955523,9.431536980030321e-05,0.09558185499028649,-0.019771566798461277,-1.9309001322931896,0.025591536698367445,0.44707299837739445,2.1481621485473075,0.3214248556612061,7.219227609684889,-0.15723054675726683,0.09786691216878769,0.9218867837302787,0.44550221676985924,-0.009353321602227637,0.021896241546217686,0.06474604845910167,2.081834751812169,-0.8978660286393001,1.1839687231728688,3.5410655661485038,3.659250415525264
2023-07-01,2023,7,0.30637809152310885,0.19630935561223195,0.00019759082368972654,0.49909584691057707,-0.0004940566196322098,-1.8630217527898565,1.2946527436992947,1.3603790754632707,2.256364860230574,0.363114291716584,9.338417197009296,-0.3802521934085455,-0.019075170898984264,2.307272472065649,1.357952217994399,-0.012640216168028729,0.023093685945723315,0.018485809515416847,2.2544275910235436,-1.0150465858352076,1.2393810051883287,3.327859308568648,3.5645543532716317
2023-08-01,2023,8,0.23940047032364625,0.19878703046527058,0.00020326854046041497,0.3801826877090331,-0.01380691843039054,-2.5226657595351916,0.6804545695699615,1.2749889915070094,3.1365020940568207,0.3142674320129928,10.584879459800616,-0.3780437308935764,-0.15664518861518123,2.136744804187785,1.2733542644179927,-0.012993639761998788,0.032257492485948454,0.008004062362686346,3.0436332043222363,-1.4579249617068284,1.5857082426154112,3.3213972395658544,3.595751400999532
2023-09-01,2023,9,0.42744708480108257,0.40033825438202153,0.00025660925852488616,0.7096029597529767,-0.008918953608755897,-2.3097984732293857,1.933611865800739,1.7961420149534768,2.0556312225898212,0.20146622096349565,5.4770989843138205,-0.5702663535481052,-0.14272112570143322,3.042378535949296,1.793919460707901,-0.01682084264612443,0.016483068150321696,-0.002443571812895319,2.2817102294730036,-1.1109892243941613,1.170721005078839,3.4300415535418125,3.6505654700040253
2023-10-01,2023,10,0.3212475888922109,0.4706901177421494,0.00018313132032885676,0.34533191465383806,-0.026642015311324204,-1.360983815197487,2.0032599325405376,1.4348875732416824,0.1504665906078504,0.19278077188942316,4.664789712545984,-0.47045072819263273,0.15150434574309474,2.209073106160199,1.4339269235773893,-0.01658465482332697,-0.006873914785716272,0.06734861449541152,0.5796408926541434,-0.20677382328395644,0.37286706937019043,3.590452317238416,3.621614088601376
2023-11-01,2023,11,0.3914804571421355,0.501644376301112,0.0001874528444913441,0.5197515713700873,-0.02076465045918482,-0.5948020677953392,2.4394646575782724,1.6678387603392033,-0.91711857798107,0.05204000245143686,6.674564822297921,-0.6169620473458691,0.21088328853238528,2.398014609108678,1.6641929727771023,-0.01781692664447546,-0.018778839768535137,0.04855969996472391,-0.14131324455422112,0.03780426090749711,-0.10350898364672367,3.6237774822782143,3.4802579448399342
2023-12-01,2023,12,0.42340972561881957,0.4021054074008188,0.0001666119619395291,0.4501629735289854,-0.019561961040613213,-0.006137189748164129,2.142423659874907,1.743225853858228,-1.2374001445697838,0.05800721334480674,5.593808861393175,-0.47088989862434255,0.07584214349149569,2.1863775244164314,1.7475481151923997,-0.017942848887145823,-0.026071536560068047,-0.10565997440288286,-0.7486753157987742,-0.039631603207412214,-0.7883069190061901,3.681847820443025,3.487051244288338
2024-01-01,2024,1,0.3105721808028668,0.46111833099809707,0.00014484046874399558,0.2852755269059941,-0.020332469324259018,0.7837511253017753,1.5942688724129055,1.405741679408552,-1.5093272603247896,-0.13600772396671512,9.133155268243412,-0.38269320988295413,-0.10134953545325974,1.5921601060160118,1.4116448026760064,-0.019189241220257124,-0.03264724362516023,-0.2398017503542898,-1.0919758619283346,0.008011889664295557,-1.0839639722640424,5.551768730163587,5.3554823345695155
2024-02-01,2024,2,0.4298954577802003,0.5008386662788866,0.00016629967347036982,0.39783518051593236,-0.017825994349935387,0.3553540529548971,1.8265162383196016,1.7222361658728111,-0.27835634366507556,-0.43869444387340367,7.6762421122187385,-0.5255925882131699,-0.6853431521467043,2.199968706302344,1.7255640946980413,-0.0206110885025992,-0.016107394104462748,-0.4315493245176987,0.0005875362747858048,-0.3701245391575252,-0.36953700288273217,5.4944555973310685,5.322636829105932
2024-03-01,2024,3,0.2959208896395979,0.44692286214061205,0.00017543295951192466,0.5243459286758247,-0.015580193965267965,0.4187083676970693,2.063086035714266,1.3512256200467605,-0.6650768861119749,-0.8277001590953281,7.813270506753979,-0.6797461140809146,-1.0362325810499424,2.0823631143979986,1.347384303527214,-0.023399912289518186,-0.019925872477076258,-0.43404304789845727,-0.19386319398568963,-0.023118395203288733,-0.2169815891889818,5.52259025755707,5.419707231338677
2024-04-01,2024,4,0.21900422436405803,0.6138291647283016,0.00021295381624539603,0.4654894407769101,-0.012561935439546975,-0.17005049059006927,1.829044847863838,0.9422568934190352,-0.6164029361765269,-0.6348143108012207,9.30248176258676,-0.7292008644430334,-0.7407433354219698,2.016033643714101,0.9357805986368604,-0.034801429718417126,-0.029550039326318035,-0.19200538674986306,0.006868903645770974,-0.19346509063241535,-0.1865961869866407,5.434851592809551,5.367712789704868
2024-05-01,2024,5,0.13640548913687472,0.42575273898708366,0.0001433910233224954,0.3789974051788991,-0.014626248892067862,-0.6819265513027006,1.0951924758349292,0.5311156537838766,-0.6838865130702576,-0.04233299280084385,8.846252207694606,-0.49776959640124785,0.03801492079655836,1.292107658730714,0.5270128939376564,-0.031955175058779386,-0.030515065046264007,0.04713845568285617,-0.10576900307165449,-0.20101794274206175,-0.30678694581371435,5.330581505442396,5.31344225936607
2024-06-01,2024,6,0.16964391834188158,0.326850592999147,0.00013749129982616618,0.30209695936127035,-0.009757321191064778,-0.8825345969182075,1.452419189247212,0.9982876953522322,-0.2242326289077945,0.051227814972854835,10.662217293584373,-0.5008395973461383,0.07720928032873654,1.6192043901710198,0.9979672397527297,-0.029106363936801067,-0.021488529306098174,0.07971340275707713,0.3025884337942175,-0.16710565652316034,0.13548277727105373,5.2885875215459635,5.416766966668405
2024-07-01,2024,7,0.17145705647920012,0.35855041273819044,0.0001618578326152884,0.38652704240712477,-0.0036268696328709653,-1.3211644678412804,0.6996166753606441,0.7438110040157095,0.8933651779938669,0.12532808055568256,4.022533076581912,-0.3841053599153931,-0.11747176788277289,1.5549455886298285,0.7422836336168093,-0.024828338509784328,-0.008043341895593269,0.037159042846908574,1.034670689470846,-0.8568562836680662,0.1778144058027732,5.115381263966086,5.352070904414759
2024-08-01,2024,8,0.2184752248154303,0.3367678897666122,0.0001782499285342767,0.5049728536218019,-0.003944957599144188,-2.463015498407876,0.5716290838940616,0.7979319525263331,2.1304392232157405,0.18563514257290226,4.958838024688176,-0.4203196481249454,-0.21800469959180602,1.9810220498461106,0.7959561919684588,-0.021231680533819904,0.01128011344133737,0.03738763057879899,2.1471190291760442,-1.4113687265099124,0.735750302666132,4.91891919496328,5.203267952142639
2024-09-01,2024,9,0.1962789668322838,0.44568538041743566,0.00020451581069034607,0.6269203715999405,-0.009757808746530826,-1.9762110340561647,1.6428436309433647,0.8089854038363185,0.8576990851082034,0.11408965212198285,8.454103186222222,-0.5153352522897338,0.00043219901601351286,2.2645140951808207,0.8105730649996885,-0.02161514136395631,-0.0028827564958946103,0.07422530187382127,1.2593768842919668,-0.6200828030741141,0.6392940812178495,4.947563508939197,5.1680820211471
2024-10-01,2024,10,0.2643862704758945,0.3841352501570754,0.00012896278656141815,0.3020349644646767,-0.014924304455712297,-1.206391183262435,1.5359445891685373,1.0319141521317756,0.2702766513946666,0.3529647260460423,7.093675316844811,-0.3382956486306258,0.2657258500831434,1.72931229115048,1.0292400753058204,-0.0222301705347521,-0.013537387214956113,0.07119970366269679,0.5213334240623961,-0.19604177880789986,0.32529164525449616,5.1979742726358324,5.229130639744483
2024-11-01,2024,11,0.21405166049424101,0.2955756941060359,8.91261317428056e-05,0.0982660481029487,-0.01278753573146171,-1.1735140100796344,1.4454212366530999,0.6889821123630862,-1.2006509274524584,0.4002899532218785,0.6565738530021117,-0.24008933724101084,0.47659242320626655,0.9833520003790435,0.6839493422421428,-0.023969903030473565,-0.03501228364873903,0.04816396969905726,-0.8842591202270214,0.4570364661531172,-0.42722265407390425,5.391299437675656,5.237774495983089
2024-12-01,2024,12,0.31164610963678513,0.24781618005837802,2.804048777279135e-05,0.14443623320056997,-0.014260753798795062,-0.6999056462016271,0.8493571823659418,0.8097469225708442,-0.6261704524912339,0.3389985436430354,5.357003641782757,-0.307524933935025,0.4509430006582288,0.7982013318252781,0.8096622190766669,-0.026963742076414738,-0.028230805370935648,-0.008726109071187635,-0.20670106154102008,0.05107114704642668,-0.15562991449460017,5.499369775840421,5.314567795431472
2025-01-01,2025,1,0.3566259169617992,0.0004969015322280335,-4.049527585114356e-05,-0.26425695940669347,-0.02034785618992162,-1.9326309097275094,-0.14423503482255606,1.1763173766851063,1.1679807815855021,0.07921533259025781,-4.074148437381553,-0.22599753780538342,-0.07343570018808093,0.3499725949049637,1.1767311384840826,-0.039059946044307084,-0.016714604409700747,-0.200752070570358,1.2413272866125813,-0.4937938679285956,0.7475334186839891,7.489290685561059,7.302998885712611
2025-02-01,2025,2,0.2503676398937417,0.07589345013741067,-2.7716968430669645e-05,-0.2187079497988862,-0.011902140998492756,-1.2297765548052246,0.10409478330268174,0.7027206874637337,0.2809091673731561,-0.18725031291230937,-1.2394659370687777,-0.33320074808954064,-0.31860568496763575,0.20496581349478848,0.7047407755307189,-0.04059411216863719,-0.027407616240521966,-0.31058168714483364,0.48275454340739055,-0.09885094212513557,0.38390360128225887,7.251977552728462,7.080153380249072
2025-03-01,2025,3,0.26638630376740996,0.05415270049727461,2.5267359594361165e-05,-0.02149796386119296,-0.010106617797950013,-1.2860556879498266,0.4085349420407147,1.0247323758297866,0.5433449025133577,-0.8313757601444064,-1.586769018917454,-0.44004682219622865,-1.1850771106421258,0.8556286989685535,1.039864066393963,-0.030189142954306924,-0.015193439912734176,-0.5310526973175533,0.6296903742118625,-0.4319620663636765,0.1977283078481863,6.805282917994347,6.71239450228741
2025-04-01,2025,4,0.17888796087005526,0.144978784981721,3.0533433174131995e-05,0.01684529366576437,-0.011144151973036382,-0.8450717689521423,0.9270694773344483,0.6622460084804045,-0.9115035761892583,-0.8230292960159628,-4.497817740233054,-0.5095777192130212,-1.0039753000119978,0.7229653013651296,0.6670766120473983,-0.02827034522838386,-0.0299953332040098,-0.3655500944096193,-0.5828718609722587,0.20893477953633766,-0.37393708143592075,6.59754425324688,6.540400060653596
2025-05-01,2025,5,0.053587185625540046,0.05917148522175486,1.8673397341831396e-05,0.027026058002028508,-0.0010028431574025769,-1.4475273189095188,0.3201456999568424,0.04202557143614971,-0.8226854377801436,-0.5296955877727956,1.0766694095160285,-0.37286274480865406,-0.4349193113684381,0.20765571994586463,0.04368115578871823,-0.02563433666502862,-0.02807109014516574,-0.09750623881444034,-0.35504641656711877,0.1141455643634901,-0.24090085220362722,6.403274165879694,6.396129530314823
2025-06-01,2025,6,0.0009951858117339119,0.08205350545056,-1.339309529959894e-05,-0.16549182237159,-0.023065352643347952,-2.1710462112678646,-0.6841287900853259,-0.1706740835313214,1.264754708235181,-0.03260907807555519,-1.180251226181431,-0.28300285253703766,-0.39567463302702677,-0.2348093811002041,-0.16741703437439526,-0.034198679648191954,-0.00907659016019318,-0.017522810036112654,1.184692005820739,-0.4460623598280502,0.738629645992689,6.041280181983268,6.159454237617126
2025-07-01,2025,7,-0.07243736528387673,-0.14763595905239657,-2.6881675525277184e-05,-0.2226607191311618,-0.036602117256017225,-2.838069971788799,-1.4497997740652315,-0.1522547600623474,3.0348099055131126,0.07501818759672574,5.466157167933163,-0.12020387454420495,-0.46540770113426233,-0.7980427945351947,-0.15117813943141112,-0.024696948015668716,0.023186558930031,-0.09649665704903265,2.6145878913263387,-0.6506803588990817,1.9639075324272501,5.848073924403408,6.08475817536349
2025-08-01,2025,8,-0.025486683087345308,-0.07228284187387524,-9.668646582138864e-05,-0.38627814562271356,-0.04787845824790027,-2.918699773538091,-1.7495729305332293,-0.05940390351671487,3.9407734707684603,0.2928803221494718,0.746479146099486,-0.019481418888536762,-0.3205576216474615,-0.9926631292515573,-0.06485712544565869,-0.019639583447819495,0.03810574670241682,-0.10101420250049184,3.346816945860059,-0.762363023210604,2.584453922649459,5.801611855400637,6.075955223091356
2025-09-01,2025,9,0.10158989400264212,0.00938589143668822,-4.4130750027318e-05,-0.3342666290510785,-0.041473962210859666,-2.634592514665606,-1.1415295741245761,0.5302922106190273,3.4260854118234194,0.24214888830720577,-0.47903244308715714,-0.08003077305468101,-0.21915221290084325,-0.3262988998754013,0.5297251333822115,-0.015683148667332596,0.034849338429732625,-0.06914127262466156,3.0448150836700574,-0.8157977514860189,2.229017332184035,5.620256169376518,5.8407692920958425
2025-10-01,2025,10,0.143690999492828,0.1196338015444447,-0.0001296603808907473,-0.5319344515871129,-0.03165859311866083,-2.3358074759429788,-0.9379271494600556,0.6250792448045694,2.743670637498157,0.06074463844789996,0.47714278906344926,-0.07757217279596401,-0.31956224775780945,-0.8151928592440738,0.6308556447927258,-0.032123406855024475,0.014194834279094633,-0.12301676528129163,2.440935924088397,-0.11695789022782477,2.323978033860569,5.690666933073203,5.711817910693213
2025-11-01,2025,11,0.18360521385014555,-0.11374446549832307,-0.00021709583472085845,-0.8259674187482389,-0.054341570472582465,-1.9638561612193581,-1.6445968041130024,0.698305155763773,2.386076741618071,0.08324647946791985,-1.1526229366283813,0.010498115836996419,-0.29944315423058526,-1.3182467651410512,0.7157686656895321,-0.04166690723663237,0.0002955844619223144,-0.10103531058394957,1.992888992082554,-0.30888652904618774,1.6840024630363737,5.913992098112999,5.770461766931774
2025-12-01,2025,12,0.054276052459583723,-0.3177282473145313,-0.00022613149874847283,-0.8942035711197234,-0.05485333067156277,-0.011366981986851155,-1.6866971732727314,0.4749900854012399,2.2754559461764847,0.15577041927759694,2.3362626736386876,0.061136719634786785,-0.09632763203924127,-1.9103191528892456,0.4943046271728435,-0.04019440664736307,0.002009959636843077,-0.15545447095623705,1.9622211752248657,0.24293652138805366,2.205157696612927,5.752062436277782,5.567255066380184
