date,year,month,T2m,T500,SPFH2m,PWAT,APCP,TCDC,DLWRF,ULWRF,DSWRF,USWRF,PRMSL,CSDSF,CSUSF,CSDLF,CSULF,CDUVB,DUVB,ALBDO,CRE_SW,CRE_LW,CRE_net,co2_avg,co2_trend
1979-01-01,1979,1,-0.3930983739289786,-0.5415405554760468,-9.005774551982398e-05,-0.5401589095194872,-0.010089800883054556,-2.5772228781625515,-2.2311680399474767,-1.6514709884888816,1.0522420715196859,0.3745058786590292,-3.7144957090786193,0.25433753272068316,0.3685468043431541,-2.189881275033599,-1.6527924283445827,-0.02759370966680663,-0.011181623053948098,0.27898205422635414,0.7919454644831418,-0.042608204769628344,0.74933725971351,-39.41297872340425,-39.13914893617016
1979-02-01,1979,2,-0.6761834683615575,-0.4434992738324013,-9.70399000410592e-05,-0.7930226454250224,-0.011597967769348183,-1.9229199318231025,-2.575956299083373,-2.6829862421725466,-0.09912624833833661,0.755492412377059,1.8262117893755203,0.4503600601265987,0.877158656955416,-3.231473757056449,-2.6868625262424644,-0.016988655601877234,-0.018601190741364793,0.35143635852688426,-0.42782006388659255,0.6516411739031476,0.22382111001655858,-39.16999999999996,-38.96170212765952
1979-03-01,1979,3,-0.4653053190733658,-0.45105323591195656,-0.00016059184376986113,-0.7602742174073782,-0.011266891939506696,-1.4124204750319578,-1.9462394236986142,-2.050403398005926,-0.6846753630542253,0.7307862242914425,-1.715107323063421,0.7619718148098968,1.1613120755779036,-2.847491594350231,-2.0470539705399347,-0.015548891538056608,-0.027130748852316255,0.36963782136243495,-1.016121326577661,0.9046015981176048,-0.1115197284600633,-39.01191489361696,-38.86468085106384
1979-04-01,1979,4,-0.49369595257593346,-0.4619744263540042,-0.0001973305598680017,-1.190161811753434,-0.017011829410167767,-1.9548003647598762,-3.280065434954224,-2.3788962762951655,0.514860595506093,1.3975509133747757,-4.5621736422908725,1.034502554233086,1.7473252192271715,-3.8231481705889223,-2.376739912716914,-0.016382602476986197,-0.015559855540613121,0.5054977467060606,-0.16986765287455086,0.5452390992129743,0.375371446338427,-38.96936170212763,-38.81638297872337
1979-05-01,1979,5,-0.3468492337694329,-0.34664610162144527,-0.00011556419580628641,-0.8303788574646802,-0.003557149197177867,-1.5650486717510859,-1.9883116142199242,-1.8931358812341728,-0.3579034702140973,0.574461642762433,-4.3918029879714595,0.7849989647377242,0.6872312770362896,-2.6948096246475757,-1.8845456103289848,-0.017745951004028537,-0.029506782429126854,0.15521478519078613,-1.0301328006779755,0.7150882813327897,-0.3150445193451876,-39.03851063829785,-38.98553191489361
1979-06-01,1979,6,-0.21707754847489014,-0.22056276735133906,-8.706061119692458e-05,-0.4773732908337607,-0.004445585356637971,-1.3153169325177174,-1.343016464330674,-1.2115865384661788,-0.6271040020656073,0.399426016143007,2.8271228025696473,0.6492758998640227,0.5563094369226071,-1.9549533851775323,-1.2074657009879957,-0.013003949061077602,-0.025435222239620803,0.10386723306653423,-1.1194964811500299,0.6160577583251907,-0.5034387228248391,-39.07021276595748,-39.231914893617045
1979-07-01,1979,7,-0.2731550644535332,-0.22765675712764732,-0.0001591673291712857,-0.7275357527448172,-0.011052752781247843,-1.365888970377469,-1.7606632488571563,-1.3658538554071242,-0.7076683556479111,0.293758353152878,-0.756687516492093,0.7851154442319626,0.522050252987647,-2.505143062148136,-1.3627658992099327,-0.010137403928430988,-0.025903859835949117,0.05702360989626776,-1.2644919000451154,0.7475677694881924,-0.5169241305569301,-39.28829787234042,-39.59148936170209
1979-08-01,1979,8,-0.19230660587032844,-0.41714142295620604,-0.00014622529190880772,-0.8305392414098982,-0.01895881096208274,-1.182053543608511,-1.2838174753133558,-0.8293402495684177,-1.2858259110468566,-0.009105446322571709,3.9015776487940457,0.7860624329498762,0.39895325475118426,-2.466918125758127,-0.8291648732737826,-0.01276750790865444,-0.03403743152032224,-0.00042841127451254124,-1.6638296429229698,1.1832760267394242,-0.4805536161835491,-39.19446808510634,-39.50999999999999
1979-09-01,1979,9,-0.1464870891563237,-0.44315008444050363,-0.0001514131427958476,-0.682203935651831,-0.014494163887224243,-1.6044474453608046,-1.3190774586508383,-0.6916458660906528,-1.137544149181167,-0.26617532811690126,5.329844234685879,0.6132526528901394,-0.038413000725075364,-1.9276070615514982,-0.6931998296071242,-0.02319750472631421,-0.04016822362517969,-0.052348425073828864,-1.52303447467947,0.6069756393841637,-0.9160588352953098,-38.67553191489361,-38.92489361702127
1979-10-01,1979,10,-0.14907877239920708,-0.3274060916856456,-0.00011527445328166075,-0.6142052553428563,-0.026057081066484855,-1.340077732421591,-1.0297962740658022,-0.47880063544818086,-0.8028677181808632,-0.7567421610026912,-2.335649864951847,0.524431744449771,-0.6305500595600648,-1.5778461554991168,-0.47722964848719585,-0.03083112649943054,-0.039781416140765025,-0.13892700968966132,-1.201107361188015,0.5496208683943031,-0.6514864927937154,-38.68000000000001,-38.788723404255336
1979-11-01,1979,11,-0.22492039533699426,-0.4855237729471469,-0.00010354814160908228,-0.5114126901385028,-0.009611681567664676,-2.629138557031389,-1.6081697408399123,-0.8119470159027742,0.831618414500241,-0.33212487646850164,4.278934341899003,0.5796423484200659,-0.4367768160886172,-1.8480405343638608,-0.8081531635800161,-0.03815618439882673,-0.025560350068179805,0.0018814207865087695,0.1473241264600631,0.24366464584671377,0.3909887723067733,-39.046382978723386,-38.97978723404253
1979-12-01,1979,12,-0.023617987137242835,-0.5081286953691233,-7.200198631557991e-05,-0.4965364930160412,-0.028432417271890165,-2.75641054508133,-0.8762472417548679,-0.057630480551040364,1.835196065337982,-0.6658281639009509,-7.2593080680962885,0.3953088341356761,-0.8877280506651246,-0.9842786344871683,-0.06557302320533154,-0.041514153888024374,-0.011775637841157316,-0.16390140810074705,1.2179873444381215,0.10008885007795243,1.3180761945160704,-39.40319148936169,-39.167872340425504
1980-01-01,1980,1,-0.19771721074926063,-0.44059354284149777,-8.801342060882518e-05,-0.5071450325545896,-0.01046864172675166,-2.167342339072114,-1.3492091583454453,-0.7847926772121809,0.8783850620079647,0.05345957836836135,-2.423548098639003,0.5243316150253463,-0.0336027521483615,-1.4660054439872852,-0.803561486677836,-0.03021777377999868,-0.01523317537536828,0.07408082567751428,0.26699111646588847,0.09802747617613505,0.3650185926420271,-37.40297872340426,-37.11914893617018
1980-02-01,1980,2,-0.1221215196793537,-0.14271246333868248,-8.910890542906079e-05,-0.5252506184541943,-0.0171431751983947,-2.007894148609793,-0.7524365007712959,-0.5885912431189126,-0.8642730663330553,0.26837487465670407,-4.7949018267245265,0.574980713150353,0.48080708994207555,-1.3059471064285617,-0.6108564909058032,-0.015628859601442002,-0.02873415265803292,0.17245859477080572,-1.2268215641980689,0.5312453578703682,-0.6955762063277007,-37.19999999999999,-36.991702127659494
1980-03-01,1980,3,-0.18624213288086366,-0.32770619333803097,-0.00010853203729966135,-0.5912134451223281,-0.009147245550308547,-2.016940404330164,-1.1199789776038642,-0.9042730323547516,-0.4156221495780983,0.4332565250804663,-2.1794921532127773,0.5298058529812693,0.5107231847908906,-1.7614240924477826,-0.9442660451338156,-0.007431107462956277,-0.01496553492864594,0.011856345336756391,-0.8679613428489574,0.6014521020648473,-0.26650924078411364,-37.291914893616934,-37.14468085106381
1980-04-01,1980,4,-0.12504432101684415,-0.22228312722313603,-8.631461283520152e-05,-0.3869970864655592,-0.011561607739679847,-1.4869294158821873,-0.9052448809956672,-0.6215788909504454,-0.5573646752305592,0.6106362241082657,1.285729025301407,0.5466575000838816,0.8365494205432213,-1.384551928071346,-0.6148793488500246,-0.00722568766709486,-0.017680347329013024,0.07438711563565903,-0.8781089788794176,0.48600658917612805,-0.3921023897032896,-37.28936170212762,-37.13638297872342
1980-05-01,1980,5,0.03667291515034776,-0.1008361925643726,-5.056360938278555e-05,-0.2838857656182867,-0.006798580693814449,-1.4649900290724673,0.06977700304094014,0.054760877808178066,-0.5829789404548649,0.45182912024888466,-6.038576110993745,0.47822749534591935,0.5977347591235471,-0.6510993476474596,0.08320849107178674,-0.01014507464135983,-0.018520786554820923,0.022764420873356173,-0.9153007969261608,0.7493239639519551,-0.16597683297420218,-36.858510638297844,-36.805531914893606
1980-06-01,1980,6,-0.09594365350977796,-0.05206783214953248,-0.00012522047236882515,-0.48037365393123466,-0.004950387679802715,-1.4005761938310144,-0.6737983322992704,-0.5101350394511996,-0.659804139445896,0.4034531993976458,3.818604673986556,0.6162256688986361,0.5660543617722062,-1.6543884898654255,-0.49357792085027086,-0.012211553822491172,-0.02398494869426404,0.05614222295425009,-1.113428645969968,0.9971472761672331,-0.11628136980273496,-36.470212765957456,-36.62191489361703
1980-07-01,1980,7,-0.01542073637745034,-0.10987642883952731,-0.0001628683968727864,-0.6538805105189169,-0.013225066187286694,-0.8791976478540988,-0.34063241476172834,-0.30131570207640834,-2.213920227064051,0.2967507475309006,-13.48268655015272,0.7482692289549391,0.8754273585690235,-1.8050777215164544,-0.28835862143915847,-0.009116301785642822,-0.04287034392776734,0.12126361076773762,-2.3835128449808707,1.4774023873919973,-0.906110457588877,-36.41829787234042,-36.72148936170214
1980-08-01,1980,8,-0.08087389920484611,-0.15421170046136012,-0.00016312374603390765,-0.7333993296198145,-0.01090005520548376,-0.5586725564639892,-0.6653235840181537,-0.6980153120998693,-2.625296568508247,0.13785676618701004,-2.432087270208285,0.7441757910497984,0.570492438966248,-2.0472089028869505,-0.6918643218238572,-0.013215608718138316,-0.05494784609654069,0.08036325445745973,-2.9368366867787827,1.3880363091448267,-1.548800377633956,-36.344468085106314,-36.670000000000016
1980-09-01,1980,9,-0.14256577120733027,-0.17637708857529333,-0.0001959547103681479,-0.879902907498245,-0.013446223321863626,-2.1173320410376277,-1.8297001700090618,-0.9231540958850815,-0.25366182768630097,0.10372404442173888,-2.5239708115841495,0.8285793361287688,0.20748860415642056,-2.335181619502407,-0.9125679668853195,-0.01600520485685042,-0.02687943183729491,0.0742426291147158,-0.97847660408042,0.5160675784930824,-0.4624090255873412,-36.64553191489358,-36.894893617021296
1980-10-01,1980,10,-0.23246213465773735,-0.46866092347733,-0.00018616272436576022,-0.6570775001387688,-0.012130211907868893,-1.628471954466292,-1.5365953639710597,-1.1540543265431324,-0.9029634118007834,-0.19959278744302722,1.9922310928086517,0.705871988621368,-0.06155749588423731,-2.35180440681944,-1.1411109934800834,-0.02172484361198812,-0.035900214059618296,-0.04793866303939076,-1.470800108863365,0.8281523759114329,-0.6426477329519393,-37.22000000000003,-37.3287234042553
1980-11-01,1980,11,-0.16985382329119147,-0.4458368179845138,-0.00015816581099418157,-0.7411345907960296,-0.016154575443616315,-2.4921693744580935,-2.0753591127081563,-0.7173660474887242,1.5338468299548538,-0.04272262882764366,-3.460861264713458,0.6622605301569706,-0.24786554980276065,-1.9586007030995347,-0.7229117272685812,-0.02654970028153425,-0.009595596709659038,-0.045049011871517664,0.6664433788227768,-0.12230408938847148,0.5441392894343053,-37.47638297872339,-37.39978723404255
1980-12-01,1980,12,-0.18868415540913475,-0.5522442390995366,-0.00014537516892788004,-0.7293965092681383,-0.024049953932472945,-3.100962620023914,-2.322158721444225,-0.8201036055427835,2.684860116778708,-0.14310332134221682,-6.016647179931169,0.6190938720196755,-0.53739161729942,-2.073540675195318,-0.8481696473876923,-0.03291367830198855,0.0024298472906374435,-0.10707293368482063,1.6714779488018294,-0.276684088093873,1.3947938607079529,-37.65319148936169,-37.42787234042555
1981-01-01,1981,1,0.13857148250036744,-0.3117411092004545,-0.00011103754794222417,-0.571873932797228,-0.002898365844516082,-2.4052909047894104,-0.6137509544165027,0.36946579271301516,0.8015471096039448,-0.15105780569099636,-7.166441499153734,0.4997829925619328,-0.2961583966846675,-0.8483767701062561,0.34608200920763466,-0.03203181019392609,-0.020963623695445577,-0.06641275918194722,0.1566635260483764,0.21124203218432314,0.3679055582327031,-35.79297872340425,-35.50914893617016
1981-02-01,1981,2,-0.0022670808906468665,-0.12938547941223533,-6.938153443515963e-05,-0.3072356755669148,0.003214463453100058,-1.1447089107182222,0.16587850354642342,-0.46061749825594234,-2.251483819512032,-0.3216344805816931,-5.1714430032880045,0.23899817396477374,-0.07738477231954732,-0.9224946510714744,-0.4692331394812186,-0.01853941862731734,-0.04498692742608812,-0.07398218846723559,-2.246232285214681,1.079757513392611,-1.1664747718220703,-35.70999999999998,-35.51170212765953
1981-03-01,1981,3,0.041635290756573795,-0.21770325144871094,-5.528494940546143e-05,-0.3888033936677857,-0.011450211712247027,-1.7980071046071657,-0.32335581888622755,-0.16666950705973704,-0.9256172582064153,-0.1871771628529757,-15.246040748810628,0.2780054361252269,-0.06303889658881445,-0.6331708401841638,-0.16308559982837778,-0.02035479224058845,-0.03120412047634069,-0.05908701339504496,-1.0794844280674738,0.3133989285292884,-0.7660854995381889,-35.51191489361696,-35.35468085106385
1981-04-01,1981,4,-0.07787880842437289,-0.35423557092582314,-9.524679563820138e-05,-0.6300834958225145,-0.015625898267449534,-2.1567239697637106,-1.2413838917501039,-0.5987504080419512,-0.1738778351986241,0.19353310805797008,4.540378747769864,0.46274287494722444,0.2323225896327159,-1.5336336327482627,-0.5687971332773145,-0.0198025517618845,-0.02284278970578013,-0.02168278428278647,-0.5978312285710885,0.3222030157628204,-0.27562821280826455,-35.609361702127615,-35.45638297872341
1981-05-01,1981,5,-0.09092532273575671,-0.16787673794061675,-0.00013596906827788476,-0.6103783441172865,-0.00692992708564466,-2.0864003393291384,-1.2308469681422594,-0.6482234843144283,0.170665613168012,0.19865107566263873,-1.885034259481472,0.5450697451777842,0.16064734968942673,-1.6780216698336403,-0.6139561885976264,-0.015374117361799389,-0.01694141547659056,-0.028731897233306825,-0.4124078579830126,0.48144199740812965,0.06903413942511882,-35.868510638297835,-35.8155319148936
1981-06-01,1981,6,-0.03186138603143718,-0.29990237067573844,-0.00014679920535642585,-0.7493429492941814,-0.010900567757795687,-1.867592837219071,-1.2953133169148145,-0.2711543014056019,0.49129464034993475,0.10816825702313793,-11.040686090476811,0.6289832162937614,0.1432073316233975,-1.9450111859082995,-0.24590446678303124,-0.012257328617666374,-0.009349769154188614,-0.02279410775237878,-0.10264950134361328,0.6749477036162084,0.5722982022725915,-35.83021276595747,-35.991914893617036
1981-07-01,1981,7,-0.1220185569392811,-0.09423283034374208,-0.00014097478874288728,-0.6545052029175373,-0.002714932052230057,-0.9112663651787827,-1.048051943817768,-0.9021287764946919,-1.689542424493908,0.2574452530860576,-15.147013387628249,0.6502941057160854,0.7250934625142449,-2.031182331745356,-0.8788711657746262,-0.008420291750710351,-0.03653014172986868,0.11801046043335184,-1.8721883207818024,1.006387998647675,-0.8658003221341346,-35.6282978723404,-35.93148936170212
1981-08-01,1981,8,-0.043786646282114816,-0.1439373856027828,-0.00021343770550570802,-1.163039594457075,-0.007682169297103636,-1.9423861444240913,-2.2709567704677625,-0.5606380085123988,0.17731842465192926,0.21409907158998465,-17.519284053269075,0.9791021603842864,0.4431211655281082,-2.5288900859925434,-0.5414755547364507,-0.010605906280834354,-0.019690735685359506,0.06247159323985052,-0.572761641794223,0.27709576930074675,-0.2956658724934762,-35.48446808510636,-35.80000000000001
1981-09-01,1981,9,-0.11404970604309028,-0.31701137153481795,-0.0001667795245219473,-0.9726627284238809,-0.004695307821682704,-2.6950554969833576,-2.973941263838867,-0.9228729356345298,1.8020082445654566,0.1588722917584029,-14.730594327163999,0.8975314209848193,0.12274567461263786,-2.4713855740172335,-0.9167586457962784,-0.01783750495515246,-0.003995686243337904,0.023098756171433976,0.8683502064348758,-0.49644139998341075,0.37190880645146507,-35.725531914893565,-35.97489361702128
1981-10-01,1981,10,-0.2510024520492493,-0.45583918419504244,-0.00020920805450055924,-0.9986642238350747,-0.003666974974304016,-2.4935493014136014,-3.1953901617054044,-1.348520242741131,1.309651983355991,0.043090685083310376,-3.673282997813658,0.929276632213174,-0.018173264018898294,-2.9422078646332466,-1.3442125936662137,-0.02861292788210923,-0.020353045863006347,-0.020772048206129767,0.31911140204061184,-0.24887464799723702,0.07023675404337126,-35.97000000000003,-36.0787234042553
1981-11-01,1981,11,-0.3402945095275527,-0.4498790807658679,-0.00021787587382008158,-0.9511473914538229,-0.007248481156154063,-1.9105663259670465,-2.705817172445961,-1.9366320297359039,-0.9403779119356273,-0.1151498764007215,-0.2361996695108246,0.886426527142703,0.006699410508787196,-3.1342683422604978,-1.9382010106560301,-0.031432519774188705,-0.05291730485070456,0.04637720391633238,-1.7049551521688215,0.4268821888944174,-1.2780729632744041,-36.236382978723384,-36.15978723404254
1981-12-01,1981,12,-0.16757418347742714,-0.4296297802610525,-0.0001889899592072801,-0.6948785481322375,-0.010063224626639222,-2.288212003713099,-2.2411812429803035,-1.0486249125402196,-0.1808325040935017,-0.012936370378088924,-10.868092077114852,0.6805264207754362,-0.10633008753319473,-2.2533803786972726,-1.0448722828495534,-0.02927570024129711,-0.03763101222457088,0.09111634974412652,-0.9547526420240544,0.015951765407578478,-0.9388008766164795,-36.553191489361666,-36.31787234042554
1982-01-01,1982,1,-0.5453290227040384,-0.5722829531157458,-0.00022930016311522444,-0.9445057764097058,-0.0060876364824346,-2.1171696441519714,-3.1740890362394794,-2.240329524363517,0.03556712968406828,0.1291402803162356,-4.914992952297325,0.7535644440075657,0.2822010703202906,-3.3779336155116653,-2.2363975988254765,-0.018372283611999052,-0.024528479596682473,0.2832008532866368,-0.5649365243194069,0.20777650481017318,-0.35716001950923015,-34.61297872340424,-34.319148936170166
1982-02-01,1982,2,-0.4776471665337567,-0.4587617229328771,-0.0001979026224283604,-0.7001869664988511,-0.004519977233434669,-0.5165743162747845,-1.9413882113959176,-2.474703956587973,-1.6345045057117034,0.49325630824568023,-2.57807948703703,0.5690674753789153,0.8478968607243615,-2.9607609903911793,-2.469962686131396,-0.01649688948294692,-0.04161555274554152,0.38316319882800975,-1.8489314286119551,1.0241140494518248,-0.8248173791601232,-34.50999999999999,-34.31170212765949
1982-03-01,1982,3,-0.6810086528560078,-0.45836125835000985,-0.00020913715244586135,-0.7683470381715942,-0.0028919409176398903,-0.3064511281446656,-2.328290007173564,-3.2476380079943965,-3.192519384396519,0.5885268394230856,2.819217865631799,0.5321281502968134,1.0804423239011385,-3.6139436468619124,-3.2466538672589422,-0.02058927072947947,-0.0661848176918407,0.35887657032360387,-3.2327320502153043,1.2866377804237956,-1.9460942697915087,-34.66191489361694,-34.534680851063854
1982-04-01,1982,4,-0.519175537368767,-0.40944286885405745,-0.00025528895367420146,-0.8644761787041482,-0.012897902771853209,-0.8070648218011911,-2.3193425651015787,-2.4570439240825976,-2.872784074747557,0.22277471091057777,-5.527064734938904,-0.5503992541807463,0.710879700164007,-3.481838649329177,-2.453369002158013,-0.045418066218610775,-0.06897422519009266,0.22748850547667132,-1.8342798313133457,1.166171006152208,-0.6681088251611342,-34.76936170212764,-34.62638297872337
1982-05-01,1982,5,-0.379040125138431,-0.35855905113385234,-0.0001977202923616854,-0.7887822924764514,-0.01463651601159166,-1.4722223460973467,-2.3833004314659547,-2.0277042334996054,-2.189042298505285,0.3813185235139791,-13.96864140238904,-1.8109283488189476,0.2149717498346746,-2.790100925955869,-2.0317263992861285,-0.07377649793549423,-0.07285720085553482,0.07394778483412523,-0.5444607233656455,0.4027783287033344,-0.1416823946623076,-34.92851063829784,-34.8755319148936
1982-06-01,1982,6,-0.3509640824835287,-0.3133740374702825,-0.0002063500519181253,-0.8579785755601392,-0.002990120272034491,-1.0803834145416076,-1.8896451232857885,-1.9824786289146346,-2.585695175568418,0.0213740093460153,-30.49425400297332,-2.235959124257448,0.01429835153464154,-3.020803613081114,-1.9852501034817465,-0.086873563681094,-0.08100725002484221,-0.02692068989631835,-0.35681170912235416,1.1283870152283626,0.7715753061060155,-34.970212765957456,-35.13191489361702
1982-07-01,1982,7,-0.29388408987642833,-0.5070141684619216,-0.0002452956143134868,-0.9403304373291519,-0.006680921624210856,-1.8074089080100464,-2.8178408187789046,-1.8863400263555263,-2.4203722754210446,-0.03192069619865734,-36.506160703254864,-2.9322640198924717,-0.06641560832116511,-3.2374208704947023,-1.8851586559998736,-0.10165947711228274,-0.08723431071841858,-0.03190511483619218,0.4773968323489015,0.4207614220714717,0.8981582544203661,-35.108297872340415,-35.3914893617021
1982-08-01,1982,8,-0.40145918183640106,-0.39027484277977464,-0.0002159594710522076,-0.7286861062374861,-0.009099091262996906,-0.39685967914491016,-1.935055554782764,-2.377654247103351,-4.608151154223748,-0.38103122649576093,-22.92511635601113,-3.183713261456745,-0.23055660143045387,-3.1068395966323124,-2.37969424259461,-0.1024285898220767,-0.1136149703767031,-0.1129200377478643,-1.2739632677016814,1.169744046358307,-0.10421922134337436,-35.45446808510633,-35.77000000000004
1982-09-01,1982,9,-0.36222690393651646,-0.6265542911050375,-0.00023906489379804663,-1.011684265429281,-0.020700514893690736,-1.2179189051734838,-2.3802070556162107,-1.9456921562342018,-3.632618815381761,-0.6822983820077333,-21.810507660280564,-3.158962418774678,-0.629452042760569,-3.305578118115534,-1.9479500549542195,-0.1024229752441852,-0.10024076061935538,-0.212020466191019,-0.4208100573599225,0.9231131637792842,0.5023031064193546,-35.53553191489357,-35.79489361702127
1982-10-01,1982,10,-0.4043798138952184,-0.859301991763175,-0.0002669154618835604,-1.19923180150629,-0.009149668166279379,-1.7008650758343933,-3.4797423978390043,-1.9820640462137362,-1.3852271187295457,-0.840920131519411,-14.281414590484928,-3.145591949612708,-0.9874569729386131,-3.636561488878158,-1.9767854622739378,-0.10441463962447406,-0.07316206173054951,-0.15271230628949617,1.6138279894639638,0.16209767497895555,1.7759256644429158,-35.43000000000001,-35.52872340425529
1982-11-01,1982,11,-0.41960354900123775,-0.6401271893996636,-0.0001858546601701816,-0.8068366368378896,-0.007663826910983773,-1.7828324036713425,-2.9829785637376744,-2.1657380278738856,-2.0581833821292435,-0.9207309343628012,-12.323417330277152,-3.2820472097154436,-1.165300697322337,-3.025591101833186,-2.156359864520198,-0.10576359727306439,-0.08379864560676342,-0.18555620411387252,0.9792940646266572,0.051990701449206256,1.0312847660758635,-35.45638297872341,-35.38978723404256
1982-12-01,1982,12,-0.2232745739697748,-0.5868114860595597,-0.0001779779612460803,-0.8136537307206773,-0.0053569016841652495,-2.5037986513457042,-2.2977162128543682,-1.06507786859396,-0.23499890581155114,-0.8784410186425298,-17.463135341880843,-3.046749163302991,-1.3208831265995045,-2.3432881699228574,-1.053484680926772,-0.10085826863448322,-0.05524509492730045,-0.21149623711262144,2.3693081495344543,0.05716514473562384,2.426473294270071,-35.52319148936169,-35.297872340425556
1983-01-01,1983,1,-0.19714804772473826,-0.2322969556728367,-0.00013375397996622483,-0.6917895362592859,0.0003634147545390487,-1.7776774646088,-1.6646352350617235,-0.899410370958492,-2.1241662875285385,-0.33848641400724944,-16.310806572117144,-2.7990550153803326,-0.5132583191651037,-2.1021658683665123,-0.8918294301618062,-0.08784857627025211,-0.07494276781009424,0.013361046240250474,0.5001168226939541,0.4451115741014249,0.9452283967953825,-33.60297872340425,-33.349148936170195
1983-02-01,1983,2,-0.1806402164339147,-0.5993623611693124,-8.532139157126084e-05,-0.4551229780688466,-0.00413512452457343,-2.3754165430743086,-1.6109283750135432,-0.771254867981952,-1.6631556979273512,0.13318375149583161,-12.937882017839001,-2.7289710719940103,-0.001183966377965362,-1.3845052075057538,-0.7680916538311067,-0.0700842218262947,-0.05557262710181199,0.17831993020707237,0.9314476561928657,-0.2232599533569548,0.708187702835918,-33.71999999999997,-33.51170212765953
1983-03-01,1983,3,-0.2599288036031453,-0.09009898152334017,-0.00012443018311036197,-0.5661158071786296,-0.018967699201336785,-1.7416977533383218,-1.2760990553212537,-1.3906751770014125,-3.150441944273126,0.26913431406824984,3.019091863272479,-2.585136961816147,0.28710264131578356,-1.8431386884381027,-1.3924918063185032,-0.06018737854437006,-0.06758860269291667,0.18706562101113633,-0.5473366552094774,0.5652230037997512,0.017886348590270273,-33.851914893616936,-33.67468085106384
1983-04-01,1983,4,-0.3213880581687931,-0.20874511489267888,-0.0001900716289717011,-0.8519386871950694,-0.008211300511137498,-1.3360263090574733,-1.8220226409555949,-1.546832079431681,-3.0898289808173445,0.04194928269236442,-4.794975253695156,-2.3023525162732597,0.1610609243711636,-2.537032130213163,-1.552648329501153,-0.05788920768429806,-0.06665985347263215,0.10833907767424478,-0.6683648228652643,0.7091932391881173,0.04082841632286005,-33.77936170212763,-33.5963829787234
1983-05-01,1983,5,-0.1051721220706554,-0.01914446716943985,-9.228712848038598e-05,-0.5590003332556464,-0.0019864008015061385,-0.9102849190274682,-0.5665610043961351,-0.8589271905465807,-3.024908863924992,0.060882169348055015,-23.6180470581603,-2.3022481288734014,-0.1717004560921609,-1.4774090002304092,-0.8647745146523107,-0.05928852725468792,-0.06538283102395015,-0.05167386300991872,-0.9552433604918491,0.9050006717284909,-0.05024268876335647,-33.45851063829787,-33.39553191489358
1983-06-01,1983,6,-0.19308861452083192,-0.3348855188571065,-0.0001333988199622247,-0.6440598895110554,-0.0075627496587714615,-1.178531539452834,-1.3682106269225756,-1.0049675087956302,-2.188569561410617,-0.018099326696471962,-14.364065731933806,-2.1009365001834794,-0.1793468089384298,-2.1310776086511396,-1.0057662473632263,-0.058765668466900234,-0.05861361997777159,-0.07668603606011537,-0.24888054346910593,0.7620682431611172,0.5131876996920113,-32.960212765957465,-33.14191489361707
1983-07-01,1983,7,-0.2736200834186775,-0.10378193707964556,-0.00014709107674548694,-0.5717581167119761,-0.006497189479061305,-0.2555827997865805,-0.7562686778903185,-1.3929808450818086,-3.8283942379551092,-0.22918924677333052,-12.340161499887472,-1.8268742604473118,-0.011241048884020444,-2.0991976562442005,-1.3911029420332284,-0.04956730406241405,-0.07319698252321594,-0.05638152385867379,-1.783571779618498,1.3448068814024872,-0.43876489821602505,-32.71829787234043,-33.101489361702136
1983-08-01,1983,8,-0.1483835581088897,-0.052721943122378434,-0.00014644884245260809,-0.5191070313449764,-0.010997616281204214,-0.7132127268097506,-0.6880039494776611,-1.0614572787512202,-3.0290221309796834,-0.33630030345789663,-19.084813475201372,-1.481608002904835,-0.10733442824638928,-1.936063699524027,-1.0668484796028679,-0.0436942836704568,-0.06064181938682678,-0.10699047877914047,-1.3184482528633126,1.2426685491947325,-0.07577970366857656,-32.94446808510634,-33.31999999999999
1983-09-01,1983,9,-0.12304170169915096,-0.32596448786864585,-0.00015743208220314782,-0.8027399839594516,-0.006742863546149613,-1.9057120556064362,-1.743915088130052,-0.9132317454537429,-1.4841166161414492,-0.3702613886141215,-26.862844595278148,-1.0494572295332603,-0.3364446147042166,-2.2007648324200773,-0.9142383877913289,-0.04176411789624446,-0.0456697322518651,-0.09794024644885013,-0.4008426126982343,0.4558431019524143,0.05500048925417644,-33.16553191489362,-33.394893617021296
1983-10-01,1983,10,-0.37577363003600794,-0.44113422821868653,-0.00021425485639546028,-0.9698857579271376,-0.015384736973260038,-2.119851436797944,-3.120854194281492,-2.0273238538305804,-0.941259821425291,-0.6076393383250895,-11.298450193091412,-0.6898845517380323,-0.6407737204044466,-3.425574527384356,-2.023662175108086,-0.0454899771228936,-0.04580996441624485,-0.09329477231979233,-0.28450965176663345,0.30838201182536196,0.02387236005872495,-33.29000000000002,-33.34872340425534
1983-11-01,1983,11,-0.3024230816558884,-0.5578841546071658,-0.0002618430275051816,-1.0457933988854187,-0.010140293239662257,-2.5337689642439685,-2.7836644180828216,-1.4669609531384822,-0.2597330647899412,-0.4106423609971017,-15.451663381812978,-0.4150403905958626,-0.5515511981860257,-2.962636935745479,-1.4594788537920067,-0.04141548927326166,-0.03834717026985812,-0.01714947968259395,0.014398488617018756,0.18645461700914012,0.20085310562616243,-33.576382978723416,-33.46978723404254
1983-12-01,1983,12,-0.4271364382321394,-0.796065273354202,-0.00026215130189248016,-1.1043521945434094,-0.010776303941834486,-3.3396963960451274,-3.961348367377866,-2.0472270994785617,1.9924686683311847,0.03679159986463176,-12.466578664912959,-0.1776889348305417,-0.2627669762661,-3.516985563318258,-2.0394760990194527,-0.03420377796478924,-0.004757937039157056,0.15038196953799776,1.870599027030984,-0.4366118036005595,1.433987223430421,-33.803191489361666,-33.56787234042554
1984-01-01,1984,1,-0.4173370447441016,-0.7851094939799168,-0.0002544991627164237,-1.1130684942462636,-0.020073125638391143,-2.616820916048937,-3.3840995521588866,-2.161578928625204,1.4185383195267605,0.330460157009032,0.8389033499988727,-0.10136256450795145,0.12094391769011992,-3.5842279819119085,-2.1545992208634743,-0.030306490704854028,-0.005737682460341009,0.20139538060888107,1.3103846447158318,0.2071081375147017,1.5174927822305264,-31.65297872340426,-31.39914893617015
1984-02-01,1984,2,-0.5544139534390524,-0.5852833905518651,-0.0002675945734456602,-1.0282481558089245,-0.008640713557459656,-1.8102705006687216,-3.227325794190108,-2.50880474941124,-0.37369771290352105,0.8116840164542403,-1.0180896988604218,-0.008537488874651444,0.8310666746788158,-3.815680807544595,-2.503230941231891,-0.020752677344999526,-0.022317375848564858,0.340854855377799,-0.34577756580429053,0.5939288215338223,0.2481512557295389,-31.639999999999986,-31.40170212765952
1984-03-01,1984,3,-0.3752758902812161,-0.4622553541794332,-0.00023791066204126125,-0.9909155220007086,-0.008579440912013125,-0.8317540125452751,-1.9746397087071728,-2.0068700277707876,-1.6784524820723163,0.8708124452392667,-14.449543146052747,-0.13922178757118786,1.3205377786463686,-3.0085049254735168,-2.0119515879534333,-0.009906750519341756,-0.028458203962040685,0.37222076983083774,-1.0895053610940408,1.0287836565836912,-0.06072170451035319,-31.931914893616977,-31.774680851063806
1984-04-01,1984,4,-0.45065808502846494,-0.5649226049508229,-0.0002270894921228006,-0.9855041344872717,-0.009822364513004889,-1.9047978065988787,-2.6049011002744464,-2.3198647372008736,-1.3051040158074727,0.7200822806402236,-14.031110622032429,-0.07243336386071064,0.9776076820719339,-3.450643636827863,-2.3238715585624163,-0.0198335382382524,-0.03422583748061658,0.20151623103952154,-0.9751452505150269,0.8417357151918985,-0.13340953532311772,-32.099361702127624,-31.976382978723393
1984-05-01,1984,5,-0.1001224605190032,-0.31146608304584333,-0.00018767128236338478,-0.7819826198160627,-0.003624914769671972,-1.8993643852697062,-1.4689178544663832,-1.011518946154922,-0.8565444658125898,-0.030399451816734313,-22.4049773512088,-0.19338983469748428,-0.11921446180346607,-1.9742604557368395,-1.0179921432869037,-0.023486593054173444,-0.029583852724390347,-0.08481866692688023,-0.7519696411018941,0.4988694041384214,-0.25310023696347095,-31.968510638297857,-31.91553191489362
1984-06-01,1984,6,-0.39939168013728477,-0.38358942036057897,-0.00024409287870652552,-0.9465130047805204,-0.009021952642241926,-2.006164451068095,-2.9803343184119626,-2.3144023871609534,-0.9339552604876076,0.04144546967042828,-11.031862054238445,0.030091128614458285,0.03767079271415952,-3.448678505025555,-2.3206337338497747,-0.016464483882944414,-0.027838036091513807,-0.038598426740737324,-0.9678210660583417,0.4621128399249237,-0.5057082261334216,-31.89021276595747,-32.05191489361704
1984-07-01,1984,7,-0.4055932962443194,-0.5087747555244277,-0.00027409695209298576,-1.2356674533038365,-0.020055564869141507,-0.9066664499066661,-2.6185003344105553,-2.2512160206468366,-0.9424622114206045,-0.04335568091545383,-21.91803338660975,0.3183632227074611,0.17805644855481617,-3.963824025487213,-2.2582762600311526,-0.011276523361575919,-0.021602595658588353,0.013082901658842516,-1.0394133046577991,1.338263451692363,0.29885014703456037,-31.658297872340427,-31.98148936170213
1984-08-01,1984,8,-0.31755911092670885,-0.5230210457854696,-0.0002950884581051083,-1.2822023770962367,-0.01987747182861932,-1.9313398086185103,-3.226266123963967,-1.932011862077104,0.6482287860226279,0.15581640104219474,-13.672336418909254,0.5873702035181907,0.2421286231732509,-3.8174284181338862,-1.9378005785480354,-0.010794738555174987,-0.004506955695300796,0.019148185882187363,0.1471708046355431,0.5853735776989986,0.7325443823345488,-31.35446808510636,-31.660000000000025
1984-09-01,1984,9,-0.32601763727336674,-0.9894938638731219,-0.0003251553452049468,-1.4184373980981633,-0.027001477998799706,-2.4787824247482675,-3.9829080274269018,-1.7380296484521978,1.892152774284824,-0.10222548872440029,-11.233855042402865,0.6822764913680714,-0.03842560347193924,-4.113903138868579,-1.7416760413132124,-0.01569083368051638,0.0074933447484295534,-0.04129750384801412,1.2736761681692244,0.12734871858063812,1.401024886749859,-31.565531914893597,-31.7648936170213
1984-10-01,1984,10,-0.3577323370976728,-0.6091826934142546,-0.0002646111437140594,-1.0756997312045264,-0.01026723463192647,-1.4698810835778886,-2.9953114568549495,-2.0572459704056314,-0.10507815988702873,-0.30610668496351323,-3.279672197648324,0.6210466431421935,-0.23609472166710077,-3.4994796230515135,-2.049396733407036,-0.016389892588836386,-0.022571888841618204,-0.05991572703681314,-0.6561128397328062,0.5120174031951628,-0.14409543653765056,-32.05000000000001,-32.12872340425531
1984-11-01,1984,11,-0.5260367012235747,-0.7819041367874888,-0.0002785125320483809,-1.1688924287875118,-0.01415687893368578,-2.9294224149657566,-4.48504356792688,-2.606098810226456,2.4958216914750153,0.26626509050896985,-5.082920217610081,0.7484502993732178,0.017838335381171078,-4.014886897701615,-2.6008004036495436,-0.013705103932170282,0.012232443231701584,0.12246891599967569,1.498944636973988,-0.46485826364834537,1.0340863733256427,-32.246382978723375,-32.19978723404256
1984-12-01,1984,12,-0.6305996553797968,-0.750087348586419,-0.0002782272798206812,-1.17059528686897,-0.019240142046998754,-1.4173788436491606,-3.528753633442932,-2.842828275611623,0.4787816004325123,-0.20758752260415747,4.634833638803684,0.6459609882259656,-0.23230321683287514,-4.319035053700816,-2.841750321863344,-0.014289637546211154,-0.009544613608826857,0.09606016348507218,-0.1918950820221923,0.791359374006106,0.5994642919839102,-32.293191489361675,-32.1078723404255
1985-01-01,1985,1,-0.3277394155535944,-0.750076104678385,-0.000288980397322924,-1.1321312731173236,-0.029787243183277412,-2.0486731686986275,-3.242981645773966,-1.6282917098257599,1.5896453222911475,0.2887737101197594,-12.734359319758369,0.4067540519705233,0.184034458092583,-3.241506726737043,-1.622583904892565,-0.01206661739044712,0.00798860223481812,0.30943401061363396,1.0781520182934088,0.004232885896222172,1.0823849041896345,-30.62297872340423,-30.39914893617015
1985-02-01,1985,2,-0.7816297853938181,-0.781283795194895,-0.0003305343233422596,-1.3719827055064648,-0.0274190890231632,-2.082581577376331,-4.510046327718783,-3.670164939154688,0.44553315263161153,0.9201088530350106,1.4257574144430691,0.7046423154481545,0.9365198607772172,-5.138989853217197,-3.6668202073384464,-0.0077592879790922,-0.0055488662903799835,0.40878274309120144,-0.24269815507437187,0.6322882573146451,0.3895901022402768,-30.659999999999968,-30.44170212765954
1985-03-01,1985,3,-0.5358873972584774,-0.7349296597124066,-0.0002457355412141624,-0.8867763377399029,-0.01716448664065018,-0.8360848337736471,-2.4769242019851276,-2.7561282915156085,-1.7109895475912538,1.091784992281358,-0.023982434373465367,0.3653271446007125,1.5012364349701173,-3.668847307491262,-2.7521421711906555,0.003750949105215895,-0.023058460237769474,0.4610232135936396,-1.6668652495032177,1.1959092258310804,-0.4709560236721373,-30.25191489361697,-30.064680851063827
1985-04-01,1985,4,-0.5361112361208598,-0.5788117544158808,-0.00027142788774100167,-0.939820857032938,-0.01859786472260261,-1.1424494004224997,-2.695777000793612,-3.0086717866965955,-1.7547199326542398,0.818157711659655,-7.759696724169771,0.32094188693176307,1.0711818661722958,-3.8150053732039737,-3.012131226301051,-0.00039885392756122684,-0.02625388744172019,0.24830954224384172,-1.822637665073323,1.1157689328059277,-0.7068687322673881,-30.349361702127624,-30.20638297872341
1985-05-01,1985,5,-0.40881520342361455,-0.6246993138415178,-0.0002750504777368854,-1.0302633718675267,-0.011967294931093608,-1.3222152551491888,-2.710506012404778,-2.2008382179004116,-0.06844181378289704,0.45107668388756395,-0.9449483447097009,0.34317507811334735,0.5150912897922595,-3.5716914232303907,-2.2078596595322324,-0.005562480163219252,-0.007041875889449489,0.11834684508315974,-0.3476022859916128,0.8541639691937348,0.5065616832021274,-30.51851063829787,-30.495531914893604
1985-06-01,1985,6,-0.3733186937907931,-0.6652998390801486,-0.00036485687397812445,-1.4193990562524341,-0.024839436024462036,-1.8829605314738203,-3.777751878384265,-2.3142741110513043,0.3836426525812726,-0.20199299171375884,-21.47692990837095,0.6659704641902238,-0.18612213595061178,-4.468833504417148,-2.322518490014545,-0.008928227668132394,-0.009646166111952681,-0.12041528548152591,-0.26645695584576146,0.6828372470697914,0.41638029122403,-30.200212765957474,-30.381914893617022
1985-07-01,1985,7,-0.46871741702261716,-0.757595561142125,-0.00037160056587378677,-1.429466417247987,-0.02308233572367757,-0.8137387699199436,-2.9096521882364073,-2.5676962889648394,-0.3503228314911837,-0.2681360442406415,-19.070322850864613,0.645335794801781,-0.07638137092333963,-4.652288755963809,-2.572007428603456,-0.008592208000775425,-0.01471391419684398,-0.14755583035844566,-0.8039039529756877,1.7383254280888103,0.9344214751131119,-29.9382978723404,-30.251489361702113
1985-08-01,1985,8,-0.3237342108368466,-0.44615618095434684,-0.0002646500087245072,-1.0844280885528548,-0.008996377641247166,-0.6781835717256541,-2.082852566518568,-2.2575309609890724,-1.960270995090383,-0.08138561601041516,-20.511138677728013,0.5526981342515,0.10741715246937034,-3.482990467216439,-2.2624072539223903,-0.005864473284306282,-0.035896775190973784,-0.07599826048602765,-2.324166360862087,1.3952616077645672,-0.9289047530975161,-30.154468085106316,-30.430000000000007
1985-09-01,1985,9,-0.431967992046566,-0.6278102252866233,-0.00030473104497364713,-1.2060190908106492,-0.01587763580696666,-1.11040011542471,-2.834830411838027,-2.55314555701068,-1.7394669286455837,-0.33724877963956956,-11.289008403240587,0.6767278651699655,-0.0635277718306888,-4.197188979642249,-2.556696636121444,-0.00598583409519815,-0.03502300256929436,-0.09966443985966222,-2.1424737860067253,1.3588074886934294,-0.7836662973132924,-30.32553191489359,-30.5148936170213
1985-10-01,1985,10,-0.5387211732954711,-0.906919516277469,-0.00031130949948615996,-1.2422606837097305,-0.018865923477027535,-1.6492159363960255,-3.6539841541815576,-2.8052510114904976,-0.7843142238103837,-0.37729511633418156,-10.078645882123965,0.7155020019178835,-0.1887386431443261,-4.475888387363057,-2.8045717192638335,-0.003115687320281335,-0.020389481813887667,-0.05490039386121737,-1.3112597525383904,0.8225835254081666,-0.4886762271302203,-30.400000000000034,-30.468723404255343
1985-11-01,1985,11,-0.5022026967478723,-0.8780685186182495,-0.00030676533390158224,-1.2688383969774506,-0.014537123653280637,-2.1237361129755996,-3.6941292554362235,-2.4929833787129496,1.3112946635486367,0.14110289240370832,-9.838387239477015,0.8981876435651373,0.11666802104959828,-4.158754308314997,-2.4893139927381753,0.0024601329893636503,0.008778572643727056,0.14977102121500074,0.38867214862938937,0.4682944388535546,0.8569665874829333,-30.61638297872338,-30.549787234042526
1985-12-01,1985,12,-0.44586837575019445,-0.8110080743859953,-0.0003166209590698809,-1.2789758870695103,-0.019542052644623276,-2.524740271637789,-4.488425100112579,-2.3610633591331975,1.9671820484689704,0.2659072724184135,-16.28001584332378,0.7784935948994303,0.06890631693379135,-4.06119774363367,-2.351379876869771,-0.00030437173535169393,0.013561252753206077,0.13803623775933893,0.9916874980849073,-0.4175438742155393,0.5741436238693645,-30.743191489361664,-30.57787234042553
1986-01-01,1986,1,-0.30798888387687384,-0.6203809071122919,-0.0002590585128608245,-1.080623166564088,-0.012221151144628406,-3.0665591353183714,-3.59179062343577,-1.8574526892539893,1.1548700782587673,-0.02217357401206499,-27.51789919800649,0.45701138299668287,-0.2959706055328013,-3.3782039335729905,-1.8453283650974868,-0.004412730566992096,0.00480581874891417,-0.09650269270774281,0.42406166374136944,-0.2014623657063268,0.2225992980350462,-28.86297872340424,-28.63914893617016
1986-02-01,1986,2,-0.23953940462780565,-0.7608671134892688,-0.00033363506480016056,-1.3718269911809138,-0.024183102199998863,-2.995292192743804,-3.696672438831172,-1.3798624558218648,1.44829475277362,0.2218551596253704,-22.838123454755987,0.4322793841596422,0.0974789858812457,-3.530732167436611,-1.3704098184835516,-0.012599819858846395,0.002120511886241072,0.01770086597378473,0.8916391948698461,-0.15648763405625843,0.7351515608135948,-29.120000000000005,-28.881702127659537
1986-03-01,1986,3,-0.36221360626581145,-0.6120136607776203,-0.00026929367133706264,-1.1372868479906657,-0.004516444186512536,-2.017050419904969,-2.7067233116143825,-1.9464328764020706,-0.006137061999055504,0.385498306283111,-8.557016100545297,0.2989522492956098,0.5172794696924328,-3.4476917030042387,-1.9376021281281623,-0.010690223344364647,-0.011819926103088463,0.08482801615731184,-0.17330814788537197,0.7497991396637573,0.5764909917783889,-29.181914893616977,-28.994680851063833
1986-04-01,1986,4,-0.24937464155220823,-0.4986066034499004,-0.00020943393528330065,-0.9482607513013619,-0.015119946308238541,-1.7528831437490666,-2.198913672951278,-1.5550773142517187,-0.7310001287642365,-0.2695742894403459,-6.364098842139356,0.11270897663575852,-0.17112062284402896,-2.793236824565838,-1.5485301926123043,-0.013198617060953932,-0.022152324700668746,-0.09649079923621962,-0.7452554388036319,0.6008702732539994,-0.14438516554962888,-29.069361702127594,-28.92638297872338
1986-05-01,1986,5,-0.2245666218492488,-0.45368418511844766,-0.00027442759107008594,-1.16033815793298,-0.017157626889283017,-2.084270146148036,-2.798489086685777,-1.3526937348854062,0.7511157124458236,0.10412707704434254,-10.754179382493021,0.26343204357769423,-0.10627896464703213,-3.087337263095719,-1.3509815425392162,-0.008391070174693649,-7.352974360941289e-06,-0.09888950295425225,0.2772776271767299,0.29056036875607916,0.5678379959328108,-28.97851063829785,-28.945531914893593
1986-06-01,1986,6,-0.27912008190656934,-0.3351072001653961,-0.0002744340529633252,-0.9028449208391613,-0.006186197242837088,-0.9724468627390976,-2.029209417965774,-1.4378247086357305,-0.6725676198598194,0.05078586821556641,-8.063157841053908,0.3192477337832713,0.04308316555424696,-3.0315883631308793,-1.4423979176681314,-0.004818656673586386,-0.01698686049227316,-0.09300260923956394,-0.9995180563044244,0.9978057361328574,-0.0017123201715634195,-28.700212765957474,-28.86191489361704
1986-07-01,1986,7,-0.275173107619878,-0.5667335060425671,-0.00033149449998178676,-1.2544858215094123,-0.021975160958567774,-1.5596118795694807,-2.5893234437531305,-1.6309469948846527,-1.0500248774325769,0.00024697773369908305,-14.484417046187446,0.534194444908394,0.1549338314034543,-3.694363547635305,-1.6372402295299366,-0.004782142731590611,-0.022919042388314548,-0.07739597662259179,-1.4295324686711908,1.098746869236912,-0.33078559943427877,-28.568297872340395,-28.851489361702136
1986-08-01,1986,8,-0.28730039420906905,-0.6989684611891676,-0.00030544779590760754,-1.2538449263058418,-0.017985183149445083,-1.137632495019112,-2.8946240983955818,-1.824190208902678,-0.6916862117385847,-0.027939387526586756,-13.78884185156494,0.5411528537404138,0.12103629819003459,-3.7586031155281034,-1.8258032743397052,-0.0024261611458205046,-0.015609190545073925,-0.07588917888098834,-1.08386337976237,0.8623659516955087,-0.2214974280668578,-28.644468085106325,-28.94999999999999
1986-09-01,1986,9,-0.3642079479321296,-0.769401374114409,-0.00028241832694364706,-1.1717868736288999,-0.016885106168358588,-2.106499489416514,-3.471326126674114,-2.0378446353462323,-0.1417872363435606,-0.35430824430243035,-9.473781515480368,0.4086772840934998,-0.22615332311119474,-3.7677451075545605,-2.035061600315828,-0.012475526161898287,-0.018315852936746424,-0.07691397072120765,-0.42230959924583544,0.29920201591082574,-0.12310758333502037,-28.83553191489358,-29.074893617021303
1986-10-01,1986,10,-0.3619412591787068,-0.786282065325338,-0.00027385394948716,-1.3183144447333213,-0.01720357346124035,-2.955736359159431,-3.641016729229989,-1.8677847822515332,0.5966489445104912,-0.6723290832847333,-10.468077863290091,0.4344964716479751,-0.7000790085044599,-3.786482693126743,-1.8624523272367242,-0.022299645841025395,-0.01660035021224271,-0.15607262447312742,0.13440254764278592,0.15079841891156676,0.2852009665543491,-29.010000000000048,-29.098723404255338
1986-11-01,1986,11,-0.3724147893110512,-0.7193843948815584,-0.00023960498486818096,-1.0238367196049225,-0.01069516820701466,-1.6479688575494578,-2.494085364444686,-1.9093782626040365,-0.6976560145841404,-0.9322987263826867,4.837576238744077,0.29818537148759106,-1.0072431190560778,-3.268127091811948,-1.8997447589905505,-0.023719019236125405,-0.030847638220792284,-0.25038880715733924,-1.070785778745126,0.7836752309807551,-0.28711054776436384,-29.10638297872339,-29.039787234042535
1986-12-01,1986,12,-0.4035128739407128,-0.5998871352259698,-0.0002173016017597805,-0.8708744949379579,-0.005272689857650836,-2.051112508895315,-3.1419921367988195,-2.055078765548842,0.37962377346102016,-0.4367976532926825,-7.609542735357536,0.24942054923275236,-0.6704685113377877,-3.1849277974069423,-2.0458398287687487,-0.01956823008318409,-0.016245983239487227,-0.14670718976218922,-0.10346763381684809,0.05217459738815933,-0.05129303642868521,-29.533191489361684,-29.36787234042555
1987-01-01,1987,1,-0.331815225858179,-0.23234434163890683,-0.0001861703356422252,-0.8341638563108411,-0.0021212049563064106,-3.0291648615619025,-2.532667068344722,-1.52306442390352,0.6329743825543233,0.09729351892474725,-9.945816985942656,0.42097119392258264,-0.08611395547004008,-2.670911023834094,-1.5221703085646823,-0.0015226132871966058,0.0011697519217079844,0.11444999301357761,0.028595714236971048,0.1391380708281602,0.16773378506513126,-27.962978723404262,-27.819148936170166
1987-02-01,1987,2,-0.25322527177308984,-0.33413407592530575,-0.0001476623936835595,-0.6596299879805443,-0.01481582501876788,-3.0090828044492426,-1.9945974350687834,-1.1365044787270335,0.08203130049568585,-0.029733618537289175,-5.479773249724531,0.39583832860753887,-0.013915886035825054,-2.0314325548591796,-1.1310425491122942,0.010580848946001531,0.00512148203700491,0.1000054007825728,-0.29798929561041376,0.04229704940512491,-0.25569224620528175,-27.889999999999986,-27.751702127659485
1987-03-01,1987,3,-0.44922803443762405,-0.6291253047347141,-0.00020411036167806117,-0.8023488778751364,-0.03165169172383525,-2.508879652112064,-2.7959478272716183,-1.929154997424007,0.7240949812331223,0.5619955703526038,-4.253227290464565,0.4256718903804142,0.5730065152659662,-3.0156881267735685,-1.9279429875776941,0.0018629189512457955,0.008313339052996138,0.22611319457794465,0.3094340357660883,0.22095230934825594,0.5303863451143407,-27.601914893616936,-27.494680851063833
1987-04-01,1987,4,-0.32322638260029635,-0.2068389239460089,-0.00019697873507880208,-0.8173746402761495,-0.02368065581650991,-2.3839692540110846,-2.4020153858470508,-1.6139824472504642,-0.2778865557343977,0.20336173590671436,-5.313736004114617,0.4002807575437828,0.10220870600205956,-2.7227452048705345,-1.6159474720763,-0.010125655078386142,-0.017580419614424247,0.06722694774074256,-0.7793203431827962,0.31876479419767634,-0.46055554898511986,-27.309361702127603,-27.246382978723375
1987-05-01,1987,5,-0.22481311369784862,-0.38825267012083486,-0.00012021917050288565,-0.333087305441115,-0.02182766514941914,-2.3119655338523373,-1.354954809909941,-1.1055464695676847,0.224464640469904,-0.03269197625262521,0.8459006622433662,0.03174207341319857,-0.3067348670859431,-1.609202600488402,-1.1108020863541128,-0.01410889213389277,-0.00793260974313803,-0.07181518130309605,-0.08132032377663734,0.24899217379197935,0.1676718500153438,-27.03851063829785,-27.005531914893595
1987-06-01,1987,6,-0.11564654522646833,-0.08508516415474787,-0.00010578275270382506,-0.4010207910646777,-0.012775235976132504,-2.1332810602443217,-1.3425214422439353,-0.8741753791550195,-0.2494492123348664,-0.1716231180228327,-11.25453807519807,0.1514616893112759,-0.16915357464139547,-1.733816169630984,-0.8817660710759014,-0.014560821188563278,-0.01714561673246262,-0.10041082039648863,-0.39844135826471927,0.38370403546631593,-0.014737322798410446,-27.000212765957485,-27.051914893617038
1987-07-01,1987,7,-0.04982797596204591,-0.30218553589440944,-0.0001257031739182856,-0.5789717408925661,-0.017119561675218553,-1.582146438971911,-0.4188193103234994,-0.1491316118837176,-1.2493312102584468,-0.16660215692107982,-3.1684598264691886,0.2008593933597922,0.05103723432911522,-1.434676405951393,-0.14334303463976994,-0.01236823523560071,-0.027368697492136107,-0.06208084918031176,-1.232551212368051,1.021645672871859,-0.21090553949619562,-27.01829787234044,-27.17148936170213
1987-08-01,1987,8,-0.24451863563820098,-0.42312431268976525,-0.00012857525134450827,-0.6076181153819604,-0.019194958514143212,-1.2818870602486214,-0.618500666093496,-0.8951584793926486,-1.7977326464575754,-0.31112086566942665,-3.5863785768451635,0.18821850113232585,0.037608483029309525,-2.129326677886695,-0.8960150979010564,-0.013481664261966397,-0.033172079569840474,-0.08464071621327385,-1.6372217988911828,1.5099693932848055,-0.12725240560637374,-26.954468085106328,-27.170000000000016
1987-09-01,1987,9,-0.12999527723201254,-0.5008001435194274,-9.25563608433471e-05,-0.4239885526464384,-0.028438011052684842,-2.024735972737872,-1.3763292250782229,-0.5140091163105467,-0.6137230416134116,-0.3257089340737913,-2.1418306560372002,0.16978366666808142,-0.14881665914407805,-1.6911742710072986,-0.5083301236345505,-0.01102982428392929,-0.01889533150210143,-0.024387229997705262,-0.6066144333517869,0.32052403860504697,-0.28609039474674347,-26.995531914893604,-27.184893617021316
1987-10-01,1987,10,-0.26181019960546337,-0.3608500383222122,-0.00012708824963086028,-0.43439798041526245,-0.02433553380977349,-1.9585055984562914,-1.4071946298648186,-1.1046770810176554,-0.8528446523676507,-0.5437728687692314,-1.127177743052016,0.22003147751436813,-0.451992992708675,-1.9445592085422163,-1.1054948534855953,-0.0074910067689351045,-0.018073833713406984,-0.13027717047786247,-0.9810962538214554,0.5365468062094614,-0.44454944761199755,-27.069999999999993,-27.148723404255293
1987-11-01,1987,11,-0.3245118564693712,-0.3541758872076457,-5.4745888825081385e-05,-0.22640893737816015,-0.02682916443993566,-2.3234778494276043,-1.3141696704160495,-1.1910414344861806,-1.136689510875243,-0.8486266151621891,10.499008839004091,0.161288254803992,-0.7912581883581069,-1.5198882736017936,-1.1843354664206345,-0.0007776939254613424,-0.016216129898284137,-0.21336601059712024,-1.2406093388751742,0.21242457125129732,-1.028184767623877,-27.1563829787234,-27.089787234042547
1987-12-01,1987,12,-0.11157041691706127,-0.0910662650036329,-3.182660680428086e-05,-0.36613097869342326,-0.013020730146292903,-2.209919835862081,-0.5631310530181963,-0.48715472518011893,-0.745980690688782,-0.7540115828454859,3.861422381043667,0.23942577816768562,-0.6832591764161933,-0.8997085876675328,-0.4774479637739546,-0.0040728711953708086,-0.018043326931924675,-0.17865701466929274,-0.9146540624271822,0.3462842960554404,-0.5683697663717417,-27.083191489361695,-26.947872340425533
1988-01-01,1988,1,-0.03867551801414493,-0.1495365998187026,3.681626505117573e-05,0.14216044439323383,-0.02220314039375093,-1.4968603394369495,0.5722041765208132,-0.12551530180417103,-1.2563117490852562,-0.43305907035965774,-1.1205602636327967,0.026289498376542042,-0.3327984146138334,-0.10552048531116043,-0.11864433210740799,-0.00784651347038512,-0.020471967072704267,-0.11297129783280191,-1.182340591715942,0.6845956315286834,-0.49774496018725145,-25.052978723404237,-24.91914893617019
1988-02-01,1988,2,-0.2528462180127349,-0.2029326305813015,-5.182599383236029e-05,-0.2825930128183849,-0.0322323393891783,-2.28346013256229,-0.8314996499035487,-0.7604549175096622,-0.8890022769773793,0.027032082187346873,10.863028061081422,0.31151710645224284,0.16598965549041367,-1.360488861192664,-0.7551709651059468,-0.00347458804544587,-0.0183071409613067,0.11279708834588575,-1.0615618101265554,0.53427316369282,-0.5272886464337319,-24.989999999999952,-24.851702127659507
1988-03-01,1988,3,-0.15825031081021734,-0.04784296594289117,-4.0853251759662146e-05,-0.2552271709308478,-0.016756221391758253,-2.115949414757857,-0.6151923049237666,-0.7848377526555055,-0.8402607734311118,0.34409378929005996,8.749202091115876,0.27666302510530727,0.6789953697792228,-1.1861076953470615,-0.7766829968510365,0.00727763161068129,-0.008389836732878742,0.2354545982727796,-0.7820222180473309,0.5790701462277568,-0.20295207181957764,-25.041914893616934,-24.984680851063843
1988-04-01,1988,4,-0.10638561961854975,-0.15487942428364931,-5.714651510920106e-05,-0.1882954955412366,-0.015541698139473259,-2.1066582413169925,-0.4631155152769111,-0.4849833458861781,-0.6480959094363357,-0.019845020352946108,5.400398484780453,0.16935353776383977,0.11205590811842825,-1.0022123049658944,-0.48770513462932286,0.0016847669806501209,-0.008551463866028008,0.010272933963353381,-0.6855485187287726,0.5363750009458634,-0.14917351778290566,-24.98936170212761,-25.016382978723414
1988-05-01,1988,5,-0.04713305343125285,-0.15364053480573148,-6.96364982108854e-05,-0.3179516040321282,-0.008925995550013721,-1.7623138367833846,-0.4192356330972302,-0.5108367151788116,-0.8294110451004997,-0.06232879956452564,2.335464679490542,0.19062989684857712,-0.028939851053401355,-1.124559208380333,-0.5170804033108993,-0.002118654364497541,-0.012168965023066303,-0.06732558087208318,-0.9866519934379454,0.6990798871509618,-0.2875721062869818,-24.838510638297862,-24.86553191489361
1988-06-01,1988,6,-0.0562840240463629,-0.08290251414882732,-0.00011641415103222537,-0.3697313153390027,-0.007567689190592919,-1.6104339212477115,-0.5544683918400324,-0.38748683168762454,-1.3883348418532648,-0.41364741252262505,2.788102278485894,0.18563313985774244,-0.07087673550085682,-1.189201997698433,-0.39463035768631016,-0.003931887709250237,-0.022690435279206334,-0.05692460741866867,-1.2311973046892248,0.6275900798598641,-0.6036072248293607,-24.700212765957474,-24.781914893617056
1988-07-01,1988,7,-0.14219666135613807,0.028605327713648876,-5.508494410848622e-05,-0.33231993195111187,0.0020515161414359495,-1.1592253256949903,-0.12683241750931984,-0.7629135871110293,-1.9504466572846013,-0.43908778348726685,0.8337512821453856,0.28433256418352926,-0.1029688266843074,-1.2426219867870714,-0.7674155547493342,-0.0011742229677316196,-0.031501143000345344,-0.07374426084353658,-1.898660264665196,1.111287601639468,-0.7873726630257352,-24.588297872340434,-24.741489361702122
1988-08-01,1988,8,-0.14174397692124785,-0.054515224033366394,-7.371038437170747e-05,-0.36614830275993526,-0.005727187376632803,-0.7126246723190306,-0.05264068403704414,-0.8579014381847401,-3.200193797648126,-0.5511210127349813,2.5547195559192915,0.3649784495131314,-0.003831970931972961,-1.4985636160197373,-0.863098018521157,0.004849923750038343,-0.043034618722987084,-0.05202971712646587,-3.0178832053582383,1.4407263516462905,-1.5771568537119443,-24.474468085106366,-24.620000000000005
1988-09-01,1988,9,-0.10564088397580917,-0.05336551441462234,-9.687387673434737e-05,-0.5023667898408135,-0.00722633279871121,-1.326189196393834,-0.47866026908036474,-0.837238153813189,-1.9732850799818777,-0.4851129067300981,3.127742632117588,0.4550628926789386,-0.2531739926906802,-1.4910602573704068,-0.8360906336525318,-0.0033767664490316207,-0.034461152201292755,-0.10863976750164106,-2.196409058621356,1.0135475084506744,-1.182861550170692,-24.42553191489361,-24.544893617021273
1988-10-01,1988,10,-0.18340854549450114,-0.3604211752221431,-0.00016820482895625946,-0.7774230283294408,-0.019959077675160586,-2.840306520878073,-2.3136359466049043,-1.188211912067743,0.507160216875377,-0.2597247395598643,4.156369834192446,0.646383481733352,-0.3913011802786457,-2.3005638848296144,-1.1823501472164253,-0.013522294731930451,-0.013814289143547764,-0.11312702982546163,-0.27079970557674216,-0.007210296923968684,-0.2780100025007144,-24.600000000000023,-24.638723404255302
1988-11-01,1988,11,-0.43174330045997067,-0.27510672599458985,-0.00030782482238488236,-0.9760643269732512,-0.00917444068266382,-2.3717199031421643,-3.1254180354287087,-2.2588688407494715,-0.5778273660059483,-0.2638021619179831,-10.748886783476337,0.7574549929398984,-0.34085776121791866,-3.503885361987784,-2.251209403348412,-0.020517277421111757,-0.03851452600096339,-0.07613502692685792,-1.4123379582457858,0.3861267639601458,-1.0262111942856436,-24.786382978723395,-24.67978723404252
1988-12-01,1988,12,-0.30548222749843035,-0.3920602266980495,-0.0002757877330267812,-0.8700021231342987,-0.01174094573570994,-1.924502244642639,-2.3544667169078934,-1.8088275063711308,-1.3200767547629937,-0.7141963424164892,-16.566318517754553,0.510978118294986,-0.5111949908425615,-3.0001267028335974,-1.8011276970083259,-0.022618701202215874,-0.04589205010900521,-0.09120858378675756,-1.6280535214840768,0.6533597952884485,-0.9746937261956212,-24.823191489361648,-24.657872340425513
1989-01-01,1989,1,-0.5170161852254864,-0.4971758569256508,-0.000261114968216224,-1.0428981302972637,-0.017695825474253746,-2.7146751515828598,-3.6552652040082876,-2.5057823575265274,0.7572910772524892,-0.19084857318130943,-3.9307314570323797,0.7902670284624378,-0.3156191871104781,-3.9608941114188383,-2.502781037416071,-0.023708725410444664,-0.01999977847753165,-0.03397123766216481,-0.15774656513910656,0.30863022752096114,0.15088366238185102,-22.962978723404262,-22.869148936170177
1989-02-01,1989,2,-0.28970815884622425,-0.5049392863984394,-0.0003283497309584608,-1.1328605607841844,-0.011588078955179326,-1.4174940144380557,-2.6908424098834303,-1.7228950427953578,-0.7530770254144272,-0.1976669918787195,-2.383546944867703,0.8353706086300576,-0.11486859451326126,-3.666746664667471,-1.716764244362878,-0.012619046586156202,-0.03174927380165604,-0.0016207644189556447,-1.5056492366790266,0.9820350532165101,-0.523614183462513,-22.989999999999952,-22.881702127659537
1989-03-01,1989,3,-0.34865097814326873,-0.6746235290317486,-0.00029748147458786255,-1.170668317870387,-0.02428124767962897,-2.6006787807773364,-3.213560393820444,-1.8258218965281117,0.11796971059646921,-0.2551906691845609,-3.0544888144067954,0.7769164791709215,-0.11199112159383873,-3.549967894455847,-1.8255053622122546,-0.010877222736639602,-0.01845796651837217,0.022916072353075023,-0.5157472209837408,0.3367240349512528,-0.17902318603249512,-22.881914893616965,-22.794680851063845
1989-04-01,1989,4,-0.25828787428235955,-0.47921933660006744,-0.0002164338435702018,-1.0046819285190018,-0.003282124259918362,-1.745619008269287,-2.5132366315298214,-1.6162931142368393,-0.03493070649918195,0.048332841183320596,-6.435594057620619,0.7773872001968698,0.11648119157050729,-3.060421125180369,-1.6194772481973132,-0.013826573098299821,-0.022386269791891067,-0.013482092080273844,-0.7441695563088544,0.5440003596900986,-0.2001691966187522,-22.909361702127626,-22.936382978723373
1989-05-01,1989,5,-0.3464112727782549,-0.6260699591056778,-0.00023596972498998552,-1.0056115109891977,-0.010566071385727849,-1.7685555329245588,-2.5143160268395377,-1.8122336738069862,-0.3982017901644781,0.11868044025865387,-10.191789867720217,0.7649100521344678,0.32157760355480036,-3.2893633325605833,-1.8224264102903476,-0.008352582738872627,-0.02050606427105084,0.06425220753796523,-0.9602146790027888,0.764854569237631,-0.19536010976515605,-23.108510638297844,-23.185531914893602
1989-06-01,1989,6,-0.339709921326687,-0.6020246080828997,-0.000245679610081026,-1.0715258667396235,-0.011107207631971927,-1.1107534854642935,-2.2705693000356177,-1.711543826880927,-0.21079946425157914,-0.03807879295482408,-0.030896264637704007,0.7482541274881669,0.25065988984273346,-3.3674664780437524,-1.7158642399194832,-0.007411238352257321,-0.01667758801571173,0.02974366586713728,-0.6703149089421956,1.0925767649697278,0.4222618560275322,-23.190212765957483,-23.271914893617065
1989-07-01,1989,7,-0.1909479927374491,-0.5474623591010186,-0.00023286977782778669,-0.9875557346695665,-0.008556841171555751,-1.786301728960602,-2.2727210172567425,-1.0796208130816467,0.2886708983540984,-0.010004071935018288,-2.1320172620326048,0.7524960267913343,0.17602443936873868,-2.845309837842194,-1.0832836775409191,-0.008075765944952629,-0.012343203262325186,-0.005002030696422466,-0.2777966171334896,0.5689259561262006,0.2911293389927039,-23.288297872340422,-23.3914893617021
1989-08-01,1989,8,-0.24876077300126553,-0.5065982392479782,-0.00019293594766520844,-0.958545598543477,-0.013020254950244947,-1.0589434427349147,-2.0780512931236217,-1.4908789869430734,-1.0463048602100287,-0.22153198425388254,-2.587911759430426,0.7391996624513979,0.03262453550733824,-2.7562084250938597,-1.4913005372216617,-0.008833580688307308,-0.03107486012934313,-0.049722837831541966,-1.5313480029001951,0.6777355816916675,-0.8536124212085241,-23.344468085106314,-23.44999999999999
1989-09-01,1989,9,-0.21549207363352707,-0.36628116407536027,-0.00026161952220764804,-1.0469994005550411,-0.015593692819392713,-1.9654759286482175,-2.667366245350024,-1.2339064404039846,0.28627267271434675,-0.21019444331140136,-9.603908020595554,0.8926567320472145,-0.21916874606001713,-2.975367494314412,-1.2286747827572526,-0.014825485783769299,-0.019615274104828107,-0.12867361478087602,-0.6153583620814871,0.31323290661109837,-0.3021254554703994,-23.1255319148936,-23.22489361702128
1989-10-01,1989,10,-0.24570757915665808,-0.43165213605027475,-0.00022788505232705994,-0.9485503711995662,-0.011329628786739154,-2.215813223309489,-2.6022200317889883,-1.4360257597992927,0.013620769436670344,-0.5079337390991512,-12.872729111491935,0.8892974976688777,-0.4738506464500887,-2.9795030945053895,-1.4335090328266347,-0.013535122881776385,-0.021697972168381874,-0.1547400234364229,-0.8415936355831448,0.3797997896890628,-0.4617938458940891,-23.180000000000007,-23.208723404255295
1989-11-01,1989,11,-0.3599347391277661,-0.5802554161961666,-0.0002008846624357817,-0.7674879665113359,-0.022184548021599082,-2.0297109888277802,-2.690346550973004,-1.6777763318149255,0.13983962604299904,-0.6657690548239792,-4.404314031213289,0.7298724691337952,-0.6786649980401762,-2.8546543672254643,-1.6714558445699481,-0.013609528296761653,-0.019487161319286184,-0.16005423304613053,-0.6029287863069897,0.17062830349744473,-0.43230048280954847,-23.36638297872338,-23.269787234042553
1989-12-01,1989,12,-0.1975576183638168,-0.3615420822052897,-0.00024815960983558087,-0.962916053899999,-0.020505670675381338,-2.345407528876187,-2.122756692486405,-1.1171618319112326,-0.3119308046266269,-0.5981142377129984,-14.28655000879371,0.6925592998138654,-0.6161466708224097,-2.3767789551593523,-1.114283401895193,-0.01501777296762441,-0.02774793665477082,-0.11548103777264984,-1.0225225375499178,0.2569006926889301,-0.7656218448609806,-23.38319148936165,-23.237872340425554
1990-01-01,1990,1,-0.22196619982941002,-0.3274552584214234,-0.0001280582116462252,-0.4131310785960238,-0.002537767782314959,-1.6629574128481792,-0.760056935395653,-1.1209373938691556,-2.0200737345617483,-0.7237814382031864,-4.369393253524322,0.38705204795510895,-0.4309979859885473,-1.612428491224989,-1.1139251600960165,-0.007378875145827024,-0.034802322517495377,-0.08988275271969393,-2.1143423303021933,0.8593837896024255,-1.2549585406997608,-21.492978723404235,-21.359148936170186
1990-02-01,1990,2,-0.22053817688885147,-0.4916161862846593,-0.00011517770915155968,-0.49230811312936495,-0.028153153251335494,-2.170026429913335,-1.0809756388406413,-0.9218352527672664,-0.8876689431332352,-0.2868643750314952,-2.853637369480566,0.4856935384395342,-0.09464916842652826,-1.8544952104717822,-0.9168361103913298,-0.002934128371472333,-0.018613698952550717,0.04292458592439097,-1.1811472749678202,0.7785187140070668,-0.4026285609607534,-21.579999999999984,-21.40170212765952
1990-03-01,1990,3,0.10313063751090112,-0.19063971743094044,-9.98409664942617e-05,-0.3939199582469044,-0.006976312382824035,-1.8795429137714095,-0.025185545590602487,0.14863277437149236,-1.6091723290242328,-0.6767007184277176,-8.81712090484507,0.3446776547453112,-0.449149531379085,-0.9802842678208776,0.15365400084834846,-0.010109209015086051,-0.03308980464039202,-0.12604726211594475,-1.7262987967209327,0.9601199487071277,-0.766178848013805,-21.691914893616968,-21.604680851063847
1990-04-01,1990,4,0.013775102313957177,-0.23698434269493873,-8.42473542278007e-05,-0.437532219029098,-0.012754647508862793,-1.876206363562055,-0.467346162241256,-0.10184137338200117,-1.1430508875564556,-0.7219707823237194,-1.9679775807308033,0.518705244514166,-0.4537570467241281,-1.1816429846645633,-0.09880210344073248,-0.0011678564722368279,-0.02164700749261117,-0.1564414367280893,-1.393542396470984,0.7173360923645973,-0.6762063041063797,-21.77936170212763,-21.796382978723386
1990-05-01,1990,5,0.020311980991152723,-0.11671382461736357,-6.045061709558479e-05,-0.39262991626328514,-0.004957836259083193,-2.6158177154766307,-0.5866446417596762,-0.1209864190327039,-0.5237623976593113,-0.8163431175232816,0.7600005714048166,0.5022189747353139,-0.6031504889160573,-1.0586624896981789,-0.11836528059228613,0.00042967064637533525,-0.011491484570890442,-0.20549341308032965,-0.812788743787408,0.47463898637886714,-0.33814975740853903,-21.888510638297817,-21.945531914893593
1990-06-01,1990,6,-0.11582893756610702,-0.21815950539377127,-0.00014826717650422497,-0.6523288761396309,-0.007559863100166542,-2.3049119331866876,-1.2202678234394284,-0.6757765478964188,-1.0957270999670072,-0.4462641036493018,9.111694680905202,0.5176303451867739,-0.3846040429263802,-1.9023455381231997,-0.6861008389934113,-0.001353996843624472,-0.02189137494040594,-0.13780054112422135,-1.5516973844308595,0.671753423586928,-0.8799439608439314,-22.13021276595748,-22.181914893617034
1990-07-01,1990,7,-0.0724038063586363,-0.3638148841603197,-0.00015915272534558662,-0.8162624584650899,-0.013659012856515607,-2.0900154053449427,-1.5331326071186027,-0.6021352185272235,-0.3751352597240043,-0.44051676821441177,2.7131453326437622,0.6215359200254795,-0.2647531745874545,-1.9824124844838593,-0.6034637586047893,-0.0030811646938704307,-0.01626992873107236,-0.1370683671292614,-0.8209075861225514,0.4479513372877122,-0.3729562488348357,-22.148297872340436,-22.19148936170211
1990-08-01,1990,8,-0.15139119963129133,-0.4074795758178311,-0.00018327740663900798,-0.9171661023513167,-0.02009341634908146,-1.7112776805944918,-1.5781968898862146,-0.7349017274063385,-0.21626639813240445,-0.19024350336178486,1.591678424476413,0.7186830191542981,-0.08357328627957017,-2.5653708321645468,-0.7368933676061715,-0.0020483399142174896,-0.010935847233288776,-0.1233603770058167,-0.8282792002045056,0.9851823020785169,0.15690310187401835,-21.984468085106357,-22.069999999999993
1990-09-01,1990,9,-0.18981687075643094,-0.447261078060194,-0.0002143030441610471,-0.8775547372459478,-0.022113617465290836,-2.180985540057925,-1.849953361125415,-0.9622417743633491,-0.6075076061501363,-0.4163916825249885,-10.206848282716237,0.7501223534219719,-0.2853203688273531,-2.6160912266522587,-0.9624628630790539,-0.002387510773529389,-0.018788040572235598,-0.17482032683581217,-1.2265586458744693,0.7659167768111104,-0.4606418690633589,-21.905531914893572,-22.02489361702129
1990-10-01,1990,10,-0.09341612854115056,-0.29658700521866876,-0.00014752426458716078,-0.67245794301326,-0.015524385357357562,-2.7722785851479372,-1.7122221757176135,-0.503235039269839,-0.19755294445280924,-0.6089215481535604,-8.163428373547504,0.6332270010779553,-0.6593139727165607,-1.7588296845337936,-0.5030657912990364,-0.004750569732927534,-0.01685447005021201,-0.20611252392774304,-0.8811723700937506,0.04677675678698634,-0.8343956133067607,-21.850000000000023,-21.90872340425534
1990-11-01,1990,11,-0.09985527295299335,-0.07490871264320731,-0.00014076556535008201,-0.712011304911659,-0.014038398330381563,-2.339772337709121,-1.1589852390105193,-0.34273160391825286,-0.8349027169724366,-0.8629088071695392,-10.321982526918873,0.6635680120159009,-0.8901072110534756,-1.6151110450298916,-0.3321041767098336,-0.0009947658375519808,-0.019746699632153142,-0.2229972850892441,-1.5256691328722525,0.4667532332277986,-1.0589158996444539,-21.95638297872341,-21.95978723404255
1990-12-01,1990,12,-0.19155775486490256,-0.17711432320879794,-0.00017973994151048063,-0.6973367620044542,-0.023959692951209588,-2.5693499192885696,-1.2757842320390864,-0.6259528326944519,-0.05804061489530454,-0.7704078878298652,-7.465000390118803,0.6286009021912378,-0.8056861226746364,-1.8594418533024282,-0.6159027180331123,0.00027796428965132236,-0.0077165263151175445,-0.18752551693460084,-0.721919751931317,0.5937077359246246,-0.12821201600669951,-22.103191489361677,-22.067872340425538
1991-01-01,1991,1,-0.22027907729335539,-0.3666589507703293,-0.00010952134437802394,-0.4688726230016975,-0.01652997530653766,-1.9665299426673926,-1.2050849583379204,-1.034451774516981,-1.166436454341067,-0.371913973311063,-2.8420029589615297,0.5308991151012492,-0.19779910389302557,-1.6533945041772995,-1.0331467382836195,0.005252958391517737,-0.01985163018144931,-0.007553382631311223,-1.523220700024254,0.44961458207269445,-1.0736061179515595,-20.212978723404262,-20.099148936170195
1991-02-01,1991,2,-0.07729662907172496,-0.2410406350159633,-0.00011397312223685938,-0.5859429113241035,-0.010059461781047885,-2.8992406572130704,-1.5367040885791425,-0.3236718539119465,1.025705076276381,-0.25246284580159895,-10.10900044614391,0.7078150693584746,-0.2545924976382139,-1.6080431077584763,-0.31971811143318973,0.00752585760133595,0.012694984638684126,-0.02930871663489576,0.31576035508127376,0.07529276165807985,0.39105311673935716,-20.269999999999982,-20.12170212765949
1991-03-01,1991,3,-0.2678939822086477,0.07954600185667005,-0.00016466168575816204,-0.7886642656884888,-0.02092163215629128,-2.2487568362178365,-1.3995265626749642,-1.2509932313249692,-2.0776261665352536,-0.2493030495548041,-4.943354711911525,0.5928498554445127,-0.07766538496996844,-2.0799389865987337,-1.244780698618058,-0.00034972036544367313,-0.036923825171740976,0.043540522790269875,-2.498838357394959,0.6866249566306735,-1.8122134007642892,-20.20191489361696,-20.12468085106383
1991-04-01,1991,4,-0.0737619357796575,-0.4720076630793528,-0.0001616722528807006,-0.7185926035035912,-0.02086671074893831,-3.0428724052363734,-1.747968133334382,-0.357071002978671,0.435069630577658,-0.24194949546596334,-2.8914332284912234,0.6079148636044067,-0.17305524070351908,-1.7419347308505166,-0.3526971616919923,-0.004487494921023849,-0.005535806157084711,0.0016893749756814458,-0.10395097826428668,-0.0016595611971617075,-0.10561053946144483,-20.099361702127624,-20.086382978723407
1991-05-01,1991,5,-0.11411034292939348,-0.2646664970312145,-0.00014345919056498596,-0.6821086744477363,-0.01506487983667082,-2.4410645289244357,-1.4687416228003372,-0.35425273710148986,-0.28471903678129706,-0.5123080500240249,-0.7718256075895624,0.5310957600320876,-0.33679354003452033,-1.8218644856320907,-0.3533085239244542,-0.012969933411546286,-0.021827136154251914,-0.06536096769940336,-0.6403002868238872,0.3540670760087359,-0.2862332108151495,-20.188510638297828,-20.205531914893584
1991-06-01,1991,6,0.08978699470043239,-0.038520202542315474,-5.2982417609124394e-05,-0.45230904891475987,-0.013485745799870608,-1.5294184751771596,0.14517902255744275,0.32609159923742936,-1.6655392076403643,-0.5440226276599702,-8.334837616974255,-0.41971334508789937,-0.3373980510929897,-0.6226149368629876,0.3233253702782122,-0.03085079472248209,-0.043097571454872696,-0.14330740104046313,-1.0392012859854773,0.7650277304613624,-0.27417355552411493,-20.280212765957458,-20.291914893617047
1991-07-01,1991,7,0.0025561629489629922,-0.25915936579929166,-0.00016893346021098696,-0.7267223118276398,-0.02004772507766661,-2.435038808151752,-1.1879957725472536,0.12241980686479792,-1.1276047905372195,-0.3319098357843693,-2.8329266302316682,-1.3053733925479207,-0.4213735264173337,-1.6664206707352491,0.12540378613033454,-0.05637109882522795,-0.05025801098430227,-0.2173322647308158,0.08830491137769769,0.48140887745355343,0.5697137888312511,-20.328297872340443,-20.341489361702088
1991-08-01,1991,8,-0.06066453296097052,-0.03372309846696453,-0.00016287960042460706,-0.585686031204375,-0.02086050083769686,-1.657755091220558,-1.0111503250980718,-0.507374864838539,-3.7801456575148507,-0.6095715525890455,-3.736067559730145,-3.1493001917149286,-0.5558033593861111,-1.7582698368083811,-0.5035163560277169,-0.09328550398971691,-0.09683711015705887,-0.2606455722223888,-0.5770772725970303,0.7509780205211456,0.1739007479241188,-20.50446808510634,-20.610000000000014
1991-09-01,1991,9,-0.11805431667750099,-0.44108915127714,-0.0002501318876107477,-1.1587714799139732,-0.0300520627813059,-3.0140771161578783,-2.6818594802156213,-0.519826724154882,-2.0832889409399797,-0.594233447079219,8.895451224903809,-4.150016382489724,-0.9845396402413265,-2.7724526617736274,-0.5115262343700238,-0.1239274520095015,-0.08855663142354642,-0.3873369241885829,1.676421248387605,0.09889367134283944,1.775314919730441,-20.765531914893586,-20.884893617021305
1991-10-01,1991,10,-0.19128530249344067,-0.5449491961082913,-0.00029692712386156055,-1.1319270301432098,-0.01868094275754062,-2.7248327482251824,-2.640795493303756,-0.9299586179531047,-3.4287575377635733,-1.187058460405563,-2.4305470566032454,-5.270023656463479,-1.6256692037204985,-2.8173651496056777,-0.9206515506286337,-0.15318841357593538,-0.11996485724046702,-0.4394427449566134,1.4026553753849598,0.18587672362639296,1.5885320990113492,-21.03000000000003,-21.098723404255338
1991-11-01,1991,11,-0.22565521897780627,-0.6093431690251236,-0.0002629308248089813,-1.0306115354519996,-0.021067848877364126,-2.506164526612608,-2.9181557396598805,-1.1798644714254465,-3.5144443399512397,-1.4921806857721478,-3.532676641989383,-6.058915943249161,-2.0147462539693777,-2.7917243988529776,-1.1675992970990023,-0.17412925063161078,-0.13224491710624608,-0.46230880560106336,2.0219060351006988,-0.11416616648045519,1.9077398686202436,-21.246382978723375,-21.289787234042535
1991-12-01,1991,12,-0.2537739737398965,-0.5833376748361161,-0.00023883226861108088,-0.9392828930580244,-0.030373299698893685,-1.9937253576860385,-2.296722609599499,-0.9376947766872377,-3.4932707134056784,-1.424842544612158,0.8811352033226285,-5.596193868161038,-1.8843314996227463,-2.55758422275278,-0.9239885137151873,-0.15270749329811473,-0.11428870058882268,-0.36041770426151665,1.6434341997447532,0.2745678761252748,1.918002075870021,-21.343191489361686,-21.33787234042552
1992-01-01,1992,1,-0.16115425881207557,-0.6018630691119711,-0.00031697909347162476,-1.162942968344602,-0.026177023581778647,-2.3229553551382196,-2.3472344107439653,-0.7637286158845882,-3.6999991025485315,-1.186288376604498,-11.83700495287485,-5.599734942317241,-1.59418263655553,-2.8150882822369567,-0.7580400956281892,-0.14809078465334213,-0.11479750890279128,-0.3400364910687177,1.4918415798177165,0.47354239174934065,1.9653839715670607,-19.432978723404233,-19.339148936170147
1992-02-01,1992,2,-0.21289690201592748,-0.579601286756315,-0.0002733322370053609,-1.1991186464328933,-0.007085791743779435,-2.644242217332753,-3.099821502518182,-0.9875327356329535,-2.7147159412083113,-0.8844086876447683,-4.794507983038784,-5.446372601209163,-1.339259177738466,-2.9699489178084377,-0.9847309464451541,-0.1449320970157233,-0.10420594551773421,-0.24311855885757971,2.2768061699071396,-0.1270707955219521,2.1497353743851875,-19.569999999999993,-19.43170212765949
1992-03-01,1992,3,-0.2019250976528042,-0.3618032301088192,-0.000201327307571662,-0.8272229296057354,-0.028599876285204995,-1.9878004200811858,-2.183808713986423,-1.0837391265915244,-4.508429056417924,-0.7862026080508819,-5.401975755550666,-5.482222004667079,-1.1081635720468057,-2.280568943699336,-1.0808241717969622,-0.13276459817071062,-0.11918345706863187,-0.20427545535292246,0.6518319842532208,0.09967518450746837,0.7515071687606856,-19.621914893616974,-19.574680851063817
1992-04-01,1992,4,-0.34949989912871615,-0.6295898150659127,-0.00022528456973060218,-0.8827841130546155,-0.014307475457088104,-1.4773759147183725,-2.6339708264681008,-1.5147737021563898,-3.727780538375839,-0.3043959469527593,-3.9288937397359405,-5.144299783308014,-0.7213016104885455,-2.9671540603742983,-1.5112073161653825,-0.12008236085337165,-0.09812829926885902,-0.13808087766252086,0.9996135813964173,0.33674961989722973,1.3363632012936435,-19.52936170212763,-19.566382978723368
1992-05-01,1992,5,-0.29293952892277275,-0.5552279997862684,-0.00018577489378838498,-0.659249251005356,-0.023672280156823766,-2.0631551775816774,-2.6167418012904022,-1.370729133824625,-2.7612468630293847,-0.29595487758400196,8.950821201346116,-5.127832422180234,-0.6630047263463155,-2.4152771921905014,-1.3691921183174145,-0.11556643817120227,-0.08291617727359313,-0.1385966928801068,1.999535710388514,-0.1999275935927436,1.7996081167957723,-19.468510638297857,-19.505531914893595
1992-06-01,1992,6,-0.2977669592962684,-0.5627803148269095,-0.00026652043172442456,-1.1055047761441905,-0.011961079394955387,-1.3920446448724917,-2.7028986417064402,-1.641931336944026,-3.234357459989809,-0.07883532361747214,2.096715227860841,-4.017301958008488,-0.27474265893205185,-3.297566401350423,-1.6409820000910145,-0.09386922002137021,-0.08154574822619542,-0.09393783867601613,0.5870371627040996,0.5956170964971435,1.182654259201243,-19.59021276595746,-19.571914893617077
1992-07-01,1992,7,-0.4567252642203812,-0.7944623186210151,-0.00040896962086298637,-1.638770548861796,-0.02924945078722918,-2.098782517714156,-4.109227241159488,-2.3871650628359475,-2.917002516542709,-0.44886482654185045,-1.0239711399044609,-3.6135972105171845,-0.6643724398906059,-4.889253963713429,-2.3828555931863207,-0.09314736416300073,-0.08108978477886764,-0.21414782892462192,0.4810870806256986,0.7843361922035896,1.2654232728292811,-19.668297872340418,-19.661489361702138
1992-08-01,1992,8,-0.4975678588111805,-0.8911516481550734,-0.0003523505206754086,-1.3509624398864268,-0.0213440685297811,-1.7279584473358156,-4.161600990871364,-2.541090666305138,-2.6161426942177,-0.5003645324623847,2.8317864353884943,-3.3574541506743856,-0.6471458439847808,-4.699174071247967,-2.5421280221735856,-0.0841820632283885,-0.07359429516107685,-0.19548656604079895,0.5945301449343035,0.5365357245081697,1.1310658694424767,-19.904468085106316,-19.94999999999999
1992-09-01,1992,9,-0.582096905884498,-0.9120522695317277,-0.000341301283139148,-1.3692782553846286,-0.020072301249412172,-1.4661129736912173,-4.0993281648558195,-2.849386587675781,-3.4135185362759444,-0.6973040744991614,7.501970472600078,-3.1042581928446396,-0.8155504990598068,-4.946335192850086,-2.8534447789902515,-0.0764735514887307,-0.0789045997629585,-0.22960857420685876,-0.427506767991936,0.8429488366797706,0.41544206868783107,-20.11553191489361,-20.2048936170213
1992-10-01,1992,10,-0.5099947661018973,-0.7729154083490926,-0.0003922257085110601,-1.557412629447338,-0.024951461191053514,-2.3831682059478823,-4.780196381351232,-2.665050562805334,-1.8508928097863588,-0.8171963961851318,1.089074246425298,-2.6939275846702344,-1.164855584842261,-4.806008430709426,-2.6585156191963506,-0.0676420373698865,-0.057381126435159135,-0.21716441569323308,0.49537558622679256,0.03234699296718091,0.5277225791939699,-20.230000000000018,-20.288723404255336
1992-11-01,1992,11,-0.5313782562944311,-0.7346252810183955,-0.0003632093748614819,-1.4484001762250251,-0.022539982266729486,-1.6012205986043924,-3.9661422769411843,-2.5893258200246123,-2.9214816605321516,-1.3472875729448397,-4.103579149814323,-2.5466791747524553,-1.5043627743509802,-4.681817211323278,-2.583409749439113,-0.06271682356303288,-0.06468004640182468,-0.3158828332645509,-0.5318776871858404,0.7215910049675998,0.18971331778175937,-20.41638297872339,-20.45978723404255
1992-12-01,1992,12,-0.4314037821498573,-0.7632974795767495,-0.00030267899592788076,-1.3974576411236654,-0.021772882008673777,-1.6800048355060397,-3.132051334906805,-2.0588652784931583,-1.749551167919293,-1.2796799958098894,-2.436928043156513,-2.00290283702995,-1.5016670965263046,-3.8755861820580435,-2.062733417599361,-0.05826425603301022,-0.05283646168115608,-0.2750426929500698,0.03136456839423829,0.7396667080449824,0.7710312764392064,-20.553191489361666,-20.557872340425547
1993-01-01,1993,1,-0.25932479017944843,-0.6863786270451442,-0.00023207788503562532,-1.2969631176797414,-0.022892262018166742,-2.7397749379801937,-3.5241844210875115,-1.2891094547341027,0.41081568791813083,-0.8880411949543507,-4.001766900357325,-1.8359495357874493,-1.1064571744502842,-3.471775542738385,-1.2875693712579732,-0.05576166128462123,-0.024883352158758143,-0.13758789645443414,2.0283492442096502,-0.05086879487304685,1.977480449336607,-18.772978723404265,-18.69914893617016
1993-02-01,1993,2,-0.22283347491821814,-0.6360172000301532,-0.00031045358417486,-1.2875357816898898,-0.02513068041830846,-2.165579913112161,-2.826697808126198,-1.2778702081649271,-1.0926067148884329,-0.6637200293669494,-10.546311534999404,-1.555331587760321,-0.7097286997847476,-3.296168674359194,-1.2786194175596393,-0.04167533605230478,-0.03659625590690618,-0.0952903766278066,0.4167162024540758,0.46872165683827305,0.885437859292356,-18.91999999999996,-18.831702127659526
1993-03-01,1993,3,-0.329167048568479,-0.9459333690286371,-0.0003256916261613618,-1.4232150255569458,-0.020655594775860597,-2.847501653836055,-3.6689583321955297,-1.5083223134244008,0.41094562356670394,-0.1783055738071333,-2.075957649285556,-1.1466665982351856,-0.315785550767842,-3.9047719418019824,-1.5048217169141935,-0.024649118957564387,-0.00396799277594706,-0.03501789438601044,1.4201322448411986,0.23931420611665288,1.659446450957848,-18.95191489361696,-18.87468085106383
1993-04-01,1993,4,-0.26163397797256494,-0.7787814941189026,-0.00023395332590570202,-0.9886735548364278,-0.014493959907107334,-1.7317352137276742,-2.8256223666712117,-1.4883946962675623,-0.9957475624178187,-0.20719599095244945,-3.024902754215873,-1.1048197997786247,-0.43628055998413373,-2.9673797069197576,-1.4903086170715483,-0.014733004191500587,-0.01750224255425703,-0.1127037031426319,-0.12001233167085701,0.13984341944458123,0.019831087773731326,-18.879361702127596,-18.89638297872341
1993-05-01,1993,5,-0.24725732755427998,-0.5283721432161883,-0.00018864753894178542,-0.7052400328864543,-0.006434472007982861,-1.4295005891202734,-1.7574865611459813,-1.2776478541855454,-1.5962343449340324,-0.6453368365162255,2.5292183252895484,-1.1931753382754664,-0.5304655767465363,-2.3554651587199373,-1.2811263625690117,-0.011036997207642507,-0.018281860764800317,-0.13626723122426299,-0.2881877468889087,0.5945000891904364,0.3063123423015295,-18.918510638297846,-18.965531914893575
1993-06-01,1993,6,-0.30371426997021445,-0.4260061081614026,-0.00023468170542062516,-1.1518522448647666,-0.011525907118463796,-1.0288009434888892,-2.2197636580297058,-1.6441912925532165,-1.9090909342471605,-0.691034482225529,-5.6991448991175275,-0.6838957618666939,-0.5283005536799692,-3.4019468264528996,-1.6492585948329292,-0.007816296846925308,-0.025165006581553406,-0.19384879334870142,-1.0624612438349104,1.1771158661436303,0.11465462230871992,-19.12021276595749,-19.171914893617043
1993-07-01,1993,7,-0.32982089448546503,-0.4369901352502552,-0.00023525852239908614,-1.052476471704903,-0.008990702316538757,-0.21134307796253182,-1.747800498099764,-1.8032168720203003,-3.4676249411628532,-0.7908449751876923,3.939176378233242,-0.648440870210294,-0.6377418290149031,-3.301905824292021,-1.8052052436767099,-0.006326027390855415,-0.045260129385042536,-0.2725761094718262,-2.666080924779763,1.5521169545358653,-1.1139639702439048,-19.158297872340427,-19.281489361702086
1993-08-01,1993,8,-0.33633429528674696,-0.6199483490747184,-0.00030431939683420867,-1.3526857762642486,-0.02426423161264646,-0.8202314162620752,-2.9836839630733607,-1.8549562698112254,-1.7462212577669334,-0.43024949256889755,-0.23897435975959525,-0.4180828964952923,-0.32504023731827303,-3.883798940484837,-1.8510839553600817,-0.009663005914046341,-0.02888399405317088,-0.20771419573557637,-1.2229291060209917,0.9039872918626344,-0.31894181415835376,-19.154468085106316,-19.29000000000002
1993-09-01,1993,9,-0.39933273074370845,-0.8406660297660551,-0.00035332314450214723,-1.4585901180270433,-0.020812912844231146,-1.925877152350047,-3.840445561444028,-2.0481249373982564,0.20251670702322144,-0.34102063226383095,0.010826923404238187,-0.24494158011071931,-0.37550459518849877,-4.466237468017766,-2.0450623504845566,-0.009369959220917323,-0.0011334076621785094,-0.17980841670927994,0.4129743242092587,0.6288544934874132,1.0418288176966755,-19.225531914893565,-19.284893617021282
1993-10-01,1993,10,-0.2795881549411092,-0.6151384354715788,-0.00027873514230825937,-1.0217777625483393,-0.011872967893697628,-2.1128472244614755,-3.121524118709033,-1.4478560943489356,-0.2556857809887845,-0.5993187260621475,4.280836299236398,-0.4331490055040206,-0.6560899485681233,-3.272883770639112,-1.4434475593443494,-0.005189748262561356,-0.0038049814869354215,-0.16363127237482367,0.12069200200931363,0.15576818693466876,0.27646018894397884,-19.319999999999993,-19.298723404255327
1993-11-01,1993,11,-0.4381628611184851,-0.5751128147034024,-0.0001952351792325821,-0.8819018721010892,-0.013928008992312169,-1.4084274209113943,-2.805232811936662,-1.9514022811983978,-0.6671589535532405,-0.7148687286946789,12.33503416608437,-0.44737233870759496,-0.747271875424893,-3.1685368337656996,-1.9421973585290289,-0.0025726282759528374,-0.006032543027347348,-0.11980016254300807,-0.25218976157586326,0.3725089444984171,0.12031918292255028,-19.44638297872342,-19.35978723404253
1993-12-01,1993,12,-0.3100211464051199,-0.34892772129740024,-0.00013281536650548015,-0.7682663863378494,-0.01493249644421879,-1.7521992177213406,-2.1422248828901047,-1.5409347389257277,-0.827295236266167,-0.7328760570758099,5.403530706927995,-0.29977353393684325,-0.8684725569417537,-2.5084330835344986,-1.5314273054259502,-0.0003909560724100203,-0.01054899642659679,-0.15012868913798982,-0.6631182021952782,0.3757156341441146,-0.28740256805116005,-19.42319148936167,-19.32787234042553
1994-01-01,1994,1,-0.30672164403398483,-0.4737265267931434,-0.00017685243536192524,-0.9870374574230638,-0.021698948751024072,-1.9753995013163959,-2.558037808927793,-1.299217354387281,-0.2536705007910598,-0.2421992590026676,3.0879461011645617,-0.08404772754025203,-0.35911560827038613,-2.7499671096167617,-1.2865808787743163,0.004135740982392555,-0.0013823414101525877,-0.020018912181640758,-0.2865391225184837,0.20456577630188377,-0.0819733462165928,-17.492978723404235,-17.43914893617017
1994-02-01,1994,2,-0.5757929775728599,-0.4366006822950794,-0.0002450344042749606,-1.0140426637541111,-0.0246312477749559,-2.1370339659711988,-3.654526238396045,-2.763503830920854,-0.7435809121597003,0.18650271325287093,6.84318426559912,-0.007594229774610994,0.11380503781060014,-3.884871110700658,-2.756531405989165,-0.0030542161377971055,-0.014729959164784034,0.135318456815817,-0.8086843578273601,0.23731729723629158,-0.5713670605910579,-17.45999999999998,-17.37170212765949
1994-03-01,1994,3,-0.335842455212628,-0.5710102152453942,-0.00026056682537236274,-1.1815589990244035,-0.018548180296074745,-2.419519398837828,-3.209146755332597,-1.5061897181495851,0.6716728083635246,0.23510874547421778,3.0588501381862443,0.18270239010314526,0.16631452179817785,-3.3592200575276365,-1.5025400409518852,-0.002597371191206399,0.0026119028379762987,0.12171391860152347,0.42017619458430744,0.15372297939273238,0.5738991739770434,-17.531914893616943,-17.464680851063804
1994-04-01,1994,4,-0.15192459369717426,-0.5078140747049815,-0.00022251916104340172,-1.0554333768306314,-0.013854060820368663,-3.1696249696842926,-2.90029683332358,-1.0180814020772004,1.7052467133631808,0.2623313469838848,-4.990423250535969,0.1637766372448084,0.026968268018030983,-2.580617020270381,-1.010766348653931,0.001863019751872308,0.020820741363354323,0.05822068412208026,1.306106997152547,-0.3123647596299044,0.9937422375226461,-17.579361702127642,-17.60638297872339
1994-05-01,1994,5,-0.1904246137953578,-0.4199297695265045,-0.00020786267149988484,-0.8717165968870333,-0.012124857167445047,-2.575684464212344,-2.366958480857136,-0.9074738603612786,0.5094165002342095,0.07386818576621934,0.21410251932684332,0.11884871458070734,-0.05979780863255968,-2.467734155846415,-0.9054916422603014,0.0001900847602676059,0.004713428425443311,-0.02195393260844014,0.2569017912546627,0.10275789309020311,0.3596596843448694,-17.558510638297832,-17.63553191489359
1994-06-01,1994,6,-0.15329419752413287,-0.25729858092745417,-0.00021947851999102458,-0.9799469305830577,-0.012796394773504027,-1.8995177291854333,-2.0578680070261157,-1.039156092118617,-0.42126506089596205,-0.07335098057817291,-1.4618225238955347,0.3082455552397221,0.06996854290086674,-2.627792049567063,-1.037092887184599,0.003187865678380142,-0.0068239356933417206,-0.044218135835389916,-0.5861910926566551,0.5719872474751142,-0.014203845181540942,-17.660212765957453,-17.751914893617027
1994-07-01,1994,7,-0.19335593861831057,-0.2565950490754858,-0.00024009093085728718,-0.9889445779907362,-0.016511451935360966,-2.1268963034338597,-2.6540808721260305,-1.1917417071640557,-0.016437305375404776,-0.18297793308201094,0.5870937337749638,0.3219777342196437,-0.14499911003056454,-2.904571542870542,-1.186557685837215,0.0010002240148634378,-0.005820500492678349,-0.07801410664641573,-0.3004362165436163,0.2556746920713735,-0.0447615244722499,-17.588297872340434,-17.741489361702122
1994-08-01,1994,8,-0.2746248008567136,-0.4531821494776409,-0.00024859351950130837,-0.9610376772769058,-0.028839489460031786,-1.2815356754315417,-2.280525540974452,-1.3392978353387548,-0.6238964137752703,-0.1242930777251452,-2.257937456743093,0.31105062740800804,-0.020423188610148912,-3.0928344691322422,-1.3310603209378655,0.0013679310594105765,-0.010515977215411532,-0.09371971767840037,-0.8310771520682536,0.8205464425586939,-0.010530709509556146,-17.50446808510634,-17.610000000000014
1994-09-01,1994,9,-0.12765134952530843,-0.4001521966426935,-0.0002517390429972472,-1.1726518886142117,-0.023114585844629443,-1.9421453665948576,-2.687113326482063,-0.8013426712233809,0.26689682067379294,-0.30550895775248677,-5.669580941859749,0.4712602125015337,-0.21389333859161397,-2.9508569146086074,-0.792547045723552,0.0031970588234107034,-0.0001096338056543189,-0.10281185903179058,-0.1127477726668431,0.2725392136263487,0.15979144095950204,-17.67553191489361,-17.664893617021278
1994-10-01,1994,10,-0.13334439238934692,-0.8080929872971296,-0.00017257836572055936,-0.8859389982115857,-0.02881337444217924,-2.2754997185332257,-2.1285473820406082,-0.655353042467766,1.0109616493547264,-0.566286879583501,3.4025660030165454,0.2568679155351674,-0.6276772244297888,-2.1818491842392405,-0.6475262367229107,-0.0004225763158554052,0.011487236886913887,-0.17291120264293447,0.6927033889732783,0.061128607943491176,0.753831996916766,-17.77000000000004,-17.698723404255304
1994-11-01,1994,11,-0.1387721642374231,-0.46233973657348315,-0.0001501643133137824,-0.9233499173719899,-0.01786061778278558,-2.8847162326732345,-2.403517834140871,-0.6138428636454591,2.602677330853595,-0.5821869339445414,6.971314457623521,0.30623803006653816,-0.8521000206170157,-2.1096824462191535,-0.6063940181297198,-0.0036077651554888845,0.027661786165610103,-0.19202790225545918,2.0265262141145683,-0.28638654240597106,1.7401396717085973,-17.716382978723402,-17.629787234042567
1994-12-01,1994,12,-0.20432067895109185,-0.34454987326847686,-0.00014688284008928035,-0.9126404515329192,-0.013181545124746119,-2.937574416542219,-2.7244941005981786,-0.9832518012992182,1.7130068290511247,-0.3545262572250891,2.386344502767315,0.37064325373751217,-0.5773140795106144,-2.453394907086306,-0.9814518082808377,-0.0069286097856249285,0.011624389678182911,-0.15278761717592104,1.119575753028073,-0.26929920049354905,0.8502765525345275,-17.753191489361654,-17.687872340425542
1995-01-01,1995,1,-0.1214319109247981,-0.3418299456821501,-0.00011076319035322434,-0.5882008887247316,-0.018851382362033986,-2.935625014009119,-1.1787058642390775,-0.7351278906893981,-0.7748595398343525,-0.15234645603917585,0.02361976647807751,0.3081290908933454,-0.14424534466799344,-1.7685069631338592,-0.7320891673556957,0.005832695708124724,-0.008103249177074279,-0.037879385961796075,-1.0748875193564658,0.5928398222284343,-0.48204769712802786,-15.852978723404249,-15.789148936170193
1995-02-01,1995,2,0.09861091845669989,-0.5075603668558983,-9.610242807295971e-05,-0.6324601359132096,-0.0328878321637342,-3.0206995587013026,-0.6030037013981655,0.3052633835359302,0.8724672335278569,-0.298311781557679,4.636972816602793,0.2590613935613817,-0.29000543904748355,-1.0887718389015504,0.30690450958854854,0.009107656535745967,0.019582361397951775,-0.038617254731038386,0.6217121824766494,0.4874092635559961,1.1091214460326455,-15.849999999999966,-15.70170212765953
1995-03-01,1995,3,-0.21740400817446925,-0.42271940683036746,-0.00012675300623316184,-0.6185745763910155,-0.017631973701765502,-2.6660048083307757,-1.3174194664408105,-0.8634719048231432,-0.1710908354770595,-0.10446027370066346,12.013813097117236,0.339559676071417,0.0991219173390192,-1.9848974929443557,-0.8668985887841814,0.01872037288265993,0.012365533210899837,0.06505464641909953,-0.3070683205088187,0.6640513425424999,0.35698302203367405,-15.811914893616972,-15.66468085106385
1995-04-01,1995,4,-0.03287150802202632,-0.15825067724676956,-0.00011411617053720159,-0.6218542177200526,-0.0134027741973467,-2.0893531845986786,-0.23687052956142907,-0.27667554914609127,-1.6798563233187451,-0.46194192165469516,9.559057376653072,0.3280490675738861,-0.22212382477594872,-1.3861895007195812,-0.2762763999713229,0.027242530261910147,-0.001030253074643106,-0.08160029173657968,-1.7680872940138315,1.1497181203329454,-0.6183691736808825,-15.73936170212761,-15.686382978723373
1995-05-01,1995,5,-0.18334463675904544,-0.27879744223514535,-0.000131523207389286,-0.7725309009673182,-0.015295806198283302,-2.1393766968665844,-1.3981895690891974,-0.9218901941568447,-1.1267905303371606,-0.852281024971397,5.590419700107304,0.4308865884717932,-0.7521576218296744,-2.262800350989437,-0.9283465582052486,0.022473601505741403,-0.0007578133457597502,-0.23465588570875795,-1.4575537156672596,0.8581544178517824,-0.5993992978154754,-15.838510638297862,-15.855531914893618
1995-06-01,1995,6,-0.032660046579394475,-0.2245109979290305,-7.78124174644259e-05,-0.6444753395490608,-0.00849979920618138,-1.7365088907421722,-0.7925335216809231,-0.09283470101598823,-1.0530034847259628,-0.583135130470513,1.232611202300177,0.3906562111642984,-0.24187883853221592,-1.5322329090286075,-0.09669584635651063,0.02441211627416351,0.002509183140734894,-0.10137837253387438,-1.102403403951989,0.7358382420073113,-0.3665651619446777,-15.850212765957451,-15.931914893617034
1995-07-01,1995,7,-0.033435920583428924,-0.29405382941115477,-7.3826523770186e-05,-0.505663601791138,-0.010977457440148886,-1.8919492211319522,-0.9642302885863501,-0.29475333631631884,-0.7220335899912698,-0.5001534473645712,1.3486738288920606,0.3604214568683801,-0.15246762393008595,-1.4262506647971236,-0.29584584066270736,0.02324239189237698,0.007889659653141035,-0.10350086407466108,-0.7347692234251824,0.46092787186440987,-0.27384135156077605,-15.838297872340434,-15.981489361702131
1995-08-01,1995,8,-0.021750051118488045,0.07986308873870485,-7.710862976010799e-05,-0.4660194030155047,-0.004168532972487093,-1.101324198102347,-0.09045821660856745,0.03922715692328893,-1.9869692715951714,-0.2952898926646057,4.689224899120745,0.3248042076137949,-0.07164703259231331,-1.036055727350515,0.04223970154953349,0.017014400016738485,-0.01644247026335277,-0.1427698667512427,-2.088130619136656,0.9486100553682064,-1.1395205637684462,-15.79446808510636,-15.930000000000007
1995-09-01,1995,9,-0.1252704966507281,0.04692634373958526,-0.00013456263910634723,-0.5877193820903734,-0.013772953604168636,-0.5636120287771575,0.006842870107220733,-0.5545481078673902,-3.3644449323664958,-0.5078586176504416,12.833518101120717,0.35062239587588806,-0.02660130197988053,-1.6132570571376732,-0.5475820802948306,0.011121633001084597,-0.03704070484505673,-0.0911236085650522,-3.2338100125718157,1.6270659548174287,-1.6067440577543906,-15.6255319148936,-15.674893617021269
1995-10-01,1995,10,-0.07685398107753372,-0.16257258137824238,-0.00014458586325336031,-0.8675160831870805,-0.01323640523579872,-2.277777918953163,-1.1330562093959884,-0.38047897697481403,-0.5810049805740505,-0.6135999683601234,15.176755858250544,0.6539741880260124,-0.3952387996409428,-2.108063904245853,-0.3743740307435246,0.016859725675776538,0.0019256939076868207,-0.15430410238041325,-1.0166179998808857,0.9811126410811539,-0.03550535879972827,-15.620000000000005,-15.60872340425533
1995-11-01,1995,11,-0.1315710467036979,0.0072030449726980805,-0.00019971669856228176,-0.8636208146550004,-0.012000717810527362,-2.6832047139323123,-1.8465697621981008,-0.7115549091808475,-0.17012956748044417,-0.17399093326354986,8.408990149400779,0.8119328854888295,-0.17687292125293652,-2.3572967519477857,-0.7058768642560835,0.02216040980080969,0.007218882496599743,0.06485052998340102,-0.9849444409586852,0.516405034674456,-0.46853940628422563,-15.646382978723409,-15.629787234042567
1995-12-01,1995,12,-0.34139449847981496,-0.3683229506627299,-0.0002035585110407804,-0.8106792359794035,-0.021736871093077315,-2.1842213640934034,-1.768326008250142,-1.3993471021744313,-1.1023683485817912,-0.09145605133081958,7.744845115899807,0.6457811806142786,0.23209117905325627,-2.6641560320009035,-1.3984882174476638,0.0193631552431075,-0.0032928689509250653,0.2762191511160701,-1.424602298812026,0.8966889084774756,-0.5279133903345539,-15.643191489361698,-15.62787234042554
1996-01-01,1996,1,-0.36898801518697155,-0.3513020215785332,-0.00019727451316672515,-0.8955210193996876,-0.02027087075914147,-1.8681583876785979,-1.8096803464798086,-1.5841717506623354,-0.9536579265232774,0.149649827849057,20.6211933298473,0.8116158854683135,0.3513425688656895,-2.807016274213197,-1.584944634547469,0.018387779452417874,-0.004327983543211289,0.17689251212999757,-1.5635810709749052,0.9965630438482052,-0.5670180271266965,-13.832978723404267,-13.829148936170157
1996-02-01,1996,2,-0.17096531746534538,-0.24953802012220194,-0.0001730243380657602,-0.8403389493223941,-0.015032295131294005,-2.4647674313755488,-1.6126901012244161,-0.7375350699417709,0.40659102913693346,0.2742339212175686,16.842868786799954,0.7277594779329775,0.40997648741448955,-2.303423836676245,-0.7346626777460301,0.011943243413844229,0.009691697879367744,0.20935219443807362,-0.18542588259912662,0.6936061276475591,0.5081802450484361,-13.95999999999998,-13.891702127659528
1996-03-01,1996,3,-0.23566827604099672,-0.09119098526355174,-0.00012578427096596179,-0.6233591685062443,-0.01160260519157208,-1.4252507645236108,-0.8824716530717751,-1.3271155184968961,-1.2331048964175295,0.4308131558257209,18.457794290676247,0.6187412267925083,0.8690243356369578,-2.1017507399333226,-1.3288963992868617,0.0179221090899766,-0.0069655966390849144,0.255153741748396,-1.4136349433987903,1.2174982060715749,-0.19613673732721892,-14.071914893616963,-13.974680851063852
1996-04-01,1996,4,-0.25058752705501774,-0.3041279749345449,-0.0001607011830720012,-0.7968316609638713,-0.0051334321471935285,-2.2554292313866995,-2.4335444310405023,-1.6445124502492945,0.7024023738806591,0.8307493974906635,10.358843704103492,0.8465295103108588,1.0851006188891787,-2.7067235696644616,-1.6495013746962286,0.024130634611800872,0.018615860832917885,0.27192533002964403,0.11022408496834402,0.26819021417705,0.3784142991453976,-14.149361702127635,-14.11638297872338
1996-05-01,1996,5,-0.3199136090807997,-0.4536992474079966,-0.00012798049087578596,-0.8660130492731,-0.013976847434795547,-1.326220675077785,-1.6866364208670461,-1.5077497027962181,-1.2633249507254902,0.26491608041065007,16.358398748969194,0.7030894061919071,0.8786407414680539,-2.6565570127517617,-1.5155274347774252,0.02314598493471509,-0.004075403566711877,0.20312109784573273,-1.3526896958600076,0.9621428599034552,-0.3905468359565507,-14.008510638297821,-14.015531914893586
1996-06-01,1996,6,-0.30888692602457013,-0.3936982884796407,-0.00013723817627512604,-0.695447954805271,-0.007532283587548538,-1.3369620773056639,-1.4550486289581386,-1.545060881882307,-1.7452547408558132,-0.012979590620069814,13.005748554249294,0.5805521498513428,0.6718921898746224,-2.5574095681172935,-1.5534510893617153,0.014396409416637113,-0.0162156232853623,0.14312846327002937,-1.6409351102124603,1.093970731679896,-0.5469643785325644,-13.58021276595747,-13.621914893617031
1996-07-01,1996,7,-0.21099839579716217,-0.43470657303566895,-0.00022407803465638622,-1.1739555254343266,-0.012237278562915344,-1.0396913484856043,-2.0535920916738064,-1.20750142114656,-0.6083609568715076,0.013176764185026002,14.151825226173969,0.959236729998338,0.5646022948102569,-3.1469146458333626,-1.2120275485783054,0.024233115331995236,0.002891176695629216,0.09024122795474554,-1.0161721562446218,1.088796426727832,0.07262427048320319,-13.288297872340422,-13.40148936170209
1996-08-01,1996,8,-0.09552857614932009,-0.4200055458636598,-0.00022128209544370822,-1.0861162983065782,-0.020761353336527066,-1.624462175887281,-1.7011706049622717,-0.9161358532999202,-0.2387931592530208,0.014759924046060746,11.276457847590791,0.9997643263620546,0.3973025830767547,-2.6556048371999736,-0.9187825175098396,0.023247938227446863,0.007558785533932522,0.08580843746407929,-0.8560148265843637,0.9517875680277967,0.09577274144343662,-13.494468085106348,-13.600000000000023
1996-09-01,1996,9,-0.2688613907155286,-0.2524712197091503,-0.0002473799707615465,-1.2365137533671238,-0.01122682680176934,-1.4309904756373228,-2.462549052454108,-1.4688892046524984,-0.10536628467832543,-0.013190666779792082,8.84767952245602,1.1400395535868881,0.2837194931135585,-3.275722535257671,-1.466080648445768,0.01959525829791353,0.0042225987969208845,0.14561174442147973,-0.9484956783718488,0.8159820390102688,-0.13251363936158356,-13.995531914893604,-14.024893617021291
1996-10-01,1996,10,-0.41229579635853497,-0.26274213516200007,-0.00021836618642756024,-1.0517803975510205,-0.01361622696746001,-1.8020129412066197,-2.4630204634844404,-2.08561695376477,-0.9204424185611799,-0.2148834288933088,18.684436439507408,1.0660872025969752,0.09550045474590263,-3.448622139846975,-2.0834967064824355,0.014933823086664688,-0.008923816757672842,0.14917251884934224,-1.6761457375189508,0.9877219236448731,-0.6884238138740741,-14.370000000000005,-14.348723404255338
1996-11-01,1996,11,-0.19054949161778723,-0.24803545088474266,-0.0002403009508945824,-1.1809606085977435,-0.016578479924129197,-2.566956764841308,-2.819546988247396,-1.199888232313981,1.4088243480517804,-0.3233455828512817,19.905274790988187,1.2482011362160108,-0.27167865945494185,-3.1323189586909734,-1.2013384482999072,0.018750313501253224,0.02240876303805628,0.018816893129979917,0.21229013523210938,0.311321754457655,0.5236118896897679,-14.626382978723427,-14.579787234042556
1996-12-01,1996,12,-0.21837073728625,-0.37008697155738446,-0.00022151236623698008,-1.0473291551963158,-0.009360996753563056,-2.7683280792147826,-2.62278360592785,-1.0111534942931826,1.7970687635819047,-0.31197087235439014,13.269477350520901,1.0768768516909972,-0.510462905047774,-2.6899115929099935,-1.0079749678570238,0.013247784482596003,0.024504149051364887,-0.03141371054187303,0.5216998791975129,0.07030651341824523,0.5920063926157617,-14.66319148936168,-14.637872340425531
1997-01-01,1997,1,-0.3182459400914581,-0.37612050676796116,-0.00019441708859042374,-0.8342510784293786,-0.018042038144428396,-1.9593418972089296,-2.2533812955770713,-1.3940751388812487,0.6240480827703436,0.14404045980499092,11.7752368641668,0.9400629792019686,0.3127125186978148,-2.6008458608501996,-1.3985563766366909,0.01513272388729181,0.010092585030752055,0.2537750192196704,-0.14734283753877264,0.3429833275176364,0.1956404899788673,-12.702978723404271,-12.7191489361702
1997-02-01,1997,2,-0.27769906219072027,-0.2558583352567325,-0.00016517043419416073,-0.7791844309254579,-0.004867584091234889,-2.6680054794545427,-2.89511119048575,-1.5417060168233547,1.1137273546256665,0.2488380618949897,9.71157547920302,0.9832229644848383,0.30555207091845205,-2.7261910241021496,-1.5422293821215476,0.010645182121674424,0.010465749634783084,0.17737832316004543,0.1872183991643297,-0.16944353168180726,0.01777486748252599,-12.839999999999975,-12.771702127659523
1997-03-01,1997,3,-0.11685864244856248,-0.3834828960852974,-0.0001574213535089613,-0.8657930085466248,-0.0215237514042948,-2.376858434391785,-2.1322893853348432,-0.7800706427121327,0.43313542449112674,0.12076982556710547,0.5039212606352521,0.961825301018024,0.3701460224248976,-2.2187846329088075,-0.7802082536210833,0.01418874602517839,0.003422698294608839,0.17535907854965416,-0.2793136796691229,0.08635763666501006,-0.19295604300411284,-12.871914893616974,-12.764680851063815
1997-04-01,1997,4,-0.28506646172945693,-0.6353391219576565,-0.00023451036709980222,-0.9679616403709481,-0.0074351901356142225,-1.8962947884091435,-2.46704036354663,-1.458153143421157,-0.5247432764992368,-0.2597764675792966,7.478709657661966,0.9227794600551817,0.37093062402441035,-2.9577792114038743,-1.4652731161896213,0.020471140218864203,-0.000988714490333109,0.1093252796444375,-0.8168156449506725,0.4836188750888084,-0.3331967698618641,-12.789361702127621,-12.726382978723393
1997-05-01,1997,5,-0.2191089364026766,-0.5046340812622248,-0.00012041631449008494,-0.8527068755284759,-0.003975203741861333,-1.230435077984744,-1.5695887485883304,-1.0526482081824042,0.2927015502883137,0.029947579299694382,9.455912581863231,0.8815989987403157,0.3146268679936668,-2.2825164120904446,-1.0628271369977824,0.02216749475264157,0.014086025068676733,0.06099961642302887,-0.3042181597580651,0.7027487346866828,0.39853057492861943,-12.798510638297842,-12.765531914893586
1997-06-01,1997,6,-0.03715636440438175,-0.5933941122236774,-0.00012033719904122435,-0.8717264629376018,-0.01153865484765404,-1.849214296833253,-1.584785361507329,-0.17851477820789796,1.527935326932834,0.07588856543099709,-0.9546498574927682,0.9218660330475643,0.25565126996829335,-1.6843864113757263,-0.18654372817502463,0.019194856354879608,0.027798131470474274,0.05245349505078245,0.7858319984225446,0.09157209990141624,0.8774040983239644,-12.87021276595749,-12.89191489361707
1997-07-01,1997,7,-0.19740901535033117,-0.3727296067893917,-0.00010532785531258693,-0.6883060539609929,-0.014398713567637667,-1.7479707838954042,-1.9579821249287193,-0.729577798866103,0.9360283780794987,0.056583114963761005,14.869577591991401,0.8831989418346211,0.12973988816755266,-2.1911233551741702,-0.7384267243705835,0.013459960783611447,0.015569297805919646,0.005689278921558127,0.12598620944866923,0.2242923047409917,0.35027851418965383,-12.918297872340418,-13.041489361702133
1997-08-01,1997,8,-0.16985781533276167,-0.4117844242635442,-0.00013686189084900768,-0.7710685448314152,-0.023525117651629013,-1.2925958019459713,-1.680172417618337,-0.5357408332686759,0.3116610509921429,0.06829346454801666,17.352012789371656,0.9137493315924132,0.16689371810743125,-2.1154778401983663,-0.5363727192552687,0.014312463357235128,0.006839897507472159,0.03889687236806871,-0.5034880270408522,0.43467353659345065,-0.06881449044739796,-13.144468085106325,-13.270000000000039
1997-09-01,1997,9,-0.05324054385363297,-0.5295305094093123,-0.0001173104346720473,-0.6636792715896931,-0.02117530218779773,-1.9474591713106335,-1.7447908277729312,0.1707790287899229,1.3080522791934754,0.08363710119277457,18.165344672233914,0.9984778478379326,0.11902263065235275,-1.4706877351508751,0.17440441536695062,0.02206494879124188,0.024391552570824704,0.06785447405884959,0.3449599608151104,-0.27047770604505317,0.07448225477005366,-13.285531914893568,-13.324893617021303
1997-10-01,1997,10,-0.00493934320485323,-0.367320677547184,-7.086876768455999e-05,-0.4220507236308606,-0.020260427794475677,-1.6188607526910062,-0.7489768150686018,0.35593992913305783,0.3668173360417768,0.03157144459883199,28.951760010313592,0.8634559011075567,0.08244441366682054,-0.8128316373811231,0.35674574643337564,0.023357161353988687,0.013843420331617118,0.014027428839440859,-0.4457655959977913,0.06466063961284263,-0.38110495638495223,-13.100000000000023,-13.08872340425529
1997-11-01,1997,11,0.0475428559706188,-0.30007721163030965,-5.511927365281499e-06,-0.27481368716654586,-0.020984839223789686,-2.773579398775823,-0.9973250636071498,0.5069180134720455,2.12085141440636,-0.0436064208638669,30.248591096373275,0.8065277546136258,-0.09060136984678024,-0.4066437942371408,0.5068208862902566,0.024671906870317173,0.03945387779258702,-0.040228817381235515,1.2673287108097782,-0.5907783965517872,0.6765503142579874,-12.786382978723395,-12.759787234042562
1997-12-01,1997,12,-0.05379541526400544,-0.18249192199431263,7.700040585401947e-05,-0.09844996623520075,-0.008030485236261264,-1.6941602474802266,-0.2765326936245174,0.14298664162333807,0.4995762738958547,-0.12944176124567974,20.275663825159427,0.7024772710854563,0.05887126216261862,-0.28969290038969575,0.14071894134906415,0.0241072393052848,0.018332074028861722,0.009932484420200893,-0.014587973781331698,0.010892506490847609,-0.003695467290494747,-12.603191489361677,-12.607872340425502
1998-01-01,1998,1,-0.15777470827521256,0.18696395020873524,8.825223614697571e-05,0.02069276011435406,-0.008783563082388257,-0.8166171332832519,0.20153103418562068,-0.3380889146842492,-1.2713766460751117,-0.06277043782393577,35.5811964271561,0.7391787586871033,0.22424827450808493,-0.30766955355653636,-0.3458174496959714,0.028087200700297466,-0.0014376641405120516,0.08776670520252239,-1.7235366924301587,0.5014720527303851,-1.22206463969977,-10.782978723404256,-10.799148936170184
1998-02-01,1998,2,0.07613133470192679,0.41070946414242826,9.23231029024401e-05,-0.08106103730481706,-0.010921124168885243,-1.2084890081100212,1.064616953199561,0.7800937212334702,-2.151853925018912,-0.21465710842091923,21.138073611655273,0.6411042923971593,0.2661408268984786,0.44863381309141914,0.7758017866608498,0.018871439626239273,-0.021583784529938477,0.1425180049331214,-2.3121602820966984,0.6116912055355108,-1.700469076561177,-10.989999999999952,-10.91170212765951
1998-03-01,1998,3,-0.11219012713024767,0.21969979230391345,1.9806001277378193e-06,-0.1986127215165432,-0.007126194182799472,-0.6725111411064262,0.09753852306920408,-0.3437247224468365,-2.3066824925406593,0.288441814814707,36.74803419635282,0.71113064618865,0.7071761670281305,-0.7328418889451314,-0.34885032913001623,0.015416059927177983,-0.028698775632147733,0.24621841954950696,-2.5990787865158325,0.8252548053311486,-1.7738239811846874,-10.96191489361695,-10.834680851063808
1998-04-01,1998,4,0.11277062439046404,0.5140730066733568,0.00011060980141539868,0.06953097208667813,-0.008465174589810887,-1.4933202226905848,1.1626776373603889,0.6331285829218132,-1.588238315416021,0.36140522814464404,27.46092004996899,0.4693207415143661,0.5796429641212342,0.8342939312250905,0.627953347149969,0.00997346346878647,-0.021502449955455916,0.18039715743834073,-1.839321320953779,0.323208470363479,-1.5161128505902965,-10.709361702127637,-10.62638297872337
1998-05-01,1998,5,0.16584787851491,0.41286611381087823,9.565790371681392e-05,0.005303461658940023,-0.0073397717622012415,-1.1973573891770783,0.8057405676538565,0.8502959793495961,-0.7178516343342949,0.18175205279885986,21.571817828851636,0.5514916336435078,0.35532551596296713,0.428234902378847,0.8461460088463468,0.0037945185262984182,-0.013030089579661563,0.07962103270885734,-1.0957698048137416,0.37335569477170694,-0.7224141100420329,-10.438510638297828,-10.365531914893609
1998-06-01,1998,6,0.17519512884251753,0.25415321153735704,4.67471146538747e-05,-0.20218746550299826,-0.008985744361750148,-1.2342516384546087,0.8338455173509374,0.8618587662645609,-1.103877040992785,-0.368471209168554,29.30026898464712,0.4769440778105718,-0.17198885915060913,0.2502733224974918,0.8560884207304298,0.002773791750926513,-0.017423524353997966,-0.06198558095547746,-1.384338768785362,0.5778018493194637,-0.806536919465902,-10.200212765957474,-10.181914893617034
1998-07-01,1998,7,0.13406051266105123,0.13534205373264285,4.0560107842512946e-05,-0.1453946154639425,-0.018658811857678703,-1.0955864484139468,0.7753317777751363,0.804109189728365,-0.4471344433794968,-0.06993006060035256,36.28950586008432,0.5025066488658183,0.0139142136708017,0.26923214143607765,0.8001549865302309,0.003968768118960853,-0.008380961082881555,-0.018678494138065105,-0.8657968179741857,0.5021454331409423,-0.363651384833247,-10.028297872340431,-10.131489361702108
1998-08-01,1998,8,0.15358611243038922,0.14517666753681624,6.885924271649198e-05,-0.2281771450657608,-0.012585849610624589,-1.247590570338069,0.689125880815368,0.7478283798731695,-0.3695704996368079,-0.18145222780067982,32.80899833055446,0.5960477472279138,0.03213020749316087,0.27048776041596057,0.742659017362655,0.0011289884210037293,-0.011066895228933227,-0.002174926501306018,-0.7520358115708703,0.41346875788890713,-0.3385670536819596,-9.77446808510632,-9.900000000000034
1998-09-01,1998,9,-0.08101130013073998,0.1571663545643105,-1.8465600390546802e-05,-0.4878838978671318,-0.014511785824156576,-0.28762051865621885,0.2981021521199523,-0.36027389990942993,-2.2989628404636164,-0.16046933226838078,39.146933179552434,0.7588963039059138,0.22889142506238258,-0.8985820357414127,-0.36576350966265636,0.0060687827878536105,-0.03133219635463913,0.048251703719619954,-2.668498387038774,1.1911945781081101,-1.4773038089306638,-9.66553191489362,-9.72489361702128
1998-10-01,1998,10,-0.1545170870604693,0.15818848970434374,8.755216577739297e-06,-0.3865841143499864,-0.004803291953219935,-2.047328701938646,-1.0936237748709345,-0.9273822101693554,0.4197429850536878,0.4712584553073036,31.364268104705843,0.8434425632103171,0.5096843561784397,-0.9854038922250083,-0.9263216058575381,0.014531361041681734,0.007208971866950797,0.24098906892858274,-0.38527367728548967,-0.10715927833410177,-0.49243295561959854,-9.700000000000045,-9.718723404255343
1998-11-01,1998,11,-0.09515303398228525,0.07564573622067883,4.6876787387219176e-05,0.15585851894497083,0.012032495705499469,-2.0978996711594817,-0.4556367982111169,-0.757229365985097,-0.6796428468037448,0.2820350277127872,13.456646714519593,0.6155144142952622,0.36366007015786295,-0.12211145856770145,-0.7577280504413011,0.02291507369163881,0.002010689764540441,0.14618866530303087,-1.21353221865391,-0.3340240240996124,-1.5475562427535188,-9.806382978723377,-9.809787234042517
1998-12-01,1998,12,0.017263599847694877,0.22156425800898205,4.5495632809020026e-05,0.19448230900760066,0.022499876047240464,-1.7636587510996264,0.6119178475647686,-0.40703275616755263,-1.7686668365019784,-0.08594946981392937,10.778511964075733,0.5014677360492783,0.10980962499544944,0.2839636156763845,-0.4019128597255417,0.021585381579393825,-0.01256838949296002,0.060649193385446054,-2.0743754777418744,0.3330741283303382,-1.7413013494115432,-9.823191489361648,-9.857872340425502
1999-01-01,1999,1,-0.12045527348959695,0.022647747491873815,2.4169356925575133e-05,0.15554655600819345,0.008646952517919027,-1.7045005208429842,-0.07850283529501212,-0.8180843395775241,-1.1154747659329587,0.08102847787126777,24.9540544727206,0.6615857844967081,0.22772571501492678,-0.23461806554371378,-0.8199258203677005,0.017655510391248797,-0.00965990576060971,0.09748642467059554,-1.6303633132859687,0.1542737494584756,-1.4760895638274896,-7.86297872340424,-7.879148936170168
1999-02-01,1999,2,0.1125160061927204,0.04688123938416311,2.7728236770340614e-05,0.31608035841557935,0.01818567594455145,-1.63689862700366,0.8839197367104248,0.19063894137627813,-0.8709682018276226,-0.12057839471762577,16.909581873216666,0.49174973255324517,0.08124049175344794,0.7605063907917042,0.1861346445629124,0.014437402584507986,-0.006780032418559845,0.1197388892635125,-1.160899047909787,0.11890904910534417,-1.0419899988044428,-7.949999999999989,-7.851702127659507
1999-03-01,1999,3,-0.25378457308551106,-0.3103930369713339,-6.198385857962563e-06,0.22014020714995297,0.0077653854874334405,-1.8935634350286676,-0.9518283194372543,-1.365859899159716,0.5117436715237602,0.6991562819896409,28.28407985380909,0.6630563249099737,0.7054483573807744,-0.5630842552781701,-1.3769316743178592,0.01865279413518106,0.013469223558995047,0.27510679751190814,-0.1450205779950693,-0.3998158393172311,-0.5448364173123075,-7.991914893616979,-7.854680851063847
1999-04-01,1999,4,-0.2338855955232475,-0.32273402515511407,-5.717608434060127e-05,-0.08065029143787683,-0.0008615892914020096,-2.4484541810074774,-1.0118736591206243,-1.454192641672421,-0.21769949074811734,0.447777094451002,24.447971244590008,0.6979166088792397,0.6112819610463092,-1.3428425311256547,-1.4470537061787354,0.015487185849428098,0.0007696729524373502,0.19003996055256245,-0.7521112330320179,0.33810780749874425,-0.41400342553327363,-7.999361702127601,-7.886382978723418
1999-05-01,1999,5,-0.2518894360508739,-0.4196922753585568,-0.0001542505591335848,-0.4975284776855027,0.0034896320662662905,-2.1365791941547485,-1.3208565407880997,-1.4005962519253217,-0.014501231641389722,0.3433699228552598,18.593863351692562,0.8948986333291487,0.4246906896739375,-1.9576739418738498,-1.381464408177294,0.010276020725378476,-0.0005705116913619079,0.13839728277477192,-0.8280790981518606,0.6559492448337245,-0.17212985331813435,-8.088510638297862,-7.995531914893604
1999-06-01,1999,6,-0.12211861880086872,-0.5786594160313712,-0.00018519930238302534,-0.6017008615896486,-0.012965425651982665,-2.4358439915058128,-1.900328513157092,-0.8818487598588831,1.3944654472948343,0.5804447671307464,15.81498896481935,0.9425401231962951,0.6169175269283436,-1.9250813433484382,-0.8628479905362951,0.012639015904206463,0.019960348933313554,0.17041134344448672,0.48839808389613637,0.04375359951408697,0.5321516834102198,-8.100212765957451,-8.061914893617029
1999-07-01,1999,7,-0.0946027493632755,-0.2731445250648221,-0.00012163104647788629,-0.24469821134908898,-0.0024119986786456105,-1.1366304788976649,-0.030065701859598448,-0.7039571824284963,-1.4620802273656466,0.004138270628320839,12.284419501069351,0.6530429858789262,0.21959815975012376,-1.0245230415378614,-0.7014938651940383,0.007989462786919255,-0.017937630649127012,0.031766822542381945,-1.8996633241227912,0.9969206569127422,-0.9027426672100489,-8.168297872340418,-8.261489361702104
1999-08-01,1999,8,-0.13344905936287432,-0.35949631116255887,-0.00016902125201290717,-0.44980455509222494,-0.010619064196799699,-1.42742887272302,-0.7410251380461546,-1.018498005160609,-1.0260261094446435,-0.008722128716080135,1.337462073788629,0.7808455718790981,0.22664625113491965,-1.579804527571298,-1.0217952996741815,0.009684694460059262,-0.013041575586345555,0.013970792173164881,-1.5715033014727524,0.8354820950115887,-0.7360212064611638,-8.234468085106357,-8.390000000000043
1999-09-01,1999,9,-0.12230696311974043,-0.2871806975319373,-0.00013373746353044676,-0.32789674084024156,-0.0032789507880168767,-1.3831117189564637,-0.34815330295873537,-0.7545589708788043,-1.3574609835974627,-0.101795796734379,9.527784216101281,0.7074870574934948,0.021691815536481585,-1.2221356012121873,-0.756610460421598,0.008484815439176785,-0.017496543764809136,-0.04481711834746882,-1.9414604288201147,0.8719308087106299,-1.0695296201094848,-8.255531914893595,-8.344893617021285
1999-10-01,1999,10,-0.15687284684628366,-0.22370496331177492,-0.00011198610556546057,-0.23607763032098816,-0.0007135585840933878,-1.8861826943965596,-0.5329098209068093,-1.0436202882693806,-1.5419210480974357,-0.14337072144966712,10.645067327757715,0.6428072792849662,0.0677703315802276,-1.2739605336386148,-1.0568008282566552,0.011488638801254503,-0.01626474296616287,-0.02076628022383531,-1.9735872743525107,0.7278701727445345,-1.2457171016079727,-8.29000000000002,-8.318723404255309
1999-11-01,1999,11,-0.1573683781532509,-0.2458482007814382,-0.00013625243458538147,-0.35808909070864203,-0.010398443423890513,-2.266201549295296,-1.190956147135637,-1.038721742470159,-0.4534467271273286,-0.09095918024602767,10.863514949684031,0.8292120218978027,-0.027302245242161405,-1.6664030541936086,-1.0615081256644885,0.018051175989878487,0.0030769726278654375,-0.15651549354511118,-1.2190018140212544,0.45266052386365274,-0.7663412901576017,-8.36638297872338,-8.389787234042558
1999-12-01,1999,12,-0.08612007341224626,-0.2111380751903198,-0.00011533451871028125,-0.3312643919462772,-0.004755944398779244,-2.2533445675026087,-0.4601244254131416,-0.7764668059476207,-1.5919059657857133,-0.21350110585227,11.759114922198933,0.8627045396125368,0.0006770873452097703,-1.3617282224891483,-0.8204036145912141,0.01689413242911897,-0.014799844482292102,-0.21548355279274922,-2.240432312200788,0.8576669884323564,-1.3827653237684352,-8.41319148936168,-8.477872340425506
2000-01-01,2000,1,-0.2325864587391493,-0.47779513698804976,-0.000127844262913724,-0.4526672156953673,-0.007022567802388635,-1.8229453611585882,-0.8496725116175412,-1.071086413429839,-1.030477731408098,-0.13213802246594852,11.690180797420908,0.8444240363505742,-0.09984944248321881,-1.8046919146426603,-1.0709419642707871,0.009221357543424347,-0.014033097557931029,-0.1253092175511945,-1.8426131877759104,0.9551638521841248,-0.8874493355917892,-6.582978723404267,-6.589148936170147
2000-02-01,2000,2,0.023365315638955053,-0.17484543181950585,-1.804265451546029e-05,-0.1097654136551931,0.0049312240848191635,-1.839711358417098,0.14212465288295562,-0.5341607532353123,-1.2608849305926242,-0.36662937577646915,6.765614666001056,0.6149527355968587,-0.1863411131193189,-0.4547696733761768,-0.5389391722346772,0.002307477293101101,-0.023078555843031978,-0.10276455163480414,-1.6955494035323326,0.5921159072597533,-1.1034334962725723,-6.810000000000002,-6.711702127659521
2000-03-01,2000,3,-0.04707468535167436,-0.16199401931305601,-5.241329282866178e-05,-0.26321458747476,0.0020101316592380236,-2.5369731111485336,-0.6291347090165118,-0.7130250342864883,0.03121783894954433,-0.20314128062028303,13.683235687305569,0.6997103445193034,-0.18249617567660437,-0.9366981894161768,-0.7117448804755213,0.0036421853999915044,-0.006073092485594511,-0.05208722818465539,-0.647847400626091,0.3088436342106249,-0.3390037664154697,-6.921914893616929,-6.804680851063836
2000-04-01,2000,4,0.06136998347363942,-0.23751998146053666,-8.562059710184866e-08,-0.018756932207747212,0.009544393725592126,-1.6560416540689928,0.636564620266995,0.0022807577803405366,-0.7872881683605328,-0.10513082147398478,15.758464251222904,0.46196110645780664,0.11711125584614024,0.07098724100694653,0.01556575337662025,0.00670082954936202,-0.010009298186816729,0.0682759008353333,-1.027007197498186,0.5788623748563531,-0.4481448226418294,-6.939361702127599,-6.866382978723379
2000-05-01,2000,5,-0.12672851360741788,-0.2204315131212411,-7.694797007978642e-05,-0.29280934884214105,-3.207111451386524e-05,-0.9734420345105832,0.5256402766226529,-0.8304340955305065,-1.8889661509413997,0.26283698999921157,11.677444659289904,0.7214744744489678,0.6728416100785566,-0.8624575497809133,-0.8098374521385949,0.012911406064438413,-0.020535765201052048,0.20205215570559432,-2.20043600531109,1.4086944697954245,-0.7917415355156638,-7.058510638297832,-6.9755319148935655
2000-06-01,2000,6,-0.12316794174302004,-0.16624433483065104,-0.00015304644489012517,-0.5301017870687197,-0.0072247287147372274,-2.008612962339285,-0.9269538617646731,-0.9635397326362067,0.14053079345382002,0.6100376175954878,14.042288195691071,0.9229893760085588,0.7704982173059811,-1.4331604098911725,-0.9352639287170064,0.01371614080605088,0.0034175106562677193,0.2294069050576546,-0.6219979828442703,0.534482352045849,-0.08751563079842128,-7.150212765957463,-7.071914893617077
2000-07-01,2000,7,-0.1082163855405156,-0.4904951470550145,-0.00023055292473818725,-0.7021346952117291,-0.019385831763062966,-1.4421932156582784,-1.1533551859053546,-0.6645361289487255,0.21437030425425974,0.2798289608206588,18.14512763581297,0.9905193342179928,0.32604675692073215,-1.775793535634591,-0.6678785560841902,0.011903132481731582,0.004520316615475917,0.11165531528921946,-0.7299312338636668,0.6190959225937931,-0.11083531126987722,-6.94829787234039,-6.951489361702102
2000-08-01,2000,8,-0.08564496977191993,-0.47865335898546846,-0.00016533699264120738,-0.5089315361242086,-0.010992539633341125,-1.8380774153940038,-1.1585209482643108,-0.5227072358491114,0.5434495074929373,0.3551491233769397,18.64035083843919,0.9288291165491103,0.3285037018001624,-1.3354496281326078,-0.5284203621490633,0.01139959823447434,0.007995927627691746,0.1740625301303993,-0.4120250306329538,0.17121555356835572,-0.240809477064591,-6.80446808510635,-6.910000000000025
2000-09-01,2000,9,-0.08136819758749425,-0.3329560585209492,-0.0001660802649073468,-0.5199629802250811,-0.010595349894053752,-1.5592235102440242,-0.9140993680310885,-0.5019912951609626,-0.058030923467981665,0.3943237137989932,15.160139232102665,1.008323921930156,0.4603109356862305,-1.3576039451993438,-0.515901392955243,0.01817953098434577,0.004561141502019694,0.1787153338285279,-1.0003676235109111,0.4295944793739501,-0.5707731441369575,-6.985531914893613,-7.084893617021294
2000-10-01,2000,10,-0.21946215605947827,-0.21228582433468546,-9.157697964196077e-05,-0.15547870614271986,0.00504290687817488,-0.6956539859963797,-0.11798445207546138,-1.085068047795687,-1.8950894228304662,0.20973195408000933,29.43155656462477,0.818194150362757,0.4302495904401411,-1.0449986316037894,-1.1004286497878866,0.01743096545424816,-0.017631533007890887,0.10408431782026639,-2.492765936833088,0.9116535775361321,-1.5811123592969594,-7.1299999999999955,-7.188723404255313
2000-11-01,2000,11,-0.1299800000426785,-0.2250958476650453,-5.627670423488142e-05,-0.22000614567953036,-0.0020746534786899584,-1.45939007566691,-0.468157475509031,-0.7351434075987413,-0.5003472444988404,0.25183870134768327,25.767146944563137,0.8334596219629873,0.39897725852009813,-0.8218714572859653,-0.758373953602586,0.018681490135323386,0.0017756602225236229,0.050167764170772955,-1.1866683092894448,0.3304834357730968,-0.856184873516348,-7.126382978723427,-7.219787234042542
2000-12-01,2000,12,-0.12880485114334306,-0.18912162138599342,-9.335061196880101e-06,-0.2922831156257075,-0.0008742596416744242,-2.5178987559107355,-1.4000111476225925,-0.7964050953112292,1.6849710053177205,0.5762658105847791,23.302229376437026,0.9014838725494201,0.31182054236411005,-0.9557237102410454,-0.8057290847388572,0.022048332859364805,0.029567905326318034,0.01685853566671014,0.5190418645476029,-0.4536114268092284,0.06543043773837454,-7.193191489361652,-7.287872340425508
2001-01-01,2001,1,0.06654968216372481,-0.06449801130440846,-2.1709580253249927e-06,-0.12998334692948177,-0.005979155928751534,-2.45750215436135,-0.26948638726071295,0.1812281105344482,1.9458883331961374,0.3491957193291313,15.76254211696505,0.7962490333397341,0.27723912016278973,-0.1844382868122807,0.17374096236682135,0.01398389141443701,0.030817471231606053,0.02701135553795808,1.0776827006900902,-0.09253524861610884,0.9851474520739849,-5.282978723404256,-5.269148936170154
2001-02-01,2001,2,-0.0527326142603215,0.08140809631754564,5.164888813083933e-05,0.23079684012381563,0.007275853238096874,-0.9181146555379129,0.25195657051227727,-0.4347671997259681,-1.745164540691519,-0.17083446356645382,25.307819957015454,0.4772478500414934,0.014847869683997317,-0.02067708109331079,-0.44522841998525564,0.018475125977013285,-0.014176321354554489,-0.00036600510898487926,-2.036730057482565,0.26217243134628987,-1.774557626136275,-5.279999999999973,-5.191702127659539
2001-03-01,2001,3,0.06391614882863905,0.020111525471349978,7.132857188563851e-05,0.2980267930941558,0.009782162695704089,-1.075564193874122,0.875402297298649,0.13710431966529768,-1.368876535982622,-0.01690189539883491,21.81908647029195,0.40824086493063305,0.28121656522700533,0.6674523700875739,0.1379620465664857,0.009126606663524939,-0.016036092837507177,0.14528727333241953,-1.4789989402874255,0.2088076541122561,-1.270191286175173,-5.311914893616972,-5.204680851063813
2001-04-01,2001,4,0.046730537465123234,0.12887278083326237,3.4585380787998526e-05,0.13038457219988686,0.016136645559487683,-0.4020799021905219,1.4792333826954973,0.07395456581031112,-2.5078942793354315,0.09549441302124961,21.472784006939037,0.47709343208023824,0.4423942546064339,0.4218801320942589,0.09019895977877468,0.001998998661019158,-0.036910338101744156,0.13196426444806697,-2.638087869830507,1.0735976445697268,-1.56449022526078,-5.389361702127644,-5.326382978723416
2001-05-01,2001,5,0.13605927722119304,0.044975569624227774,-2.5871881973586405e-05,-0.04973689753769506,0.002661796837904573,-0.8510332614770704,1.0341022263601758,0.5978435943354157,-1.3084055847859872,0.33981540476747796,14.039647311044973,0.6390810563221976,0.5764411895739059,0.3857314568086849,0.617171228739096,0.007927217866801506,-0.016136579417674657,0.14951479367163856,-1.7108608563018066,0.6676984039551215,-1.043162452346687,-5.538510638297851,-5.455531914893584
2001-06-01,2001,6,0.060892429014870686,-0.18915067891896342,-7.0868811992926e-05,-0.19761109281669675,-0.002193256623997053,-1.8006207376631878,-0.38767682633584855,0.11430456706017367,1.1530395756731764,0.6406003375142362,10.927054892410524,0.8173187539827609,0.5480165296353228,-0.396708135801191,0.1407212609628914,0.009217686000027925,0.014710086189075877,0.13166194566465705,0.24313701381149855,0.03544800336820586,0.27858501717970796,-5.630212765957481,-5.551914893617038
2001-07-01,2001,7,0.15139515254833213,-0.13054841827266728,-3.184706546378695e-05,0.06174497745963592,-0.00031758812867088704,-0.5243775317707815,1.1026804743278262,0.6522964085319813,-1.4063529680537386,0.022438846538996415,11.499800396544742,0.556174831521929,0.12082930078673115,0.5047832691172971,0.6478112498118662,0.006417042352241165,-0.018196638712379976,0.008587232155869984,-1.8641373453279257,0.5934120464904353,-1.2707252988375046,-5.408297872340427,-5.43148936170212
2001-08-01,2001,8,0.12109578506442631,0.19618088829145108,5.527259418292366e-06,0.20119339878455378,0.004829539191026688,-0.49653717946912934,1.6619769409833793,0.6182061435708874,-2.0086340231001714,0.042834245372606716,16.898437887750333,0.46342403489740036,0.21548893060106167,0.9531570214310818,0.6219355824980539,0.004533400389481024,-0.027282849898001338,0.08731102241532618,-2.299403372769106,0.7125493584794782,-1.5868540142896173,-5.254468085106339,-5.3799999999999955
2001-09-01,2001,9,0.03198764558732137,-0.12753655741141756,-1.931015104284818e-05,0.1135405300347756,0.0021490359161794315,-0.34370869823745664,1.1925745161079249,0.10944435975829947,-2.215894026222344,-0.04363031427809716,14.366322176283575,0.5050868799838497,0.19375157260776277,0.3522094378023439,0.1061694668996438,0.006431799689801565,-0.027617893034891594,0.13047108561146104,-2.4835990193203514,0.8370901854469004,-1.646508833873451,-5.335531914893579,-5.444893617021307
2001-10-01,2001,10,0.04344169577274215,0.22691241526962358,4.0888104003039896e-05,0.1565082220526115,0.005938068792135431,0.5646129590918676,2.0715654877054135,0.03164530033734536,-4.428909798013507,-0.4763690362853019,6.49987467842584,0.43723870872165094,-0.02620689842879642,0.541238948594355,0.02642882388278167,0.007124442672194586,-0.05546461649148959,-0.004616542916455302,-4.415986368878642,1.525110062656502,-2.8908763062221468,-5.330000000000041,-5.388723404255302
2001-11-01,2001,11,0.2755301764208298,0.21484944992170085,8.155569257551828e-05,0.3732639810860121,0.009380538690138995,-1.0555816803549476,2.0076476572789375,0.9229672308908334,-2.0813957489922643,-0.3625699054792584,9.552856566762784,0.4255447296804675,-0.0745254051836568,1.401849144826599,0.926376526062711,0.009441269618269743,-0.022880228522148105,-0.08408229233248043,-2.218895978377134,0.6092078076242231,-1.6096881707529107,-5.346382978723398,-5.399787234042549
2001-12-01,2001,12,0.16609845307391424,0.18440876519088079,0.00013558649990362028,0.5440660603250826,0.015087438238961526,-0.025604456470354364,2.796277279684716,0.5187086981947573,-4.358113037641715,-0.5770026922838767,11.686514406144852,0.25108723579586467,0.010737081991933906,1.536148956940906,0.520190891895254,0.01251149793829498,-0.04799817195880207,-0.0363197951701526,-4.0214604991617975,1.2616105164442502,-2.759849982717551,-5.313191489361657,-5.367872340425549
2002-01-01,2002,1,0.253627539553122,0.16303313699745559,0.00010223662431067641,0.39701759398156256,0.004626599434738643,-0.47452422971895913,2.811006202186263,0.7371420478739878,-3.1725418802836316,-0.47956131742689223,8.326929424976697,0.2301800176613824,-0.10363939398512656,1.5687723793784585,0.7393156832204681,0.0068732728958842415,-0.035782475998471064,-0.03257712793646306,-3.0267999745032483,1.2444074581542353,-1.7823925163490095,-3.4629787234042624,-3.4991489361701724
2002-02-01,2002,2,0.17536437339856548,0.2511954060707353,0.00011620786535654001,0.3678306905905764,0.008582777659031371,-0.21739225054481892,2.3230302392000226,0.5644258209652548,-3.7424673508983517,-0.6244795128445695,11.258983083083876,0.3095745398949816,-0.20510048580588602,1.224671326985856,0.5675876977868484,0.0034491732184802615,-0.05151043879682593,-0.06350101557073096,-3.632662863754682,1.1015207890357495,-2.5311420747189253,-3.5499999999999545,-3.5717021276595347
2002-03-01,2002,3,0.36234005198747354,0.19090813403437323,0.00015591805741803876,0.48289582145501697,0.01126467601693315,-0.46244675315293904,2.646403652991694,1.3178946859084704,-2.0647067601549622,-0.3066289983400132,11.921104865468806,0.23996518314547188,-0.16669297773511715,2.010304548517354,1.3221471040694155,0.006485879499926739,-0.024726806837122695,-0.03485158004117217,-2.16473592269557,0.6403515226352781,-1.5243844000602955,-3.511914893616961,-3.5146808510638152
2002-04-01,2002,4,0.0773305413279104,0.23968484582553629,5.3902084709199494e-05,0.2951049971368036,0.0014163142091206948,-0.10070417186163638,2.5644025236371704,0.34836927080220903,-3.2618201862108265,0.05944050965457848,15.593862120746053,0.36613836698344926,0.517076862191324,0.8561342679640802,0.35172449082369894,0.010711513033281328,-0.035130221636512804,0.10228107946336884,-3.170322200657516,1.7116234756946085,-1.4586987249629075,-3.559361702127603,-3.576382978723416
2002-05-01,2002,5,0.25663094342127124,0.20754744027237848,1.6761454552014637e-05,0.021308256401720627,0.0005036271046870988,-1.4452002605073062,1.292502760679895,0.8822346149479472,-0.6027093910988697,0.40058599471182177,6.229269521252718,0.7306518523319312,0.6194024703486676,0.8122520416323482,0.8856624747392061,0.014858155539584583,-0.003471974893312524,0.10091519239304247,-1.1145447677939586,0.4836785788387523,-0.6308661889552045,-3.588510638297862,-3.5555319148936064
2002-06-01,2002,6,0.2564341252837039,0.22565462663078506,2.9506246284975376e-05,0.03705916020475897,0.01121858944376175,-0.6165388185948331,1.5946924284971828,1.0851214694611144,-0.6478094060501007,0.0026361832507895144,7.166364012926351,0.6231159987895012,0.04320819917819563,0.9932987370501678,1.0868279096396805,0.008834024106427307,-0.006018229673643738,-0.06532443524580422,-1.2303533889122136,0.6031001316257303,-0.6272532572864833,-3.62021276595749,-3.551914893617038
2002-07-01,2002,7,0.2324735338668802,0.08872437512081888,-1.7491981066861118e-06,0.03172893779599306,-0.008286208856906896,-0.3768052111382758,1.3653278843765406,1.17613059689279,-1.4133308919633976,0.15355802528668505,11.483692988171242,0.6012268904795235,0.23803625845622634,0.9512323480699933,1.1877854171134459,0.011435419333815311,-0.014231745933266371,0.013970516347235673,-1.930079549273401,0.42575035652722093,-1.5043291927461837,-3.4482978723403903,-3.4614893617020925
2002-08-01,2002,8,0.14464909739047016,0.08546994275826592,-2.7344532733607554e-05,0.14425102653856214,0.004287284392465507,-0.13008963367983029,1.7743389609382234,0.690931596533062,-2.6140756832253658,-0.15032464754926167,14.487321477776277,0.44063537144549514,0.09531465330693223,0.897871656324412,0.6972706259886081,0.00846295672743258,-0.03180589623446739,-0.013268407656719106,-2.809071753814642,0.8828063340693717,-1.9262654197452669,-3.2144680851063185,-3.2800000000000296
2002-09-01,2002,9,0.21893068228365564,0.10581139732767042,-2.0981703052480594e-06,0.11847151508665732,0.0027401585243630455,-0.6590801419814198,1.456943568165741,0.9369502129057423,-1.2295094802515791,-0.08497855666875864,13.58529952839308,0.45308716522424675,0.0804180197369817,1.1040144254517372,0.9414672944547533,0.008578714690060885,-0.015277461614731536,0.03679662076059742,-1.51720006907005,0.3574462242629899,-1.1597538448070637,-3.025531914893577,-3.0448936170212733
2002-10-01,2002,10,0.14243019408093005,-0.019123436962900087,8.647809776144051e-05,0.3504022622347023,0.002356643338649045,-1.3983455150923518,0.9434994561424901,0.5249897607282605,0.2570690286880506,0.24571368969852614,15.783013869993738,0.3322469196356508,0.30972571476441146,1.0538830969414335,0.5282213149267818,0.0005215340117787903,-0.000314793216034559,0.19302961635250782,-0.011165865881714865,-0.10715208660041853,-0.11831795248213695,-3.090000000000032,-3.0587234042553177
2002-11-01,2002,11,0.17905735265287603,0.14780800366719404,0.0001326357122702175,0.47582499010511015,0.018768766397413317,-0.8051549660737365,2.1372796146524706,0.6379538703088201,-1.6077305698835005,0.22076263986214073,10.049117471120553,0.2507399318803891,0.31551656725814325,1.613584887795696,0.6395102584190795,-0.006450493725499662,-0.02938582695487435,0.10472766804222644,-1.7637165743678906,0.5252511149670411,-1.2384654594008495,-3.126382978723427,-3.0797872340425556
2002-12-01,2002,12,0.09641924464057183,0.13083396005544046,0.00017270388494981977,0.4845387521708808,0.0027255452999990215,-0.141155163970744,2.3668098151411527,0.4719919962657855,-2.8373741234481713,0.17611706364904833,10.978300942399073,0.19269555895454005,0.6385955161661059,1.4868721462732424,0.4751939598496051,0.005231741090327979,-0.03136797418413728,0.18829902007616184,-2.5675912298856574,0.8831396324516732,-1.6844515974339878,-3.033191489361684,-3.0278723404255175
2003-01-01,2003,1,0.3103774084350448,0.30554817505083065,0.00014955975808117472,0.39397818289471687,0.01041201325116714,-0.17149269222107222,2.762156008626903,1.287559962988098,-2.251219274286143,0.05665696754531879,7.887495882634539,0.2342225807113607,0.4888514706341738,1.853145049240652,1.2918626362026089,0.010086473993523803,-0.020405798446653467,0.11671999031010927,-2.053247351908638,0.9133136326007119,-1.1399337193079226,-1.0329787234042556,-1.119148936170177
2003-02-01,2003,2,0.15861889018924558,0.18261477749280175,0.00020921616284994005,0.5315055121005727,0.0019217121142383053,-0.5757038440472044,2.7430467082410814,0.7277609324855803,-2.421735360742332,0.14469482303434233,6.327232946598087,0.12072891925240015,0.5520652076600996,1.9720161400978213,0.7364892932299654,0.00617608413040216,-0.02726502733226832,0.2171873746576818,-2.135093895368975,0.7797589288876345,-1.3553349664813368,-0.9899999999999523,-1.0817021276595256
2003-03-01,2003,3,0.03918486100405971,0.16724129991956715,0.00011795850119693772,0.16247087367181123,0.0033425305811677353,-1.2187211340019317,1.1095172402798994,0.16600800538350313,-1.1365338318440763,0.39898635581133846,10.83553835299972,0.43189775074250747,0.6174632807662164,0.6061928951449431,0.16862148651330244,0.004618418778018274,-0.01581355028091913,0.2437436635617285,-1.349954657631713,0.5059378262647485,-0.8440168313669645,-0.9819148936169313,-1.0346808510638539
2003-04-01,2003,4,0.08726297295152108,0.20176125759007846,9.219048711519781e-05,0.21626311153443112,0.009750679049040922,-0.27216797519039915,1.9173231141065799,0.36898502117730914,-2.561642993047826,-0.18886528378870437,12.612159882221022,0.313206182893623,0.11800626849349527,0.8925189542328553,0.3717459551577349,0.001433469607479143,-0.034778827356932496,0.08198597333370294,-2.5679776236591962,1.0275650938541752,-1.5404125298050175,-0.899361702127635,-0.9463829787234204
2003-05-01,2003,5,0.16601552082619264,0.1695954589778239,4.7936147975415067e-05,-0.010070549110537286,0.0051473685366287825,-0.9123182874262241,1.372362605234457,0.7453674071346086,-1.4390722951184785,-0.019304651941595807,16.835339706245577,0.5114906462443116,0.1439033472047555,0.5974857429473559,0.7422680450420671,0.000915703693882719,-0.023303366112211066,0.04532049346362932,-1.787354942216453,0.7717775001945064,-1.0155774420219448,-0.7585106382978211,-0.7455319148936042
2003-06-01,2003,6,0.052444540672809126,-0.10825822092061799,7.449724047274911e-06,-0.04823530160429357,-0.008112054439472272,-1.3380589135052503,0.6473891466810642,0.3179346367354583,-0.4669256367761534,0.03613546980656679,21.078476928028977,0.4571566279088586,0.19425565639236098,0.3738620318544008,0.32142834069264836,0.001196758359983452,-0.008564067075042203,0.09579117529131054,-0.7659620780992427,0.27702081878400264,-0.48894125931524,-0.7502127659574853,-0.6819148936170336
2003-07-01,2003,7,0.1553576842401867,0.09105634682890695,5.7341335977612734e-05,0.2925565023016361,0.003788218117105835,-1.1675621245381365,1.2953408564494566,0.8046055582831855,-0.36504673384845887,0.07383338150239638,16.42249788281333,0.3076193966197991,0.10388332430824221,1.1061130980888834,0.8088731246185716,0.0001482987394569868,-0.007700247694056639,0.05631336540815113,-0.6426161876624263,0.19349532469598074,-0.4491208629664527,-0.6882978723403994,-0.6814893617021198
2003-08-01,2003,8,0.24350812172582437,0.07922574917546399,8.83148162739919e-05,0.31026161358861515,-0.004607908051752929,-0.5983390789463101,2.309922388215284,1.31355028999684,-1.5270723213218105,-0.16454039166924872,13.44016771443421,0.2325583289126314,0.058646768479277966,1.5325491142087344,1.3168072126101151,0.0010504874165864209,-0.020641596649234817,0.020269371896455723,-1.536443490085908,0.7806301966198355,-0.7558132934660691,-0.6244680851063436,-0.6400000000000432
2003-09-01,2003,9,0.24296719508549813,0.15755349310853717,0.00011505534714575244,0.2717256420116918,0.00890489451134302,-0.43799899739897796,2.3042295390128515,1.2367151899935038,-1.630026353418657,-0.19998693780692278,11.78619962571247,0.27971743252567194,0.02626546101883065,1.4246916244578074,1.2357368546704492,0.005397145176976537,-0.017768916295331394,-0.011752151677194789,-1.6834913871185577,0.8785595792319612,-0.8049318078865966,-0.6055319148936178,-0.5648936170213119
2003-10-01,2003,10,0.2709613861825346,0.315398807742838,9.293203450353935e-05,0.20428161445220638,0.008720754537579811,-0.40758144895621484,2.2922465886927625,1.496143482453931,-2.484414157412772,-0.09015069356941297,13.025653433331172,0.3885374139234159,0.10629322562232346,1.4788231601822304,1.4943427758277608,0.011934346823482045,-0.025527911478818943,-0.023518013621963263,-2.676507652144444,0.8116227218843655,-1.8648849302600858,-0.6800000000000068,-0.6087234042553291
2003-11-01,2003,11,0.14760089090623296,0.2765423270274141,0.00015459927999541753,0.5590383057522459,0.008345576221558293,-0.4091661068385761,2.7118325404092616,0.7234927910828333,-2.414562284236041,-0.01343813855508813,20.71914027640014,0.18012356539077246,0.2559382029481583,1.7460838751812844,0.7282767327497481,0.009032835076608237,-0.022770146867423513,0.0435497161677354,-2.3253095081236097,0.9705326068948992,-1.3547769012287105,-0.7563829787234226,-0.6697872340425306
2003-12-01,2003,12,0.3392723762959804,0.46840776571468723,0.00013983766701652044,0.44589001055543065,0.016961452963834778,-0.8692849873243205,2.833691150919435,1.3327438333307668,-2.188663779294586,0.0742070648737112,16.27185653426568,0.2068654589079415,0.3170900545941464,1.9460498630199368,1.336568297277438,0.006803185971586245,-0.023418526247670268,0.044170480336253704,-2.152646248482135,0.8914657518461127,-1.261180496636026,-0.7731914893616931,-0.7478723404255447
2004-01-01,2004,1,0.16467563212938785,0.19916092971823218,0.00015600132930117597,0.513583308866874,-0.006588235796902264,-0.06905114159054193,2.9285614119308434,0.8557231197855799,-3.3444554509397335,-0.1788922232759873,15.370362267960445,0.08642419657758182,0.25681170525147934,1.931554135397107,0.861087611118819,0.016459344894844463,-0.02814627408276138,0.0460965252878065,-2.9951757189898416,1.0023717678669257,-1.9928039511229123,1.2370212765957262,1.1708510638298435
2004-02-01,2004,2,0.21214526571583292,0.26019668749546554,0.00010550414833663917,0.32286700175428606,0.014162792814449654,-1.7280454618662517,1.5254444231910043,0.9924138902820232,-0.896530924072664,-0.07247951352158921,7.531188944005407,0.3423804657867606,0.17559956561388645,1.3542745803691787,0.9927541684874086,0.010064064128542327,-0.007500313345281562,0.09201447405306595,-0.9908323107239525,0.1715101210272003,-0.8193221896967486,1.2600000000000477,1.1782978723404653
2004-03-01,2004,3,0.16304240182284957,0.45285071538148713,0.0001393243997191377,0.3792084919508447,0.013324410855405477,-0.4182331794535159,2.059850236763282,0.7317374778681938,-2.5803282600034834,-0.31074214237526476,12.357327446792624,0.23351120651406632,-0.09900000143607457,1.3298558939468421,0.7406444478265826,0.004831807678980837,-0.033635841450916804,0.015488060741125409,-2.60209732557837,0.7389013127748214,-1.8631960128035487,1.258085106383021,1.1753191489361825
2004-04-01,2004,4,0.18903570728525665,0.2217427960256373,0.0001677307833284989,0.5930391649094346,0.011509747641735735,-0.363996699581115,2.188197496913972,0.755860825686284,-1.453900152849826,-0.08590702554144158,15.060873362512211,0.053806153523282774,-0.03164365461370977,1.8072206746428492,0.7560524623800688,0.006535026184423476,-0.014886719817734928,0.014653906979054554,-1.4534429354453593,0.38116845896493246,-1.0722744764804233,1.1906382978723968,1.1536170212766024
2004-05-01,2004,5,-0.06654669961409354,0.1713822720817575,4.3745070830414e-05,0.3011882346133632,0.01664353301422583,0.0100349910816675,1.2396663633599587,-0.35523976811720104,-2.7932237883487403,0.16737213837969378,14.979868837690447,0.2330221253634761,0.44116236533242414,0.3714774563782157,-0.3568439902240357,0.008144744193950615,-0.031859611583958,0.07274828940255595,-2.752455686759518,0.8665846848748551,-1.8858710018846612,1.1114893617021835,1.1344680851063913
2004-06-01,2004,6,0.030684112117398854,-0.05525830331424686,1.7106579476875577e-05,0.017116123696442997,0.01665262505481868,-0.208038944993568,1.2324764841062006,-0.1692219862093225,-2.3935654666655637,-0.01905769086507192,5.696711815180606,0.40349175434053564,0.27035006943414785,0.1864882067697522,-0.17212082092947867,0.004601388748082691,-0.030889815715975377,0.052410242280721775,-2.5076494607068796,1.043089442616445,-1.4645600180904381,1.049787234042526,1.10808510638293
2004-07-01,2004,7,-0.14134955453766906,-0.38631856806085807,-1.3027553626686686e-05,0.01786494456318266,-0.004561848886084907,-0.46483898309624294,0.6387103625220334,-0.4350528824620028,-0.33358813388724684,0.0948978058807377,14.293873045535292,0.39007956962618096,0.24041741915783277,-0.11315376950437894,-0.43201324548226694,0.0052007193823113695,-0.00027288150639614983,0.10905969040278585,-0.578148090236354,0.7549037690061695,0.17675567876980836,1.0817021276595824,1.1385106382978734
2004-08-01,2004,8,-0.025456617388215363,-0.08589470155106937,1.9729083864791427e-05,0.04799647738122559,0.01014878202665459,0.30247816645433545,1.3086656593837915,-0.016005428006224065,-2.3728365671018707,-0.12565044507609713,8.005399664689321,0.41707093944992835,0.19377228228077925,0.19896436673786866,-0.010317048605656964,0.008820848014027494,-0.026039326265280494,0.07808407627683245,-2.4704847791949263,1.1153896720465077,-1.355095107148415,0.905531914893686,0.9499999999999886
2004-09-01,2004,9,0.07308581558925198,0.023837190805409136,3.9839940214551894e-05,0.2111841216389081,0.007266155889814496,0.15330822442422232,1.8945809262500006,0.3281735349611381,-2.2272964912136786,0.01131244707771728,14.381835751642939,0.40454958723725554,0.2591843679840231,0.7680278613989913,0.3282211314662504,0.010329488637332407,-0.02213622153725936,0.11029686260460814,-2.3839741575446354,1.1266006613561004,-1.257373496188542,0.6844680851064027,0.7151063829787176
2004-10-01,2004,10,0.09562609657587018,0.2057207674135384,8.163433523163989e-05,0.3109607873164997,0.012083287463958037,0.29256706963775514,2.436643938471775,0.4556472366381854,-3.458635426261395,0.04914041313669415,8.542512919433648,0.33802282193511246,0.36189422257108816,1.2135746211361038,0.4538005493553783,0.014034873514292556,-0.03840869835847416,0.09409946063544261,-3.48390443876211,1.2212226300528712,-2.262681808709239,0.6800000000000068,0.7212765957447118
2004-11-01,2004,11,0.21683258014058993,0.10722672345144701,0.0001213065912757192,0.4774170633101278,0.010407375719223788,0.4018650973488107,3.2212965935624425,1.0862175854369411,-3.8506583491961237,-0.2362055575383799,13.146857337807887,0.209898757561632,0.20232615618944294,1.762732057010055,1.0885384226442056,0.012985647799411026,-0.04001056579440121,-0.02379138844695916,-3.6220253930299293,1.460885373759659,-2.1611400192702703,0.7936170212765887,0.8302127659574694
2004-12-01,2004,12,0.04985319799379795,0.1259805651714032,0.00013546107867721917,0.436281490271778,0.01367040608679615,0.05728408543539132,2.4926441648003106,0.4272036660740355,-2.7317619477983897,-0.12047044333396784,17.140612717048498,0.16075373935581183,0.1625427221118727,1.3260100788648401,0.4298114322936044,0.00922363362118439,-0.027116864665455598,-0.02334129819975672,-2.6095025217083716,1.169241852154986,-1.4402606695533926,0.876808510638341,0.852127659574478
2005-01-01,2005,1,0.3398049459658523,0.4410381869039952,0.00018750273226657635,0.6804971243257008,0.012777415788893909,-0.25064480709003334,3.667257920407053,1.4315449914016085,-2.619572491809919,-0.4692707742961133,14.95711004883924,-0.09612148163114398,-0.19287563611528213,2.5065281248450333,1.4330743163125135,0.0036136723139126303,-0.02714628522972351,-0.1256187833695943,-2.2470558719979152,1.162259120472875,-1.0847967515250367,2.757021276595765,2.6908510638298253
2005-02-01,2005,2,0.22851700272616426,0.2828733808162269,0.0001730017737162394,0.5622528231579977,0.009599763760761104,0.04107650855667799,3.436479173942132,1.2902209878210442,-3.632134635532225,-0.2865376287922956,14.595942094660131,-0.015221905820936854,0.0569789769905924,2.2121881801145378,1.2942599240217305,0.004450535239979736,-0.04288245080240216,-0.034946639356018494,-3.273396123928414,1.22832993002827,-2.0450661939001407,2.8000000000000114,2.718297872340486
2005-03-01,2005,3,0.24714770111688722,0.3037012373002881,0.00013899089074193884,0.4631279984064456,0.0035692412379029204,-0.24292420520232128,2.5473822015958376,1.229440571636303,-2.8014867860596553,-0.24613161456293398,11.107872016189503,0.07769535963657859,0.10446261442967142,1.7728067418252067,1.23251221302894,0.009076162142044986,-0.030334478518337704,0.009039099638743053,-2.5285879167036285,0.7776471011632609,-1.7509408155403712,2.9680851063830573,2.885319148936162
2005-04-01,2005,4,0.26613421983660146,0.4575274698649423,0.0001499596594696992,0.46898002168912,0.01281288073499176,-0.7618323167862755,2.538132425802189,1.284083572715474,-2.452181660694748,-0.4714752491416654,12.685518916521687,0.17636126892884363,-0.30625769575360806,1.7708851384124387,1.2689244260633359,0.009412012262508096,-0.026513157686505195,-0.09620328049995841,-2.4633253762354954,0.7520881407376372,-1.7112372354978547,3.030638297872372,2.9736170212765956
2005-05-01,2005,5,0.21140233918032436,0.1438173472216704,0.00011941822592551402,0.33651490910403226,0.0002738260633556866,-0.5866682905141829,2.218454748123179,1.1115132552437217,-1.4960208058000717,-0.22245510814817138,18.452063144170097,0.21034734214319428,-0.08716205977548697,1.6150657702418698,1.1125947047053728,0.012541988091004708,-0.009473705015722533,-0.04597652419085563,-1.5710750995705638,0.6044704273429069,-0.9666046722276551,3.1214893617021744,3.1044680851064186
2005-06-01,2005,6,0.21674671970373538,0.09126711808096388,0.00014411376386257516,0.5210475576911797,-0.001243884770370629,0.028664218452476575,3.065430876142784,1.2704812728925958,-3.343126170000602,-0.5105824610029295,11.436801245377865,0.04632086818168091,-0.014396132411238938,1.9018565541169323,1.2695122293333156,0.015995028926202526,-0.02638063374580346,-0.02174651978627473,-2.8932607095905993,1.1626052784667245,-1.7306554311238749,3.139787234042558,3.1580851063829414
2005-07-01,2005,7,0.1858182324374411,0.2502593684965291,0.00014240697691171415,0.4908164887011921,0.01156146168125638,-0.2088280442649122,2.452350775028094,1.0760426579896603,-2.151131889237462,-0.27423579186344327,9.492110308055999,0.08992711126265363,0.0054306549045790575,1.8347281573640544,1.0584399019396642,0.012826296517183255,-0.01650373233655733,-0.004808990862459339,-1.9613925537320966,0.6000198616140615,-1.3613726921180387,3.0817021276595824,3.1185106382978915
2005-08-01,2005,8,0.14999614961772068,0.12704639569153642,9.116498714529207e-05,0.4178667012931747,0.008598460526427543,-0.11772592383281477,2.4760117320584527,1.0368504500950166,-3.2392604125949447,-0.3370406074021801,10.395703109592432,0.1603554361435613,-0.00250865930854971,1.4328110631983009,1.020318004892431,0.01434849574971997,-0.030700533755878556,0.01525669287279463,-3.065083900644865,1.026668223657584,-2.038415676987274,3.165531914893677,3.1999999999999886
2005-09-01,2005,9,0.2062857693356932,0.2785169677789554,0.0001804947559581535,0.6327778199112437,0.008645658706578185,0.17719321200863902,3.2010900653762633,1.0207544441227014,-3.826849834621271,-0.06139601810967221,10.148722106634523,0.08093577934289442,0.18159468497762532,2.165793596829417,1.0046718642932433,0.016001211505007884,-0.03741548507978498,0.0423453388728241,-3.6647949108768856,1.0192138887173634,-2.6455810221595257,3.064468085106398,3.125106382978686
2005-10-01,2005,10,0.3110527463210815,0.3965725256850874,0.00014365086183014061,0.6702455051984408,0.0110206199846139,-0.39410602733298106,3.5421845821110765,1.488934561172755,-3.6471130004595125,-0.17594576942330775,12.076672514769598,0.05594520490637933,0.09971783483143071,2.310209580713547,1.4740588077364123,0.016991977254065205,-0.03116223842903132,-0.10906070877670437,-3.427394601111139,1.2170992479611904,-2.2102953531499523,3.0299999999999727,3.13127659574468
2005-11-01,2005,11,0.3200973931183171,0.2745694888647563,0.00013067744748831815,0.452306071735471,0.00849968654556621,-0.2943141794858519,3.185925781328365,1.3742018581846196,-3.812924190564246,-0.12249550987625923,5.846647474492784,0.23997153947419747,0.22257235919310858,1.9642670187593012,1.3505161433276953,0.01727891640370771,-0.03795887543656562,-0.14716409155439614,-3.7078278609690756,1.1979730477121464,-2.5098548132569327,3.123617021276573,3.190212765957483
2005-12-01,2005,12,0.286452287352688,0.18765712904928478,8.262450134841927e-05,0.33632975238569074,0.010385238533602625,-1.58675913999177,1.8602488893259874,1.1828365642229528,-1.43589882583899,-0.3915661509399655,13.87745914219704,0.17451939791897075,-0.2693521723683858,1.535399838706951,1.1623301745701724,0.013428282407893732,-0.007831996724991797,-0.1652147260841108,-1.4882042451864024,0.3043426609661992,-1.1838615842202067,3.226808510638307,3.2221276595744825
2006-01-01,2006,1,0.18009543193727495,0.26187159691863826,0.0001901433548418749,0.754688797629246,0.024094997464669032,-0.14196737181607233,3.1661433956722362,0.7843207563324768,-3.4112367000882386,-0.8061173768482135,13.062820806459058,-0.13063342296965175,-0.45780769617447703,2.203077190121462,0.751550877385398,0.016374164172312078,-0.028238317560404624,-0.22482601383533662,-2.9322935964448433,0.9302963266036457,-2.001997269841187,5.3770212765957695,5.2808510638298
2006-02-01,2006,2,0.3229540403245892,0.22979526674600947,0.00022726131820973924,0.7606720169608572,0.007157914053905423,0.15853625783256575,3.769295111887402,1.4377117969282267,-3.8972595917872184,-0.7471823322602802,12.632393867635983,-0.1115068953180014,-0.37360363092872007,2.5480516209599386,1.4153797017231113,0.01616008318604667,-0.03483319398471885,-0.17782407041046433,-3.412173995137657,1.1989113957223374,-2.2132625994153123,5.510000000000048,5.368297872340463
2006-03-01,2006,3,0.172194559468835,0.2400425996524973,0.00012764777361443796,0.3899290412601317,0.02257530199102753,-0.9733131961737271,2.0745695218329843,0.6125244700238,-2.4575262304074386,-0.6036651276591591,9.007866921790992,0.08597069263743151,-0.3576471474816785,1.2916081698720632,0.5970292458288782,0.005587682367099944,-0.029004655800664025,-0.1451690826145864,-2.2974789428673716,0.7674661277659922,-1.530012815101383,5.468085106383057,5.345319148936198
2006-04-01,2006,4,0.13406521644282066,0.22883790700205964,9.8769270751798e-05,0.3460263553748568,0.012332629898257452,-0.5252643476616328,1.9440321810170076,0.5383204141628539,-2.38444909846163,-0.4049566241660969,8.131747103863745,0.1570764393157731,-0.20457900425427056,1.212439377681278,0.5215297009118558,0.004689903241170246,-0.029734350503408447,-0.11385797035215717,-2.34114791786552,0.7148020900847598,-1.62634582778076,5.400638297872376,5.313617021276627
2006-05-01,2006,5,0.0870137158215698,-0.12076572275896069,-2.5513861253385894e-05,-0.024106260692335013,0.003389525031684104,-0.9462111471314145,1.246210948772159,0.6150471961286712,-1.742227637440351,-0.4752497386486283,8.756899957239511,0.3054412388035814,-0.04774025502038626,0.3750909205312496,0.631816327958802,0.0032476793899545164,-0.023128573343417003,-0.043520854152163224,-1.6201593926157187,0.8878891600709871,-0.7322702325447299,5.341489361702145,5.284468085106425
2006-06-01,2006,6,0.22115807461790382,0.05101193406187576,7.539150752237413e-05,0.3434965469441238,0.01398064171036062,-0.7332428615149738,2.0752892661756164,1.0518061927843405,-1.8397786044125723,-0.07282573551769644,1.346907784929499,0.10899111600610922,0.19311749799024724,1.5393993448095102,1.080493473837123,0.0007106768164009125,-0.02443584058650128,0.045718920404139496,-1.6828264869107201,0.5645772024190379,-1.1182492844916823,5.309787234042517,5.298085106382928
2006-07-01,2006,7,0.10830969564852921,0.1840504441861981,0.00011422496266791371,0.45377849442150975,0.003901540472006526,0.1880689490744487,2.334777810285914,0.5595419431635946,-3.293762024887144,-0.2852538370967075,0.9831349877495086,0.04274631846257648,0.08106398022585282,1.4380446551257933,0.5717983256364505,0.0005942810605166216,-0.04224346958766212,0.014744230869975894,-2.9701905260271957,0.9089895376329977,-2.061200988394205,5.191702127659596,5.258510638297878
2006-08-01,2006,8,0.1907378132722215,0.16257212998823434,0.00010357190735539243,0.3819727874850152,0.007116836007741156,0.3361652387335283,2.3481745670095506,0.9525494530132619,-3.3501865061965646,-0.20584347765822741,1.2103455007600132,0.15858519114871683,0.10227016942764777,1.5946324141072523,0.9483262376488142,0.004736864162901089,-0.041310045828151676,0.04608877435408765,-3.200658050259399,0.7493189375378684,-2.451339112721527,4.895531914893638,5.009999999999991
2006-09-01,2006,9,0.16094197460773785,0.26907715149741307,0.00010859747728305183,0.5118355687643543,0.0051675937282492646,-0.03328254309090539,2.325623165774914,0.7837658518122339,-2.766151921441889,-0.06435464103190469,9.313599109562347,0.14213725593654658,0.11952498955360724,1.6008923854898285,0.7749140003473372,0.012126236427015602,-0.02826722204945442,0.051795971557506704,-2.72440954679292,0.7158789288201639,-2.008530617972756,4.9544680851063845,5.085106382978722
2006-10-01,2006,10,0.24230930980411358,0.44131894761119383,0.00022011651376254056,0.8724263805624695,0.018875722133228412,1.1370579665942486,4.180587952216229,1.2627920987750372,-5.419108703142712,-0.3179116829011619,0.6527003915543901,-0.09754881582182406,0.09641758370374731,2.665773508671066,1.2422874059997753,0.027204929794224952,-0.04722012801922659,-0.088748024392995,-4.9072306207159855,1.4943097507699008,-3.4129208699460847,5.079999999999984,5.201276595744673
2006-11-01,2006,11,0.2774641483713367,0.30844307619014444,0.00016666482623061904,0.5434901574148299,0.010693740321092049,0.061590588163603854,3.3024672318827015,1.4039576030132253,-3.2264991125811093,-0.2691946256257083,5.022944073585677,0.12176283824391021,0.09415324134268133,2.0065433638128525,1.3707557126027154,0.0314988894907815,-0.01410269360133709,-0.1651433371812221,-2.9849140838566086,1.2627219776593464,-1.7221921061972623,5.05361702127658,5.130212765957481
2006-12-01,2006,12,0.36638596378014654,0.346834259497939,0.00020497164406231907,0.6422946459480023,0.02610921976905567,-0.07018721734812061,3.340289628929895,1.5914094252354403,-3.232398588690586,-0.31971211072696804,4.76688120419567,0.16701509032066042,-0.12274777672827497,2.149055081634174,1.546784322536439,0.025145691568393858,-0.023230979509687888,-0.2682756162508806,-3.2024493450125746,1.1466094445966668,-2.055839900415915,5.11680851063835,5.102127659574478
2007-01-01,2007,1,0.46370767330824947,0.6739081989119313,0.0002179624166902764,0.6884172730748439,0.015481865990538912,0.5437277070739768,4.297093543190215,1.9091135149683964,-5.400697882426158,-0.49763206982773767,7.492411030019866,0.05127827318190725,-0.03704547106548972,2.702611595642452,1.9025545569979272,0.02109607178912043,-0.05626896045111307,-0.10164837025944706,-4.991389556845789,1.587922989577244,-3.4034665672685414,7.057021276595719,6.940851063829825
2007-02-01,2007,2,0.21477506680952274,0.25469549364652266,0.00014616599986884068,0.41108411490588637,-0.002982751349991153,-0.6054606989135181,2.5110288629078354,1.1400083556117124,-2.844910182722714,0.034019890871782366,6.110576544582727,0.1404060653695467,0.22481229120979407,1.8546006351112396,1.136774703700496,0.01564276368327633,-0.02489429722606218,0.02861490498180963,-2.79452384775427,0.6531945758853688,-2.141329271868898,7.080000000000041,6.9082978723404835
2007-03-01,2007,3,0.15868386588704197,0.40155100119955023,0.00014504431799663813,0.4427006064257206,0.01169858408376745,-0.34691370576339864,2.709980761925692,0.8150873503340108,-3.698050330347513,-0.14665180244834986,11.252953060495201,0.07580326139211024,0.14748606422882915,1.586006271354961,0.8059374722832899,0.007524094870458242,-0.04261845684476784,-0.043142033660069856,-3.479715725062505,1.1148246125200032,-2.364891112542505,7.108085106383044,6.965319148936146
2007-04-01,2007,4,0.3394904133578507,0.20589544040859664,0.00012572344242529898,0.4763056290060952,0.00030143989155795303,-0.6304559547933479,3.0497619699195297,1.5735158085708463,-2.5449092961786164,-0.3771207002071719,8.84181156984414,0.03965964262178545,-0.05426507843020545,1.9755675804117345,1.5686914554307805,0.00593391297901924,-0.025497053501475797,-0.08984871818787354,-2.2617133170233927,1.0693700363677543,-1.192343280655642,6.9806382978723605,6.903617021276602
2007-05-01,2007,5,0.19142460148805185,0.15310337971402532,0.0001032827707700152,0.363524929090552,0.0019096296848112315,-0.1830519950242575,2.342351379307104,0.7445745483989867,-3.8372718738917513,0.05484364783969298,-0.2000093187089078,0.1957587952251174,0.41189872886160117,1.3493955310777324,0.7395377992536396,0.012457137558483211,-0.042628300207509184,0.039831806354365895,-3.675975588094971,0.987919099083971,-2.6880564890109984,6.821489361702163,6.794468085106416
2007-06-01,2007,6,0.14564208155724145,0.24801915495294224,9.854146885107488e-05,0.6034148701587689,0.013917342167147462,0.1837795426665707,2.20113366316923,0.571999392250973,-3.5439348820220573,-0.5476259032640876,-0.8896961392310914,0.03508671895460225,-0.015288406791619025,1.4613587500594463,0.5678332074405148,0.01043979207078971,-0.03723463055391196,-0.03817799934435406,-3.0466841045041733,0.735608728299475,-2.311075376204702,6.799787234042526,6.838085106382948
2007-07-01,2007,7,0.1894286894871584,0.27153425720808855,0.0001197437956584127,0.36174069352090754,0.003821804008958485,-0.21726949872800105,1.811948530346342,0.6998129363024645,-2.8934577647909805,-0.5612419427530178,2.1060208559356397,0.0987273337513841,-0.3948886705481094,1.503370819231975,0.6989915616659914,0.011828410624483254,-0.030380691429475082,-0.13745181258549977,-2.825831826337449,0.3077563364779152,-2.5180754898595445,6.691702127659596,6.81851063829788
2007-08-01,2007,8,0.13688490774285356,0.36946940430840414,0.00010601561230159234,0.5492023583532948,0.017653041607453845,1.0056633925971852,2.866120439563872,0.523064306014362,-4.687062354400126,-0.6317615065550122,-2.2537450992676895,-0.07269648276889029,-0.28044809234542356,1.585888046578816,0.5232205658650173,0.007106773510098474,-0.053506776833915914,-0.1822778993184606,-4.2630524574216295,1.2803886528357218,-2.9826638045859006,6.73553191489367,6.899999999999977
2007-09-01,2007,9,0.03255467493266906,0.21109246215115718,6.626839728365343e-05,0.4333661369890365,0.018482073794036213,0.06236209632637468,1.9431118048389635,0.22272885948945031,-3.521231193296245,-0.02416491185183034,3.2496018282545265,0.12760158492653773,0.16945559085264605,0.9337412468502748,0.22026304669310548,0.010854310427312441,-0.038570513797548056,-0.06385245858327693,-3.455212275518285,1.006904745192319,-2.448307530325973,6.994468085106405,7.135106382978734
2007-10-01,2007,10,0.14629508039507755,0.2316502528335036,4.500548997623914e-05,0.31039271856563033,0.01299319340153915,-0.28316383526856015,1.9086000733176434,0.5482157425999503,-3.118221977504703,0.24446932768753626,-0.6457519270916237,0.2125765328683542,0.4347126395829264,0.9549670358116487,0.5406697082698884,0.011354289852497423,-0.033708914720118166,-0.04086221947497215,-3.1405551984776494,0.9460870031759399,-2.1944681953017167,7.069999999999993,7.151276595744662
2007-11-01,2007,11,0.12188796014447689,0.15047617346186826,2.8092278710818708e-05,0.17999478277272019,0.014746847748432823,-0.31811259303651696,1.5436894905504346,0.23121516698523692,-3.4580940144468855,0.32688873423220244,-3.204656275556772,0.2730130791340173,0.5290471745803558,0.49027961673823484,0.2312113557405837,0.012290267123308496,-0.03752197386393652,-0.022295895199548,-3.52894865323276,1.0534060625675536,-2.4755425906652064,7.043617021276589,7.0702127659574785
2007-12-01,2007,12,-0.02758367654570293,0.18579616859284442,2.8246249475819343e-05,0.20815356699080212,0.015496035610247927,0.41128191338379594,2.155906402546748,-0.3680146721689539,-5.303016412240169,0.6578358831453315,-0.5912095185631188,0.28408005832687877,1.37942466803311,0.310200869896164,-0.36562104354584335,0.01762438033705571,-0.056280684048518825,0.30783276516127245,-4.865507685679283,1.8480991612736375,-3.017408524405649,7.166808510638305,7.132127659574451
2008-01-01,2008,1,-0.20846065654353652,-0.09398680643147372,6.434491392777637e-05,0.3326381625206736,0.008266207583627838,0.5816855051255132,1.3311769500349442,-1.0199647318898428,-4.1781197647856345,-0.05957301039956775,10.172296915116021,0.2472940651574902,0.5568000720515087,-0.09745139310842887,-1.0184443648499837,0.011972328859435777,-0.048254038410624034,0.11672969465483796,-3.8090407474920056,1.4301487101831825,-2.3788920373088196,9.257021276595765,9.150851063829805
2008-02-01,2008,2,-0.16510809024691753,-0.017274995821992434,-3.646344461706065e-05,-0.023942019287392924,0.014507577354231471,-0.7721584009614091,0.3815974946756455,-0.8627468342779707,-3.269805137969911,0.014816386439211016,6.934985879197484,0.48919221778578503,0.397757413025019,-0.7417715472073496,-0.8639816712443462,0.0112753494994422,-0.04094792150558524,0.12244269729409929,-3.37605632916992,1.122134204916609,-2.253922124253311,9.28000000000003,9.138297872340502
2008-03-01,2008,3,0.15517767283660078,-0.1450425962801205,-3.768453957836253e-05,0.03254850538656129,0.0009479353491772535,-0.4389691063768666,1.2230835971208194,0.6643718920416859,-2.104855624427927,-0.41883778272101324,-7.292068811060744,0.2702306133642196,-0.2175980504738746,0.4137503436407428,0.6674708798839788,0.012666331856753033,-0.018380367825795663,-0.03560101220499412,-2.173846505545022,0.8124322413223659,-1.361414264222656,9.258085106383021,9.135319148936162
2008-04-01,2008,4,0.057601924252765,-0.08271718126894712,-8.254453623040073e-05,-0.10413664680981682,-0.00011739502750574005,-0.8685449450411227,0.377772997937484,0.16417570680044946,-1.3100550228421355,-0.14123047208222417,-5.551155198831111,0.46385319983636464,-0.11406994111339941,-0.33522854440167293,0.16626951304306203,0.012099313913870091,-0.010624602689949025,0.014418454118034774,-1.746747691709622,0.7150953485817979,-1.0316523431278242,9.240638297872351,9.193617021276623
2008-05-01,2008,5,0.05878368361794628,-0.28687932430653973,-0.00010020936544718508,-0.17806943157279065,-0.014159993704539464,-0.7155178096683841,0.5912677538899516,0.39864948116706955,-1.2980077903335427,-0.5738445423603977,-0.9326897142309463,0.3874211688618061,-0.378013555281008,-0.19513566753698797,0.4024504785531917,0.013804590401732764,-0.008292462428078018,-0.0968533724249081,-1.489597972116016,0.7902044188130084,-0.6993935533030058,9.191489361702168,9.16446808510642
2008-06-01,2008,6,-0.02161335048674573,-0.1733433843378407,-2.2162829381925167e-05,0.10199970220206467,-0.0033228731021470725,-0.2071271136258801,0.70306412670908,0.026034442999446128,-1.7651331375477355,-0.328151427848983,7.307381215519854,0.30329624707547964,-0.3279037383403889,0.06020624933006502,0.023222135664525467,0.009791315117940957,-0.017707482335767022,-0.09051383883019071,-2.068181695114639,0.6400455700442471,-1.4281361250703952,9.11978723404252,9.168085106382932
2008-07-01,2008,7,0.10939759367363422,-0.08372230730253705,6.880498087512982e-06,0.09157174967676696,0.0004119987291857363,-0.48297255835540653,1.0097842015334777,0.7245472982765477,-1.1198672904153,-0.25167647969612617,2.0709149606263964,0.36046800951200453,-0.15294481270058569,0.5048020100971939,0.7260731052870142,0.010929982681298522,-0.008509960131394045,-0.05206157861718452,-1.3816036329317711,0.5065079984467715,-0.8750956344850067,9.241702127659607,9.418510638297903
2008-08-01,2008,8,0.010049905074822618,-0.09497700422969046,6.10588455549916e-05,0.4279102542110529,0.0009465038095339828,0.3576954724302297,1.4092304471106445,0.2636914366828478,-1.9913217947758142,-0.36722443381096426,4.597610372395138,0.23222315338580302,-0.17124805173308033,0.6473399451748492,0.26466346389292994,0.011440543305649697,-0.01687521024065486,-0.06462531408606331,-2.027568566083694,0.7628625291458917,-1.264706036937799,9.20553191489364,9.399999999999977
2008-09-01,2008,9,0.06538644680938432,0.1774712408208643,8.225047698895253e-05,0.48790377422654885,0.0063112499324928795,1.6079668990003313,2.6394840983825816,0.4528988872097557,-4.341357874040682,-0.403212018773317,5.18161575103295,0.20969296654476466,-0.06792322087760994,0.9974540843232944,0.44731992475936977,0.015796915474009854,-0.04298619335737808,-0.13745166800331887,-4.2157620426897395,1.6364510516088764,-2.5793109910808667,8.844468085106428,8.945106382978679
2008-10-01,2008,10,0.16856883025235447,0.12250309797923364,0.00014731855650054054,0.7233857114617166,0.012299291230606912,0.49993251839138964,2.8702575054647923,0.9536387731319564,-4.0158631003980645,-0.0659254837179617,6.353144529348356,0.191697728308867,0.16343120182719417,1.7274442024886412,0.9477310254167151,0.02472363655008536,-0.03418851204579143,-0.12079315797155665,-3.9782041431617543,1.1369055552609133,-2.8412985879008446,8.629999999999995,8.64127659574467
2008-11-01,2008,11,0.18899283988986326,0.2828771777258794,0.00012722482048951878,0.6466549727575348,0.014244476373895809,0.41970517966984033,3.1384977362037034,0.7933283679550414,-4.964449360768981,-0.07429366009314009,0.9798431458038976,0.22395247691321174,0.44740072157605226,1.6338683387967876,0.7910457698152982,0.03500092117270803,-0.03682931657142685,-0.02496736070724026,-4.666707456013,1.5023467992671797,-3.1643606567458242,8.773617021276607,8.740212765957438
2008-12-01,2008,12,0.033084269525772925,0.2744294468890871,5.204940882991976e-05,0.3983438576313425,0.00013881341883437148,0.38591739524623137,2.2823236159846942,0.31260752311993656,-3.8692440949759828,-0.004809205604281885,8.563083389599342,0.3429839569632236,0.5228483653602751,0.8125397410444748,0.31783359812783374,0.031968889185287175,-0.02624079708108873,0.03535703297678694,-3.6845704809746778,1.4750099499480633,-2.2095605310266215,8.976808510638307,8.91212765957448
2009-01-01,2009,1,0.28425881761597793,0.23246692052202889,9.620699130287631e-05,0.5000587160852206,0.00981100744219976,0.09893322488876066,2.3257639194025046,1.136796778878363,-3.0460974335551896,-0.3758307518665056,4.036545171155012,0.24861465316450904,-0.0589001671294227,1.405085788624831,1.1446765286984828,0.023893208170379765,-0.02184385695780211,-0.35275702256926245,-2.977781501982591,0.9285578805977437,-2.0492236213848436,11.05702127659572,10.920851063829843
2009-02-01,2009,2,0.14126107728407078,0.16190698012491112,0.0001447574752530406,0.7054807040590951,0.005390612563736963,0.39517398550075455,2.6499516902478035,0.5872663502022419,-4.019328328732712,-1.111225147043136,10.651500349878916,0.011911409558734931,-0.9309796944122652,1.5421511613367898,0.5936442484798476,0.02512281409997641,-0.030179031294762293,-0.648385789991897,-3.8509942856606187,1.1141784271886088,-2.736815858472003,11.020000000000039,10.848297872340481
2009-03-01,2009,3,0.015482628305221624,0.18045772161781315,5.375284009143805e-05,0.4204620695368746,-0.0025596871855813053,0.4241144377406769,1.9580326002649713,0.1715335503516826,-3.624618090001121,-1.2697555296645753,14.093570741868461,0.022063422813459965,-1.2345078835165886,0.7621831500765666,0.1774880024174763,0.004215745478373556,-0.04146938022012714,-0.5837900262691313,-3.6114338666666015,1.2018039022541913,-2.4096299644124137,10.818085106383023,10.675319148936183
2009-04-01,2009,4,0.05141995147585021,0.12429162901707969,0.00010179381130019823,0.3144351254089699,0.007790446569119869,-0.23162746096617326,1.6566212124919844,0.31601169835948895,-3.304408966007827,-1.0840919901519221,12.44974877453933,0.14561886365206078,-1.1006916846064314,0.683988851319782,0.32073260346459165,0.0016184524009341672,-0.04319721036099544,-0.3671025147638236,-3.4666275241143865,0.9773532662773299,-2.489274257837046,10.700638297872388,10.643617021276611
2009-05-01,2009,5,0.08235210093249634,-0.015584380312816393,7.53039700146143e-05,0.223579189049115,0.004631652515348472,-0.9833834689108372,1.157570665523565,0.392491871025868,-0.8525440058019171,-0.11141387611799303,9.303960096483934,0.4014539868141469,-0.0683453652474526,0.6733075972633742,0.4126227653846968,0.012943212520135194,-0.00225375241968484,-0.03530972429992829,-1.2109294817455378,0.5043939626189626,-0.7065355191265699,10.651489361702147,10.65446808510643
2009-06-01,2009,6,0.04560386717292886,-0.13324384604646866,0.00010698902725897463,0.4104739615596884,-0.006368903512657953,-0.07964901304821836,1.700602709894099,0.49751486086603336,-1.8918030623851507,0.048901433205589484,11.841964427090716,0.27644123281558564,0.5085280224530315,1.105541439587455,0.49849001018691297,0.018842704778836872,-0.007531559492192752,0.15289969076379073,-1.70861770595328,0.5960364196276728,-1.1125812863256073,10.499787234042515,10.598085106382939
2009-07-01,2009,7,0.15484401340677323,0.3638611334338293,0.00014372250843901375,0.557463599958993,0.003704689190055177,0.046775495220607866,2.186875127155247,0.7472514076209791,-1.9963601116845098,0.202528210724509,7.8114577816159,0.29925977685138605,0.5800967572170386,1.617364495613458,0.7471572200847731,0.018230203585614557,-0.01136612729831521,0.18500035765350376,-1.9180513420433982,0.5694164440056078,-1.3486348980378011,10.151702127659576,10.428510638297894
2009-08-01,2009,8,0.07462356723470975,0.1377431334302628,0.0001804250332506918,0.7079057026926066,-0.002361390330556712,-0.5519432211300952,1.893019629175626,0.6018392341407548,-1.3763592897863077,0.20504051718130256,16.10992763059039,0.19919672241911712,0.315310948393968,1.8204410138110916,0.6012582480479409,0.018267467146365846,-0.0021863872157084074,0.15686584464069853,-1.4652855809927487,0.07199762927173481,-1.3932879517210104,10.065531914893654,10.329999999999984
2009-09-01,2009,9,0.0800920968747505,0.4515246566632527,0.0002884890100951533,1.1651111368213485,0.015908098034663642,1.0715030815331659,3.7820925560990872,0.5396327010857362,-4.548724695034451,0.10134633344159383,16.299469234756543,-0.09942878208707384,0.5183365349011417,2.635881754846423,0.5373123440356835,0.022036230412782576,-0.0376851872576105,0.1859604051081707,-4.03230571148783,1.1438904442025866,-2.88841526728525,10.234468085106414,10.315106382978684
2009-10-01,2009,10,0.045913446096108146,0.23323331472494147,0.0001681068718405402,0.6459417931233844,0.007766114816591618,0.6072802263992472,2.80547482217645,0.47404072829681354,-3.325968033349966,0.3799102016957363,3.733272180907079,0.22363677925784486,0.8387767238183912,1.4422856735952223,0.4725725967374501,0.024785178624207482,-0.0208322744424132,0.14488736188852336,-3.0907382904851275,1.3617210170218712,-1.7290172734632634,10.449999999999989,10.41127659574471
2009-11-01,2009,11,0.18959396996103806,0.3632761570590901,0.00021180191236241756,0.7756905278491537,0.013850275640925003,0.5561499367241609,3.2643663796861233,1.1690830511479362,-3.108256483355632,0.3973080972884979,0.9425704385066638,0.14314172985973528,0.9039616665031289,2.102891438952554,1.1666957470820876,0.027276799524678985,-0.015502883582857674,0.082493071035044,-2.744744644000747,1.1590876366677278,-1.585657007333019,10.533617021276598,10.460212765957465
2009-12-01,2009,12,0.1230039456622194,0.20539279403146793,0.0001905411034303188,0.5885929827262828,0.003663393032456219,0.013936651500031871,2.312636615497752,1.0516024977268899,-2.3177263654520743,0.4281121935130372,4.6343700353609165,0.2340931434093818,0.7827185495344793,1.765659232193741,1.0500393705048623,0.028549928268630786,-0.006926226035979699,-0.021732429719930835,-2.197213152840014,0.5454142560819264,-1.6517988967580912,10.5468085106383,10.452127659574444
2010-01-01,2010,1,0.20898207989523598,0.6657121768766388,0.00019967089049267514,0.8636686985996604,0.041942881690884004,1.1353243374444517,2.2828944489290848,1.360599833075696,0.13692783683072207,0.4070548034736916,-6.332384901717887,0.0456589129840097,0.38253243603555376,2.3671537666950258,1.3616245983736803,0.02333286085642783,0.026853000338754374,-0.17893091137968398,0.06674655640865979,-0.08323455246800648,-0.016487996059343146,12.647021276595751,12.550851063829839
2010-02-01,2010,2,0.26247872646280257,0.5304532026451625,0.0002894299742648397,1.2459504812693467,0.03417733662407385,3.963491927294619,3.2622571494248405,1.7670929821290429,-0.6019814427132246,-0.4743771548498792,-9.411250535224099,-0.2674618673559621,-0.49505993277057314,3.304514140440233,1.7669442324354918,0.023550399250922283,0.02044955146711347,-0.40394549104380495,-0.35520235327802396,-0.0424057407089542,-0.3976080939869746,12.870000000000005,12.728297872340477
2010-03-01,2010,3,0.27852664141556716,0.6708253472231149,0.00025938529022843763,1.0797863099718157,0.04371818663416893,3.2131552833158707,2.6829658452141416,1.6373082285454643,-0.28465320914077097,-0.7149052650701968,-14.213669498480158,-0.19214294936929832,-1.0756576200887267,2.827819291556523,1.640613057543078,0.008200746403665526,0.009224764442949507,-0.4637999608365302,-0.4532626147900203,-0.14154861734477464,-0.5948112321347985,12.78808510638305,12.655319148936144
2010-04-01,2010,4,0.21753598571797284,0.40796553065916896,0.0003145997734046984,1.3578265462703847,0.03096488369130279,4.024401306773704,3.445385413388067,1.584373709670274,-1.123546737653271,-0.7681901243498039,-2.492088449696894,-0.4214465472629172,-0.9429501376828711,3.2608975860065925,1.585329602106981,0.0024459013451321177,-0.0030519380526072837,-0.28291415889802884,-0.8768602037233961,0.18544371981820618,-0.6914164839051793,12.690638297872397,12.63361702127662
2010-05-01,2010,5,0.06999838326390773,0.5478057390974982,0.0002799168115537147,1.2253503566356159,0.03498060822680982,3.7133310217267876,3.0807358224352015,0.7877858050239865,-2.420874784766113,-0.5376643736433557,-3.805331688199658,-0.3101760512045644,-0.3566669030167873,2.615235711370815,0.793390034415097,0.0034660373088000185,-0.02116765424339917,-0.06175689312473587,-1.929701262935012,0.47110434045544025,-1.4585969224795665,12.651489361702147,12.65446808510643
2010-06-01,2010,6,-0.010317069067809825,0.4174145995033314,0.0001996450254040747,1.139851727254399,0.020434536491192867,3.9362311068105527,2.7665031079339997,0.4258988229280476,-1.998888470891984,-0.10176873004309428,-1.8518738827988273,-0.21681761768377328,0.2700986186113816,2.2625459347049173,0.42932422917874646,0.007101490650695652,-0.011335043673301293,0.12364032134615321,-1.410203504553742,0.5073825794799305,-0.9028209250738115,12.549787234042526,12.658085106382941
2010-07-01,2010,7,-0.07074600984208246,0.4709440574497421,0.00020284578193931375,1.2670361169103295,0.035120513744891446,4.102102471391333,2.658534742731945,0.3172601319856767,-1.531194667518804,0.16639599575836783,-0.8712164187454619,-0.2525500626769883,0.3409361900633705,2.2595033460571585,0.32405723196256986,0.008406615658000938,-0.005466978923073018,0.17962582174994957,-1.1041044105368343,0.40582849665170073,-0.6982759138851407,12.491702127659607,12.738510638297896
2010-08-01,2010,8,-0.0628479194659235,0.4202298855241793,0.0001354598965928929,1.0737754572872653,0.03777524141745181,2.778363821895489,1.5381702306803504,0.1682791730883082,0.1706563247075792,0.2533991447640922,-3.369226507449639,-0.07594252699280446,0.25198696883260396,1.8199041293067353,0.17276908005396763,0.009878076142683767,0.014554706716046084,0.17804073973294088,0.2451866757689274,-0.27724399166071123,-0.03205731589178029,12.665531914893677,12.870000000000005
2010-09-01,2010,9,-0.07536653952456618,0.49031584140033146,0.00012547692672865325,0.9504884981838089,0.042097186131873854,3.0895066344042377,1.7715870140261814,-0.16145701536220258,-0.6028255486483829,0.30289607526476914,-9.135218212482869,-0.0441567092032642,0.41894338715136925,1.5474888150351376,-0.1544001086246567,0.010333267804080393,0.0038085495195154806,0.18302669036755148,-0.44262152755852213,0.23115510572856124,-0.2114664218299609,13.004468085106396,13.065106382978684
2010-10-01,2010,10,-0.010316320825438652,0.26278285233479437,0.00012933626510944034,0.9068499938359231,0.039374939000311415,2.971437447047883,2.017343584529442,0.1412067910719088,-1.013974364650835,0.7222434474069814,-13.029102733562468,-0.017275028484760924,0.8629743555195901,1.6454841449565265,0.14376061493459247,0.014165001383407372,0.0019292987129762018,0.21974626542491293,-0.8559684280534512,0.37441326343560277,-0.4815551646178484,13.20999999999998,13.1712765957447
2010-11-01,2010,11,0.12838031129354022,0.2995525960706118,7.823569740961905e-05,0.6181994417230285,0.03684889568299843,2.5040518066176105,2.0406059419879625,0.6931000607392548,-0.9008337965284454,1.0358433259143318,-20.895192685798975,0.21597236230149974,1.2383357071846675,1.3547722667478865,0.70097472345401,0.02127336403031954,0.009129615361144872,0.15802443725847404,-0.9143137775595847,0.6937083379548419,-0.22060543960474632,13.213617021276605,13.140212765957472
2010-12-01,2010,12,-0.09542545393020418,0.2864212876071406,-2.942507753348096e-05,0.372863162445487,0.02674178632985269,2.3146838747711556,0.1377071686958402,-0.2853294864436293,0.348449501351098,1.1684552697792334,-15.586424471315695,0.3328989018858124,1.40397106895238,0.18234598365535248,-0.28013318681155397,0.023157807718473755,0.02446559403138293,0.17925656196477036,0.2510663986384216,-0.039442515327493766,0.2116238833109243,13.0468085106383,12.972127659574483
2011-01-01,2011,1,-0.20695138985462336,-0.02198046630456929,3.724845263997599e-05,0.6735062369550846,0.029096558784466153,2.9696191864826815,-0.6727320155714551,-0.7741145178551392,2.677085171912921,0.7295795628219253,-0.44121035232092254,-0.0011287330727327571,0.5862202500405473,0.4731971054618498,-0.7800502171040193,0.011860934292299063,0.04582309864865186,0.291245914203456,2.5348545922043257,-1.1518648202822348,1.382989771922091,14.87702127659577,14.760851063829818
2011-02-01,2011,2,-0.24337474703480666,-0.01419673118624587,4.2561624453939934e-05,0.43734930799896077,0.034041947987172194,2.487779603908571,-0.7731780681234,-0.7297035297340244,2.6154570620964535,0.441271754875487,-15.221399580317666,0.060832969235946166,0.26330866799111874,0.2095387015924075,-0.7327458529071578,0.003641570729526755,0.03830007855111939,0.2136644281049378,2.376661005976139,-0.9857590928889479,1.3909019130871947,14.830000000000041,14.648297872340493
2011-03-01,2011,3,-0.16220967454182755,-0.14148634460661924,1.0269878888378992e-06,0.47006584088458325,0.031002428063926835,1.685851283581549,-1.1758577263759662,-0.5532851939292414,4.236314304928584,0.8605487372786236,-5.883617980609415,0.26632337643201254,0.5483902485969381,0.02219126052671072,-0.5588921926008084,0.009126146447781203,0.061480099344792816,0.28925714953648196,3.6578324398148823,-1.203655985574251,2.4541764542406277,14.768085106383069,14.655319148936144
2011-04-01,2011,4,-0.06670579175909097,-0.09377273244990647,3.426236179219881e-05,0.5556423639227397,0.028318472723367405,3.5309107410205556,-0.14652200720837527,-0.004335631015408126,2.4941009436003014,0.0626144899938943,-14.526716239794041,0.1604970468167437,-0.16265085017538894,0.6738880409125159,-0.0053175170062331745,0.017924866007513085,0.04758976306017981,-0.005789866117059006,2.1083385566142923,-0.8213919341116913,1.2869466225026045,14.76063829787239,14.703617021276614
2011-05-01,2011,5,-0.17359173434425657,-0.025638035748841048,-1.0563224399484997e-05,0.5088791744687917,0.01789798657165198,3.798940455297682,-1.2136476357713946,-0.6179281520244331,2.6569595921288,0.21981328149358603,-9.718305644375505,0.19916093443777072,-0.262314582996396,0.14213003699018145,-0.6183383694112194,0.02241683613492773,0.04856921507758116,-0.028874254762172313,1.9756707932010187,-1.3561878901484157,0.6194829030526048,14.781489361702143,14.754468085106396
2011-06-01,2011,6,-0.08025017218750463,0.26156857690648394,4.435478183567425e-05,0.5342206709173887,0.025903404050189094,3.952238829765605,-0.006105378132360784,-0.13182061298977032,0.34311370329197644,-0.010226934113944708,-7.186282511349418,0.13079943297631758,-0.19475077090185167,0.7846923060190534,-0.12732197649455657,0.02317432260891472,0.02047998814469132,-0.01832571428639085,0.02779043352774835,-0.7862990476560512,-0.7585086141283028,14.679787234042522,14.778085106382946
2011-07-01,2011,7,0.006110107660788344,0.23445319232160955,1.9256461564214414e-05,0.41180407208723935,0.03482213702442016,3.286387318431032,-0.2926239131403463,0.12388302725167932,2.049488577505059,0.30850431184662597,-11.215280453528976,0.24081051499652517,0.0500778858750337,0.9051838566173274,0.12526747248551828,0.028582495897319316,0.04740937546239765,0.05758402713625088,1.5502516365369132,-1.1964233245238134,0.3538283120130963,14.341702127659573,14.55851063829789
2011-08-01,2011,8,-0.05422762404560899,0.21987563454217707,3.490796059959188e-05,0.5031331317677754,0.03575791266016304,2.9617250499776873,-0.5953756400925272,-0.17775362283185814,2.2364214604294546,0.2330039918173732,-12.49316125846235,0.1750059160319779,-0.05231012172091809,0.7806527370040044,-0.17500153848419586,0.022288241330755465,0.04479840145069325,0.050243237292646015,1.7761014308591996,-1.3732762927488515,0.4028251381103445,14.305531914893663,14.479999999999961
2011-09-01,2011,9,-0.13971448114762097,0.15308712353976262,-5.9270235144466554e-06,0.34925489499805806,0.03089339065669483,2.1654910031970758,-1.4069448418364914,-0.5941450279157152,3.282205806741217,0.5688025152670306,-12.52595113714051,0.32729113918441044,0.18450109814579818,0.09903479567765316,-0.5926947776446241,0.020638854886187552,0.05411021954273654,0.10858830592419189,2.5706132504355637,-1.5045293872430783,1.0660838631924818,14.574468085106389,14.645106382978724
2011-10-01,2011,10,-0.09869780059733557,-0.026104403287433797,2.178281334693985e-05,0.3302841357906736,0.022319620546093155,3.193775601970792,-0.9816216340344681,-0.3585589781042131,3.106642827907649,0.6069825702707305,-14.53343006176874,0.236248315600875,0.4768175108569892,0.16561804407587033,-0.3581638244020837,0.02312109496152548,0.05769783556961228,0.14974547217950374,2.740229452893054,-1.146844524408209,1.593384928484845,14.789999999999964,14.791276595744705
2011-11-01,2011,11,-0.20037214328675645,0.08970563040401203,4.726136491918498e-06,0.281377238783751,0.038194612743337575,3.7559045015937897,-1.3122662962741174,-0.8864298029444058,2.970257834819961,1.1658474545613124,-11.248229536198778,0.36364259053559067,1.1041780330567121,-0.2763728484835042,-0.8876202145251,0.02589405117411836,0.056001782835247926,0.3446716913704311,2.544945822779738,-1.0370838593713003,1.5078619634084411,14.783617021276598,14.760212765957476
2011-12-01,2011,12,-0.1606898645578667,0.1443590027179198,-2.7092576741881078e-05,0.26172437684518,0.02787891217662597,4.037345643681164,-0.848505033888614,-0.9027946916471592,0.7325130285116188,1.2375908761136003,-15.092979590554023,0.3913026120516747,1.498426246503044,-0.3857042164390805,-0.8967251039355801,0.028267243353976568,0.026513746714235342,0.38962719376596944,0.6020457868493878,-0.4567312297380113,0.14531455711136587,14.726808510638307,14.682127659574462
2012-01-01,2012,1,-0.24722819954337183,-0.2554000376989052,-0.00011439668834872449,-0.037789556501540034,0.015539121277039047,4.041609535364962,-2.0985323514006495,-0.9754244385629249,2.8422926161183852,1.0683700386125636,-13.084065470364294,0.6202273831815717,1.0461460412840253,-1.0949461754453296,-0.967919409931028,0.035029529067144516,0.05872819079746616,0.2228296092408275,2.1998412356083037,-0.9960811473234763,1.2037600882848345,16.63702127659576,16.500851063829828
2012-02-01,2012,2,-0.23187009343757836,-0.327316229403948,-0.00010930827299946051,0.15308545168381116,0.011962414464142368,3.692277859794366,-2.4097114911775748,-0.922758332162914,5.347917434233892,0.9101444982973099,-7.581660668016411,0.5212360311211341,0.6261544032907622,-0.8309558057835034,-0.9178810814156577,0.02595623687894477,0.08773661045400516,0.25899448787891544,4.542691308106193,-1.5738784346468258,2.968812873459367,16.74000000000001,16.56829787234051
2012-03-01,2012,3,-0.21539759223105648,-0.05813493718272866,-6.379034834786204e-05,0.18676093421105833,0.03572577416855727,4.211049162434328,-1.7689940066922532,-0.9690021431770219,3.6387412558447068,0.7750810827262775,-12.278438129767892,0.40441214911001566,0.507188334488248,-0.6528076264431775,-0.9696282410835693,0.017264842910665656,0.05797264361048349,0.23813001291000546,2.9664363584966225,-1.1168124781556301,1.8496238803409888,16.82808510638307,16.705319148936155
2012-04-01,2012,4,0.0020256019723774443,0.09674109234384787,-3.5189635091501664e-05,0.5323422936949136,0.025907791710880756,4.5940673977820765,-0.150339233236366,0.28793051555851434,2.4814955372767713,0.25363713277026534,-17.40846434663399,0.03608568500962406,0.006216004139702136,0.8548998779468207,0.2932771944070396,0.017124342882404164,0.0473389908541999,0.08953951715984942,2.1979887236366054,-0.9998924323346365,1.1980962913019724,16.700638297872388,16.653617021276602
2012-05-01,2012,5,0.07865350729940701,-0.01191031792410513,-1.7233428049686153e-05,0.4413858367439225,0.016075200333363515,2.622942420195116,-0.7584437038682381,0.7051865520288629,3.885502052144858,0.2648753591830051,-13.75051124287711,0.17490312066408364,-0.12553872929161258,0.8231655745416333,0.7032191569645079,0.016476466232928644,0.06185355310148921,0.03342491927703861,3.320184843006146,-1.5835766734742798,1.7366081695318698,16.581489361702154,16.57446808510639
2012-06-01,2012,6,0.010565744309133152,0.1597289870638292,2.1341310483374495e-05,0.35604868249792787,0.024713221704550814,1.961939115266567,-0.6224822982700857,0.35572850189379324,2.8474145953927916,-0.12653598150544454,-8.931127061514417,0.12707235487087587,-0.5858897795642264,0.8777950421356877,0.36030369648699434,0.016601061578736864,0.0462001879306011,-0.06181340479394137,2.2609884424631232,-1.4957021458124231,0.7652862966507001,16.37978723404251,16.498085106382973
2012-07-01,2012,7,-0.03828656697913857,0.0030339111524995133,7.784108392281351e-05,0.5846442286872637,0.026082582677959043,2.7948622246165513,-0.5816881506158325,0.0881535302029306,3.083120952701222,0.0017976917889512833,-3.4796377398306504,0.10897193469358513,-0.42595451174803856,1.0479346694555716,0.09800627218459113,0.020192335804190442,0.05313082707381822,-0.01186243498010775,2.5463968144706115,-1.6197700780897222,0.9266267363808822,16.141702127659585,16.418510638297903
2012-08-01,2012,8,-0.0018427795401976255,0.08839136912649792,6.88137578649245e-06,0.32035259757358503,0.027815505191276846,2.973748908363426,-0.711943397037146,0.13204656304645823,3.4593055267198736,0.11695753093019334,-9.82460917912249,0.32338029106273325,-0.2553893483643499,0.6664881018300548,0.14183809393841784,0.022150571597970625,0.0604542784293316,-0.015309410350553776,2.7635783563626077,-1.3686399679752306,1.3949383883873843,16.325531914893645,16.560000000000002
2012-09-01,2012,9,-0.028409259179682067,0.27535988183171867,3.91840459018529e-05,0.3841877283696675,0.03561038374270742,4.216277894535288,-0.1195855180600347,0.17266203680725312,2.1781343459479103,0.33645252278667925,-12.013783667556709,0.3418980029658485,0.08580458490999376,0.7519155665826815,0.18082585670578055,0.023588035404304986,0.04417161562841665,-0.04967411927668408,1.5855884051053621,-0.8633372647442137,0.7222511403611449,16.85446808510642,16.925106382978697
2012-10-01,2012,10,0.10065805243419845,0.2287379963649414,6.44495716848395e-05,0.5067495925539482,0.01523620889944155,4.301818959226658,0.20775208620943886,0.6815580398804855,3.3005148229503902,0.6088049473315778,-17.561103840795113,0.23630136369419574,0.4588631634537421,1.3720214638017296,0.6894859680096488,0.023636416922848902,0.06080162704125103,0.08150345741782239,2.91427167537838,-1.1563414494631274,1.7579302259152527,17.120000000000005,17.08127659574467
2012-11-01,2012,11,0.08143815364820739,0.20976424290591922,9.596562845601807e-05,0.6554676422998789,0.021140584312682176,4.924258643338092,0.6793815367180969,0.6842011086066009,2.795294290298159,0.7904159674241953,-11.846247317909729,0.06091975705362529,0.7089607608948043,1.6255858647908212,0.6891019627894934,0.014187545886290565,0.047378514668777516,0.25057600028118365,2.652919326715107,-0.9413034738898247,1.7116158528252825,17.153617021276602,17.07021276595748
2012-12-01,2012,12,-0.19841455124100094,0.25838962029939694,6.029997596491976e-05,0.584142051867083,0.025355499438370566,5.418784758212809,-0.38271842308091664,-0.47795875810629695,2.1952918489950264,0.9122847184928204,-7.852511418997892,0.04014495982653443,0.9337546979494462,0.619837643247763,-0.4733576146888936,0.021772248070957012,0.04835163928391806,0.3771922624619801,2.1766168686251106,-0.9979549229113331,1.178661945713774,17.09680851063831,16.992127659574464
2013-01-01,2013,1,0.001291836593395601,0.5760232960633402,2.0203473465376168e-05,0.5524839843613307,0.03316728314323336,6.344941675970368,0.8511475822405714,0.22054716987787515,-0.4456221345165545,0.33968826925180196,-15.232175786819425,0.0723058245188497,0.5781939721677887,1.1686319118650204,0.22618505102633435,0.027951946024069585,0.015669631160986075,0.26541292481756606,-0.27942225611936067,-0.31184644847603593,-0.5912687045953966,19.09702127659574,19.0308510638298
2013-02-01,2013,2,-0.08288157473862157,0.08525446378115475,4.645118681940313e-06,0.41673082836284436,0.020081295771760543,4.230894503009601,-0.2151972457037914,-0.013609974779740242,2.701692511473965,0.5545199583218121,-15.240026353800204,0.22655779473726056,0.45451889590713535,0.6083298005793836,-0.008338403459447363,0.023623072136164325,0.054256303726953004,0.22404274168968286,2.375133654321992,-0.8182554749628927,1.5568781793591029,19.230000000000018,19.118297872340463
2013-03-01,2013,3,-0.08299109661771809,0.18756392351576778,2.6615234574537544e-05,0.618258900512263,0.013328338303338017,3.8999551462124984,-0.9819195315606635,-0.05146933071694093,3.725709992122887,0.83359886071133,-17.889899604851962,0.24598288333734786,0.5376229948374487,0.6332187638730034,-0.051519953402419105,0.024328956952090586,0.06760051835733627,0.2932270048115555,3.183751242911626,-1.615188918119152,1.5685623247924703,19.388085106383016,19.285319148936196
2013-04-01,2013,4,-0.12558587848178604,0.15011468028035324,-1.4761832945102069e-05,0.29166177236081836,0.0108176755665077,4.282724524366195,-0.9577530244490617,-0.2359154723134793,2.8330121359195743,0.8758721225978405,-13.91481242145528,0.39624025611556135,0.8476818586190973,0.02710056697554819,-0.23583319630404276,0.02376411720927507,0.052771800389106005,0.3012412583349171,2.408581615825298,-0.9847713154151485,1.4238103004101443,19.450638297872388,19.39361702127661
2013-05-01,2013,5,-0.09829787032833792,-0.013239281955407023,8.979168513814986e-06,0.3876635843130387,0.014516898815875812,4.289240279485028,-0.820049214023129,-0.04804824537114882,2.3238431455048953,0.338171720980494,-13.012593774634297,0.20157784911543786,0.011314570362962684,0.31119909253129663,-0.04932539014845361,0.014182178628209474,0.03977825829524395,0.06445359984592436,1.7954081457719013,-1.1325254513317837,0.6628826944401194,19.45148936170216,19.434468085106403
2013-06-01,2013,6,-0.013458559626144506,0.2426619996480781,5.921330033487396e-05,0.5194152518283417,0.019434399156829207,4.087682388977427,-0.12065914906060016,0.004656335244590082,1.704285033672619,0.31944513879578906,-10.573918677939218,0.1379795789906666,-0.11067629867171291,0.8718135271197411,0.003756070038832604,0.011172977159422004,0.027193120175170726,0.048329795503736506,1.1361840172144468,-0.9933729413859496,0.14281107582850439,19.499787234042515,19.59808510638294
2013-07-01,2013,7,-0.17097248569774592,0.10957721117000574,6.993112998681349e-05,0.5677047293739825,0.027053138766903184,3.640960693705537,-0.34392204013153105,-0.5640231433118288,1.5965742975869546,0.09852884136109807,-10.999130484706257,0.03715819770675921,-0.08343232429737668,0.6844147051015739,-0.5608218205227331,0.010171790028211447,0.028068159252751634,0.10359907197488738,1.3774549342217242,-1.025135422443988,0.352319511777722,19.621702127659603,19.82851063829787
2013-08-01,2013,8,-0.04061957417576423,0.09160139823188729,6.272023750999133e-05,0.3599570420205005,0.03069746537645479,2.8132397392412045,-1.0478837755139807,-0.004379003440647011,4.167103520727579,0.534210643826853,-16.733278255022014,0.2794653539718013,0.12104736779438596,0.7041625459089573,0.00463381824232556,0.017508296355562614,0.06414125781080315,0.20837962195633253,3.4744748907233642,-1.7430334997399513,1.7314413909834165,19.675531914893668,19.829999999999984
2013-09-01,2013,9,0.06661971975211145,0.25897630038826946,0.0001006399202730518,0.5969976382213424,0.038603158673374716,3.3807389658924336,-0.034341886405400146,0.46022590494271753,3.3763895127039234,0.5861320837223296,-21.97388284628687,0.19542398482465728,0.38754498317619124,1.3425873308598852,0.46976749737643786,0.025714250059475585,0.06342441799242149,0.224777235440488,2.9823784273331384,-1.36738762483159,1.614990802501545,19.514468085106387,19.5451063829787
2013-10-01,2013,10,-0.07009571179412433,0.17021887970201988,7.755422120403997e-05,0.4957823642215118,0.025158831709247043,4.173914708940025,-0.3932317678554682,-0.21279847335085833,3.540482687624518,1.0345960555162002,-22.888710663522943,0.28055261183899916,0.8161839310989691,0.8011999667560303,-0.2085111019970327,0.030264255269675466,0.06780052820738858,0.2937965743574349,3.0415179513682844,-1.1901443632576694,1.8513735881106115,19.45999999999998,19.43127659574469
2013-11-01,2013,11,0.06756319882578055,0.10521135376814073,8.507184273011913e-05,0.486947329586485,0.03237357884649472,4.311447836798806,0.6366999450003732,0.658447805205526,2.1098627505740524,1.0444190578631414,-27.391247764229774,0.23471293830775153,1.1004037379061486,1.1042232958173486,0.6627754357056119,0.02545511417717261,0.04603554239234686,0.28045480388720634,1.9311344923092975,-0.4631957203168824,1.4679387719924115,19.55361702127658,19.490212765957438
2013-12-01,2013,12,-0.02259371974099622,0.285222405010245,4.797330500972037e-05,0.4279540177729615,0.025178527957410712,4.280032857792506,0.032536766552937024,0.05580496883936803,2.173511688888027,1.2160036901347695,-17.279176900861785,0.208215642449602,1.3803510545717188,0.8294335449811001,0.06130925528253783,0.02732129745993017,0.04805913992752986,0.3932395564698563,2.1296434108753672,-0.7913924919850501,1.3382509188903136,19.57680851063833,19.522127659574494
2014-01-01,2014,1,0.014348926639911497,0.2949818878926749,3.258407037227615e-05,0.36695061858697997,0.024434587377235473,3.841642528120282,-0.1686754968041555,0.36761008980636234,3.061943431301188,0.8539206771104482,-17.953397502584266,0.16325071342936326,0.760830645168852,0.9773810773840523,0.36847158399621094,0.023987390442939294,0.05859585168662873,0.22569774373360652,2.8056026859302534,-1.1451950799984125,1.660407605931848,21.537021276595738,21.400851063829805
2014-02-01,2014,2,-0.1876465257593054,0.2288259563214865,8.514575629402915e-07,0.13890532158005442,0.016094000498647953,3.696672844831191,-1.1903197675761135,-0.5394057780595745,3.2772921672643633,0.7581902361092823,-9.621286935245735,0.3330736712912312,0.5827052517463898,-0.08590174634406367,-0.537547460059784,0.016258004913662027,0.05307522288409272,0.25221686136739585,2.7687335116102147,-1.10255970323227,1.6661738083779483,21.510000000000048,21.31829787234051
2014-03-01,2014,3,0.019181103135849753,0.12061004270645981,4.2073887863437395e-05,0.4221743660611139,0.023418987382409995,3.8245093749842667,-0.25975107708711676,0.4121842123637407,3.1407708865509676,0.3262164371881582,-13.944775113326614,0.11078805441593431,-0.0021839740435254384,0.885037884012263,0.4140632833405675,0.012115234428870636,0.050322602585901155,0.07760057880661542,2.7015824209033212,-1.14290989012256,1.5586725307807576,21.378085106383026,21.225319148936194
2014-04-01,2014,4,0.055240706472432066,0.15941303166158605,7.914743055179897e-05,0.6423934419092596,0.02021454774668663,4.088833760487255,-0.16220336302706073,0.7762666260241531,2.952173427043647,0.18374027973677443,-16.16531710389245,0.006458542293898972,-0.07154746500087583,1.2751252125270867,0.7763556696211822,0.014162188233737272,0.04878529825389988,0.11440112973522965,2.6904271400121402,-1.4372395319570934,1.2531876080550486,21.340638297872374,21.233617021276586
2014-05-01,2014,5,0.07780930120856056,0.35938659789928806,0.00010015060400151397,0.6609129565795229,0.02180733947222835,4.3933704199337456,0.4693068747580469,0.7926797719918,1.518730537282778,-0.007160788868691981,-10.558922848387738,-0.05991312643985225,-0.16997756258005126,1.5251089129453135,0.7886289771966517,0.013431737080051853,0.03078692031801822,0.07234012000888868,1.415826890011246,-1.0598528329824681,0.3559740570287815,21.391489361702156,21.33446808510638
2014-06-01,2014,6,-0.020752695139265143,0.4050622622741571,0.0001429723024693741,0.7759343364820488,0.023526523988105064,3.6157465376123596,0.48342688851789717,0.28581365527247726,1.203172783037303,0.2207262684155893,-6.830172987669357,-0.030877208961101132,-0.0037199177825861796,1.4426839849220983,0.2872605670405619,0.0156293229660025,0.028511131349686636,0.08478649735082122,1.0096038058002321,-0.9578101846359672,0.05179362116426489,21.259787234042562,21.308085106382975
2014-07-01,2014,7,-0.03144461797535314,0.28757374104344535,0.00010178176396081345,0.4875390856878816,0.023934864636186992,3.7845795488115286,0.04868989461527917,0.11113277272528421,1.8352182926163039,0.1929427101523764,-6.2942433399148285,0.07250971413799334,-0.025256496631989478,1.0980561122819381,0.11357901826232819,0.015610550145843671,0.03562398432079483,0.1091293023522173,1.544509371693934,-1.04691997212959,0.49758939956433323,21.27170212765958,21.438510638297885
2014-08-01,2014,8,0.0681867700316161,0.05911514766694381,0.00010641051622999227,0.6107332306143078,0.024336972791276112,1.6914839341083905,-0.33555980400797125,0.8560351046630217,4.664955414152757,0.5119054125185833,-5.1939107507205335,0.07704328967659535,0.0979918348432669,1.4858898106841139,0.8627292371656381,0.018164372576705556,0.07543281148971426,0.20003059241161125,4.1739985468008385,-1.8147554821894545,2.3592430646113876,21.45553191489364,21.659999999999968
2014-09-01,2014,9,0.08858859760010773,0.14569549259556425,0.00015717903253825195,0.6339487638256465,0.03284513033062286,3.060171831734813,0.19755767141930392,0.7797470776870341,3.406502671380821,0.6274803878120494,-8.531984938541427,0.015493298172145842,0.41297557013146147,1.6803273938599546,0.7859148881105398,0.019719021359049904,0.06065496489324529,0.24451588010747471,3.1765045555280764,-1.4766019120171698,1.699902643510903,21.42446808510641,21.555106382978693
2014-10-01,2014,10,0.07346072704154949,0.29027085836844435,0.00012788959605324057,0.6671023706620396,0.025299407397136653,3.8106354360564936,0.6669946119951646,0.8471729046043492,3.1403607305036303,0.8244904880550479,-12.168567364249611,0.014757780792137964,0.7376978886835559,1.7491054791808551,0.850623839942557,0.022643478502423875,0.06141751472257173,0.288736767763643,3.0388103503400146,-1.0786599318474792,1.9601504184925247,21.339999999999975,21.401276595744662
2014-11-01,2014,11,-0.031009782070498204,0.4220705823288995,0.00011623654063741898,0.627026182534113,0.02375860938676766,4.892220418127124,0.45110572496889745,0.2591428144585848,1.8501617447300873,0.9371880285263394,-9.769273201629403,-0.0001887409671894602,0.9141746753110951,1.3970457648566708,0.2677432631804777,0.018824560688459613,0.039792483317695915,0.2843518183595197,1.8273371324820857,-0.9373395911658733,0.8899975413162124,21.453617021276614,21.490212765957438
2014-12-01,2014,12,0.07003011059941855,0.3528348018306815,0.00014263751677121884,0.8096750142657783,0.02788123836751033,4.791474394153624,1.2047235661229365,0.6696520186855537,1.6321006459579053,1.2249036728069314,-4.0451009479147615,-0.0026596895959301037,1.2931816028730339,1.8351739087744932,0.6784272504826276,0.020522574365314128,0.038123531863510696,0.32720027240350724,1.703038265619945,-0.6216751108545395,1.081363154765402,21.53680851063831,21.512127659574446
2015-01-01,2015,1,0.07614768028167873,0.4781264720746208,6.057694796187535e-05,0.421710562841735,0.026530486224192185,4.520729583155834,0.3601983693244506,0.5870888969758994,2.3489196462369364,0.8323163242141511,-14.933817566285143,0.1614085904365652,0.8542749043068412,1.1617119453961209,0.591661168318808,0.02417329947009783,0.049310891550536695,0.22931444273733348,2.209469635893086,-0.7969413047288114,1.4125283311642782,23.58702127659575,23.460851063829807
2015-02-01,2015,2,0.1300887053706674,0.24458342640485853,2.9806596652939138e-05,0.48283458753679653,0.01940061744406585,3.687438876426363,0.5832857149454753,1.1980575123971562,3.1486736539714286,0.3311035953042527,-14.664695684245089,-0.032288258142727955,0.10017120168850369,1.4634857364308118,1.2024066173527217,0.008222395641293012,0.052443232043831944,0.07852737012530042,2.9500295184984253,-0.8758509165297816,2.07417860196864,23.660000000000025,23.468297872340486
2015-03-01,2015,3,0.13274000021624488,0.3201675930200736,6.274554357013802e-05,0.52450644011018,0.02749955350065003,3.881043208609661,0.5859607100456969,1.1019072597389936,2.2131539047674664,-0.04747207267061526,-13.776183958601905,-0.05140938725747901,-0.26744906909925703,1.4976830007302055,1.1035275057035392,0.005284537298956948,0.0348329266552212,0.02313132500583137,2.0445862955963037,-0.9101020447199701,1.13448425087633,23.678085106383037,23.485319148936185
2015-04-01,2015,4,0.015331300620516686,0.07924406857807753,4.1003209733698684e-05,0.40741604947585586,0.013656229319585989,4.019641385926143,-0.3257611303568524,0.7253342027885878,3.3440659162980637,0.1646473466577305,-12.257799534170772,0.12946430588033309,-0.132699363021068,0.8320828697682714,0.7191213613339755,0.010254202104986287,0.05259670466193622,0.06988462705894882,2.9172549007389605,-1.1640568415797112,1.7531980591592529,23.670638297872358,23.55361702127658
2015-05-01,2015,5,0.10010258983527365,0.28562964382035716,0.0001341955864544147,0.6212788515202021,0.010703466692604802,3.4994136505168143,-0.02251523166410152,1.0486641436538093,3.7281417043045337,0.1955620160979059,-7.325274673348758,0.02730568970068248,-0.293080277049512,1.6759227406204786,1.0381327466394055,0.007599044552752954,0.0536732188823561,0.05546941836425212,3.2121937214564156,-1.7089693692990373,1.5032243521573818,23.611489361702183,23.57446808510639
2015-06-01,2015,6,0.11798151997874129,0.3633162990981873,0.00021440252433707445,0.8392433538780466,0.01460032638064801,3.466755392120362,0.9482510230832304,1.1072381768096875,2.3968409825272374,0.04971003909565752,-0.7720546633208869,-0.15202393832313987,-0.37272031022485663,2.1664564092387195,1.0996805826229092,0.009048355877239622,0.04005794177205457,-0.00249032322385645,2.1264345715298774,-1.2257629803421146,0.9006715911877592,23.599787234042537,23.64808510638295
2015-07-01,2015,7,0.0728382855164682,0.1367989463017807,0.00018823998540871273,0.7003384460024797,0.0074285415939772115,2.153404447299927,0.6815644139750248,0.9471219467813512,2.2490424496841115,0.1282673793901168,-0.775790195184527,-0.11455086112161439,-0.1718327402563773,1.8623989268401715,0.9498659077927414,0.010823582894994743,0.04091769469005868,0.07175990866660875,2.0634931911592176,-1.1780905518537388,0.8854026393054824,23.52170212765958,23.648510638297864
2015-08-01,2015,8,0.1684268865823242,0.2317913697302174,0.00022055110011359215,0.9638900372231554,0.021868685572904334,2.5170705324304947,1.3760823905976167,1.4826526059270577,3.24911442135587,0.21870689890529604,0.9519747890299186,-0.259559964988199,-0.11372322614149155,2.6451596754478715,1.4923100186096576,0.011203554016825823,0.057344740220523605,0.06329116486760888,3.176244261297363,-1.2594198721676442,1.9168243891297259,23.505531914893652,23.680000000000007
2015-09-01,2015,9,0.19563670242257558,0.24649220436936048,0.00025425706615595303,1.112023968908975,0.013667424398518646,2.4694535454754956,1.3839196405315874,1.7384100633738058,3.4068762128356695,0.2206984302642674,4.594533844239777,-0.27139501492027307,-0.036770953063768985,2.9452013415419174,1.7534557505942416,0.018753963754325476,0.06361375603991659,0.030967235968718754,3.4208018444279205,-1.546236013789919,1.874565830637998,23.644468085106382,23.805106382978693
2015-10-01,2015,10,0.36971868416429743,0.5899611811952354,0.0003171736163201395,1.281818157026354,0.024624542235053504,2.8236313400512074,2.308552159944327,2.426669848946233,3.6232698877203973,0.6354887607182462,-1.6734365305746906,-0.24873872102824635,0.4419719029394287,3.779829143030952,2.437453548806616,0.03557941529479436,0.08164134154678315,0.20446752827573178,3.678491750969833,-1.4604932832262385,2.217998467743591,23.75999999999999,23.87127659574469
2015-11-01,2015,11,0.35038461604392523,0.5312479986527592,0.00037068951900051834,1.5214306828429578,0.029756476012153144,3.95631826686774,3.1217635930308916,2.2380192555615395,1.967132200443956,0.62317123556182,-1.0799799144733697,-0.38288927621738367,0.7060371065979894,4.086755541733339,2.2385679356415835,0.038369261192627846,0.06437967958299895,0.27033695900097676,2.432887347697516,-0.9644432686223965,1.4684440790751196,23.953617021276614,24.020212765957467
2015-12-01,2015,12,0.41905254298740147,0.6687581163111531,0.0003545224634229193,1.4242064831207806,0.026705117751608776,3.76852453715874,3.3076193685309363,2.407652472717473,1.8660408558308461,0.5610260895464307,1.3886561913968762,-0.3950615665456496,0.6698642060821101,4.070888791837774,2.4083084828063193,0.028466805533462036,0.055742999793084724,0.17623754934037272,2.369940538912182,-0.7626134132180447,1.6073271256941304,24.36680851063835,24.342127659574487
2016-01-01,2016,1,0.4637050284648012,0.7994708809450799,0.0002919768936715753,1.1785245749695648,0.014685044419829874,4.230147124163203,3.046488243236979,2.6524143180907913,0.7292426031276875,0.19398682418074387,-2.2927702856832184,-0.33604880196625686,0.2401041519674152,4.007593314042595,2.645818662673662,0.022967289745686514,0.03212884080887779,0.11209026884674955,1.1114087328806619,-0.9677007262227946,0.14370800665787087,26.63702127659576,26.5308510638298
2016-02-01,2016,2,0.6315394144042443,1.0740299218995233,0.0003034538708823406,1.2487910323106988,0.03469783206560739,3.98602713867718,3.386731235179525,3.1970158607081203,1.379543592942781,0.004348458783784537,-3.913870310439961,-0.28984495975529967,-0.31260652623901564,4.307117551017711,3.1923251524487455,0.02141618557915237,0.040372514338471444,-0.07372462869560259,1.35243356767527,-0.9250770240975719,0.4273565435777016,26.78000000000003,26.62829787234051
2016-03-01,2016,3,0.5668472346355884,0.9787689417785259,0.0003511839759533387,1.517293140107192,0.010702377233205773,5.186888124202731,4.14449251005783,3.354117668214542,0.4387254120888713,-0.4930657118651851,-11.561806432000594,-0.6283089748939403,-0.6006392600779265,4.8360742890316715,3.3510606031734937,0.023764186883814986,0.034995903671575235,-0.13476680124619556,0.9594608387700134,-0.6946388440149001,0.26482199475511337,26.928085106383037,26.785319148936196
2016-04-01,2016,4,0.46589943244310916,0.9264809200849982,0.000308082675527099,1.2392229887620552,0.010051753037843003,4.466468344946655,3.1076969883476977,2.871515465295431,1.1233619378596416,-0.3321225010526483,-8.00829747779062,-0.46155998424421796,-0.5220756833224556,4.206998930023531,2.8668258171020966,0.023493962296152304,0.03976927504835581,-0.09872132386467314,1.394968739834077,-1.1039915898691426,0.29097714996493806,27.050638297872354,26.943617021276623
2016-05-01,2016,5,0.34285344323080835,0.6588053317179288,0.00024613391514181383,1.1996830157123775,0.0002150075050449951,4.36156826828902,2.458201158268025,2.0912762635223885,1.3268622549911697,-0.49514154302433155,-4.810011543610017,-0.4283609376241486,-0.6102647826448333,3.4394575757745542,2.083013671024048,0.021977586304959384,0.04138243571596112,-0.11707102520538903,1.6400999529947882,-0.9895190100049227,0.6505809429898672,27.111489361702183,27.064468085106398
2016-06-01,2016,6,0.19466810329822692,0.4011270621206222,0.0002537097233892751,1.1178404285306733,0.007638062179129768,3.2257162098097467,1.1869564190473056,1.483225295919567,3.253800848852137,-0.06890514452980412,2.0778724895208143,-0.4074981206510415,-0.6713962531599087,3.059492026949897,1.476212799758116,0.018596006712577662,0.06098638703543546,-0.07294826059503379,3.058807860873067,-1.8795481040638933,1.1792597568091736,27.16978723404253,27.18808510638297
2016-07-01,2016,7,0.29638475730672553,0.4370649126024091,0.0003088635631109133,1.145772193549039,0.020272230395907642,2.3829026670280555,1.8244189152165973,1.76732321739388,2.8514530811029886,0.05598724888059081,3.39701505152334,-0.3543820731709957,-0.37996695128694213,3.5299893604136514,1.767692584002134,0.023259597267818677,0.05818122428517247,0.016628675666799708,2.7698809541064193,-1.7052010785887788,1.0646798755176405,27.2517021276596,27.31851063829788
2016-08-01,2016,8,0.31942003649544404,0.5192548380404105,0.0002971424109770929,1.0779847203962625,0.03915770518397921,1.819229858388546,1.0078058898981226,1.8209633558417408,4.002464936252238,0.2657943751678147,0.8478091477882117,-0.1615430718285893,-0.22530617724945756,3.263727167754894,1.8229651148554922,0.025133992745002498,0.07283225767469137,0.03565711496955082,3.6729074556635553,-2.2539195188430057,1.4189879368205531,27.23553191489367,27.359999999999957
2016-09-01,2016,9,0.2830380877892935,0.5954602200387171,0.00032608725252825273,1.2202162257560367,0.02319045196697711,3.5778522067393723,2.451799206390376,1.6363446129354884,1.9853507694436985,0.08816372051747834,-4.727425215154653,-0.319445938749368,-0.1110705572804136,3.5284221493208747,1.6334750015241184,0.025662541400372163,0.05141264139881052,-0.05484152318451585,2.1055624303951603,-1.0794925543418934,1.0260698760532634,27.274468085106435,27.435106382978688
2016-10-01,2016,10,0.2595780950657627,0.5839325029302245,0.0001863092873326394,0.7060544278711305,0.019728061900794014,4.332899343002175,1.5482185974543654,1.45515962308275,2.4975197667274074,0.1214371444369462,-7.2293196479731705,0.012959604003697223,0.07117857346072043,2.374653569381337,1.4550418632342712,0.02791488011701393,0.05777621173149372,-0.006590058962945733,2.4343015917474915,-0.8265527317754469,1.607748859972041,27.370000000000005,27.501276595744685
2016-11-01,2016,11,0.32488214474153665,0.5677503303269873,0.00014407817094111777,0.6225626481920479,0.0065722094709067536,4.37594488416282,1.2308373117165274,1.6613835900443519,2.734041339199564,-0.591649772242981,-8.39378010375367,-0.11231623798730084,-1.0316116220369622,2.480872613266115,1.6592920211408568,0.017956576360330878,0.04905802456499986,-0.20146848446158216,2.4063957273928622,-1.2521268704530755,1.1542688569397903,27.373617021276573,27.440212765957483
2016-12-01,2016,12,0.26538029831408494,0.31753236862215317,0.0001803602608734193,0.7253066171534357,0.014264982402007909,3.7815453864724446,1.3963165794253882,1.5571058621528096,2.380216493532288,-0.5850160310905821,-5.606535193321179,-0.30681440600392307,-1.0171517761241518,2.4053850751870414,1.559871719346745,0.015224444386403135,0.047919485569297926,-0.146491758800801,2.254895154502613,-1.0063026385677745,1.2485925159348348,27.386808510638332,27.37212765957446
2017-01-01,2017,1,0.31993154943756963,0.4637232809750458,0.00013949894598757479,0.5737697174822962,0.009036143470004587,2.6505759705476066,0.8630065920613106,1.789840582207887,3.9125650362669546,-0.000409672398376415,-3.0199550406978233,-0.16485771411049654,-0.4150714882443438,2.29279800681212,1.7913044761081665,0.015172024002846562,0.06549769564919039,0.0209843121850799,3.662760934531512,-1.4283275208505835,2.2344334136809287,29.34702127659574,29.180851063829834
2017-02-01,2017,2,0.440025667673865,0.4353744723388786,0.0001808668803432393,0.810023385194711,0.012852767197490289,3.4486309619701174,1.963881261256006,2.1924272653636194,2.9431999161928672,-0.08092649021615017,-11.384847590641584,-0.34158822176544845,-0.34893172969494657,3.1837773554906903,2.1796828246437485,0.013500370531769335,0.054002958840435156,-0.029830989793714124,3.016782898479512,-1.232640534954566,1.7841423635249498,29.450000000000045,29.248297872340515
2017-03-01,2017,3,0.4540049861209354,0.2796074597848701,0.00020580596048193865,0.8330597069519605,0.020358629233323433,3.2812602222343514,1.8085526323965837,2.4490080256964575,3.6809664370176733,-0.3363050264067553,-6.777852497587446,-0.33996792986488344,-0.7330439789718355,3.093230544923472,2.4419016567630933,0.008912374176324178,0.061849904764801344,-0.2814782380623182,3.624195414317427,-1.291784281460263,2.332411132857164,29.418085106383046,29.255319148936167
2017-04-01,2017,4,0.28541057129933733,0.3411567007213989,0.00020515486993919786,0.5964087750985989,0.011187214034022896,1.9783078769473263,0.4589599408295726,1.664787246942467,4.171597295094017,0.030991545936227993,-11.561188705687528,-0.08421643097042875,-0.3626086562407167,2.2744089410405763,1.6595552723849778,0.013850034013953127,0.06728457418495859,-0.12138805676167586,3.8622135238875117,-1.820680974768468,2.0415325491190472,29.3106382978724,29.193617021276623
2017-05-01,2017,5,0.3192809398077543,0.5632470284382407,0.00023343946720361455,0.9144089444412522,0.01845017546070804,2.675748417117177,1.9869964358175025,1.758758768040991,2.0860958923463215,0.16028972744108216,-11.009072866072529,-0.24145158888984497,-0.0033220284663926236,3.0255418116624355,1.7465221283458732,0.018361578794396483,0.04509327891512571,-0.014693194040916069,2.1639357253286704,-1.0507820155401042,1.1131537097885698,29.341489361702145,29.294468085106416
2017-06-01,2017,6,0.1771980166848266,0.32279337435608113,0.00025227930298867517,0.9707872579702084,0.011660790625560802,2.5274865192293774,1.3017548565537709,1.3277039844699061,2.07290975791895,-0.0014757372288158876,0.4550431334064342,-0.22797556527584106,-0.2521863048900208,2.6536008605836514,1.3252744298262655,0.019314287717346,0.04343719616811281,-0.038061247343629034,2.0501747555335683,-1.354275558673372,0.6958991968601964,29.37978723404251,29.418085106382932
2017-07-01,2017,7,0.22772057853575234,0.3582649111691012,0.0002466119216507131,0.9163852084887019,0.023265393149820457,1.8102680372443842,0.8262245793801526,1.3521075757251992,3.3022693661299343,0.08464188593406874,-2.751470263072406,-0.19466874431927295,-0.43758420363284145,2.6670212783443503,1.3501514336772402,0.016802599687380404,0.057020784970595706,-0.08141156296104768,2.9747120208822793,-1.842752841012139,1.1319591798701367,29.241702127659607,29.36851063829789
2017-08-01,2017,8,0.23625263524229467,0.5048504524833675,0.00028340427649089193,1.0640652380778235,0.025121768768594288,2.7833810747301087,1.9607798802200023,1.4220037897364932,2.130368936272248,-0.04835969525399619,-0.8066111205262132,-0.31312994653075066,-0.4440444396806207,3.015753178180887,1.423565255689141,0.017988513094844283,0.047416246848623445,-0.16929572670787962,2.0478141383763884,-1.0534118320082229,0.9944023063681691,28.98553191489367,29.19999999999999
2017-09-01,2017,9,0.18030634349742058,0.6870882904968312,0.00020670546613565238,0.964055855570269,0.02071419054616086,3.501404565048425,1.7385897567959887,1.0669910334765973,0.9889644956692223,-0.16724100272076114,-5.74105744996632,-0.2960017129659889,-0.3732097527096876,2.508966217214038,1.0719523957482124,0.013611755806212322,0.026606833544484676,-0.192852951884257,1.0789974586462776,-0.7654150981464625,0.31358236049981514,28.934468085106403,29.135106382978734
2017-10-01,2017,10,0.2738956717247447,0.7821785620536161,0.0002312038555149394,0.9779207903343945,0.026244484247963884,3.584036174383961,1.7749931361983613,1.1569423421969418,1.4100522027655984,-0.14590797742068418,-11.804249222244835,-0.36512466262558974,-0.36424007100249156,2.775447925869287,1.1575648294123653,0.007312700635999647,0.026763947909623553,-0.09998480073259053,1.556844771809402,-0.9998323024554985,0.5570124693539,29.109999999999957,29.231276595744703
2017-11-01,2017,11,0.19758124112871656,0.4880852174376855,0.00014061035177451858,0.6260079133259566,0.01097023813318354,3.5761136429842963,1.2891844104043457,1.0393920135696249,0.9672495438294391,-0.4474994584564591,-16.547559346538037,-0.28999314849960456,-0.5874404695440205,1.9934123515529905,1.0313684490043897,-0.0016812104469439149,0.012624909461699918,-0.14764446229315098,1.1173016812414858,-0.7122515057138727,0.405050175527613,29.29361702127659,29.34021276595746
2017-12-01,2017,12,0.2700770047310357,0.6049423196682255,0.00010488070712581961,0.5871500309699513,0.012159044815725273,4.204846589950478,1.2380520533162098,1.1708273172777695,0.6419367805865193,-0.37574963457252863,-14.13272057431459,-0.22532138626428377,-0.690229874406711,2.1217930666076654,1.1730072283156119,0.004751838837043998,0.01086083575279373,-0.18292685261350172,0.5527779270165922,-0.88156110225367,-0.3287831752370707,29.466808510638316,29.41212765957448
2018-01-01,2018,1,0.17359876303402189,0.45278265873537293,6.842390695277478e-05,0.4352950588661919,0.01884072073632903,3.164560882690118,0.161706152921397,0.6821000249332769,2.544555755005149,-0.11596927176536553,-14.444090292119654,-0.10473865896463508,-0.5919374138555753,1.5275814310845703,0.6781684064534943,0.0065383944592163346,0.0380617874393292,-0.19826188268008949,2.1733262718795885,-1.3698068966430057,0.8035193752365863,31.55702127659572,31.420851063829843
2018-02-01,2018,2,0.25301547571098126,0.27590948806124516,9.721242482483954e-05,0.7782724252329132,0.008721677767558611,5.924721494218339,2.1863688972291015,1.1925374977464571,-0.15813827878361053,-0.6402585888786199,-15.73861889987893,-0.44653562158276827,-0.7298907515812516,2.347536983654038,1.1918474280066107,0.01586343822498648,0.017458313240721335,-0.2996820683451027,0.19876518009653665,-0.16185815616479005,0.03690702393174661,31.78000000000003,31.62829787234051
2018-03-01,2018,3,0.2197358635973501,0.34019017369536186,0.00013129633236933815,0.4652361674799117,0.017676881678926892,3.2240859288931176,0.5491662850716921,1.097485827620062,2.887911381200553,-0.15653594726332898,-21.71010656260478,-0.13618076479758656,-0.5452752571616131,1.9791247891089938,1.0989457090393557,0.009414676174014147,0.048359919844403354,-0.1527702928654353,2.6353528360998624,-1.4284986226180152,1.2068542134818365,31.888085106383016,31.745319148936176
2018-04-01,2018,4,0.27365741720473125,0.27745270326653326,0.00012768804091109823,0.5175851126711208,0.012770728394369657,1.6940284464374855,0.33997210788174925,1.343024161251435,3.908092170898186,0.02832350200973366,-21.788783166572102,-0.09809762810689904,-0.48862083364470266,2.2029614413713716,1.338974368564152,0.00697639592063215,0.056624448542605954,-0.15957774258692226,3.4892454633506773,-1.8670391261768806,1.6222063371738003,31.790638297872363,31.713617021276605
2018-05-01,2018,5,0.15982510299579644,0.26137911203539943,0.0001317232143857143,0.6024468815328738,0.010748442653222279,2.8456429759464896,0.13360384943831605,0.9227197219425989,3.4305414809670083,0.34429046205248426,-18.72314787033247,-0.09914659934216274,-0.18714563199944934,1.8326581646637123,0.9126935051257874,0.01203376240402454,0.05474916989852474,-0.04429003047340352,2.9982519862571877,-1.709080532042261,1.2891714542149284,31.631489361702165,31.60446808510642
2018-06-01,2018,6,0.11355421034215851,0.3235825052187238,0.00012862691031867435,0.6253790718706256,0.008150018575656781,2.5369790072504443,0.31099684174927233,0.5819060317928688,1.9566270233055434,0.07861750285952596,-15.886757150336052,-0.17489604527489178,-0.2238377932676876,1.8501299053546063,0.5749066026226046,0.01384792906768384,0.0356509881244067,-0.016717741163777333,1.8290677724532216,-1.546132492775449,0.28293527967777266,31.599787234042537,31.60808510638293
2018-07-01,2018,7,0.13787553192747737,0.4684423793088399,0.0001880330420120143,0.8717209820167611,0.022217434290206173,2.2333849304943882,0.5579142353304292,0.5615516117836705,2.83443972162155,0.3156435604780974,-16.94959037663648,-0.24125350701123693,-0.04963105143836444,2.322493116827445,0.5527849469851844,0.011980435400736678,0.04679238362582527,0.08668980648782565,2.710418616716325,-1.7733455462954808,0.937073070420837,31.631702127659594,31.76851063829787
2018-08-01,2018,8,0.05541163866911347,0.3191882345785757,0.00019108691287489203,0.7836755811335756,0.030705692928159833,2.1478565816588144,0.803313530824596,0.21871526663005625,1.9428407684462172,0.12755003919535568,-16.992358555886312,-0.24775963634655795,-0.11864909662807221,2.088161457522176,0.21992613377244652,0.013566833091873676,0.03884371686184096,0.08377049897903888,1.9444012689693793,-1.283637059555172,0.6607642094142072,31.565531914893654,31.80000000000001
2018-09-01,2018,9,0.039911912112188475,0.22104455897454045,0.0002103697639729528,0.8153163173964906,0.01422301569120954,2.565868425881419,0.4721121612912498,0.39600880456305276,3.167620747380596,0.4334728968917396,-16.14306498267979,-0.17638869019654635,0.11117974404505304,2.042165264386256,0.3949178362358339,0.014461310060604138,0.055024921078193234,0.12081427224676666,3.0217162847304593,-1.5711440714222498,1.450572213308213,31.504468085106396,31.705106382978727
2018-10-01,2018,10,0.20667422920172385,0.2900678411017452,0.00023196608541034038,0.9255455799615397,0.01305199699738846,3.8989398882850494,1.6184623337292692,1.3289250362262806,2.2909998822916293,0.5758297534521972,-15.738847387561691,-0.2550609585184418,0.3961437729819579,2.8611553093961106,1.3231370963406448,0.021542118728214987,0.05005040669697447,0.11485383705340624,2.366374860339839,-1.2484809155524736,1.1178939447873617,31.620000000000005,31.711276595744664
2018-11-01,2018,11,0.1413061471622541,0.38453191056908054,0.00024617868413621784,0.9004430882794701,0.006230339377790051,4.317384840964067,1.433802107879103,0.788688502933212,1.9842786683960583,0.4208528659806241,-12.954058493312914,-0.28172664594438857,0.48445603367898826,2.536183765214844,0.7817932269514358,0.023562842837791642,0.04980561965741881,0.1721699202846647,2.3296084820388216,-1.1092769333175063,1.2203315487213118,31.713617021276605,31.680212765957435
2018-12-01,2018,12,0.21975852007000185,0.3150010326373831,0.00020725514460922037,0.898655200161727,0.017848912110842607,2.9450321474927676,0.9641551372270101,1.167308952933638,2.9545152888184703,0.5127455222858011,-10.897147440962726,-0.2798564252427411,0.16547426248640562,2.476813000235836,1.159519337530071,0.019851175844868507,0.05687948728175529,0.10690253638757419,2.8871004542618053,-1.52044747841245,1.3666529758493553,31.896808510638323,31.772127659574494
2019-01-01,2019,1,0.19303539116992852,0.4363024530641155,0.00016635941098537554,0.800153285823896,0.002233799989234675,4.249611157388706,1.2991330184155458,1.1607944411420021,1.5068542226495651,0.08559068805971037,-12.469585557482787,-0.1674104501830982,-0.14758868348232568,2.34316205207233,1.1555288540508855,0.024767657762029494,0.04207481502749655,-0.028713846511568164,1.4410853012906415,-1.0492946207479505,0.39179068054269095,33.95702127659575,33.85085106382985
2019-02-01,2019,2,0.23095922488482756,0.4370770446188885,0.00017923395597184075,0.7015451298603566,0.002727519966751135,3.5263427416629227,0.8593707248554097,1.2475571198909279,3.248161442441301,0.2646690480306688,-11.170506299487897,-0.0863680673086833,-0.043315394312294586,2.3760089279689396,1.2361936489126606,0.022550192642346367,0.06151608653059748,0.04459564035040664,3.026545067407035,-1.5280016740918079,1.4985433933152308,33.89000000000004,33.77829787234049
2019-03-01,2019,3,0.42934809362463966,0.3821392733602238,0.0002077905855880375,0.7650246285939133,0.004373952191085939,3.5370200226893047,1.6302713200916514,2.130119503779895,3.5538175048893947,-0.15176644508281711,-19.16306825140782,-0.13348645996197206,-0.46201151944622154,3.1484457892518662,2.121635867642169,0.01823984358522779,0.06478017550072224,-0.07079418100225432,3.377058890487973,-1.5266581052979475,1.850400785190022,34.00808510638302,33.87531914893617
2019-04-01,2019,4,0.3478645565482452,0.6047161055838046,0.00024387501378109883,0.8610266709099506,0.005283680604021401,3.4852706769081863,2.0466496582518516,1.7946582126334079,2.444034786235079,-0.35386908767669567,-21.305326734596747,-0.23495600528559635,-0.7441377523535735,3.281791286958594,1.782617369514071,0.016082086889373848,0.04921856754339249,-0.1859462668396077,2.2887221268438296,-1.2471824718260542,1.041539655017779,34.0606382978724,33.98361702127659
2019-05-01,2019,5,0.20042254452766883,0.3969890360393151,0.00021473933662011398,0.878818781310045,-0.010253731479547668,3.2485616532028985,1.3603765584951475,1.104442046624115,1.722918323392804,-0.44530323429560426,-11.111236044729594,-0.2385641361644275,-0.6458765384100289,2.7092547117457,1.0895448402411603,0.01186454965202266,0.03454539928802802,-0.1101333628472041,1.760909155442782,-1.3637753596335607,0.3971337958092178,34.06148936170217,34.024468085106435
2019-06-01,2019,6,0.22924500935448577,0.6502184590374895,0.0003116937035778748,1.2290542496924424,0.014500419182578383,2.8777370695116247,2.1121198723189423,1.209275290339292,1.4554812656981824,-0.2819741358119501,-11.144269950760645,-0.444635209277493,-0.6371023190363303,3.557196103736999,1.1940666473668102,0.007979229135572918,0.028450224008905067,-0.11852535475119019,1.544988291751288,-1.4602848743903891,0.08470341736089892,34.079787234042556,34.10808510638293
2019-07-01,2019,7,0.21264002740161914,0.4475299739773959,0.0002554894655649141,1.0093361452540641,-0.00190966636211376,1.3156958140169266,1.074897858793463,0.8754586296691969,2.952863554675588,0.17390517447802623,-12.683655991990236,-0.29236092165851346,-0.32421164482775566,3.067194758376104,0.8695339906724939,0.012314807088942281,0.05105492499767239,-0.011407955280375859,2.747107657028309,-1.9982215385793225,0.7488861184489792,34.02170212765958,34.1685106382979
2019-08-01,2019,8,0.21415474403141843,0.44370484612142036,0.0002888509686538917,1.0627583332239752,0.016491163272342235,1.309185972377378,1.0342598235686182,0.9801220195946598,3.7889351914136284,0.25412988535329006,-11.615191136690555,-0.26199406822379956,-0.2561370871872022,3.035679182215233,0.9720960724220618,0.016542310934570814,0.06536397767942148,-0.009695778382937448,3.540662287096943,-2.0094453058192023,1.5312169812777476,34.075531914893645,34.31
2019-09-01,2019,9,0.20003150088314214,0.5778710104543165,0.0002636758717217535,1.1123599385430296,0.0170078646340599,2.759559317712622,1.3077856569836968,1.0311169260251063,3.8923893539046617,0.4749820481087603,-15.078446552244714,-0.3384852702987189,-0.032751756888320216,3.3167137730048353,1.0257910216764685,0.023621086472671582,0.07301019212014648,0.03663471212118985,3.7231408192063142,-2.014254020369801,1.7088867988365095,34.234468085106414,34.43510638297869
2019-10-01,2019,10,0.29059660210060656,0.319555986500518,0.0002731336956697406,1.0648237473213804,0.011550293133192446,2.338360210283355,1.5257680579992439,1.4577067039015787,4.552266097921915,0.5914756096820675,-16.377240422734758,-0.4128181616121651,0.29750762456006186,3.331862433894514,1.4509607409188447,0.008481382226092737,0.07084778496630717,0.16860061133586335,4.671116274412093,-1.8128403388780008,2.8582759355340883,34.39999999999998,34.47127659574471
2019-11-01,2019,11,0.2750326942430661,0.5101844224819274,0.0002498024073965179,0.9156742521169541,0.008387459789692908,3.523336200682607,1.7110671824649444,1.3901906342452435,3.5385251386997822,0.6475316429923197,-12.712894029333256,-0.374259614725446,0.3841971364301031,3.1289567045577087,1.3835979182694587,0.005975937852461755,0.05418765162621675,0.203150403614897,3.6494502468630117,-1.4244822380685456,2.2249680087944697,34.463617021276605,34.38021276595748
2019-12-01,2019,12,0.3929329831885866,0.6020379285525905,0.0002556852190417191,0.8016259122190874,0.006825438621750224,2.941095891996227,2.1185992146239414,1.8652220529609735,2.604736552485832,0.516113050430647,-10.641726985675632,-0.38331862826254337,0.35338822451957697,3.408904253772789,1.8547110183645827,0.0070063666176283235,0.04477904619506701,0.1458004689022161,2.8253303548372415,-1.3008160737452954,1.5245142810919425,34.466808510638316,34.32212765957445
2020-01-01,2020,1,0.5160512826151944,0.6364724951291691,0.00033314541015147525,1.317042300641777,0.008268772256255996,4.144731687867356,3.868513678666943,2.2103917259384502,0.49256995260992653,0.07805606626744321,-11.171709799542441,-0.6390095190145075,0.061717646077333654,4.207428499699404,2.205807226976731,0.0026232231209224466,0.01708618222506253,-0.16458788863311646,1.115241051434353,-0.3434993199942298,0.7717417314401267,36.45702127659575,36.2808510638298
2020-02-01,2020,2,0.5798006251065999,0.8609181859442856,0.00030706631472244075,1.2305079475989693,0.012951222078868008,2.8970171742530653,3.5779130397728522,2.466276297805166,0.6291720487630528,-0.20595484408096354,-12.22603466140572,-0.5863383810008145,-0.36620546203022997,4.225517028881427,2.463598897049053,-0.0033524766107264625,0.011576323800323252,-0.3416919099065048,1.055259811814615,-0.6502813898646984,0.4049784219499202,36.49000000000001,36.35829787234047
2020-03-01,2020,3,0.39199414090938944,0.5952963210608573,0.0002770525197682387,1.0775162156521638,-0.004232324980608881,2.8976330832831465,2.927163338433047,2.0633655876129637,1.0696783807618715,-0.523485489886724,-13.040255450527184,-0.5217387943271774,-0.7688869979209159,3.6734869656467026,2.063654025676442,0.0007962260957530276,0.022374998995822626,-0.3748188032755557,1.3460156670548713,-0.7460351891501844,0.5999804779046833,36.54808510638304,36.43531914893617
2020-04-01,2020,4,0.3927734218545993,0.5390245511763396,0.0002459880044267983,1.0258192139533477,0.0027010144989135787,2.2831360494169104,2.22850322660139,1.9053990803317333,2.633251887711424,-0.18417386304066952,-16.585824012450757,-0.3086860103747142,-0.46266432830278603,3.585667732338834,1.9030361906652615,0.015281531582695518,0.051351612794513724,-0.15167265042191502,2.663447432824036,-1.359527395403891,1.3039200374201485,36.57063829787239,36.513617021276616
2020-05-01,2020,5,0.2818421627785028,0.7055655680534301,0.0002872922839058153,1.0094706604703632,0.012061063114524373,2.7189772941442243,1.9159784376399216,1.2206732810954009,1.7691237481362236,-0.15973995444573674,-16.047038338394486,-0.18406952715736224,-0.15350412125346935,3.315680837845605,1.2098677192997798,0.02602370191509573,0.04708167433078314,-0.004631406969345164,1.9594291084857574,-1.4105079620013576,0.5489211464844086,36.51148936170216,36.494468085106405
2020-06-01,2020,6,0.21903399902703313,0.5586579409727506,0.00028896629466787505,1.3050890107815114,0.012392001250459694,2.73925048194679,2.3690100041086453,0.9998478912723385,1.1359725379762153,0.06867948769311027,-12.342321753996657,-0.43519609375434243,-0.0732283360965802,3.708188663862245,0.9875905888891339,0.026479095132666775,0.0411277432213617,0.05851468190025422,1.4292608079408424,-1.3514359621366552,0.07782484580418725,36.41978723404253,36.49808510638297
2020-07-01,2020,7,0.1948258973362158,0.6199131570631948,0.00029872306079531397,1.2753288548898318,0.01562506802327379,2.115777925706503,1.8532386597376558,0.9840007409502505,1.8851968348421906,-0.061604824685563386,-14.656325500269304,-0.32923744437351843,-0.21894072031198775,3.5098546578574883,0.9769500999875618,0.02533341328614247,0.0481033192671565,0.0692847029945085,2.0570983835892633,-1.6636666390825,0.39343174450675633,36.3117021276596,36.51851063829787
2020-08-01,2020,8,0.14496114430778562,0.5810342293938788,0.00029882517039419264,1.1526020896478464,0.007422934435405759,1.3719878152927052,1.2216439107823476,0.8618617562043482,2.978659426510035,0.24628056339093263,-11.467112585931318,-0.1449082836298885,-0.10057547667797806,3.205393353267084,0.856433580009309,0.026663212598513564,0.06024096277423485,0.10166457884736069,2.7767116700710446,-1.9891776186797614,0.7875340513912867,36.16553191489368,36.44999999999999
2020-09-01,2020,9,0.27784891275422297,0.6082663102239962,0.0002921185352784527,1.3006631629738443,0.008146969301978557,1.903763757826212,2.4041953966741403,1.3188359797947555,2.3556249600682406,0.6813138886902124,-17.848008965083864,-0.17752384824055412,0.47677153412936235,3.718311032600866,1.3136437987160434,0.029928052418978,0.05720032610984571,0.20820069190081902,2.3286064537479874,-1.3193078170054626,1.0092986367425212,36.30446808510641,36.51510638297873
2020-10-01,2020,10,0.22028104597711717,0.6228404065843733,0.00020923160142543966,1.1584080700316512,0.004968834495935992,2.926041200561599,2.0598844965938383,0.9887721256651503,1.500462146643656,1.1140103796921395,-14.895471556126722,-0.03743190971707122,1.0581395379225143,3.0078374824084335,0.9893921360587115,0.03172712287906254,0.046034396227691676,0.24848867246838502,1.4820232145910808,-0.9473329754210305,0.5346902391700539,36.620000000000005,36.68127659574469
2020-11-01,2020,11,0.4114215598344799,0.7044556470447105,0.0001840053414113186,0.9217475000617377,0.005401878717519071,3.0792326752093544,2.6985216745187586,1.8527491229580164,1.0633808603722343,1.256248003521364,2.743918501029839,0.02546875813686711,1.3513332729738892,3.16394080095165,1.8502392247454509,0.04418787616965325,0.05215209679639621,0.2741081885133543,1.1329973716878783,-0.4679290246454535,0.6650683470424283,36.8436170212766,36.710212765957465
2020-12-01,2020,12,0.20045277772237569,0.4384519059747163,0.0001230990023933197,0.7688896566921102,0.0027915817775128193,2.6642913181780443,1.4466111106399921,0.8607873220043984,0.2827842934428588,0.9841236083889733,12.918406366123236,0.030027035192233598,1.1647094697077591,2.061412115990038,0.8629389605846427,0.040338772517265475,0.037301685006591256,0.1848551099526663,0.4333431195694075,-0.6126493667698547,-0.1793062472004543,36.84680851063831,36.63212765957445
2021-01-01,2021,1,0.23878834627686274,0.3607689851099849,9.083521301937562e-05,0.6540269142772033,-0.0003347627965289979,3.0362679540804933,0.7513860854732002,0.9818768855898838,1.2200563857672648,0.4610757190832757,12.709778109317995,0.167107048007324,0.31502677364696297,1.8366611950222023,0.9917276224890088,0.030589686409802752,0.03756363782800465,-0.10967468929367996,0.9069003923236068,-1.0754243726499269,-0.16852398032631655,38.757021276595765,38.640851063829814
2021-02-01,2021,2,0.11804342749996977,0.4025687025396678,4.251961598964078e-05,0.4451745653362451,-0.000732487696055828,2.6252417917832034,0.020063017595361998,0.46948601787477173,2.441206734332809,0.20352431305565233,9.160327771882294,0.08694933480603595,-0.13485368503994977,1.3356997547452352,0.47806091761492553,0.01744621761731935,0.044653840217788954,-0.24969923181497578,2.015879401431171,-1.30706183740973,0.708817564021448,38.74000000000001,38.678297872340465
2021-03-01,2021,3,0.14063332727391753,0.13870162424944965,1.2269082686137966e-05,0.3771055069730842,-0.0034399467083240376,1.669121137176269,0.047355348392613905,0.91063049261885,3.253703641168528,-0.1947902271202544,4.088252999994438,0.08438421801099594,-0.6281145047234133,1.2505036805863483,0.9222934806404623,0.007403239293369168,0.0502146146427056,-0.2754642799397544,2.7359951455543694,-1.1914853441721291,1.5445098013822367,38.59808510638305,38.52531914893615
2021-04-01,2021,4,0.09925163153275207,0.09335040908501924,5.779434873598097e-06,0.4061304909399581,-0.004829732648071183,1.5325515857335432,-0.29891026228887085,0.7780194034014016,3.4669459732790813,-0.1091443708646267,10.532684653560864,0.10913286146077894,-0.4368694846208143,1.3119832115194185,0.7783307491851019,0.009443028651208163,0.0529692132823798,-0.10031175636947864,3.030087998062136,-1.6105821280245607,1.4195058700375753,38.52063829787238,38.48361702127659
2021-05-01,2021,5,0.11228009092354796,0.2354321839916338,0.00011176534032311496,0.5745150307455837,0.016219127152762747,1.711464295532842,0.5864084704929837,0.8190192731132129,2.378569169669447,0.11826586105184589,10.497112819852191,0.037812949246671224,0.0069993627543212256,1.9862107020597932,0.8104320905349027,0.014701529103515742,0.04159886550092917,0.05554830959641599,2.229489722125223,-1.408389414145173,0.8211003079800534,38.71148936170215,38.71446808510643
2021-06-01,2021,6,0.11574120435847135,0.16718784597878766,0.00016059523162567473,0.8486625504414285,-0.003631340435049646,1.6473435000871177,0.7631334085783124,0.9149392124523956,3.0318281074414983,0.39552285061473214,10.739309975208016,-0.14577857412191975,0.17690414845585778,2.602749370952324,0.9048783849842721,0.017147661439769646,0.05491735373019768,0.13335339291819537,2.958987979404526,-1.8496767898419861,1.109311189562547,38.739787234042524,38.83808510638295
2021-07-01,2021,7,0.2709557568086325,0.4236957744204801,0.00026671603587871337,1.1298661627539062,0.018516901955016096,0.49249627659389716,1.1871691760516683,1.3728490930753878,4.049732481451059,0.4641446004321992,13.990507174894447,-0.18604260180691767,0.032101143147503564,3.511515263354852,1.3656383368059437,0.01263734190416832,0.0639498932005984,0.17077163461886258,3.8037316259732705,-2.3315568435726064,1.472174782400657,38.59170212765957,38.81851063829788
2021-08-01,2021,8,0.2333009634986638,0.39865993517383913,0.00018383250886199257,0.9402848579137597,0.0026900610762230492,0.36292433824157655,0.8320352397367401,1.282252750873056,4.174178457379412,0.5557090202963408,5.368556074376102,-0.07419639799968536,0.1211962465905323,2.9243075776147407,1.2775590614691055,0.01515300215478188,0.06723990430879434,0.21040481379812093,3.8138620816732995,-2.0969660272819333,1.7168960543913663,38.585531914893636,38.849999999999966
2021-09-01,2021,9,0.2901139505204924,0.46973881744838764,0.00023059159589505253,1.146422267157572,0.013087155189435706,1.4476152019807458,2.1816607286479552,1.2824924044185195,2.529486773609875,0.5820815731578826,1.347682400883059,-0.16196127519179981,0.39004334375434624,3.3005812374714765,1.2680245131865604,0.014382415827645989,0.04796439535414487,0.2152396808440571,2.4994098193981173,-1.1333884000555017,1.3660214193426086,38.6844680851064,38.865106382978695
2021-10-01,2021,10,0.3339079771452589,0.5554678139550333,0.0002157675700241394,0.9375949033427418,0.00854734548483993,1.2007578635619112,1.7874584923535508,1.4500588713407296,2.5338265013932357,0.7023886594670614,0.2295799228741089,0.04307190193145516,0.49688410040395325,3.041192612924533,1.4394640547789663,0.02229316563400019,0.050686547555186756,0.1552038698981022,2.2852500403986866,-1.2643289371327384,1.020921103265941,38.789999999999964,38.801276595744696
2021-11-01,2021,11,0.34847247937295833,0.2466341186403156,0.00017821296441571793,0.7410649332975687,-0.00091858576382009,1.536477724902035,1.6302788492020568,1.6499008277205576,2.237091052304862,0.5907245586315,-3.0879862082365435,0.08540732040810894,0.46921339578489807,2.701411767145885,1.6467034026265992,0.02756400598990094,0.0515613587271857,0.06937248727364853,2.0301725690501655,-1.0743303430377793,0.9558422260123862,39.173617021276584,38.960212765957465
2021-12-01,2021,12,0.3784750094066567,0.4713612570075725,0.00018548591068351904,0.8874218084275576,0.00613901760786717,2.4437929874057716,2.4092651045716593,1.7645251125710502,0.16894973748557618,0.16337331801844002,-3.616208131919848,-0.09336089371240064,0.12491712093891749,3.0241941912347556,1.768821266521627,0.02171290764335243,0.021805387398287746,-0.09350568307331386,0.22385443411844363,-0.6106329327125728,-0.3867784985941398,39.30680851063835,39.042127659574476
2022-01-01,2022,1,0.35194071917351266,0.20744570668978213,0.00012146034549297482,0.4771105005954439,-0.00219939634753874,0.817379161047171,0.89579311850963,1.626060114759298,3.713792682213409,0.2286265342464624,-0.3383616364444606,0.07893103401011103,-0.14802273937264943,2.327945181527923,1.6271373859768232,0.011521676618223786,0.057725835475299636,-0.21940706463761295,3.2582123745842324,-1.4310747918008175,1.8271375827834184,41.20702127659575,41.01085106382982
2022-02-01,2022,2,0.36563432030499143,0.21529517328883685,9.033127306594044e-05,0.3176960466483365,0.006355972614039751,0.0027062936621788936,0.4504053728470012,1.4204186759526465,4.158106925764002,0.11423626055516323,0.1543650397361489,0.16065096697843728,-0.3873921734237058,1.8715193722926529,1.422372015472149,0.004253879255168513,0.05712393681668804,-0.3650614910978174,3.4958275248066926,-1.4191606599261597,2.0766668648805364,41.18000000000001,41.008297872340506
2022-03-01,2022,3,0.4723415421900654,0.3181416842341491,0.00015052822266843797,0.5141806804844755,0.008622045239913168,0.1907818648532924,0.7702025713097669,1.842638831946374,4.170333304978584,-0.16537338574896054,-6.750665607803967,0.1665656696763449,-0.7866208179431027,2.709713572077817,1.852161660082345,0.011951460981454609,0.062365328051684266,-0.3918002192088874,3.382520203108072,-1.9299881726320862,1.4525320304759823,41.26808510638307,41.16531914893619
2022-04-01,2022,4,0.28989923360285275,0.4040331791543963,0.00014214522096929819,0.5573687367694795,0.006706328742539958,0.6218336166281517,1.3042138562749983,1.2730870695995122,3.0271652347392717,0.1117151716732323,-1.0201667949004332,0.12093741225277199,-0.3242531823612751,2.6622910016875494,1.2777496970850848,0.016380621651388427,0.0524714334989036,-0.12812378027338944,2.4702594684520136,-1.3534145179269537,1.1168449505250706,41.29063829787236,41.223617021276596
2022-05-01,2022,5,0.1672080000812457,0.28338286118838596,0.00010347517689711372,0.2897630904715598,0.0014381823310463115,0.04039373274879665,0.4866356240357277,0.752961873317247,2.1922716990933964,0.22951391607682226,-2.739619088039035,0.2916513649163335,0.1844309709015164,1.6798392774387594,0.7478263985290141,0.017436282432316652,0.0385218872438271,0.07315552214931209,1.8555373890017535,-1.1983391281913178,0.6571982608104374,41.15148936170215,41.13446808510639
2022-06-01,2022,6,0.25913696172807477,0.2598885315511552,0.00012454107035407558,0.45859313282710445,0.005426137712912116,-0.04209075057472944,0.7134499294007242,1.273620371036543,4.335646962142761,0.5863171717572904,-1.4206051462970208,0.13514750548429788,0.01585558070948423,2.3878807947859286,1.2669608134419832,0.015144312812935823,0.06715073432959828,0.042890027521355734,3.630037865610639,-1.681090422979615,1.9489474426310238,40.95978723404255,41.07808510638296
2022-07-01,2022,7,0.3262133710638295,0.6838705079665033,0.0002838648152547127,1.1804571031701059,0.019780753708988352,0.8916163073261529,2.436799658024711,1.4170231114791818,2.0972925375808984,0.44943079548964704,4.771498052694369,-0.21692455953038348,0.04823635000312265,3.7098912113143,1.409112908821328,0.011868317391893868,0.0384522528103588,0.05906507492602664,1.913022651624729,-1.2810017559474218,0.6320208956773001,40.80170212765961,41.03851063829791
2022-08-01,2022,8,0.25469916793184666,0.5360828206056567,0.0002762976685553916,1.1115201470979805,0.009552827350561177,0.9890919125693713,2.2289451249615126,1.2684753090044865,2.5005397630066284,0.34907255399445347,6.270376066720928,-0.17155129730002727,0.05121693560024809,3.5500029240770345,1.2589581267331482,0.013983823845189036,0.04639893838705067,0.10991043479981855,2.3742354419124396,-1.330574981386846,1.0436604605255972,40.825531914893645,41.10999999999996
2022-09-01,2022,9,0.3004691590437574,0.48922274295512125,0.00022422316222925343,0.9387424461881189,0.00600661299850791,0.8036455027729446,2.1981162829708865,1.3867953953336496,2.824665466890025,0.36731563400487843,1.7745452829403803,-0.11015288586486349,0.1460631213977024,3.2733281921912862,1.3792648366664935,0.0187644776054956,0.054903842287648,0.11729307031828284,2.7135658401477016,-1.0827424678875808,1.6308233722601173,40.92446808510641,41.145106382978724
2022-10-01,2022,10,0.35087564185289466,0.4964057501209709,0.00018289132759903917,0.7863899764644202,0.01034952173392334,1.0307104643587905,1.9668551893294648,1.4252242482332917,2.511483170773772,0.6338550549325674,-0.9939438877481734,0.10928103219356444,0.4591700342509313,2.925053075974745,1.4197415466263124,0.027875740670953775,0.0542702452540853,0.1358155593468222,2.2275171178985644,-0.9636805882522594,1.263836529646305,41.099999999999966,41.12127659574469
2022-11-01,2022,11,0.16125874394913353,0.3642043165663722,0.00010406282793541839,0.4992692100305973,-0.0026133176107629996,1.0848595650235424,0.9070278834736314,0.697868109776266,2.1812073053149277,0.7021606557611193,-5.364473769746837,0.17195617348397718,0.7318937869325097,1.9091868821057574,0.6940456945368965,0.02949220401885455,0.05134783034560364,0.16551300468430874,2.038984263002334,-1.005981413871492,1.0330028491308454,41.433617021276575,41.29021276595745
2022-12-01,2022,12,0.2594697910063246,0.17365864949323395,0.00011623117086901995,0.5785404149319504,0.008272843532633689,0.7955193705943131,0.8686048881040165,0.9586525521922908,2.4865703094132527,0.26862810146348437,2.998936146395863,0.03325301241056877,0.028978020768434476,2.179747804576891,0.9541188592095864,0.015332361111571657,0.04392850943595894,-0.07446442376265772,2.21366721630762,-1.3156766094556396,0.8979906068519767,41.61680851063835,41.43212765957446
2023-01-01,2023,1,0.2748124378112493,0.05165411788192387,0.00010269744721517517,0.49103142596492333,0.0006888060459490086,0.42138444564646704,0.2516205771565865,0.9222065143338796,3.6283797704437006,0.17949933477636293,0.3153982416552026,0.12558064687073056,-0.3637849763566052,2.0136810924074666,0.9187774090380003,0.006912816125855592,0.04960273565881135,-0.30240010715140997,2.9595148124400197,-1.7654896205468127,1.1940251918932105,43.39702127659575,43.21085106382981
2023-02-01,2023,2,0.3690304292034057,0.14035177458771386,0.00012190185981744012,0.5500163481813658,0.006075060253482034,1.6122065381332362,0.572048635710928,1.3827582366158708,4.417834760025187,0.13595334036003237,-3.2069339667796157,0.09386236251017976,-0.4699394679640889,2.3213885673321215,1.3884075932815563,0.009466416925478782,0.06553904750403117,-0.3926186960627156,3.7180795891908716,-1.7436905749555187,1.9743890142353564,43.19,43.0182978723405
2023-03-01,2023,3,0.48151987382232164,0.19112024241934478,0.0001610379320289377,0.5194920142589403,-0.010064844077502189,0.3024861816730535,1.3374642361393398,2.1695505828218415,4.055377258982389,-0.2683499535593157,-5.87196349768783,0.009066202807218815,-0.8380476468084552,3.0722857883541224,2.1694944863259593,0.006985595068811357,0.059871742056954336,-0.4001876558160369,3.4766133629260025,-1.7348776487106718,1.7417357142153271,43.08808510638306,42.985319148936185
2023-04-01,2023,4,0.2809105563790695,0.22456317968919848,0.00016696904264899837,0.7513270344184235,-0.002257992312558965,0.7065767061778416,0.8840433569902189,1.287299851163425,4.5031515040676595,0.09771250940348963,4.87417921848828,0.045270919984488955,-0.4265025550746486,2.664143529758178,1.2774109212293752,0.00799203647828417,0.06687736074982364,-0.14672272670384778,3.9336655196050643,-1.789989102701984,2.1436764169030855,43.20063829787239,43.13361702127662
2023-05-01,2023,5,0.31045077874654226,0.4829020523780514,0.0002777501276111146,1.2292856773211618,0.0033429395661537242,1.8005109465022784,2.0880416502943717,1.4021534608032766,2.997140389561878,0.10631591014649189,9.98257565012318,-0.20853670585151463,-0.09627676299800925,3.67474399877824,1.3944046595109967,0.0026444541186863013,0.04423546107511811,-0.005251858728177794,3.0030844222689126,-1.5944511497762015,1.4086332724927129,43.27148936170215,43.26446808510639
2023-06-01,2023,6,0.4534857653245581,0.45816711355007556,0.000346305443017874,1.1984543740918916,-0.003947427548396054,0.7849664976281048,2.4350288292195046,2.233797156206151,3.93566073510155,0.5225836730991382,7.608210974998656,-0.16493167223779892,0.10790779300155506,4.39696613560244,2.23000138494001,0.01437653220924906,0.06571818705111854,0.056725036539663876,3.6859165272417798,-1.9657330776489275,1.7201834495928523,43.11978723404252,43.238085106382925
2023-07-01,2023,7,0.6518452723307746,0.7691296770456688,0.0004505685233035135,1.606290861726471,0.015392102286291731,0.8634891915604328,3.7135333600773492,3.1541059533535645,4.050869202070089,0.5650615122665776,9.728925107454415,-0.38798350196219644,-0.008994936774140427,5.7959717259166155,3.149445385809088,0.01118264221979226,0.06708738309766948,0.0104333607897793,3.8647962549915604,-2.0870989333837215,1.7776973216078318,43.0617021276596,43.2985106382979
2023-08-01,2023,8,0.5862613138568804,0.773918188860307,0.0004572667873502922,1.4918442814296924,0.0021433274532540736,0.2148443097250592,3.1090932872668304,3.075952013460892,4.938245716357784,0.5170293357787834,10.976962733548135,-0.38580622862278346,-0.14652428942185836,5.639517956750183,3.0720745651987045,0.010925323354711303,0.07642866633984147,-8.08710626909459e-05,4.66049831977994,-2.5343021177455256,2.126196202034418,43.21553191489363,43.49000000000001
2023-09-01,2023,9,0.7757015910598852,0.9777802497386574,0.0005116280526908535,1.825731132378401,0.007095379252609391,0.43871072094082564,4.3720086848164215,3.6043411809709482,3.864614125352233,0.4050428079450832,5.870757621363737,-0.5780600404528684,-0.13255956143963132,6.559225587223125,3.5998668944546353,0.007194225199474769,0.06083171870616155,-0.010560989938012355,3.905071796420394,-2.1916911889230413,1.7133806074973492,43.484468085106414,43.70510638297873
2023-10-01,2023,10,0.6708508010144669,1.0503684069325914,0.0004391377408910404,1.4657825829935511,-0.010565662794100206,1.3981696934017194,4.451100075413137,3.250089459320691,1.9664552486555351,0.3971457619830723,5.059972894727252,-0.47827459817051476,0.1617052632969731,5.739540059412832,3.246868356968662,0.007523417598616522,0.03764648741716892,0.059199759564094734,2.20928934813994,-1.2916610863517235,0.9176282617882201,43.799999999999955,43.83127659574467
2023-11-01,2023,11,0.74247733198996,1.0836335024531536,0.00044447981232961786,1.6446688186145657,-0.00462421096424015,2.1753505657138277,4.8970629017696865,3.4902767904818006,0.9061093605280632,0.2572196757608829,7.071323367781588,-0.6248171064993073,0.22112487115474266,5.942555461072743,3.4843615391343974,0.006387250506357134,0.025919039136296895,0.040378360333667374,1.4948316624212623,-1.0514078106504527,0.44342385177080956,43.99361702127658,43.85021276595745
2023-12-01,2023,12,0.7757553063300975,0.9863308273866664,0.00042462655617401916,1.5794027164877527,-0.003359501889809824,2.7746597581899977,4.609465227923238,3.5726666040623627,0.592833549224622,0.26397528976631435,5.992091952008195,-0.47877514085089956,0.08612307940592956,5.7445382783593,3.574710681194233,0.006354332840031063,0.018798093991809317,-0.11387275084013915,0.8937564797151154,-1.1330289733042491,-0.23927249358913727,44.206808510638325,44.012127659574446
2024-01-01,2024,1,0.6643114242397132,1.0476545879455443,0.00040387561025457576,1.4189818487695263,-0.004065923195734955,3.5755471981498985,4.0710685417800505,3.242418573676275,0.3281457139310646,0.0707750356705894,9.533013722160831,-0.39060964128506726,-0.09102793447034685,5.164394758670312,3.2460345016438623,0.005204045235808863,0.012399863628663965,-0.24804701149128583,0.5569523850752418,-1.0897102889227241,-0.5327579038474859,46.237021276595726,46.04085106382985
2024-02-01,2024,2,0.7850283639426152,1.0896857601879333,0.0004263553622570401,1.5360080812842298,-0.0014953612436906516,3.158149250712981,4.313074009005561,3.566149204204123,1.5663559110522272,-0.23109700102030217,8.077675929438556,-0.5335402087908392,-0.6749808860953124,5.786277257668075,3.56718092663192,0.003878302682355894,0.02911718985130829,-0.43982707035443447,1.656012234768049,-1.4721715262347281,0.183840708533328,46.34000000000003,46.168297872340474
2024-03-01,2024,3,0.6523575448033512,1.0379317067556713,0.0004364433538149373,1.6666972419679347,0.0008103914749735264,3.2317930694031816,4.558772352795245,3.2019079544375586,1.1864075987144247,-0.6193405932339004,8.216178050934104,-0.6877229116292654,-1.0258322734828766,5.681837571009908,3.1957620017841464,0.0011793833192363934,0.0254647380708386,-0.4423511826478528,1.4676388300946996,-1.129211170868082,0.338427659226614,46.51808510638307,46.41531914893619
2024-04-01,2024,4,0.5768345422533798,1.2071488463049604,0.0004749847578244988,1.612307332973785,0.00389273697841519,2.6540333360260036,4.334489266263631,2.800175371873422,1.2423208291113212,-0.42564006172399615,9.706964670069283,-0.7372088511669403,-0.7303023627864249,5.629581999037441,2.7913854298598153,-0.01012602938077345,0.016018047923543666,-0.20034600619899834,1.674867379215847,-1.303882674787392,0.37098470442845866,46.590638297872374,46.52361702127661
2024-05-01,2024,5,0.4955845128896499,1.0213087143975486,0.00040640959129781447,1.5301377930900628,0.001890443181753021,2.152801589742367,3.610080218091639,2.396036852299801,1.181843007502863,0.16762965938844232,9.252259660308482,-0.5058077661982736,0.04849524672417971,4.919275916032859,2.3896117248051496,-0.00718677014479141,0.015224773850643025,0.03876639942752114,1.5685163610368278,-1.315620825435925,0.2528955356009046,46.641489361702156,46.6244680851064
2024-06-01,2024,6,0.5302166048202253,0.9247174053712115,0.0004015304150775754,1.4577039261771993,0.006823457860476778,1.9631926690368218,3.977065032822736,2.870445037931745,1.6487361721267746,0.2620051503779379,11.069800109500648,-0.5089089563187201,0.0877302713248369,5.260446546184596,2.8677932035862455,-0.004241854293923986,0.02442878629275569,0.07130886180200235,1.9833702493923866,-1.2860333477072068,0.6973369016851763,46.75978723404256,46.88808510638296
2024-07-01,2024,7,0.5333784488209972,0.958653518944061,0.0004268845742629139,1.5464565049373427,0.013015929074529309,1.535207112542743,3.2337058427930856,2.62297106665676,2.7733397343137085,0.3368938190728272,4.4316404376295395,-0.3922049019610938,-0.10691142359459604,5.20980764662221,2.6191035970948633,0.00012917570943704604,0.038045725350305926,0.028723065085634047,2.7217393936074217,-1.9799692733909993,0.7417701202164153,46.74170212765961,46.978510638297905
2024-08-01,2024,8,0.5817902798827959,0.9391818329340822,0.00044429721745799233,1.6693688950567847,0.01276192808597676,0.40435520688610893,3.1154763526453166,2.6843281592309722,4.017653059997031,0.39801556430584384,5.369520749038202,-0.4284503793462022,-0.20740369023515015,5.649958006549923,2.6800032884125358,0.003821938414290571,0.05754665738918341,0.02891916811778472,3.8406841848023063,-2.5388065247230287,1.3018776600792776,46.70553191489364,46.99000000000001
2024-09-01,2024,9,0.5609876846252178,1.0504101605465053,0.00047158364689015193,1.7957829919396886,0.007013163916310794,0.9021587961477806,4.196449001013434,2.702617754604546,2.752152202350942,0.32728475707072135,8.866361273874645,-0.5234971726865467,0.011073873441148407,5.947523950596064,2.701847294409788,0.0035345823130432663,0.04356126415389827,0.06572435471306726,2.9594384914079157,-1.7518454097774132,1.207593081630499,46.89446808510638,47.115106382978695
2024-10-01,2024,10,0.630443694132282,0.9910963241199511,0.0003970182491574402,1.4752200805187137,0.0019086878629880344,1.6826229613705053,4.098993283095524,2.9325492229615406,2.1717355239226777,0.5669482341068424,7.507457949628588,-0.3464877521005576,0.2764068778003548,5.4259420485445276,2.927508304360458,0.0030125577185917685,0.0330783850818821,0.06266731969574302,2.2276819197167512,-1.331989684050086,0.8956922356666652,47.299999999999955,47.33127659574467
2024-11-01,2024,11,0.5815027468761969,0.9048476050305112,0.0003582021416149179,1.2759177430617505,0.004109543564959295,1.7264992594632673,4.0182280318989,2.59685332725644,0.7080472255370012,0.6150881444984755,1.071931849088287,-0.24831262988649883,0.48731411599195695,4.694055656484522,2.589444704262803,0.0013689299517594122,0.011780965350046024,0.03959910103236375,0.8285858269170205,-0.6832362475792522,0.14534957933776838,47.6536170212766,47.500212765957485
2024-12-01,2024,12,0.6804459018821944,0.8593243848166594,0.0002981041240411198,1.3264104238736607,0.0026983451534846603,2.2107519377702687,3.4316073014686594,2.7246208575257356,1.2895334557834985,0.554585138031694,5.773886183000286,-0.3157784096536318,0.46170404673599563,4.522524889909562,2.7221515807418655,-0.001531904517837468,0.018734195274894727,-0.0173224145440809,1.5124307741414285,-1.0933868652248293,0.41904390891659204,47.916808510638305,47.73212765957447
2025-01-01,2025,1,0.7268193719327769,0.6143159432521088,0.00023058890769327503,0.9221838101711626,-0.0033246702599212252,0.9890257991543479,2.447773185598976,3.098427455703586,3.0909239703216826,0.2956166101947133,-3.6556905328616267,-0.23428220269954636,-0.06263398904183504,4.088370051700679,3.0964476331153037,-0.013532003756840716,0.030427872938076472,-0.209380860742991,2.966955573784716,-1.6425766886900348,1.324378885094685,50.06702127659577,49.88085106382982
2025-02-01,2025,2,0.621954757590288,0.6920233288188911,0.0002443877623898392,0.9721993986837347,0.005185131909228313,1.7028792789865932,2.7058611050430272,2.6320669105458023,2.211091636570785,0.029965647907943094,-0.8194326692464529,-0.3415166021592597,-0.3077633087529108,3.9574371690019348,2.631684403127963,-0.01497006515228172,0.019912337809202096,-0.31924296201720637,2.2148792820692123,-1.2519585713767576,0.9629207106924582,49.99000000000001,49.81829787234051
2025-03-01,2025,3,0.6392322136031794,0.672369786756974,0.0002982938750513385,1.1734437139547644,0.007038540121905856,1.656534839309053,3.0191150327141827,2.96061447096929,2.480066076643908,-0.6134239564195632,-1.165312842305866,-0.44839084713419197,-1.1741980046881295,4.620811962989251,2.973335426992776,-0.0044782916666967765,0.032286815674232194,-0.5397433132090459,2.36768287550953,-1.5889759742515928,0.7787069012579373,49.68808510638303,49.5953191489362
2025-04-01,2025,4,0.5531275334313932,0.76550670820302,0.00030458049590719946,1.2162535503864866,0.006065092924540161,2.108517883216699,3.5474076693267307,2.6053642476834966,1.0324568784027406,-0.6042628090753226,-4.074786200319068,-0.5179529333265407,-0.9930555289895224,4.502222464097258,2.607775105612234,-0.0024633892118846035,0.017662399084903413,-0.37427319500085154,1.1616170918150956,-0.9524039368417618,0.20921315497333381,49.640638297872385,49.58361702127661
2025-05-01,2025,5,0.42917546405033136,0.68193570227686,0.00029370808647111515,1.2307568104370397,0.016268421396032684,1.5167066476883164,2.949927215806042,1.9921465307007793,1.1282807720971277,-0.3101406977200938,1.5012254945613677,-0.38126814199529235,-0.4239601870538863,4.000532784656798,1.991373648998092,0.0002656239278149286,0.019758393790792805,-0.10626077621187235,1.3957294247586418,-1.0513784505534964,0.34435097420514715,49.601489361702136,49.59446808510643
2025-06-01,2025,6,0.37797712696209373,0.7071285594672645,0.00026266214110577495,1.0427055089681865,-0.005730001112192018,0.8041868802399321,1.9554108270826873,1.7866830197968966,3.222960198573901,0.18776049519294347,-0.7541197778336937,-0.2914394388992321,-0.38467484364399596,3.5721415823221605,1.787502591801001,-0.008202614326459301,0.038930370477712195,-0.026309832133284416,2.9419642986361865,-1.6159111832352195,1.326053115400967,49.39978723404255,49.518085106382955
2025-07-01,2025,7,0.30589328172993646,0.479675388798114,0.000250161187276313,0.9898591079229035,-0.019204746069002576,0.14780743414799247,1.199183166959699,1.812105063327408,5.000021151137105,0.29617616397728597,5.893813161412254,-0.12867064397951822,-0.454368558459155,3.022528070865974,1.8107354863885234,0.001392121882408226,0.07136527121498171,-0.10531511595240417,4.378147072680193,-1.824714480845138,2.5534325918350476,49.36170212765961,49.59851063829791
2025-08-01,2025,8,0.3542376266520364,0.557339342938235,0.00018137694425629167,0.8307082603361167,-0.030417000083164947,0.07817675730866114,0.9091681118105157,1.9121920639366294,5.913223996853901,0.5148529817458289,1.1757105028809747,-0.027979377499406155,-0.3094778139038752,2.8419816348610425,1.9042836333402988,0.006545591179146548,0.08646193568931437,-0.1098651461036031,5.1168725787036,-1.9407219536468432,3.17615062505676,49.47553191489368,49.75
2025-09-01,2025,9,0.48270786646759234,0.641318913210398,0.00023495320732645243,0.887186355812517,-0.02394841706840367,0.3732831410911075,1.5269695695379824,2.5091243221359605,5.405775218370309,0.4649362311193599,-0.048225723003270105,-0.08855992084110653,-0.2080317400887779,3.52241976294863,2.5060930251341915,0.010598130688522556,0.08338300411857702,-0.07802470092751257,4.821367168003285,-1.9984814904124413,2.8228856775908397,49.454468085106384,49.6751063829787
2025-10-01,2025,10,0.5261576778212316,0.7538031171519606,0.00015041120285923942,0.6938410289907715,-0.014071028320346124,0.682712494242729,1.7400153180594202,2.6109140763830396,4.730366199330319,0.2843203843721156,0.9094740542786894,-0.08613150365550837,-0.3084024216536676,3.047145705558762,2.614217536189244,-0.005749122922825034,0.06290025161498436,-0.1319316303903424,4.22377489696003,-1.3038269276931338,2.919947969266893,49.68000000000001,49.70127659574467
2025-11-01,2025,11,0.5674655549041177,0.5227356870707922,6.39962963052184e-05,0.40427464073441044,-0.036689918696547086,1.065662933876311,1.0431037647252879,2.691376131405832,4.380011583911681,0.30763690860793247,-0.7187163081107428,0.0019075958018959227,-0.2882426630579644,2.558165698373216,2.706357690052073,-0.015196518575543827,0.04917847849975887,-0.10998266039274007,3.7822244164438743,-1.50008037500168,2.2821440414422014,50.06361702127663,49.920212765957444
2025-12-01,2025,12,0.4394850993770092,0.32098819908839005,5.594825867382032e-05,0.3403609840772148,-0.037139659239668665,3.028796427537813,1.0104467194224753,2.4750637811048364,4.276396543755368,0.3809492515296711,2.771693847287679,0.052516016526567455,-0.08508778757454394,1.9797132126038264,2.4918876511799226,-0.013631013409930226,0.051064605321724965,-0.1644332575712273,3.7578434881245926,-0.9524426231063252,2.8054008650182745,50.05680851063835,49.87212765957446
