date,year,month,T2m,T500,SPFH2m,PWAT,APCP,TCDC,DLWRF,ULWRF,DSWRF,USWRF,PRMSL,CSDSF,CSUSF,CSDLF,CSULF,CDUVB,DUVB,ALBDO,CRE_SW,CRE_LW,CRE_net,co2_avg,co2_trend
1979-01-01,1979,1,,,,,,,,,,,,,,,,,,,,,,,
1979-02-01,1979,2,-0.03806746952221829,0.16400249582483184,0.0001256446226192004,0.05957038353541222,-0.0036508583515650894,0.2104579000218294,0.9662207812951351,0.35035140052627867,-2.1122145225941438,-1.384191281456669,11.013619688776089,-2.601573213296774,-1.249912989004038,0.5051504191610547,0.34449449562168866,-0.047081128952257245,-0.0358804895162681,0.7348149374904427,0.6236369831552722,0.45521345722949036,1.0788504403847696,0.7300000000000182,0.339999999999975
1979-03-01,1979,3,0.8978337957422013,0.04954440691085438,7.857504773739997e-05,0.3722104077472572,-0.0026840423019343085,0.3456839917058616,3.7448088944627784,4.010375503014586,-2.303244914854787,-0.4680473765927502,-3.9958471760328393,-3.846185572952777,0.23839943561650045,3.217753569554418,4.0211874645110015,-0.08903621444763665,-0.05945463560803965,0.47315690406072797,2.249387470307255,0.5378672864047793,2.7872547567120307,0.589999999999975,0.25
1979-04-01,1979,4,0.9130755494296636,0.2775211291828441,9.306451094929884e-05,0.015646293374977915,-0.004373771217571654,-0.4811267295157009,2.601855868431187,4.074393506361332,-1.0635568105449806,1.3439504031988534,-10.557457941540633,-3.8630395206637616,1.61306609689899,2.829027920307226,4.085195280096514,-0.09970880941831028,-0.05779297311348053,-0.3889452488477634,3.0685984038189247,-0.21637027814086096,2.8522281256780673,0.4399999999999977,0.21000000000003638
1979-05-01,1979,5,1.0826917095427007,0.6894311839029683,0.0002486309770188995,0.9006266329169996,0.02171561396136279,0.37861383440687035,5.599159218812986,4.896936715234915,-4.494916352199027,-0.881562358755211,-10.500293371020234,-4.167917766651669,-0.8840263708140554,5.301243595836581,4.919609590967809,-0.07469705609794763,-0.0852575199113339,-1.528335700520154,-0.32946259760620933,0.32058849870930217,-0.00887409889691071,-0.060000000000002274,-0.010000000000047748
1979-06-01,1979,6,0.8414333072036584,0.8236177348115916,0.00021118750356660144,1.048744657184674,0.011809018336524923,0.024844603831112977,4.643495894079308,4.234838831604918,-4.646643351640847,-2.5045794455702293,0.2609698881424265,-3.27939883655489,-2.6120428210129276,4.849935151225395,4.232916987589874,-0.03778495785171332,-0.06031117874114056,-1.2322874357733813,-1.4747078905286628,-0.2083611011611346,-1.6830689916897938,-0.8700000000000045,-0.08999999999997499
1979-07-01,1979,7,0.22096976117052236,0.45653760718488456,0.00012476397378070013,0.5575262738364799,0.0019294569941079587,-0.12021103192144267,2.133134986172081,1.3523264098580512,-2.3293655670912585,-2.35530925094098,-2.0259502013068413,-1.4808794604308844,-2.7583687355265347,2.2237725333020535,1.3471119433741023,-0.003845243396515041,-0.020597577598194583,-0.325809059451867,-1.2515455912459288,-0.09585201361392137,-1.3473976048598502,-1.8199999999999932,-0.20999999999997954
1979-08-01,1979,8,-0.03640970485895423,-0.3259500140314344,9.378420339099455e-06,-0.2852893279651525,-0.012318706533772095,-0.16211607947673912,-0.2221619778520676,-0.03379340642538864,0.7078319994978131,-1.4905182525178837,5.795268937741639,1.7507813853814014,-1.7156530424497483,-0.7719770062498696,-0.03750806038021892,0.024300566774358323,0.017596126985737648,0.49346119284302326,-1.26808417581546,0.5461003744429753,-0.7219838013724917,-1.1999999999999886,0.25
1979-09-01,1979,9,-0.6007735574074786,-0.673211380504199,-0.00029973522358280047,-0.9237279662960667,-0.006323058698751827,-0.5745060623646907,-4.177605017522637,-3.24516141671711,4.207751606837803,0.9183945514906036,3.222879463326535,4.5197178015026225,0.7447963988942377,-4.016167450169689,-3.2421389662873707,0.05071804131113122,0.05554855417558313,0.995133551256659,-0.4855643472611746,-0.1584151169232122,-0.6439794641843797,0.6499999999999773,0.75
1979-10-01,1979,10,-1.0378372118592551,-0.613247785320425,-0.0003177318941076004,-1.0321631913700884,-0.0204332722679591,0.8970028453392302,-5.2616143619144395,-5.112775119637149,4.8636609595432105,3.335612906847441,-5.11627356011013,5.913615888544712,3.564327274070294,-5.636643710310977,-5.112611083119191,0.09850765104767856,0.08586292379437221,0.739163700016368,-0.8212405617786658,0.37519338491449616,-0.4460471768641696,1.3400000000000318,0.2999999999999545
1979-11-01,1979,11,-1.191064480784064,-0.6613440192585927,-0.00024277866772029998,-0.5484172602599848,0.015102168655948711,-0.4334740436225104,-5.721702187566393,-5.804602959161969,5.257633247271059,4.235399715629786,10.399050908556092,5.304003352929556,4.257515587255405,-5.389045625747428,-5.811650898490427,0.10312345527844169,0.09584792085036131,0.21478553335683692,-0.02425423403286686,-0.33970450114742334,-0.36395873518029376,1.0,-0.029999999999972715
1979-12-01,1979,12,-0.4631500447674739,-0.15885532954041537,-5.34750052024989e-05,-0.16918635432550033,-0.019966577460093782,0.30608495432780103,-2.015769675757042,-2.3255663966253906,2.5163354481142903,0.08416407512709156,-7.097288887351169,2.583849221303865,-0.2113636642079939,-1.5657707716246136,-2.3467796093647735,0.06143494483616685,0.05556945815173542,-0.6528641430327742,-0.36304151252466,-0.4712121168718113,-0.8342536293964677,0.5299999999999727,-0.01999999999998181
1980-01-01,1980,1,-0.3933204907095842,0.07290098347164076,2.4520059512998793e-05,0.037473328585889476,0.01881518804000637,0.0186263563588156,-1.4078635410388642,-1.5306447567563737,-0.777128751850853,-1.1543599867507197,9.892269861258683,-0.5629791968067366,-1.3888867262116449,-0.8234027942378361,-1.5505962028522617,0.011444686803411486,0.004817838209247416,0.27282454005304224,-0.44867629450507707,-0.6044121928969162,-1.0530884874019932,0.6800000000000068,0.2799999999999727
1980-02-01,1980,2,0.32061331598026754,0.36384229368400156,0.0001315312923202,0.2943285335413428,-0.008817224936914503,-0.2843968558552987,1.9077816980051807,1.5780680883032119,-2.7035043310771414,-1.5502625188863561,3.101558462236426,-2.746946642577683,-1.2441149995258627,1.706801238742628,1.571269589291603,-0.043097268838629965,-0.04196189911151604,0.760738402283204,0.3495898308610492,0.19418196025094758,0.5437717911119933,0.6899999999999977,0.29000000000002046
1980-03-01,1980,3,0.6228350332524997,-0.12789536100893883,0.00012270385959560134,0.2734991530614792,0.004980811516310357,-0.17386172080565387,2.7475495422454514,3.062110869612127,-1.2690448833839412,-0.2784595380833714,2.160881609917851,-4.202972187805159,-0.01583788815717213,2.378294420828979,3.0479693545804594,-0.08227822637297155,-0.03715645976770121,0.29435319179112795,3.196548954347435,0.3551136063848013,3.5516625607322396,0.34000000000003183,0.0
1980-04-01,1980,4,1.0026639947962508,0.3938653857397867,0.00015202065151189922,0.6497502463778027,-0.0010431959362818821,0.5912641486601942,4.150415976294994,4.685580526054878,-2.40483529475776,0.8545654131433196,-4.245170443798997,-4.118718612984338,1.3528791890020528,4.181556660922354,4.744267918557284,-0.09866967868351928,-0.07207867882555075,-0.4622744038924864,2.2121970940853544,0.027546707875050203,2.239743801960401,0.39999999999997726,0.16999999999995907
1980-05-01,1980,5,1.097562226903392,0.6955497938291728,0.00020261561640960019,0.6439549994755183,0.013023960794238287,0.010801528207800004,5.282427282115293,5.087516088932546,-3.6477665517031426,-0.21728019200224935,-17.9949691616348,-3.98684418189427,-0.06274709004284773,4.906357630319121,5.125503128501691,-0.07625309454517026,-0.07215103224862807,-1.2296754337671825,0.49361073215047213,0.41405669136531387,0.9076674235157913,0.4399999999999977,0.4900000000000091
1980-06-01,1980,6,0.5790450532489899,0.7463027609563255,0.00010802705597120002,0.49925120224080644,0.014545647509996762,-0.16047330016080252,3.254625408849847,2.9883935715775465,-4.454268018780368,-2.377919739802042,2.8992248825816205,-3.0056775981284716,-2.512801378250586,3.106789769537386,2.9790506663268275,-0.044593438975795596,-0.06984690107008973,-1.1475620815682355,-1.5834720591004157,0.13849273406174234,-1.444979325038675,-0.44999999999998863,0.34000000000003183
1980-07-01,1980,7,0.35757019428149306,0.405823000271198,0.0001592227672511,0.6341818791598541,0.0002619459112338518,0.4517395519152245,2.8839476882361055,1.715413064173788,-3.80291730112711,-2.3563440398175963,-15.743431106384378,-1.4846754447425212,-2.4147365547947572,2.6232729786216282,1.7076314410071518,-0.0036165364923133048,-0.03901433523536957,-0.213844048468113,-2.376634371361746,0.25289308644784114,-2.1237412849139012,-1.5500000000000114,0.049999999999954525
1980-08-01,1980,8,-0.18271132626955477,-0.18080061982470852,-3.818966084499775e-06,-0.261804658400969,-0.0020876373711342655,-0.02542641485558761,-1.0236989206522935,-0.9670066222875562,0.8746132134525624,-1.3465484343863245,12.187603052399936,1.745740958758347,-1.897490963816061,-1.0523331240103744,-0.9746147867010677,0.02283136382208628,0.013652196501337421,0.5100128577035257,-1.4220702747355176,0.02102603894457289,-1.4010442357909518,-1.2199999999999704,0.22000000000002728
1980-09-01,1980,9,-0.7082849461239675,-0.6693681071338347,-0.0003273783370300008,-1.2185668499325644,-0.013333873889990189,-1.7107716451860355,-5.306721620176063,-3.607994583980087,6.43110458579406,1.141331711519662,1.7027293360588374,4.77693112664133,0.8191588195606698,-4.843451230991775,-3.5988076550154915,0.05835844199007889,0.08974776053968636,1.0409329397132314,1.3320005671936883,-0.4540834602196959,0.8779171069739959,-0.17000000000001592,-0.060000000000002274
1980-10-01,1980,10,-1.1251418920667788,-1.0212756129773197,-0.00034407859761939955,-0.8773364643195869,-0.007554343674703756,1.1214932189713522,-5.257790740461473,-5.556520580937672,3.879682944428424,3.522862907868465,7.065422443920397,5.879729449477679,3.8874182328646256,-6.003027403680392,-5.557124290833883,0.10042163406565718,0.07645533408763416,0.7035609924780939,-1.6354911800530658,0.7446329533227072,-0.8908582267303622,0.7699999999999818,-0.2699999999999818
1980-11-01,1980,11,-1.052614546479731,-0.48040223250427516,-0.0002265080660212998,-0.7352669161215992,-0.0053675943786188896,-0.008110639004513587,-5.68209246952938,-5.034768299652967,6.059957356345592,3.96765258971098,-1.668625655816868,5.205181290494863,3.877434289865434,-4.725647543162779,-5.062528117186105,0.10562365650829175,0.10793147212773535,0.07686675404853993,0.764557766005197,-0.9842047438997383,-0.2196469778945378,1.1100000000000136,0.08999999999997499
1980-12-01,1980,12,-0.6832827850851686,-0.24265782823346171,-7.223051842969973e-05,-0.17232446992007056,-0.009041220244724923,-0.17543630318807857,-2.9944917835781553,-3.1826204900311836,2.6637710841004036,0.31748667004496767,1.8851676074264105,2.7250160774509595,-0.0499384971281458,-2.5444726435970892,-3.214617669858569,0.058428936304910195,0.05381018992500941,-0.5491052359588213,-0.4286701605236658,-0.4820163198084515,-0.9106864803321173,0.7099999999999795,0.13999999999998636
1981-01-01,1981,1,0.10803437081193579,0.24586896084309728,7.486911479189992e-05,0.2056044445953482,0.022003000582824728,0.1252298655841031,0.7735061425794356,0.38608683816056555,-1.703630755695599,-1.8816022133688115,3.9067155725788325,-0.8113128571541495,-2.0017788041136555,0.8834879203513424,0.3816439172155697,0.0010301748034482472,-0.01511809524262464,0.07550248077765431,-1.012494489286297,-0.11442469871690264,-1.1269191880031997,0.5400000000000205,0.1500000000000341
1981-02-01,1981,2,0.1041790615193463,0.24831684396940545,0.00017428279064750016,0.5770723766712607,0.003970137832344678,0.8167369477535686,2.0906384983939574,0.5517833632409861,-4.013877131852098,-1.9357544900653956,7.467910686187679,-3.0583805592998488,-1.5397512172511796,1.4726250202186861,0.563249444830717,-0.04419379145057789,-0.05248422555949395,0.6547912039046242,-0.5594932997380511,0.6294795597650023,0.06998626002694763,0.5699999999999932,0.15999999999996817
1981-03-01,1981,3,0.7308580181012303,-0.031219403046065963,0.0001562235764959001,0.25789426162874207,-0.01767979329712288,-0.8181136589742266,2.625857696645369,3.671740650044171,-0.3918292388332816,-0.3088838707784163,-10.529125809116522,-4.118790065475622,-0.03140810727525434,3.1230952177355107,3.6875264484613126,-0.09229135212472839,-0.03714227054734076,0.4698506162973679,4.004436590145531,-0.4814517226730004,3.522984867472534,0.6299999999999955,0.3100000000000023
1981-04-01,1981,4,0.8219520837512846,0.15191000014777956,8.984138081469945e-05,0.2042537855663049,-0.0028045203021130893,-0.2974637049443274,3.0176538068229206,3.9708054836683573,-1.5113533460975077,1.057895985026466,12.07602787426731,-3.950832821264953,1.3224144394712525,2.9042217039818183,4.0091696888245565,-0.09832285800067675,-0.0610025356546231,-0.48740094507913057,2.7039979296122,0.15179630799730148,2.8557942376095014,0.30000000000001137,0.060000000000002274
1981-05-01,1981,5,0.9227984764248163,0.7604616921556158,0.00012614234031750084,0.5605488303334738,0.016956904930177763,0.05918577183265228,4.31794232168653,4.361703243901445,-3.277608838112201,-0.053355120538199685,-17.096077032590983,-3.836087306925748,0.10439233143353732,4.028517012809857,4.382256233259568,-0.06890527317082018,-0.0654092187936306,-1.1851018519554,0.7162259207852912,0.30997829823479606,1.0262042190200873,-0.25,-0.19999999999998863
1981-06-01,1981,6,0.7707255586134352,0.5655087678063637,0.00017185378187869853,0.5567744853768595,0.008726813823834001,-0.006079633292188191,3.9337343954175026,3.9303586717457506,-4.056813792607414,-2.420026637590304,-16.11360773339402,-3.059762300565211,-2.4985609989652744,3.8430893956806926,3.92388880006348,-0.03941017105053124,-0.056791092608244664,-1.1750020941682013,-1.0755858534172091,0.08417512805454308,-0.9914107253626696,-0.8000000000000114,-0.01999999999998181
1981-07-01,1981,7,0.18689010624132152,0.6693011372931892,0.00020269510836859982,0.9025264821241805,0.01672226012428346,0.8866874779785974,2.79804314379561,0.8756192517099066,-4.429638278352797,-2.1003645918879315,-2.548467179396539,-1.5954081153765003,-2.142223420700727,2.6877910644356007,0.8694454426044445,-0.0028747516622056324,-0.047309312577546336,-0.13816086809586992,-2.8760889917890324,0.10407827025454353,-2.7720107215344854,-1.3999999999999773,0.20999999999997954
1981-08-01,1981,8,-0.03902625278499272,-0.18616990346191642,-7.602653368619927e-05,-0.6908202308396092,-0.009379885597810778,-1.3770712854910059,-1.9219125780458626,-0.22881624428180203,3.1528504040425958,-1.231000634538507,-1.235266893185326,2.078642451331689,-1.8745283411994222,-1.3079096968870658,-0.23371347527819353,0.024745056224457773,0.04256910471461994,0.49537434682030224,0.4306802460499739,-0.6189001121551847,-0.18821986610521435,-1.150000000000034,0.30000000000001137
1981-09-01,1981,9,-0.7168561338824588,-0.8202767049519366,-0.00024788919171199984,-0.8816864060209397,-0.007800844298189391,-0.9047815131716632,-4.84532952755626,-3.745090727317006,5.684159664885641,1.1202376534533514,4.583302603539778,4.610956842162892,0.8617871634550269,-4.497974002401008,-3.753387101013857,0.053916439454472886,0.07737439572246219,1.0076807279875588,0.8147523327244244,-0.3556518988521091,0.45910043387232236,-0.1099999999999568,-0.009999999999990905
1981-10-01,1981,10,-1.1721982746225308,-0.8678195907355075,-0.0003962991136003992,-1.1261633670902569,-0.007842022241319802,0.8341393279697726,-5.772344444366013,-5.751267657386222,4.036628267333441,3.7103981330581384,13.606531868877937,6.034182008213435,4.015545394273747,-6.457226906979372,-5.7560352121090546,0.09536584989383812,0.06911875669028911,0.7818714802546367,-1.6924064796643847,0.6801149078905304,-1.0122915717738579,1.099999999999966,0.060000000000002274
1981-11-01,1981,11,-1.2045149153245802,-0.49726623456791685,-0.0002631727987124008,-0.6036929930830865,-0.004924737024721515,1.4385697564338429,-4.65375573153284,-6.059568365702148,1.3731172192983365,3.6525418696115644,7.221550030008075,5.20594264388879,4.088615018311643,-5.3109117245099355,-6.074715800387423,0.1076289212857584,0.04906259579007788,0.14112635500312898,-3.3967522758903783,0.6420085582918205,-2.754743717598558,1.1000000000000227,0.07999999999998408
1981-12-01,1981,12,-0.4917321269170998,-0.1160011066136235,-5.613524588319978e-05,0.07220629187362348,-0.0039605852263534524,0.05571126463168952,-2.2830562453764287,-2.19187581478144,2.272303205118675,0.5200808685821734,-6.190938884959905,2.562282629220988,0.1265580723265316,-1.548644707938081,-2.1960310219329813,0.06694973385825609,0.05707103855084661,-0.4423421683177242,-0.6835022203579513,-0.7385667445898889,-1.4220689649478402,0.5699999999999932,0.009999999999990905
1982-01-01,1982,1,-0.5969761063241776,-0.13728734191067815,2.212898982997119e-07,-0.20154536015303037,0.004827000639072487,-0.399399490089273,-1.8678094177074627,-1.9951871719185306,0.39608188525673427,-1.7315710783257074,11.009609016618924,-0.6189639544642773,-1.8544808668749226,-1.466229221552112,-2.0041330553556804,0.011051723324683849,0.021377908371346788,0.2269268098172912,0.8921360511718035,-0.4105260795925041,0.4816099715792994,0.6200000000000045,0.2300000000000182
1982-02-01,1982,2,0.31269948108064227,0.17948244436405503,0.00016402431782729966,0.5567529293518021,-0.0005750322162715316,1.1567502815595674,2.543709865274593,1.1474922219854875,-2.630917838131893,-1.4010617872452542,7.8098256555822445,-2.98209270933134,-1.1928290512122288,1.9639155263043904,1.1449995062136509,-0.05581078888813451,-0.04554799497771045,0.7623229787312855,0.5594076072324583,0.5773016231983661,1.136709230430828,0.589999999999975,0.17000000000001592
1982-03-01,1982,3,0.4835941601317586,0.0574988335732769,0.00013089246144870094,0.27130190805686993,-0.0013870818159810172,0.04530772304483577,2.7281902233003734,2.6048586074415425,-3.275710678823714,-0.3480706573297283,4.942769289074931,-4.194736652718177,0.18679148017078973,2.180588750377467,2.6046877276809255,-0.09456835975798983,-0.07549434244338737,0.4306688127207714,1.4538881113949742,0.5474305931622929,2.001318704557267,0.28000000000002956,-0.07000000000005002
1982-04-01,1982,4,1.103299298419472,0.33736070912084415,8.365142581909929e-05,0.3494047471884798,-0.008634795601123901,-0.43936053344430803,3.9446293217587822,5.19348046856237,-1.9433574594563368,0.3114335856030124,-16.056674222883885,-5.21809766456451,0.6574903295125907,3.9367894940786528,5.208166087374423,-0.123703893968512,-0.07215327392343562,-0.6561932390383216,3.620796949017773,0.0225254464921818,3.6433223955099514,0.2899999999999636,0.07000000000005002
1982-05-01,1982,5,1.075980402966536,0.6249866768906145,0.00022443327426970028,0.6165375648559426,0.006522320508634438,-0.6762953828980756,4.24344753171431,4.8405160107569145,-2.938410510236565,0.100070724460533,-19.112240692789783,-5.178943271794509,-0.31984037895250594,4.864642773268542,4.849057891451764,-0.10169213928778875,-0.07519356868826232,-1.3315934596474257,1.8206216581449155,-0.6126533608593867,1.2079682972855306,-0.14999999999997726,-0.09000000000003183
1982-06-01,1982,6,0.7397376645640179,0.7427194142050553,0.00017405415940079973,0.6265428074700665,0.024343850235542197,0.16695179615348366,4.491856052370224,3.598515093421895,-4.77409569685247,-2.689488333118767,-23.483568502982962,-3.568706547119689,-2.681794379199278,3.879376224630107,3.602313374053267,-0.05562402554026402,-0.072532788099954,-1.281808358379573,-1.197695195813317,0.6162781083714926,-0.5814170874418192,-0.8799999999999955,-0.0999999999999659
1982-07-01,1982,7,0.33412726975626583,0.2699914659695537,0.00015792512935969977,0.7253368739785238,0.004845823066541466,-0.7966644875301299,1.6225860752054473,1.6027323293581048,-2.0834783133615815,-2.3029362934955238,-4.454046582526644,-2.3130239004338478,-2.804823511447381,2.5573449528590686,1.6025035890779122,-0.02149770196035039,-0.02635600069544264,-0.28394986122147436,-0.2723416308795876,-0.9349876179338139,-1.2073292488134086,-1.740000000000009,-0.11000000000001364
1982-08-01,1982,8,-0.22483325540213173,-0.019726022520728748,2.5772526337900642e-05,0.029358491791594332,-0.006830817991723248,1.064597722619439,0.18377751260027253,-1.0616212330119197,-0.9017893239059447,-1.5367649833395376,14.718048119699233,1.4983851550992142,-1.7566970373225743,-0.6796206687774884,-1.0656446729111053,0.026161558044787814,-0.0006509609881737433,0.46989829110213144,-2.6201065329881885,0.8593747414785788,-1.7607317915096132,-1.6399999999999864,-0.21000000000003638
1982-09-01,1982,9,-0.6073607962215988,-0.8834821673451643,-0.0003176527954415996,-1.3550614312459288,-0.022389129404304153,-0.9731713866409706,-4.587496535018602,-2.950893709325726,5.0350021838141,0.8741972777729607,2.9092215731652686,4.717278424244427,0.7832672130403822,-4.75421703585954,-2.9463598223136387,0.06115365270668249,0.0750535560377883,0.9479531366128207,0.22679369483708456,0.1712543878530255,0.39804808269011005,0.05000000000001137,0.1400000000000432
1982-10-01,1982,10,-1.0773984385750737,-0.9617394787334206,-0.00038172115170730103,-1.287709407756072,0.0026804916387128674,0.149686961739107,-6.650430888722269,-5.3619922402591556,6.776376225195122,3.667557990221553,10.078313609323232,6.01580726614705,3.7984594027272394,-6.317387987125983,-5.357416671558838,0.10414960844050603,0.11255481519876342,0.8850504445337233,0.8914703715537655,-0.32846733289597196,0.5630030386577971,1.4499999999999886,0.4300000000000068
1982-11-01,1982,11,-1.1304465929522962,-0.28405153563358,-0.00017344417767949961,-0.25881466079593807,0.00014261041242413786,0.7736194531503386,-4.646564886690953,-5.655130560367525,2.950190851190257,3.730971628252206,5.742463961913018,5.112337488856525,3.8858986194002334,-4.507880859837712,-5.660301785643867,0.10909955552924755,0.07099027090156218,0.04113320505629048,-2.0072196465182515,-0.14385525212958328,-2.1510748986478347,1.339999999999975,0.2999999999999545
1982-12-01,1982,12,-0.46812347793576237,-0.082934703778335,-7.714446157189997e-05,-0.19087964533074953,0.0011610834709502305,-0.28760930529661977,-2.06242982395878,-1.9792227726971987,3.3359422735942417,0.46015727827981223,-0.6987644889595686,3.0034807820007074,0.08400514109134605,-1.7472297395909777,-1.9864845661460322,0.06969824296394567,0.0703382966041759,-0.5130213471442673,-0.04369064559492131,-0.3224618778166324,-0.36615252341155724,0.8199999999999932,0.2599999999999909
1983-01-01,1983,1,-0.19309474085252987,0.3598803613307382,8.475547508609953e-05,0.16994606258582934,0.006571728933572163,0.15567933708650372,-0.3018206466556421,-0.6378150624597652,-1.7094851302378231,-1.3336931243847516,6.208838661565096,-0.4443078297737486,-1.4353872172940072,-0.10055368318137425,-0.6509524886147915,0.013157999059616898,-0.011422297139335402,0.2596995896276528,-1.3668713933733443,-0.21440438962929775,-1.5812757830026385,0.6000000000000227,0.18000000000000682
1983-02-01,1983,2,0.26152545620118417,-0.3011041913152894,0.0001810593655353996,0.5491006776313867,-0.006641230744383941,-1.0415841247831281,1.3647159004792115,1.5100221571864836,-0.49983561313493396,-1.2935076496716178,8.845836744600092,-2.7275117973163674,-1.2464504888291614,2.264403562044663,1.5023023698502698,-0.039921828573229234,-0.009090781120569158,0.8273195171567345,2.274733345023918,-0.9074074489016652,1.3673258961222565,0.37000000000000455,0.0
1983-03-01,1983,3,0.607667059284779,0.5663617486363819,0.00010301819992710078,0.22846915061982997,-0.01784769280853915,0.4689033246507037,3.4499213387703094,2.7583723498285053,-3.204982046484673,-0.30739062593471544,15.502445817517582,-4.013963217458212,0.2425326246877617,2.375137925915851,2.7569787563210753,-0.08057913522953264,-0.06294105308819287,0.46370113202924124,1.3589044215959802,1.0733898193470282,2.432294240943005,0.30000000000001137,-0.009999999999990905
1983-04-01,1983,4,0.8800069283665835,0.16979618625555304,6.416178118610026e-05,0.159711007704594,0.012127564943288704,0.46692460449306594,3.3897582940524558,4.246729482220303,-2.202479805649517,0.4500006827396348,-15.524458739280817,-3.852785814544063,0.9010112363051022,3.110791054770857,4.254724699090843,-0.0965769276193087,-0.06843511720489914,-0.6035317175282806,2.1013165624600276,0.28696245615213556,2.3882790186121667,0.46999999999997044,0.2400000000000091
1983-05-01,1983,5,1.1520609268343378,0.7637035068936484,0.00026464911344849934,0.8337820325676688,0.01448583345800425,0.41460353142808515,5.5628670346381455,5.0990812090590225,-3.5572321695864844,-0.03954020148717774,-29.49373582980479,-3.9183097897564494,-0.156693809086498,5.232528179877988,5.115289103428722,-0.07473302714129515,-0.07003357057413817,-1.338065679689043,0.24392401257063057,0.3465467491298604,0.5904707617004874,0.3299999999999841,0.36000000000001364
1983-06-01,1983,6,0.6237451294589391,0.38179334885381877,0.0001415722274754009,0.6106795342983453,0.007121105638719705,-0.4931337558276212,3.1965511216636173,3.4072491705878747,-3.541103517274962,-2.4085253149953303,2.296025423827814,-2.9423641429912664,-2.488767333745514,3.4564103033346214,3.4148453455379695,-0.04200410100687657,-0.05761352788446805,-1.205952056699326,-0.6789813930338653,-0.2522630067209093,-0.9312443997547746,-0.339999999999975,0.40999999999996817
1983-07-01,1983,7,0.19651580825131987,0.6947351787386538,0.00018317843497179902,0.8799905085466158,0.009602184598427987,0.8533097456045624,3.1627237197308204,1.1185803905128182,-3.888625890053447,-2.4607315080277097,3.581764349801233,-1.3426567650626566,-2.556003791537165,2.805842162679596,1.1170754469260373,0.002486575875324526,-0.034712302547310614,-0.25866092408015895,-2.6412414085002354,0.35537661346444693,-2.2858647950357955,-1.3600000000000136,0.18999999999999773
1983-08-01,1983,8,0.007978361867628792,-0.08540535424560858,-2.9213826304996804e-06,-0.12963475393307178,-0.008913075155080108,-0.8035814332688673,-0.6307430229832107,-0.23878344593350675,2.0853616618721844,-1.294765509727,-5.6076482028584,2.0951006542059645,-1.6886494235756544,-0.6470679859197048,-0.24685462388600854,0.03280369114653903,0.038284861806499926,0.5003042590933369,-0.40362290618242014,0.008253784983988766,-0.39536912119842427,-1.5199999999999818,-0.049999999999954525
1983-09-01,1983,9,-0.6212512177117446,-0.9204452637661689,-0.0003055306124463003,-1.355696224668609,-0.006532953038555722,-1.3446114894090826,-5.198256172837546,-3.2346302668973976,5.604375359810348,1.1415033481287082,-5.983418242642074,5.124678354933934,0.95305246791267,-4.820179647272369,-3.22549391814249,0.06307820390300334,0.07665143341540226,1.0561037973862657,0.2912461246604039,-0.3689401768102698,-0.07769405214986591,-0.09000000000003183,0.08999999999997499
1983-10-01,1983,10,-1.2879774569532287,-0.8441615184253237,-0.0004106933578140997,-1.2673076456467491,-0.017512228515808914,0.4184937512085085,-6.927834652650915,-6.439712458656459,5.071841323259065,3.588801790022263,18.11361494171433,6.362009474780308,3.8521352272050535,-7.2112143113276375,-6.438005051555876,0.10241541359414574,0.0853358841455778,0.8303877587612583,-1.02683471433852,0.28508706577730436,-0.7417476485612156,1.2200000000000273,0.20999999999997954
1983-11-01,1983,11,-1.0418723094661573,-0.6199762643855706,-0.00030209315050259977,-0.7271174664226194,0.0039012128907263133,0.44166925354126363,-4.806138944593613,-4.911093678015277,4.3046738712253045,4.007779408423584,-0.36874648701632395,5.52363691010143,4.152964866002378,-4.655913655243808,-4.9165440620815275,0.11452300102746982,0.08908964892416282,0.15012239551786521,-1.0737775812972927,-0.15567567341605582,-1.229453254713345,1.079999999999984,0.040000000000020464
1983-12-01,1983,12,-0.7891658095434764,-0.3744315258654751,-8.532943488329982e-05,-0.24262134710595262,-0.0017818524580405226,-0.372570489423417,-3.9253761241371308,-3.660149078317204,3.7649595303976753,0.8653013234212743,7.426038239544141,3.0055341913535756,0.5283717922884392,-2.983881299074085,-3.669356994966904,0.07200462563383692,0.075373979155414,-0.31954986492492665,0.42249580791124686,-0.9507027417127496,-0.5282069338015063,0.660000000000025,0.06999999999999318
1984-01-01,1984,1,-0.20942187360952857,0.016321610318300372,4.818363298230051e-05,0.039365568421583674,-0.008445409201688792,0.15243363034579005,-0.3576528092293074,-0.9178343892418752,-0.39424809732526,-1.5799791718756317,18.36199190671323,-0.6156756073738165,-1.859301130772188,-0.40891840333137,-0.9277308612237789,0.004045593955321003,0.007295630322274427,0.08585571734566422,-0.057894448847996216,0.041369122120162416,-0.016525326727844458,0.8299999999999841,0.4000000000000341
1984-02-01,1984,2,0.1079407162154098,0.265787317609238,0.0001195313664111991,0.3972544578782866,0.009289720615660024,0.36270536906259565,1.46778279839981,1.0346408334239072,-2.753082235166403,-1.2839539557294906,3.615919141462655,-2.7047706650693897,-1.0484020846276039,1.3152900755512178,1.0299328731511537,-0.04813236965733214,-0.04504061521707525,0.8018201079588305,0.1872403010048842,0.14778476257583506,0.3350250635807335,0.5,0.15999999999996817
1984-03-01,1984,3,0.866093709611846,0.18012640536284152,0.00017181090287060087,0.37679461353782884,-0.002953845486329265,0.8137010230381634,4.367778104560955,3.8797273804884185,-3.0224505693076935,-0.3842127597221072,-13.885981510786223,-4.2884816263326115,0.44371712096156557,3.6409472889192784,3.8726582620869294,-0.07963005168579951,-0.057065905610564016,0.486321355678216,2.093960937708573,0.719761697240191,2.8137226349487605,0.13999999999998636,-0.21999999999997044
1984-04-01,1984,4,0.8660839881849824,0.18577506885350203,0.00014062439696590004,0.4509452752344707,0.00012824265209765429,-1.011790633841386,3.3054204881195233,4.0898916752204855,-1.8897443028404552,0.5264555495164771,-7.291959098292864,-4.068781836376473,0.6841228566752875,3.362545785191571,4.10296125166451,-0.10880188619829134,-0.07513149994375956,-0.6955097129827053,2.3367048406948285,-0.04405572062802321,2.2926491200668124,0.2300000000000182,-0.040000000000020464
1984-05-01,1984,5,1.2863806152456618,0.827559381075389,0.00020628282271660005,0.7443651932994548,0.014458383491705806,-0.005704437272747498,5.443388643886749,5.719522111219874,-3.173592736483954,-0.8089548205998263,-19.044530754516018,-4.039370647993081,-0.9207545724985735,5.649288230986258,5.7332947038553925,-0.07698676238682634,-0.06666860826659393,-1.4643876369712814,0.7539781596103481,-0.19212699446399029,0.5618511651463507,0.13999999999998636,0.21999999999997044
1984-06-01,1984,6,0.41239240229083407,0.6254110632267498,0.00012626232261409888,0.5312087055892967,0.007300416623415074,-0.3316872012006442,2.4867842802444784,2.250406047830893,-4.454853614464355,-2.2576988974636407,4.415159394571674,-2.9201948083692457,-2.3242357263816196,2.6356608624666364,2.253195487686014,-0.035504850623435225,-0.06263692229777007,-1.1347196434629865,-1.601195635013056,-0.14608714236703335,-1.747282777380093,-0.7599999999999909,0.020000000000038654
1984-07-01,1984,7,0.2708456610421308,0.33844626179734405,0.000166866618368601,0.5185342872242202,-0.00249698780818175,1.0298590070997378,2.9126157546999707,1.5697800933131134,-2.2573081644419517,-2.3344427385367332,-9.328311214616406,-1.3284469107058214,-2.583723895750918,2.258816689810999,1.5647696154146615,-0.0015238280077931599,-0.013893499568940815,-0.2272841078820207,-1.1781424109503007,0.6487885869905163,-0.5293538239597773,-1.3700000000000045,0.21999999999997044
1984-08-01,1984,8,-0.029223978124548466,-0.15071163846391755,-2.4555122935501078e-05,-0.22882076309247168,-0.0042345553124150115,-1.3706248649575414,-1.3067735409492798,-0.2511028536943627,2.876680552339991,-0.9884823710847854,9.382700740155997,2.0188413774742173,-1.5284838695948508,-0.6638063352865515,-0.2506334048332519,0.027412455560982707,0.042825338633398324,0.5569784982371484,0.3178376763557367,-0.642497756801621,-0.32466008044588435,-0.9900000000000091,0.4900000000000091
1984-09-01,1984,9,-0.6550516004681413,-1.1136755371075537,-0.0003246142597955991,-1.2082982930560604,-0.01791171194379071,-0.6995547767421542,-4.89898693764809,-3.1888735865699687,5.30339383323431,0.9174225435183381,4.23309425394109,4.78743386941224,0.9016084277253071,-4.8519532351110115,-3.181979472719206,0.0562519430034496,0.07367964672417093,0.9866078753257739,0.5001458480290069,-0.04013958868631207,0.46000625934269124,-0.07999999999998408,0.060000000000002274
1984-10-01,1984,10,-1.0669602284406778,-0.3486806076164157,-0.00029332638213089984,-0.7574242047854263,0.007863888278174747,1.6415344735703954,-4.563298975927523,-5.644836672233055,2.531753594371054,3.622298543494118,10.503403384282137,5.941206948759202,3.958795214710122,-5.371981100546293,-5.636301956332943,0.10544221391247488,0.05541088271990979,0.8071240614434014,-3.0729566831721513,0.8172168405188813,-2.2557398426532735,0.8600000000000136,-0.19999999999998863
1984-11-01,1984,11,-1.2835272219721787,-0.6759477813703256,-0.00026840636772719993,-0.7444025230473237,-0.0052328751446307775,-0.6039545504005801,-6.6330608318642135,-6.0203094185282,6.224046965951999,4.383154206568079,1.981218681743485,5.376196405190285,4.317675400832229,-5.634258521532786,-6.032131053640114,0.11313330183450399,0.11643118685109588,0.25636174591715566,0.7823717550258493,-1.010623945443342,-0.22825219041748923,1.170000000000016,0.08999999999997499
1984-12-01,1984,12,-0.7690154071234474,-0.10443361891736913,-8.473590826830156e-05,-0.1857654095294201,-0.006229104869181268,1.945400513694338,-1.7914022403581384,-3.3166123973622916,-0.5042822937659537,-0.055985250553586496,14.158707379057887,2.6656934244410024,-0.01055398184553269,-2.733680827500507,-3.3303096679532587,0.06420838071132362,0.020007689084184488,-0.5134900666601219,-3.1245444494988988,0.9285813165514014,-2.1959631329474973,0.839999999999975,0.26000000000004775
1985-01-01,1985,1,0.08363897272863596,0.005377074852049191,2.977837630400125e-05,0.08654588187608425,-0.009695688641410793,-1.2017361746998674,-0.6491296367793211,0.4110540056906302,1.2905459733377995,-1.377286496296115,-12.312683066760655,-0.9312089139518491,-1.8266743498029498,0.7358523422260532,0.40655867759102193,0.0023713268511498242,0.025808591587103358,0.2482161534033427,1.772367033782757,-1.3894773071049826,0.38288972667777443,0.35000000000002274,-0.060000000000002274
1985-02-01,1985,2,-0.20887274492986307,0.03475352366467632,9.107285112110002e-05,0.07258268705180626,0.0002254626948427485,-0.47775345499532307,0.043944358486214696,-0.6600065751189845,-2.1049583723956573,-1.1338426722594477,19.633028924523387,-2.4997074772250585,-1.0060394389316656,-0.35074022529624926,-0.6656717089263111,-0.05337885360583172,-0.04199839035404951,0.76170936566748,0.5225523381572259,0.3890194499751374,0.9115717881323633,0.44999999999998863,0.1199999999999477
1985-03-01,1985,3,0.9326980345893503,0.103452504472898,0.00022692577359429908,0.8246683474961749,0.007239484250737227,1.0816812785174008,5.148214144811675,4.291829306487045,-3.8742185003617635,-0.27166504926078616,-1.9042679124104325,-4.497112498483517,0.5189625911869129,4.303913952574135,4.296056944956263,-0.07896574142714918,-0.06843467144447768,0.5071959117276155,1.4135216385694775,0.8485278307067574,2.2620494692762385,0.839999999999975,0.5300000000000296
1985-04-01,1985,4,0.941242344069849,0.44456022492141756,0.00010411088052060015,0.39248936842799864,-6.221182886301246e-05,-0.2451114064366351,3.7168290808783127,4.150342889469584,-2.306823154168285,0.40355843349381715,-15.446105912109488,-4.1799555177559,0.5969983844519007,3.6585264308332057,4.154892167163098,-0.10302490151215782,-0.07255929362913438,-0.737518845541187,2.0665723145457093,0.06285192773861681,2.129424242284326,0.30000000000001137,0.01999999999998181
1985-05-01,1985,5,1.0631410234334453,0.5282152997447724,0.00016324202296130047,0.45040116379365713,0.01489150353988189,-0.19090371332860911,4.2926763864675195,5.219009888970106,-1.9358741676074942,-0.4255541159149594,-3.855915645879577,-3.8961809859747234,-0.38002300500320985,4.416218999868818,5.231686855348698,-0.07849733380656332,-0.052098581470549465,-1.3080154361655616,2.0058379292789255,-0.11086564702270607,1.8949722822562194,-0.160000000000025,-0.12999999999999545
1985-06-01,1985,6,0.7471581315419371,0.6569338753028546,9.287752271600058e-05,0.30660340616884696,-0.00017468659738339998,-0.7856324117268869,2.9309548782105708,3.4398535956860314,-3.9253583534251675,-2.982613494552126,-27.489937466059928,-2.820880385604312,-3.1823344066421164,3.2129368305685944,3.4411782477665724,-0.045892707299577395,-0.0669870291531498,-1.419702014213815,-1.3041988799107571,-0.28065730027747904,-1.5848561801882397,-0.5199999999999818,0.27000000000003865
1985-07-01,1985,7,0.18164855391734136,0.3713358748992164,0.00019012699985939893,0.7976213747519836,0.010293724719502295,0.9995827674921856,3.4188814608464213,1.2531715488854616,-2.982766697581411,-2.315784640477734,3.964467175261234,-1.637353674187267,-2.6143687865643024,2.590506958725996,1.2529232030071284,-0.006375768861804687,-0.025196688086757568,-0.3061059811585203,-1.6439971694807696,0.8281261562420958,-0.8158710132386773,-1.339999999999975,0.2799999999999727
1985-08-01,1985,8,0.02772504274361154,0.17497403198490247,0.00010338694022590106,0.1627524893950607,0.009673309729493207,-0.21039630805140774,0.12779187032197115,-0.2601416842883282,-0.32395860870244064,-1.0009040248122076,-0.30381205440789927,1.6571967361132067,-1.4087575208205756,0.3590963461074921,-0.2615089116353033,0.02965840547105092,0.004546837675980964,0.6224707838862216,-2.3890088408240047,-0.23267170313249963,-2.6216805439565007,-1.509999999999991,-0.009999999999990905
1985-09-01,1985,9,-0.7548268553312028,-0.828856763352178,-0.0003346284089449005,-1.1936542743119283,-0.017668963939329818,-0.5843287043114529,-4.894322879504614,-3.6784703962164826,4.280273911416913,0.9196012696557787,11.016743151922128,4.816557312480825,1.0112177300704381,-5.269677026802128,-3.672393392153083,0.061026677317899125,0.06255311890212001,1.0233873856823408,-0.4446669406493129,0.38143115136091055,-0.06323578928839524,-0.040000000000020464,0.07999999999998408
1985-10-01,1985,10,-1.1419987098652769,-1.0081010690661287,-0.00036044903813430007,-1.1364034645781445,-0.011858642758759363,0.09381731142870109,-6.370049288843006,-5.577725804759439,5.484137233378107,3.786133403038619,3.7595830606442178,6.041210933732998,4.031253461591646,-6.265104024084167,-5.576456347381509,0.1090114195957117,0.10010963706536424,0.8705063306306453,-0.31195364180178586,-0.1036758073809061,-0.41562944918269196,1.2699999999999818,0.20999999999997954
1985-11-01,1985,11,-1.078704381298678,-0.4743753403378719,-0.0002499608138083007,-0.6777875387320584,0.0029855689808754304,0.3810666044077138,-5.183473822046949,-5.159188945929827,5.718756001948975,4.329180439833486,4.024725344352191,5.4314783906065145,4.369149007977882,-4.801717167834624,-5.165469656871949,0.11602433348748287,0.11079490923539081,0.27864851795688494,0.3272461794868349,-0.388037365154446,-0.060791185667628866,1.150000000000034,0.08000000000004093
1985-12-01,1985,12,-0.6081181319695474,-0.06918996288618473,-9.487678566429993e-05,-0.19420004154002157,-0.006150770747210932,0.03235278371555239,-3.541988019518442,-2.9479629123973723,2.168645182196883,0.542671742574246,-2.000675081202644,2.6484886869225477,0.1918258662527066,-2.3319761068199796,-2.951425633871054,0.06202840960064915,0.04656742603419195,-0.4988160976011802,-0.8306893810472005,-1.2134746341721439,-2.0441640152193337,0.7599999999999909,0.13999999999998636
1986-01-01,1986,1,-0.0813417752242458,0.19599299821771865,9.809394001530046e-05,0.24643458862986023,0.008172313994862734,-1.1122607133309828,-0.038267147771477994,-0.2998718902160249,-0.6326297187310388,-2.1617285754505104,-6.181373462881311,-1.0134841895991542,-2.6078889471950006,0.3413178253229603,-0.3065562276074729,-0.00396005213625461,-0.0004800582608335269,-0.19969662419230083,-0.06530590087638188,-0.3862693104858863,-0.4515752113622682,0.5600000000000023,0.17000000000001592
1986-02-01,1986,2,0.3134671041594288,-0.07452499219579067,5.805022520109955e-05,0.021230294824121643,-0.014104642520641919,-0.3725781037430522,1.2061272250356296,1.859456887642068,-0.6674215282212685,-1.5211490815372635,10.152687933572452,-2.8223277395397304,-1.3650752502022527,1.3942146673202842,1.8534831401335055,-0.06587327230904094,-0.031146228691524502,0.7765641918714401,2.3109800426534832,-0.19406118979321718,2.1169188528602696,0.22999999999996135,-0.08000000000004093
1986-03-01,1986,3,0.5642814448160038,0.20595182170205817,0.00020646838492929982,0.5740021229198611,0.01665153988171053,0.8134263077535522,4.105041146294809,2.81122223826776,-3.172127614911574,-0.27969804184939306,13.826579290616792,-4.2911244625001075,0.37404650080519986,2.916811871280572,2.814186599163861,-0.08856638199697553,-0.06486551548641772,0.5220825914087044,1.7727413902431053,1.191193635910338,2.9639350261534467,0.37000000000000455,0.040000000000020464
1986-04-01,1986,4,1.0543051476458345,0.4018493769526117,0.00018966296310120138,0.6345599844103376,-0.009232335868636588,0.3254204363681197,4.4434915183499015,4.794241946800923,-2.98795583587048,0.022113118392063313,-5.51747436390724,-4.321813532746802,0.3386528607132604,4.459139374984318,4.803953157789351,-0.10138349219596998,-0.07969626502276395,-0.7061239895849205,1.6503974391975547,-0.005936645645988392,1.6444607935515592,0.5100000000000477,0.2300000000000182
1986-05-01,1986,5,0.9606530104391595,0.6190252775018621,0.00010187095717039893,0.3287662719966278,0.006223253167328413,-0.3425248610008893,3.707829984344187,4.613559899540235,-2.140036445268777,0.3152282783418201,-15.060744565693312,-3.767691110214372,0.24090922957382332,3.8788046113653536,4.624963938652968,-0.06852616068464501,-0.04916562129651236,-1.1804514427229122,1.553335616177577,-0.15957058790843348,1.3937650282691436,0.0999999999999659,0.13999999999998636
1986-06-01,1986,6,0.6571081618517951,0.816111385494537,0.00018267745706400038,0.9532323276475729,0.023668884142430957,0.8869361480066829,4.767480412910061,3.4681585150866,-5.80112615209498,-2.3828850277795794,-4.266934360959567,-3.087860081475611,-2.331758850697966,4.165827811720192,3.46442070311997,-0.03895454629355699,-0.08136224644855883,-1.175052989934441,-2.6621398935377627,0.5979147892232426,-2.0642251043145166,-0.5600000000000023,0.2400000000000091
1986-07-01,1986,7,0.28099425143585677,0.2320052910840218,0.00013981024473659967,0.4560478350772854,-0.007252339297012855,-0.6568040108920741,1.9906677449112067,1.3134714405500745,-2.6262584710817123,-2.3001804784327184,-4.863399087378639,-1.4017722936737016,-2.612258885742367,2.1111870257682313,1.3075698297342342,-0.00667527458716588,-0.026061121897907658,-0.2633588036646284,-1.5365645847176097,-0.1264208916728684,-1.6629854763904746,-1.4699999999999704,0.15999999999996817
1986-08-01,1986,8,-0.12938545003135005,-0.26870030334947614,2.248308715080069e-05,-0.1816449440965009,-0.0004226705438145073,0.0760278783046715,-1.0043084060383194,-0.7635502262821205,1.6443282205907508,-1.2158408183027198,1.8325789670780068,1.7567928054955075,-1.6264535774267053,-0.8744415105326766,-0.7596721311261376,0.029286652340351882,0.03303955051335139,0.552420011755407,-0.5230773440287848,-0.12598880034965987,-0.6490661443784518,-1.3700000000000045,0.07000000000005002
1986-09-01,1986,9,-0.7235006278445439,-0.7176356319451429,-0.0002715179037318001,-0.990005219377192,-0.009687628792523828,-1.120979155009799,-4.719047062463687,-3.5965102266384292,4.609368820367138,0.8490955765090895,6.109673213519272,4.560052011915445,0.834973033069268,-4.564620506402775,-3.587362335930152,0.05109867311271321,0.058972683888768085,1.046028773215756,0.03519426501186018,-0.14527866535263456,-0.11008440034078149,-0.060000000000002274,0.03999999999996362
1986-10-01,1986,10,-1.032978839862949,-0.745872469286212,-0.0003453062061653002,-1.2466894427834845,-0.009188822381580253,-0.21660373734290062,-5.72058614905535,-5.155560497184922,5.2674207093969585,3.508158900750928,1.5549241917178733,6.028255984539555,3.6825386475120183,-6.005142201935541,-5.1559719911600155,0.09631715314166778,0.08719161903446127,0.7465836308802807,-0.5864555283814994,0.2841445589050977,-0.3023109694763946,1.169999999999959,0.13999999999998636
1986-11-01,1986,11,-1.1256963879786213,-0.4363286675533118,-0.0002202560147738994,-0.3567321003359396,0.005165174411354223,2.163354282597261,-3.9963973560069803,-5.5130500590598785,2.328842155495323,3.5508127879976428,19.09012080373941,5.112481648798877,3.7565782332323394,-4.600495645567889,-5.518019815151433,0.10902913978273787,0.06737956676922652,-0.02033907980354499,-2.577874048068857,0.5991285334693544,-1.9787455145994954,1.2700000000000387,0.22000000000002728
1986-12-01,1986,12,-0.6955505375968869,-0.016753147462850393,-6.27177773876008e-05,-0.03110032678099728,0.004276636593495531,0.030213291031884637,-3.39559894719622,-3.22558343492193,2.59003758532171,0.9133684356495451,-8.006165451457491,2.719417913333416,0.5763621780868036,-2.3463333770963004,-3.2354548195176562,0.0689437034783058,0.056386400906017986,-0.38339969675036834,-0.46638658557444046,-1.0591369546956457,-1.5255235402700862,0.45999999999997954,-0.160000000000025
1987-01-01,1987,1,-0.14752361901503264,0.3729086245310782,7.166275992379935e-05,0.0847925067515547,0.0040028973962122905,-1.5484942023169879,-0.3255765559941892,-0.2714682184499111,0.43303286057246737,-1.3395565568026022,2.720235641216277,-0.5204513330065765,-1.6586574688606603,0.17234078883512893,-0.28893821917569085,0.018193923491373276,0.02569111090465359,0.29599948905054774,0.6343832815209751,-0.5153873455550979,0.11899593596586655,0.25,-0.21999999999997044
1987-02-01,1987,2,0.3236075789954498,-0.03582852010521265,0.00017113471909910132,0.4869679877712443,-0.014837311527732933,-0.4237629892049597,1.8490786737069698,1.76842659938643,-1.5117892847947587,-1.8922049526367353,9.938955926540075,-2.8227286060177335,-1.6863267721820847,2.186221370158819,1.7696923529719584,-0.045582720783988506,-0.02450919171355448,0.6479160409589078,1.5168175016776217,-0.33587694286632086,1.180940558811308,0.5600000000000023,0.2300000000000182
1987-03-01,1987,3,0.49095288378947544,-0.23789285981899866,8.567902347170024e-05,0.19674308983502087,-0.019850984836843166,0.3353876872518953,2.313741626875185,2.5851421401509924,-1.0756321194014618,0.14838800038275934,0.7720178956660675,-4.1279637658632,0.5411684182958041,1.8495158349338112,2.584478470343072,-0.09919390850621301,-0.04773322048109696,0.5810632350205491,3.4451120643748254,0.46356212213345316,3.908674186508275,0.7200000000000273,0.40999999999996817
1987-04-01,1987,4,1.067467834769559,0.7107287004135969,0.00013693485364669848,0.4305081253200207,0.009342202160414759,0.1861635583131971,4.3296143211113645,4.718058934824114,-3.265074306072819,0.3185518796696307,-8.770900335963233,-4.160961392923582,0.5562551439858154,4.097627418448951,4.726876737774887,-0.11086367250901263,-0.09525762509260405,-0.6836914210285912,1.13359035116693,0.2408047056131899,1.3743950567801164,0.6899999999999977,0.410000000000025
1987-05-01,1987,5,1.0342582596386478,0.3926891129955834,0.00024362417753310064,1.0251310134632803,0.01011392441546366,0.06086586155682738,5.354465974015795,4.919612297856702,-3.1198010902745352,-0.2945268003022079,-4.511027358981664,-4.286952861286892,-0.23287600171117617,5.286447654277367,4.932560674302067,-0.07731694462641192,-0.06166278315153395,-1.3170948680487182,1.2288025696033742,0.08096669618378982,1.3097692657871676,0.2799999999999727,0.39999999999997726
1987-06-01,1987,6,0.8208281903804959,1.0007019065075724,0.0001971203367563002,0.6278056049301917,0.021749883669271663,-0.04620266179423993,4.0106341118560636,3.7846605792495893,-4.8513566725941075,-2.468474960721011,-19.058394639840117,-3.023956155783111,-2.3435396884546975,3.9854653426127697,3.7848730935270964,-0.04297888884933476,-0.0735957459199712,-1.209535522742522,-1.7024652445446904,0.025381283520800935,-1.6770839610238966,-0.8000000000000114,0.11000000000001364
1987-07-01,1987,7,0.34286584641358786,0.24653122522153126,0.0001769502705406007,0.629737785919648,0.004192298719631782,0.4814956272107196,3.4744839026189993,2.2316374940702985,-3.2486832114325352,-2.2446206268490982,9.64393836648378,-1.567321300750308,-2.503918742621064,3.073101973952248,2.240835178032171,-0.004519202576199088,-0.030352020761539755,-0.24063546506542366,-1.9406600264541751,0.4105796126286201,-1.5300804138255444,-1.6200000000000045,0.029999999999972715
1987-08-01,1987,8,-0.31194882311831407,-0.2574041249982315,-6.435694349601201e-06,-0.2109322137894658,-0.006488045191861858,-0.04569212752240759,-0.8986891071658647,-1.3163338797730262,0.7375881186976301,-1.3321731617907808,0.7190850220795255,1.7371935044360214,-1.6059847955130913,-1.5048522145751804,-1.3237811495776555,0.02581724172821609,0.0199263165924064,0.5283533469808415,-1.2734170194607373,0.5987158376046899,-0.6747011818560509,-1.2299999999999613,0.17000000000001592
1987-09-01,1987,9,-0.5320697157152949,-0.7248785498495636,-0.0002585284821945994,-0.8884337093186119,-0.020030758312151953,-0.8949610731016477,-4.900173593169882,-3.001706437112773,5.243479449816277,1.1608763648805684,3.239160798242665,4.674092747098115,0.9957375121971097,-4.117326107496922,-2.9904190356875233,0.0635998781068281,0.07595609434817963,1.107307051271544,0.4042478500347215,-0.7715600842477102,-0.36731223421298864,0.08999999999997499,0.14999999999997726
1987-10-01,1987,10,-1.1670604509898226,-0.5890416728780679,-0.0003884024724093004,-1.1105712994478871,-0.0047678778457871385,0.6988635066815974,-5.581760951286071,-5.91628831498673,4.289862917788668,3.608115805037791,3.56387345251278,6.052684607831367,3.8532879993406866,-6.239789553898277,-5.925745994090164,0.10968009033578907,0.086297614098652,0.7198523441520432,-1.5176494957397892,0.6485709235087711,-0.8690785722310181,1.2700000000000387,0.20000000000004547
1987-11-01,1987,11,-1.1779245147101847,-0.4965521868825249,-0.00018216261858709955,-0.44322078242723606,-0.003836861473033637,0.490614530015975,-5.050303761343514,-5.5578209321759005,3.3393022560823624,3.5059286847026385,15.410653283761349,5.190049526248885,3.7244771481345254,-4.694180311942262,-5.559567996332646,0.11716182602131164,0.08348455859289894,-0.009111737238590933,-1.6321988067346638,-0.35787051355799804,-1.9900693202926618,1.2799999999999727,0.21999999999997044
1987-12-01,1987,12,-0.4515110134149154,0.12685921508557385,-6.210187847520074e-05,-0.323784592763225,0.012662592537774464,0.5469149559432651,-1.9966535574442332,-2.3759962226710627,1.9034666174630104,0.512482394876244,-2.196632935316302,2.8463202589519483,0.34758658231042716,-1.8093529855670454,-2.382472247092778,0.061497737055455026,0.03995754889107239,-0.45237231821769086,-1.1077494540547264,-0.19377659629890687,-1.3015260503536297,0.9599999999999795,0.3100000000000023
1988-01-01,1988,1,-0.14632636819465006,-0.053104503871054476,0.00010917436566170065,0.556373291211095,-0.008330997752590164,0.1426176467747311,0.20043360509072272,-0.4418431367192852,-0.3306488069173099,-1.5526952165342038,0.07452724712493364,-0.9051382574875504,-1.8925512629260481,0.45251211761865306,-0.45380410771321067,-0.003625335579628519,0.0058467356026787876,0.10052802311127174,0.23463340417839618,-0.2640394835218558,-0.029406079343459623,0.7100000000000364,0.2599999999999909
1988-02-01,1988,2,0.030846924911770657,0.012565183418587367,4.3984518256899585e-05,-0.11231933777067127,-0.012171890460698831,-1.23044483944296,-0.0926947859933307,0.7469270385044524,-0.5935367306282444,-1.3050866626276942,17.45650051503617,-2.512368132626989,-1.2597367715120527,0.2917745253024009,0.7420379605210314,-0.053314257592247394,-0.026296095717453838,0.8881290193686002,1.9641812931143932,-0.389358389279149,1.5748229038352406,0.5500000000000114,0.2300000000000182
1988-03-01,1988,3,0.7815515536565272,0.21218803362882,0.00015309973353890005,0.3668278216171501,0.012460999865644251,0.002695252719149721,3.331399364057802,3.3534098237021226,-1.6689542965926307,-0.12627948140442058,-2.5683540335594444,-4.192651408983011,0.46725173128282194,3.0081525726938025,3.359866877063382,-0.07972375885533012,-0.04100777326866023,0.5776129511520711,3.117228325077548,0.32970384472525893,3.446932169802807,0.37999999999999545,0.01999999999998181
1988-04-01,1988,4,0.9933308741238989,0.1814058612841336,0.00011350996369790048,0.512465563110645,0.002585689505374411,0.07054433365308199,4.0877586693336525,4.702740791419899,-2.0709279051105227,0.31324690447251413,-11.059195228648605,-4.242879747428418,0.46011349158892756,3.9885798869270843,4.703859084495207,-0.10446796310941187,-0.06952549355833293,-0.7499868385008153,2.3188184294343728,0.10029707548187616,2.419115504916249,0.44999999999998863,0.12999999999999545
1988-05-01,1988,5,0.995097556923497,0.5753417486483272,0.00015437462985549988,0.4111875701373542,0.014876636337832427,0.33320654593168797,4.351285280258367,4.385322950881289,-3.803467422143001,-0.10095686735444787,-13.735597830629558,-3.8971378180715703,0.03507181220499689,4.050558146480796,4.398040019898303,-0.07713712891605295,-0.07492809417985846,-1.2556512538403162,0.22969907548804258,0.3134442027945852,0.5431432782826278,0.15999999999996817,0.3100000000000023
1988-06-01,1988,6,0.7025106512940056,0.7682724211983896,0.00013590626613589965,0.6439593792468798,0.01405576085540583,-0.07300721986658232,3.8629679854472556,3.676639372328111,-4.936366616542102,-2.6808624319089027,-6.505318303403328,-3.148672528672023,-2.5230578653467006,4.045436122437252,3.6782871238734742,-0.04434019313941695,-0.07490420918678664,-1.1705389101957149,-1.629889521307888,-0.1808203854446333,-1.8107099067525212,-0.6999999999999886,0.2400000000000091
1988-07-01,1988,7,0.19113463983939027,0.575139438823669,0.0002581998986788004,0.8451001191354273,0.0181558297507467,0.38156960149103014,2.978417745029276,1.1311669713755919,-2.8109130289402913,-2.275081958915493,-0.3964908785856096,-1.5180195804730374,-2.756201642775025,2.7205422211840187,1.1296269445330154,-0.003954123787643038,-0.02893964772300528,-0.29578508970646844,-1.7740131323268145,0.25633549700268077,-1.5176776353241337,-1.490000000000009,0.18999999999999773
1988-08-01,1988,8,-0.11680547900726879,-0.21958589994989097,-2.218905718659979e-05,-0.21611421010889487,-0.012191351871005951,0.1006491471302624,-0.6248160179235924,-0.665294863337806,0.03624241453323407,-1.2996876822901484,2.8579720462294063,1.8304802819930899,-1.4934191884609511,-1.0661435718725443,-0.6667915500881918,0.03295481747235174,0.014196222947469028,0.5726277577308743,-1.9879693736306479,0.439830867198566,-1.5481385064320818,-1.1800000000000068,0.29000000000002046
1988-09-01,1988,9,-0.6104899811760447,-0.6460530094011574,-0.0003177108650584005,-1.2082817591350121,-0.01228685119568873,-0.7656766846872003,-4.5683646192284755,-3.362192515823324,5.286378562638362,1.2414725392898163,2.3676359536329983,4.7826120247281665,0.93282063261179,-4.547975155726988,-3.351096625085404,0.05292134792972103,0.07025281280213491,0.9904435146808002,0.19511463123220807,-0.009293572763567681,0.18582105846863328,0.18000000000000682,0.2400000000000091
1988-10-01,1988,10,-1.1130131901350637,-1.0360474388828038,-0.0004252015358436993,-1.3752181101676904,-0.021603099965147865,-0.8814841920842227,-7.385871224024015,-5.676594108534175,7.0094298254001615,4.051567906903465,3.5778477416024543,6.193757386039493,4.018337145317318,-6.795908243822566,-5.674840777803013,0.09599574453789605,0.10612297936770254,0.8212550223083799,0.7824416777744929,-0.5882096494702864,0.1942320283042136,1.170000000000016,0.06999999999999318
1988-11-01,1988,11,-1.3635576128117464,-0.4179118887695381,-0.00039412497282150134,-0.8498511241081488,0.009441406149625298,1.3241733987231967,-5.955110809616087,-6.542113507389104,2.5381595317086294,3.8067050087374774,-11.120789915963542,5.359864260165807,4.114185762844684,-6.322172724040854,-6.549586639529593,0.10345353048865658,0.05692661792036047,0.11096910577927055,-2.5142239743499886,0.3595887822842805,-2.1546351920657116,1.1800000000000068,0.12000000000000455
1988-12-01,1988,12,-0.538191380005685,-0.2532039078218986,-5.29840711379001e-05,-0.07800034760900942,-0.003712346808914413,0.8805746008772672,-1.9767408563212712,-2.6298415975987837,0.770508408519504,-0.03252681793896528,-1.376478211634094,2.5217058609433423,0.06925034074387071,-1.9257740123471194,-2.639278043399372,0.06269149054426038,0.03440722181667111,-0.502154871005418,-1.6494202937410094,-0.06040328977474729,-1.7098235835157425,0.8500000000000227,0.18999999999999773
1989-01-01,1989,1,-0.4307552248246225,-0.09974979928358607,5.5204258616801255e-05,-0.12481413903852712,-0.005103467243675941,-1.3606147565906213,-2.235700111548681,-1.5004374112506298,2.257050083494647,-1.3502999597848522,17.69209695252357,-0.412713067528955,-2.0474362209963246,-1.3024433933229602,-1.5142610797875022,-0.0009417175128429989,0.03416764737493194,0.09207965239937366,1.9726268898121262,-0.9470803867625861,1.0255465030495223,0.5399999999999636,0.01999999999998181
1989-02-01,1989,2,0.4723256512896228,0.05819778470839765,6.539201439819883e-05,0.2224716889540268,0.003965055053802957,0.8533360908271845,2.2754318345558886,2.1647539689411133,-2.4712143054030378,-1.771996233872109,7.020096702486626,-2.75249216053507,-1.557774249019083,1.8408903479352716,2.164581386572763,-0.04659650419289818,-0.0402104171529758,0.6947111064331217,0.4954998399850865,0.4343689042522634,0.929868744237357,0.4600000000000364,0.14999999999997726
1989-03-01,1989,3,0.6280128271569652,-0.11258587364289951,0.00017299524783680013,0.30165422264341046,-0.01570828685622544,-1.3480002314245638,2.592374035141006,3.274865805115212,-0.8466490641280018,-0.5008648658129751,-1.1254699331329903,-4.216251457095211,-0.04287651008656468,2.9505501770598244,3.272637790959095,-0.08873415466194068,-0.03763377021380432,0.47949227799720795,3.827590748693609,-0.36040415607493514,3.4671865926186705,0.5399999999999636,0.2400000000000091
1989-04-01,1989,4,1.0318292867931405,0.4838465120565729,0.00021085085806510015,0.6115202770724188,0.022370289672800026,0.9163129327202668,4.63600564197742,4.612415166941844,-2.41599318620095,0.9807092244834017,-11.091496865527006,-4.135099539061002,1.2555252664140681,4.294231265821395,4.620909336288435,-0.10182444884104092,-0.07329216969870256,-0.5612033386247379,1.993922394790701,0.3502685455026153,2.34419094029332,0.37000000000000455,0.020000000000038654
1989-05-01,1989,5,0.8477215922403047,0.42725223666479906,0.0001473287315374005,0.53991409615805,0.0009769866225634027,-0.0340743832571917,4.306326002768969,4.215235760603775,-3.985423370144133,0.011874510932464943,-14.426859835439245,-3.9308913252187097,0.38116398336111956,3.9439628425150204,4.2244661264868455,-0.0678597172114781,-0.06943038750197994,-1.1003184393866405,0.31475742750328095,0.3715935261370191,0.6863509536403001,-0.18999999999999773,-0.09000000000003183
1989-06-01,1989,6,0.7183629733606836,0.7215797515642635,0.00017297403386619913,0.6298247348033286,0.01215631824974095,0.4329149120580098,4.241947470993978,3.6539793357629833,-4.190040493876438,-2.4863030521642813,3.202937700683833,-3.1603316963274892,-2.552038694611312,4.031975766272183,3.6623992486197494,-0.04158561540804895,-0.0605542626753075,-1.2154484253199573,-1.0954444399960153,0.21839161757856118,-0.8770528224174541,-0.9200000000000159,0.06999999999999318
1989-07-01,1989,7,0.4258092057384033,0.5181938459430739,0.00020968052400830058,0.8916588678175934,0.011086990879134007,-0.7451872375579995,2.5486300534774387,2.138516740598277,-1.7493308509032772,-2.2215668669310453,-0.5432608796400018,-1.6124771054956568,-2.7987450020655693,3.2961188504742154,2.1349927039746035,-0.007376316121856963,-0.015794555248479725,-0.3137111328451603,-0.7140318805421373,-0.7510128336204502,-1.4650447141625875,-1.6999999999999886,0.03000000000002956
1989-08-01,1989,8,-0.17507094370597542,-0.09560122834983531,3.6370213239199714e-05,-0.15327570317398198,-0.008876062131626394,0.38140677997999006,-0.5043380272627473,-0.9815651861255219,-0.0489862036673685,-1.3991823653612983,0.681109275057679,1.7365380323235513,-1.735955948074686,-0.7211005298915438,-0.9791259459971116,0.026172856011227097,0.006998041803092825,0.506192406878684,-2.122297818704311,0.21920174275721038,-1.9030960759471007,-1.349999999999966,0.11000000000001364
1989-09-01,1989,9,-0.6133243747537449,-0.5068856438472835,-0.0003632309472382002,-1.160517074065698,-0.013361143642758089,-1.0586446465256998,-4.731659986411557,-3.125883253655786,5.392047377896489,1.1868019742274143,-5.221383383730426,4.845984651158176,0.9303693728031419,-4.774637583596871,-3.11547825548962,0.055156133033329,0.0731389323049556,0.9681027881066413,0.28963012531403365,0.05338259535147927,0.3430127206655058,0.3499999999999659,0.38999999999998636
1989-10-01,1989,10,-1.0654610341395028,-0.7943627500501975,-0.00032013611374119913,-1.0017128423235881,-0.004606291056044931,0.3822958377387451,-5.48574933293844,-5.527739669674929,4.25633262526523,3.528440443945481,-0.7196005513687851,5.999077562606743,3.901782432515212,-5.990540216554336,-5.533415514308501,0.1074316357227878,0.08339341824640378,0.7996758759766536,-1.3694029487717785,0.4991150389823211,-0.8702879097894538,1.2900000000000205,0.18000000000000682
1989-11-01,1989,11,-1.2294500178173848,-0.6518296181429832,-0.0002275045895016002,-0.47014742077610805,-0.012198150077731396,1.0416890154689966,-5.231455239976299,-5.713207150723008,3.7493659711962835,3.652947115370768,12.252881781983888,5.089367720424178,3.8589279921938697,-4.994002519602759,-5.71867419514092,0.11037410776285261,0.08383766562687178,0.0686628932709592,-1.1340208724047898,-0.24291976479145205,-1.3769406371962418,1.1800000000000068,0.0999999999999659
1989-12-01,1989,12,-0.502075332203276,0.08246292687243795,-0.00013229610789580043,-0.37949063883662504,0.000533035590349451,0.11766040232933506,-2.1801023163554873,-2.5192684320734315,1.0609873666069234,0.4855221796705216,-5.4412824549362995,2.730869566268325,0.30210589758628004,-1.9516572594351942,-2.532187307064703,0.06338466965450174,0.03352397058922829,-0.44250811887203767,-1.8532984817456466,-0.24136393191156458,-2.094662413657197,0.8700000000000045,0.19999999999998863
1990-01-01,1990,1,-0.2436298485631596,0.03945265472788151,0.00016063289199559974,0.5978668434284131,0.018819315387934243,0.11200826637760741,0.42779813264246513,-0.8072581220531561,-1.5284606784559571,-1.99931492951022,14.973666647070786,-0.9975092295551633,-2.0578633398945456,0.4226744791966439,-0.8122494975805807,0.007787204517183177,0.0012209898807338249,0.060440591327736826,-0.5894998592851195,0.00013227791839653946,-0.5893675813667301,0.5699999999999932,0.11000000000001364
1990-02-01,1990,2,0.24644564785091916,-0.0981997136820496,0.00014550727963510111,0.23325708490760633,-0.027758076934291998,-0.9509140633827755,0.990090336986043,1.5809687953118328,0.17155858869239182,-1.3282607520030076,6.988668074365705,-2.6989542502182644,-1.4221760240542807,1.3046761819371113,1.575653643224257,-0.05324143624283195,-0.012272298263906745,0.7951679718339975,2.7765975668593796,-0.31990099703864416,2.4566965698207284,0.39999999999997726,0.12000000000000455
1990-03-01,1990,3,1.0106244608537622,0.3580748378441285,0.00015746373412349988,0.43785013461207356,0.018161722736735664,0.12566805105664258,4.170882112328059,4.448260685986725,-2.439199186029896,-0.8331775319033561,-6.418011598958401,-4.298813211330298,-0.4002543459585439,3.7079823494991047,4.45186902004815,-0.097651059155071,-0.06540118318492949,0.28598359318484157,2.292537211245211,0.466508096890383,2.759045308135601,0.3199999999999932,-0.05000000000001137
1990-04-01,1990,4,0.8521106477352873,0.24209769436089346,0.0001453968393139004,0.40192162693884015,-0.004407168872949341,0.06458971042157202,3.4935212630361434,4.152412236897078,-1.7969713276375217,0.6319156502195185,-0.861248298198916,-3.961542670318096,1.022445437904679,3.6033257797022316,4.162425117984412,-0.08993374593653147,-0.057921069277402815,-0.5551993488035336,2.555101130365763,-0.09979163557876092,2.4553094947870022,0.3100000000000023,-0.029999999999972715
1990-05-01,1990,5,0.9423818694133956,0.6943733772479845,0.00019066135008940013,0.5857459813940586,0.01605774499815249,-0.7507492105164957,4.1881069185602655,4.3920312745232195,-3.0028637965816927,-0.15284542334243056,-7.942685873204027,-3.93490044693516,0.02667412918489731,4.295885544861619,4.407852111428326,-0.07173618045229313,-0.06115507010109944,-1.22710471535712,1.1115562028807915,-0.09195778939624333,1.0195984134845446,-0.0999999999999659,0.009999999999990905
1990-06-01,1990,6,0.5755207033518559,0.5960887197650777,9.486735954859944e-05,0.43604013067740865,0.010095427654901679,0.08601864688768757,3.3645775625103056,2.9984993599732093,-4.949407522097033,-1.9594648050768235,1.3937382071017055,-3.1282644012297283,-2.262574534909568,3.266395863330331,2.98810151984776,-0.04431062728466406,-0.0747826293001621,-1.113247011693021,-2.12425285070006,0.08778385905452524,-2.0364689916455347,-1.080000000000041,-0.07999999999998408
1990-07-01,1990,7,0.32047240835663615,0.3179762181946444,0.0001859851429136996,0.6437551534220773,0.002437474662368766,0.1452575337800539,2.237916987019389,1.580235056168192,-1.5282093732659519,-2.243894252515961,-4.840689230506541,-1.5128134299601186,-2.604258683252649,2.6938952639119975,1.5850492219846615,-0.008438956379407614,-0.014507493792532689,-0.2782332622866406,-0.37576037404253526,-0.45116411107613885,-0.8269244851186635,-1.6200000000000045,0.13999999999998636
1990-08-01,1990,8,-0.19624555671481403,-0.18013003986038711,-2.7688298216799884e-05,-0.2831894831862982,-0.010847051845503053,0.032786218504753606,-0.7440720341634801,-0.7030735211432102,1.4448584164883584,-0.9373811881898071,0.015536864288151264,1.8469814957923063,-1.4113761559054012,-1.3931602903205658,-0.7045386953177513,0.027963495534234717,0.03106378016789435,0.5646212041372483,-0.8761180470195598,0.6476230819825481,-0.22849496503701872,-1.1299999999999955,0.29000000000002046
1990-09-01,1990,9,-0.685018745246623,-0.6869842212622643,-0.0003255730102177997,-1.032451906948765,-0.012807906889819698,-0.6218200200758304,-4.414101505424355,-3.6101958471518856,3.6682286369543817,0.9493162541217295,-10.003913829757948,4.723966915830033,0.9804155718227143,-4.60619890886403,-3.6036735054269116,0.060808867269479094,0.05382715294149376,0.9955936152259799,-1.024638961174638,0.19861974516464187,-0.8260192160099962,0.21000000000003638,0.20999999999997954
1990-10-01,1990,10,-0.9388447864010914,-0.5783177052337578,-0.0002870918040479009,-0.8950650774463753,-0.0022811229807652156,0.04134008731000449,-5.413164361091674,-4.866613615186111,4.938939190240234,3.633649874104659,4.592640448696329,5.885541444641063,3.782470729016076,-5.129143074244894,-4.869184192459102,0.10377821386139674,0.08740968683198114,0.7944500875402696,-0.7977813994894021,-0.28659186411976734,-1.0843732636091659,1.3999999999999773,0.2799999999999727
1990-11-01,1990,11,-1.1216620022581196,-0.2815480454216299,-0.0002477462801557997,-0.6907631873627373,0.00014275618410453106,1.288093028426104,-4.590091784085189,-5.310953143355789,2.9857973420703274,3.5567951720796174,1.625912548333872,5.279133759897206,3.8329491054470424,-4.975132607378782,-5.309765768808404,0.11420431707321343,0.07873462519583496,0.05709234171916577,-2.017182484459447,0.3862281978409783,-1.6309542866184756,1.259999999999991,0.11000000000001364
1990-12-01,1990,12,-0.7561549348791345,-0.23845601768402958,-0.00012399553665639988,-0.16938800854075708,-0.011067136376696318,0.2037793607982934,-2.8644911678706535,-3.3631041607533234,2.2896198993536814,0.5103682818992148,7.297935659444192,2.7332156257635916,0.32400865874735274,-2.6738634797738428,-3.3731582910627367,0.0660656444525678,0.05381491924174853,-0.4516095459908751,-0.6299553495617829,-0.200681818406224,-0.8306371679680105,0.7400000000000091,0.060000000000002274
1991-01-01,1991,1,-0.24794258952601922,-0.18417879661751613,0.00011075009093870075,0.27654600712719457,0.008281130139539794,0.03237812697077658,-0.8642023507471208,-1.2119815019177622,-0.9287135879665982,-1.4751538145012297,9.67950732295867,-0.7897037647863954,-1.6351250059467972,-0.13562863561259064,-1.2298517596302645,0.005123300797252206,-0.003859728122873385,0.21481444057807053,-0.29898101462578097,-0.7464439728470289,-1.0454249874728099,0.5699999999999932,0.19999999999998863
1991-02-01,1991,2,0.38800007313199103,0.19157952993555227,0.00012817499928160017,0.1953638311185415,0.0043278220602183115,-1.3765557608632975,0.9793899101898091,2.092646574814978,1.2312953278813268,-1.6457266876652348,-1.7940852968604304,-2.6206797864454643,-1.815318235361488,1.5920942976027277,2.09199322037,-0.05541328380736843,0.0040856929912820306,0.640605299186328,3.6823835666305342,-0.6133577418579002,3.0690258247726376,0.4300000000000068,0.1400000000000432
1991-03-01,1991,3,0.4963582933170869,0.377685005863043,9.143842794489924e-05,0.13674062536522769,-0.013877288507019192,0.48566835590995083,3.252269544982198,2.450471281434943,-4.821027042950533,-0.4401813922603388,4.711117670638487,-4.272762541550037,0.13117312966225825,2.3618755280079426,2.4563163216236035,-0.0983515564782369,-0.10054388730751329,0.5278046806503429,0.023090020522090526,0.8962390571629157,0.9193290776850063,0.5,0.14999999999997726
1991-04-01,1991,4,1.1355982293612215,-0.2631113453111311,0.00013279265992490082,0.5156055499059313,0.0014260876604423878,-0.7328624088063194,3.5872403090273792,5.29680861299687,0.2496030280076127,0.684539268204361,-5.658470138892881,-4.120505251927057,0.9316630975161715,4.142688752294134,5.306964759199559,-0.10301287303496087,-0.0379758474105274,-0.5666563220059775,4.617232109246487,-0.5452922970640657,4.071939812182421,0.5,0.19999999999998863
1991-05-01,1991,5,0.8954965835864641,0.7814440252185477,0.00018507767527289887,0.5773276076841007,0.014062764660640381,0.5906700177100177,4.5866319086127305,4.413994586051103,-4.341940953837792,-0.3288316427009299,-8.551056404437986,-3.995233280728627,0.012329272045825235,4.092975295113661,4.426803926347418,-0.08181614606142773,-0.08760192301998737,-1.2451030816799644,-0.005546758362385162,0.5064659537953844,0.5009191954329992,-0.07999999999998408,0.040000000000020464
1991-06-01,1991,6,0.9155589595389415,0.9236806950303844,0.0002731606919131012,0.9255387160867308,0.01427658853278524,0.6867589183450207,5.612121389547838,4.233633825175843,-5.758262990648404,-2.3612583965867486,-14.520967911783373,-4.094484876801175,-2.4817254919577145,5.309328460524455,4.2324709724515515,-0.06040782110560006,-0.08565317423126739,-1.2588863169901892,-1.7842452092181986,0.3016300762990909,-1.4826151329191077,-0.9300000000000068,0.06999999999999318
1991-07-01,1991,7,0.18981644539769604,0.24299243370421664,8.091964915319869e-05,0.5332754728346565,0.001974645140921827,-0.9752593270362837,1.217606975593867,1.3029219344263652,-1.71086679640581,-2.03752879607525,7.059771104497486,-2.5023790522588456,-2.8080850269159185,1.7301564764003956,1.3044905574481618,-0.032232092631907516,-0.027289379531295843,-0.3529902999719532,0.020956025012331736,-0.510980877784732,-0.49002485277239316,-1.650000000000034,0.10000000000002274
1991-08-01,1991,8,-0.1804788593520925,0.08897091912945143,2.4902428630013684e-06,-0.041249558676806686,-0.005225424112967447,0.4313322106854969,-0.5221623039466863,-1.200101683967432,-1.3665513120808725,-1.4653161698471102,0.23386284295702353,-0.09409240250352013,-1.726985877182063,-0.9020511087130103,-1.2000292284744205,-0.009983734409907186,-0.020849400502645832,0.5075999065222305,-1.5341286169123336,0.37996126025933563,-1.154167356653005,-1.4699999999999704,-0.10000000000002274
1991-09-01,1991,9,-0.7039828578380138,-1.054568771830077,-0.00038179965988190123,-1.645148720763732,-0.019979267717219362,-1.5084341855497172,-5.813054189302704,-3.395307659511218,5.7563265615469845,1.1908025387947596,14.426131662068656,3.6918113907875636,0.753426373515282,-5.569661339341565,-3.386113888296336,0.0305060901090064,0.06995982501395304,0.9203622130897813,1.627139005479961,-0.23419907874625778,1.3929399267337033,-0.12999999999999545,-0.11000000000001364
1991-10-01,1991,10,-1.1084765144323114,-0.8328518229064343,-0.00040066581987260007,-1.0733174219082997,0.0025007649350667904,0.9218775003327124,-5.50983155958761,-5.735752244077844,3.183515931719313,3.233354726406887,-8.776777741979458,4.882429523011325,3.5153347694261114,-6.031317104195409,-5.737706580497729,0.07688031125436101,0.05406789049303695,0.77363646386417,-1.416933548272766,0.5195312081879102,-0.8974023400848559,1.079999999999984,-0.05000000000001137
1991-11-01,1991,11,-1.1495927743306424,-0.5676203109139237,-0.0002205086803402992,-0.5498943307731281,-0.0037301369626949743,1.0742550025998625,-5.420688967148408,-5.721362432179717,3.5374603124022883,3.5056602057290114,2.682337116319104,4.459900462173579,3.674665293535078,-5.093210496129984,-5.727675129867976,0.08950767612216248,0.06934679491199702,0.051111042236216875,-0.7534350619652059,-0.33379116870668213,-1.087226230671888,1.150000000000034,-0.029999999999972715
1991-12-01,1991,12,-0.6925712077293156,-0.1102449129294314,-6.0922604298100855e-05,-0.09273390905398671,-0.010451292577397853,0.9457961113043112,-2.1262590447817047,-2.8377132372389156,1.5339314238221107,0.48520550371953064,8.854765367956134,3.2309048106763782,0.37000232471514494,-2.1953924954011086,-2.845748966355643,0.08621467165886054,0.059740962442136336,-0.38519021280597165,-1.812176565858664,0.06109772150268,-1.7510788443559875,0.7899999999999636,0.12000000000000455
1992-01-01,1992,1,-0.12660155216974545,-0.013159563331839763,-3.7615331054299816e-05,-0.17557820716213968,0.005047688611982903,-0.8996718471025815,-0.9854134255927534,-0.6295163992925836,-0.027046137663688796,-1.635093561012372,-7.661630264396081,-0.69554305185261,-1.9528631616611918,-0.599180044221896,-0.6466593212927592,0.004765015340158385,0.007766567429489779,0.05522351946757986,0.3507273135401192,-0.4033763033710329,-0.05264898983091015,0.5900000000000318,0.2300000000000182
1992-02-01,1992,2,0.1932749817065087,0.0882229965368424,0.00017627363360669945,0.2762584413526561,0.01694854037272775,-0.7651319085121528,0.5584219486568145,1.1580625344615783,0.02443695860409889,-1.4632981262149691,12.515409160158015,-2.6442333995946115,-1.5036013827992356,1.3918822656124235,1.1518737427026053,-0.0545274953795678,-0.017869358443794336,0.7592785654010505,2.6283671016144297,-0.8396491087145783,1.7887179928998478,0.3499999999999659,0.06999999999999318
1992-03-01,1992,3,0.6979274508171329,0.2748964256379054,0.00021413192089990082,0.711357696556771,-0.024529202673201356,0.49162633216628393,4.031104807609779,3.281586267889395,-3.511408915348511,-0.3451351089132473,-1.0619958361057797,-4.193646731093992,0.185341622685673,3.5231513809573016,3.2852856834566637,-0.07830847966644461,-0.06590258904798585,0.49379854472983453,1.2127145473444045,0.5116528422197426,1.7243673895641507,0.37999999999999545,0.009999999999990905
1992-04-01,1992,4,0.7938913814563193,0.020655734667798242,0.0001058459648884992,0.3899727042721537,0.01566356708120631,0.5716776655750309,3.485519767205119,3.971851809085706,-1.4824442510632139,1.1589923752136428,-6.237309606498457,-3.7976480387278855,1.4139149148079824,3.118099379870955,3.984498077905073,-0.08619286116204172,-0.04830870862541081,-0.45861059650098746,2.570126327259011,0.38006665615353086,2.950192983412535,0.4900000000000091,0.17000000000001592
1992-05-01,1992,5,0.9924053609421435,0.6484646744500537,0.00020637428889940142,0.7643785406775052,-0.0011038709513627731,-0.5969171214652249,4.324634423256384,4.555220888505687,-2.6556186111323825,-0.05003201877411101,2.2090509157424094,-3.901946816028527,0.2343644555190565,4.724781918079032,4.569430486427848,-0.06881778488873591,-0.056098471027554275,-1.1785685542224655,1.530724679189312,-0.3859378969004865,1.1447867822888327,0.06999999999999318,0.21999999999997044
1992-06-01,1992,6,0.70683419153562,0.6899820855008443,0.00010193838102120004,0.2494835654149199,0.024408655257853407,0.4462233973069303,3.91204390377402,3.282087285717523,-4.8505534167497615,-2.1124242649842735,-13.812061875883956,-2.033145307509443,-2.0928589134849815,3.2277897025954303,3.284047196475285,-0.0208297416448322,-0.06301230988324891,-1.1362810294450387,-2.797842757741023,0.6862141119363514,-2.1116286458046716,-0.9599999999999795,0.08999999999997499
1992-07-01,1992,7,0.11808897222505266,0.2319495931670872,5.4421502616499445e-05,0.27442296302993086,-0.008751746973555963,-0.7763768669033553,1.144453171245516,0.7613600009070751,-1.9314462700618549,-2.6196710908752294,-1.5628262500104029,-1.2130142573075204,-3.1137393325501286,1.1822746479096509,0.7605385485007332,-0.005989932670792175,-0.01967297655453848,-0.3991754265302063,-1.2125002544292443,-0.03864292907047684,-1.251143183499721,-1.6800000000000068,0.060000000000002274
1992-08-01,1992,8,-0.1581007580329583,-0.233154677736934,5.305548326419926e-05,0.10552226967529776,0.0034927339045108807,0.02487256413264305,-0.751381501107744,-0.7242326157332855,1.5868493772217676,-1.2391541589629682,4.992761347748456,2.0059774565062867,-1.5753294483074605,-0.620122050174416,-0.7303815153036339,0.035895971689194006,0.03322518828790155,0.5695744768976265,-0.7553033686290007,-0.1374083505036765,-0.8927117191326772,-1.5299999999999727,-0.1199999999999477
1992-09-01,1992,9,-0.7311221211948009,-0.6681033403965557,-0.0002834981351595,-1.0903790875523356,-0.009515938493241394,0.10973331303220135,-4.080072208169611,-3.691151721565518,3.2620940029138694,0.9785248912481563,6.464796914646286,4.945723539392105,1.0137579992954713,-4.802639635978437,-3.689420766770695,0.0688565498684488,0.05636904167855894,1.0129315568899155,-1.6483964284309138,0.7242983826036493,-0.9240980458272645,-0.08000000000004093,-0.09000000000003183
1992-10-01,1992,10,-0.963143388833771,-0.5898549168926479,-0.00040479500899369934,-1.2882962457417726,-0.013749515030339832,-0.28442209985664846,-6.231763762994888,-5.141284325409174,6.091610255032492,3.7062874180472605,-3.863675686647184,6.412767405159485,3.8071592471228293,-5.846077854222699,-5.133652104445218,0.11497278693963908,0.10699958963775691,0.8381864431458261,-0.2202853210513922,-0.378053687808233,-0.5983390088596252,1.2300000000000182,0.07999999999998408
1992-11-01,1992,11,-1.1366063480388107,-0.46493621066639435,-0.00022548864574330023,-0.5421973722420255,0.0010682480814525608,1.6375343883307778,-4.329274616382236,-5.395731835926654,2.552558263844162,3.2806912543358884,-1.408186694534379,5.39604115887704,3.724235154275238,-4.994660027496536,-5.405621513640369,0.1153737269846915,0.07432793481111055,-0.024741314690650995,-2.399938995093578,0.6554957334005849,-1.744443261692993,1.1800000000000068,-0.009999999999990905
1992-12-01,1992,12,-0.5644779788226515,-0.16492260567679295,-2.4490781562400143e-05,-0.1331200163466022,-0.0003787414978125847,0.35457270547609454,-1.9136012328077072,-2.5494223904456703,2.684688289889408,0.48547493969449107,6.107604629301932,3.31195907331076,0.24228324819318914,-1.623301642236072,-2.568683417899706,0.06924548185538715,0.05362833064538153,-0.44624117383103723,-0.8704624749226397,-0.30956061802566737,-1.1800230929483178,0.75,0.06999999999999318
1993-01-01,1993,1,-0.04714227512715752,0.08228468347562057,0.0001111326046984995,0.148576391568362,-0.0002679675146251004,-1.6302119521245544,-1.3270347106289933,-0.03372673633617751,2.340049107316588,-1.4820089281644933,3.4916710346005857,-0.5250486764539062,-1.8478021026523876,0.06213465458193923,-0.037443693038369474,0.002650901443774778,0.036228485265856314,0.17229710277041654,2.499304609282568,-1.392886321913128,1.1064182873694506,0.45999999999997954,0.09000000000003183
1993-02-01,1993,2,0.2815089401715909,0.1163226411961773,5.4251078001200936e-05,0.321861455430799,-0.00438110986541318,0.13034997855041297,2.0084956533923446,1.393105900779119,-2.464268605542685,-1.5408566495872975,-1.0716324443201302,-2.5169777926755614,-1.3617963669507631,1.7223497695630954,1.3875145472179042,-0.04359985778487019,-0.040173825576999445,0.7046581530165401,0.23176946976943213,0.28055453026803434,0.51232400003747,0.34000000000003183,0.029999999999972715
1993-03-01,1993,3,0.5806220728037488,-0.2528178000080743,0.00012688894947970007,0.20378273586255702,0.0014599675106720666,-0.8467372058091769,2.2728314950086883,3.147340553588492,-0.21414346168376142,0.04207326705268244,8.01582582211995,-3.7491323381109396,0.3481891660109184,2.2251681394054117,3.1551766094539175,-0.07344976141671689,-0.018296814366129066,0.5152279234669734,3.841104775385446,0.055499411468701965,3.8966041868541446,0.39999999999997726,0.11000000000001364
1993-04-01,1993,4,1.0089992535281453,0.45559419453462624,0.0002215415273030992,0.8800753584415517,0.0075328011218426805,1.1770196003205982,4.779017845211115,4.42281400180741,-3.6697859550898215,0.648295296970204,-8.659336727243499,-4.09372346163039,0.9065579440334304,4.742076731428142,4.4293943221161385,-0.0889589837133169,-0.08289811620349363,-0.6024909829480105,0.682200153603759,0.04352143409169784,0.7257215876954604,0.4700000000000273,0.13999999999998636
1993-05-01,1993,5,0.950221641154485,0.8245122100731237,0.00021217039992110082,0.8242772005782193,0.016320421647497363,0.29109676600548084,5.375541203603916,4.621923162255939,-4.222639068995051,-0.4966139337066444,-5.116542945834226,-4.006769715653149,0.08188255461442395,4.784819598095055,4.6365975430824165,-0.06963770058704721,-0.07209021123336345,-1.2016162670865107,0.36262713497916366,0.605395986335342,0.9680231213145021,-0.03000000000002956,0.09000000000003183
1993-06-01,1993,6,0.6552046794931812,0.7999004355962711,0.00013664975247839987,0.24912687857544213,0.0076060193855040925,0.1758125102291288,3.5359236473063334,3.186746050469253,-4.690299409102465,-2.3752414646601068,-15.186319126805756,-2.6343961952724158,-2.478955957832678,3.0635972440223895,3.1877048459849675,-0.039306259433947055,-0.0712658847473997,-1.2385214457735678,-2.15961770700261,0.47328519879965825,-1.6863325082029519,-1.0400000000000205,-0.05000000000001137
1993-07-01,1993,7,0.25094065263391485,0.4526475698723402,0.00019629387477660028,0.9070645089073999,0.01107182922064287,0.7478188714646663,3.0227449306285052,1.3475681473319128,-3.8073352204246476,-2.3494520809130144,11.196181395105668,-1.5812641131424243,-2.8335508269265084,2.8740032124335357,1.3464654927522588,-0.005221519073091763,-0.0402240628053554,-0.3576927524047253,-2.710169853295696,0.14763906361531198,-2.562530789680384,-1.6399999999999864,0.040000000000020464
1993-08-01,1993,8,-0.12377156424344093,-0.3194235620273389,-7.262449135850106e-05,-0.48249514385941694,-0.0196861776490449,-0.9548398445452406,-1.934891216369465,-0.6220464100550203,3.0073932382926785,-0.8270589704236393,-3.0411469655373367,1.9801923703784894,-1.2798544525166555,-1.3920950588326946,-0.6169877979997409,0.02359369223139085,0.04210583400198242,0.6157751277500534,0.5744053858211657,-0.5377375454814874,0.03666784033967829,-1.2899999999999636,0.15999999999996817
1993-09-01,1993,9,-0.7095915095784449,-0.8679203997112381,-0.00034355112036369914,-1.1779676138169286,-0.007336387005195011,-1.2577578967003689,-4.999106632555822,-3.576024467781906,6.008207809762268,1.2646932935899997,2.044414160598535,4.865668897946932,1.1316982965002715,-5.1379170419092475,-3.572082405078504,0.06144108482192001,0.08942993267143295,1.0749593440822718,1.009543914725576,0.14275247205682717,1.1522963867824103,0.060000000000002274,0.17000000000001592
1993-10-01,1993,10,-0.9155009528137725,-0.5034641837808067,-0.00027928258142789937,-0.6633495162003591,6.95898618350288e-05,0.44566306028858804,-4.83197410376448,-4.7253515072303,4.070782040530901,3.5678816459349143,6.819229915359756,5.814229371591779,3.875878979525659,-4.793050918984704,-4.726966473098912,0.11032148377915085,0.08280454248520064,0.8419194289666567,-1.4354499974700659,-0.04053815064838773,-1.4759881481184607,1.25,0.14999999999997726
1993-11-01,1993,11,-1.2737975640236527,-0.463200717228915,-0.00017100501631720118,-0.5113339350170882,-0.0033982719414860085,1.5600065845373692,-4.827037414019912,-5.975002765556837,3.2116739420254987,3.695232428463065,11.838664568553213,5.234569415755686,3.9725604169271875,-5.014504310009272,-5.979477182582286,0.1130656331644464,0.07939929323736417,0.11780821271248243,-1.7455674852661218,0.18299247896391435,-1.562575006302211,1.2399999999999523,0.10000000000002274
1993-12-01,1993,12,-0.5363107382538601,0.08993468628756318,-2.2601347768899313e-05,-0.07042706568472212,-0.0021503292077749148,0.08958514556779562,-2.084684245795529,-2.6694153897044544,1.352621514563623,0.39986003417840976,-2.4905499365122523,2.9157815403590064,0.11838688885165283,-1.769428921270105,-2.6785896966363794,0.06697458652890731,0.03726829252546349,-0.5174098407405001,-1.8446331711221333,-0.3244296314573525,-2.169062802579475,0.910000000000025,0.19999999999998863
1994-01-01,1994,1,-0.21592176472643132,-0.11943297455172797,-3.5055750502010347e-06,-0.1706892029607765,-0.005915039811937417,-0.7936421332454557,-1.350714550485975,-0.5617651755567863,0.7533069869542715,-1.3829709309468896,2.740925286037964,-0.4762761712998156,-1.7336550760570404,-0.5832100108199825,-0.5677613127281234,0.004675003750188367,0.017442030759902583,0.16495208323112998,0.8788990131439505,-0.7735006768373296,0.10539833630661732,0.6100000000000136,0.12000000000000455
1994-02-01,1994,2,-0.024053708628514414,0.10308705867925028,6.444480822740024e-05,0.28542891310990015,-0.00507499048920329,-0.6054795109724225,0.2145206109627793,-0.08241982232362943,-1.4507566141047619,-1.3364758429191603,9.228150354756508,-2.7211422429370486,-1.2856041955353135,0.41183890010000823,-0.09138593369527825,-0.0648761401373763,-0.04180853958348285,0.8176980021873703,1.32125727621613,-0.20628440050887775,1.114972875707256,0.5199999999999818,0.2300000000000182
1994-03-01,1994,3,0.9269061688142415,-0.07731116395990512,0.00012659457036879977,0.1719456444593206,0.0030679493471053587,-0.4473008979519122,3.5604715021414677,4.635106771619235,-0.30244207961567326,-0.3947351562857868,-4.238862191006774,-3.967500707758319,0.006755500981590501,3.3594224600212215,4.635370273845751,-0.09001913356486657,-0.033583215494327856,0.44135090301088375,4.066549285409991,0.20131254434676293,4.267861829756754,0.36000000000001364,0.060000000000002274
1994-04-01,1994,4,1.125384044447685,0.3516384601653044,0.0001678508913764004,0.5716595099148059,0.0060652857287955,-0.6888524106342473,4.244531801695814,4.890994700722956,-1.2295188641056427,0.7044083156251872,-15.759665011035395,-4.1544960129452875,0.8877066994695753,4.583287533803173,4.9066549145714475,-0.09441470753630199,-0.05115502789980564,-0.5882984086708323,3.108275532684054,-0.3230955182588673,2.7851800144251797,0.3499999999999659,0.01999999999998181
1994-05-01,1994,5,0.8973449706380165,0.6619871643488864,0.0001815211025007011,0.7245604585718439,0.009990137401296506,0.5828026468700287,4.84074375054513,4.521783861889844,-4.817982499607808,-0.24693624936053382,-5.466138255476835,-3.9633420998204087,0.08930149472623583,4.285787914319201,4.532689994973509,-0.07500664256251,-0.08741790596073118,-1.2582273557354,-0.5184026557006689,0.5658619693095943,0.04745931360892719,0.03000000000002956,0.12999999999999545
1994-06-01,1994,6,0.7487920381803406,0.8601655891405358,0.00017106807046609988,0.58750875685773,0.012025916889926047,0.45127959962465525,4.307291218021078,3.421607257079586,-5.308124380919509,-2.4767629852951956,-8.633880945621058,-2.9542789310221735,-2.3513546293658187,3.950021018034704,3.4242358333245875,-0.03952917887655172,-0.07592010304943164,-1.2032040868760792,-2.2284370939679263,0.35989877623137545,-1.8685383177365527,-0.9399999999999977,0.040000000000020464
1994-07-01,1994,7,0.23698553605498773,0.4643351288131612,0.00017625828088879865,0.7986910883398579,0.0048215672568608925,-0.2970175683101175,1.9545689055986486,1.3540081117535578,-1.8439734579883975,-2.359268540454689,3.6067763754253974,-1.6029868258189026,-2.939077204523006,2.497182716969178,1.3529473429434233,-0.00889943019267836,-0.019125504801202897,-0.31276140709262634,-0.8207952962378045,-0.5436745801806637,-1.3644698764184682,-1.5300000000000296,0.15999999999996817
1994-08-01,1994,8,-0.19852702568056202,-0.3330524486050308,-1.2066205567399721e-05,-0.15437893858624108,-0.01674068587760802,0.4994091217566208,-0.32545242024428944,-0.7178631404387943,0.6785304464968931,-1.1289695976855683,-1.7080274180625565,1.738907289851852,-1.46798012279287,-0.9984648689015785,-0.7156117214170195,0.027298377799128914,0.021034221947377585,0.5352076029818189,-1.3993873684622429,0.6752638676790639,-0.724123500783179,-1.2099999999999795,0.30000000000001137
1994-09-01,1994,9,-0.4996196227900782,-0.5941727661849541,-0.0002976928961916994,-1.2836774833914397,-0.00506280215820798,-0.8127218517757129,-4.548932819692766,-2.844900636079501,4.950263079421177,0.9942485532575915,-1.6170306076819543,4.852737166655885,0.9886925043890322,-4.4135009598526835,-2.8395907347397156,0.06297716589279112,0.0720856896901978,1.0379614237025852,0.09196986389673611,-0.13012195850029684,-0.03815209460356073,-0.040000000000020464,0.11000000000001364
1994-10-01,1994,10,-1.0409385714804102,-1.1369325687297192,-0.0002747099063450994,-0.8134489812764372,-0.014569143686248287,0.29927878046164835,-4.992329602058021,-5.179630721524006,5.27304935722384,3.5654018179022167,11.62136748440389,5.788044500018714,3.7426804470671087,-5.217396885993992,-5.183560455238478,0.10252163768152878,0.09707298700252576,0.7556429410210566,-0.3377165136299993,0.22113755022149917,-0.11657896340850016,1.25,0.12999999999999545
1994-11-01,1994,11,-1.120650629694353,-0.1574730872734449,-0.0002320909269861015,-0.6886207446247425,0.00960952581652219,0.24637026684727914,-5.418299172892546,-5.429946399885068,5.214862796088823,3.794882376734556,7.353215156312217,5.2981628634906315,3.8393195475967303,-5.046684508862597,-5.439595164804416,0.1072633243382044,0.09780140405647231,0.05486040326814212,-0.03886289653965491,-0.3812634289492962,-0.4201263254889511,1.420000000000016,0.22999999999996135
1994-12-01,1994,12,-0.7300009676808941,-0.01846054381343265,-8.17396872714992e-05,-0.17335308560889118,0.0035332309021711694,0.38049875850875736,-3.068668441299394,-3.4492918696308834,0.6230872954740789,0.645528039278993,-0.1440164322120836,2.8325879592592287,0.5143735114749148,-2.7732451323684586,-3.464417539890576,0.06147206969522845,0.025747349437285738,-0.4478410290659802,-2.3406551915892138,-0.31054897919062796,-2.6512041707798346,0.8500000000000227,0.11000000000001364
1995-01-01,1995,1,-0.13633249907127265,0.008085758530341991,7.665114354230007e-05,0.37252143093262546,-0.004818424742420002,-0.5684924471173005,0.6108866119108143,-0.555358649485413,-2.308184117406313,-1.6714679278341187,2.6937851555121597,-0.7545161405405736,-1.809943289885787,0.34321195921472736,-0.5632450984546153,0.012909612189135444,-0.01145226311179881,0.14975053748890588,-1.6921433389173828,0.2597882037268846,-1.4323551351905053,0.5799999999999841,0.12999999999999545
1995-02-01,1995,2,0.4650604542918586,-0.09976920699256198,0.00014728753942070023,0.2681748722524695,-0.016179141266971675,-0.528919591009803,1.8867112032719433,2.422257928435272,0.6864805706260881,-1.911143140693202,10.086265240446664,-2.8466634380346534,-1.9042849359957899,2.2264780254162133,2.4175582704638146,-0.0544112221895654,-0.0007753112538253504,0.6616227644206703,3.5400022133581217,-0.3444664801157238,3.1955357332423944,0.4900000000000091,0.25
1995-03-01,1995,3,0.3709407198228405,0.14193932901594053,0.00011147641330599978,0.35334753925180706,0.0122407403301929,0.18987928528524378,2.4006762540353748,2.2090573704888925,-2.7612538691438147,-0.24948968065011812,6.922312216920545,-4.07729904512604,0.34337337338051555,1.9376457528053947,2.207575810435742,-0.08086326216454331,-0.05814190568414013,0.5586273423753152,1.9089082300128553,0.4615489411768259,2.370457171189681,0.46999999999997044,0.18999999999999773
1995-04-01,1995,4,1.1259986830846742,0.5529110492084897,0.00014244006274339964,0.44225424639199673,0.005600365757508219,0.6379047839443146,5.016230816566178,4.989682740327623,-3.7718582569469845,0.3197040661614885,-10.165147342777345,-4.1470808685844815,0.7058072111347542,4.403392488770692,5.005503411086352,-0.09035294110013048,-0.0827596527107266,-0.6714601123470683,0.7613257566108018,0.628658998554215,1.3899847551650204,0.4700000000000273,0.1400000000000432
1995-05-01,1995,5,0.785371861999181,0.4535560941820336,0.0001494575761050998,0.3901669953809801,0.006367901747436289,-0.06116137086982576,3.1460863585509173,3.765961675163169,-3.0690864934972524,-0.4488121914595702,-14.639301701885415,-3.8155766562584006,-0.35396622567689917,3.296294199625379,3.775345130345954,-0.07810263632707404,-0.07103815329393681,-1.3311083329770579,0.8413361285437873,-0.14082438589167623,0.700511742652111,-0.09000000000003183,-0.010000000000047748
1995-06-01,1995,6,0.8623462120887666,0.7518208448476003,0.00023639470888209974,0.8237946519720118,0.01949346148808695,0.17798067072215673,4.603856791598332,4.382344981977781,-4.303655774178139,-2.0603979244499193,-11.315764400205808,-3.183906148988683,-1.9708421976017867,4.840646353716181,4.387487790097623,-0.04058844502624215,-0.061115742444151966,-1.0476623704742458,-1.030193898341338,-0.23164675399800672,-1.2618406523393446,-0.8499999999999659,0.08000000000004093
1995-07-01,1995,7,0.276271403145131,0.39408876547906857,0.00020085658544930114,0.9465004735054592,0.006058966184750325,-0.22507932445147105,2.3790850037931364,1.304675091498666,-1.9178313187742617,-2.1666599048449093,1.6739227443467826,-1.6469537590947425,-2.6346983369894446,2.879944454504141,1.3032621472898427,-0.007881512910948185,-0.014748463489460129,-0.28108792782238723,-0.7389159918240367,-0.5022723949198244,-1.2411883867438576,-1.5900000000000318,0.0999999999999659
1995-08-01,1995,8,-0.10557229397721812,0.2374515699469839,-6.845722913300517e-06,-0.14264164052443817,0.0023962761147245937,0.444673516783908,0.1747643205819145,-0.23632651902448742,0.021053873292856906,-0.9827908983424685,4.477554842684185,1.7142171474089025,-1.511735452875513,-0.42000700519326983,-0.23302354410412818,0.02070267887894328,0.0013975687536169623,0.5116442113372219,-2.2221078286490794,0.59807430069554,-1.624033527953543,-1.25,0.22000000000002728
1995-09-01,1995,9,-0.7501135196537234,-0.680139464019021,-0.0003520013820419998,-1.1937632511290026,-0.020392126405291866,0.38560000871279243,-4.045043947469367,-3.976631064985554,2.6819941842007893,0.9628957082990972,9.938906079434673,4.718345769824452,1.22720838498293,-5.1326798441634764,-3.967925791798393,0.055255271113137105,0.04108111169873663,1.0986998232421659,-1.7720389089398338,1.0963411698812706,-0.6756977390585632,0.30000000000001137,0.4200000000000159
1995-10-01,1995,10,-0.9868290130431774,-0.9384907031931107,-0.0003638938077688003,-1.3799585727757702,-0.008333806720328574,-1.0815327577759888,-6.690794626002685,-5.151551219387045,7.312424480335352,3.720438389023549,4.8924582966574235,6.305788589135204,3.7878268352442213,-6.4812114634715385,-5.155373214687813,0.11187936549548683,0.1244425150627011,0.7625617908168394,1.0740243374208092,-0.21340515783191805,0.8606191795888982,1.3500000000000227,0.22999999999996135
1995-11-01,1995,11,-1.169939923472441,-0.3334507116461509,-0.0003096358147017999,-0.6473145569322583,-0.00010754341760010888,0.45015998600813845,-5.8568422735943955,-5.802532510913409,4.034022527683561,4.25039146619217,-2.983299007144524,5.406751446422078,4.2821082221719635,-5.368084094584617,-5.812230216910166,0.11574919730287103,0.08692004336668901,0.2931317352444811,-1.3410121627587444,-0.49845588500653193,-1.8394680477652798,1.339999999999975,0.13999999999998636
1995-12-01,1995,12,-0.8742759047433424,-0.5117764027538669,-8.88629729744999e-05,-0.131120972772365,-0.010881995038418246,0.9323402922166508,-2.6694484208941276,-3.767675124970708,0.5805190161752023,0.5004022444922711,3.77680848914315,2.602031030713704,0.6485516706747063,-2.736391951554424,-3.7819711029310383,0.0619956597676623,0.03127299447718812,-0.2757126930128493,-1.8733625883560592,0.05264755269996968,-1.820715035656093,0.8899999999999864,0.17000000000001592
1996-01-01,1996,1,-0.246814783804723,0.02238676002821194,4.6815491680299304e-05,-0.03675991529584621,0.002317412828803711,-0.25437887323559494,-0.9762559626779534,-0.9883072085831373,0.3283926735376781,-1.6325418498401554,17.932858105748892,-0.5261672728423719,-2.1237606349159748,-0.48453622695001286,-0.9990641564795624,-0.000827069095303834,0.007240261151172156,-0.06448433271129161,0.36334116130427674,-0.5024766836243693,-0.13913552232009252,0.4900000000000091,0.03000000000002956
1996-02-01,1996,2,0.4430403226319868,0.16772521563751752,0.00015687695224140055,0.36761618951824104,0.0030958841625760014,-1.0404540900145705,1.5079992856864237,2.228503334930508,0.39940275292408955,-1.6405937218061872,1.6945876472746022,-2.8814521482380258,-1.6998909230674997,2.0503353387208563,2.228846550321009,-0.06413071905576029,-0.014441240406272371,0.6948203154979886,3.221557699900785,-0.5419928376439316,2.6795648622568535,0.36000000000001364,0.0999999999999659
1996-03-01,1996,3,0.6222526878783583,0.21544540384905986,0.00018936705856600032,0.5564417605457628,0.00041457180794612913,0.8747012017666549,3.845310467230661,2.7882122102928406,-3.357391725693361,-0.2867619538989814,1.160397440282395,-4.266815578776544,0.41329386521648104,3.0354445035911226,2.7871451872676403,-0.0844971128353249,-0.06758237201554085,0.5007569885354997,1.6094796721986597,0.8087989406143379,2.4182786128129976,0.3199999999999932,0.06999999999999318
1996-04-01,1996,4,0.9265469319182102,0.07550532995389858,9.488631494139997e-05,0.2720613952634068,0.007840339297467969,-0.7689253066508712,2.3846091017180697,4.085489452898173,-0.3275854988071103,1.0771219557804628,-15.809342208885937,-3.9077819765686,1.243129236501943,3.1997116668147783,4.094276246864126,-0.09266657295755643,-0.04378240895318086,-0.508033585910141,3.746203758482949,-0.8063157711307554,2.9398879873521935,0.3199999999999932,0.020000000000038654
1996-05-01,1996,5,0.8665189087104181,0.4245315866969577,0.00019958530515339946,0.4716622903190171,-0.0005824815392291294,0.9180706977069946,5.054313408252142,4.547939067626999,-5.587879611084986,-0.6243064052228817,-4.671108980473946,-4.061854281275259,-0.030392306044298323,4.223071606807935,4.561389228498683,-0.07431835724799107,-0.09400185742244993,-1.246856971188791,-0.9321112306311363,0.8446919623158919,-0.08741926831524438,0.1500000000000341,0.2599999999999909
1996-06-01,1996,6,0.7226883049653452,0.7575353594698413,0.00017342623355789955,0.8663041850215834,0.019142018343232037,-0.23562853763013436,4.229788536098965,3.5159783097508353,-4.85937260991966,-2.607439489981523,-10.31060609711858,-3.2662130280217525,-2.6878695324926767,4.20922635638982,3.517913423664595,-0.05127653531274223,-0.07652295864929703,-1.2409325182248327,-1.6735896244090611,0.02249729362290509,-1.651092330786156,-0.410000000000025,0.5500000000000114
1996-07-01,1996,7,0.3749358073765734,0.4226233124051646,0.00011003083337380107,0.32918116511848083,0.0038316294433510256,0.2276317347583685,1.9522383079828955,1.8441531875347437,-1.1119074295246492,-2.2234852331457553,2.703936789679574,-1.2380344246518291,-2.83139944665594,2.184457132556588,1.8438356823794493,0.0031249173861964685,-0.001022140020874751,-0.33185267159688436,-0.48178721838300476,-0.23253632972898686,-0.7143235481119916,-1.3100000000000023,0.37000000000000455
1996-08-01,1996,8,-0.0017883437943169156,-0.12176432103086654,-7.676777107005345e-07,-0.09444661217232309,-0.012936723126548921,-0.930722333647374,-0.3465862646843334,-0.2789414444174554,1.6555573525152454,-1.1860712931813993,-1.7383636061276775,1.7903619930272043,-1.7598557559467878,-0.3188921340064894,-0.27786405524790325,0.025945493650033402,0.030397307508414073,0.5464804235231373,-0.7085891032773475,-0.026616741508291852,-0.7352058447856393,-1.5,-0.03000000000002956
1996-09-01,1996,9,-0.8199258886876919,-0.479668392865392,-0.00032064524801359885,-1.2224607271146795,-0.0012531792388525975,0.04135953963756123,-4.903723481676991,-3.935609151547453,4.192896719546809,1.1475138424590803,-0.6341654477000702,4.832802808787193,1.068579564407301,-5.175596212434016,-3.9254021408899575,0.05749535819925766,0.058343159543428946,1.1068568720133758,-0.7188403672921595,0.2820797414145204,-0.4367606258776391,-0.37000000000000455,-0.2599999999999909
1996-10-01,1996,10,-1.1786799342593781,-0.7392626935281328,-0.000324856799287801,-0.9154285158629598,-0.011259755254389159,0.26161066683071965,-5.551366957529808,-5.942348099391893,3.713908394660052,3.624486977619714,12.385977456578985,5.928484445995167,3.9682452945376276,-6.159304220952663,-5.945997322275787,0.10147983760954604,0.07232970075536382,0.829303059060063,-1.8708177344172228,0.604288040538961,-1.2665296938782546,0.9700000000000273,-0.160000000000025
1996-11-01,1996,11,-0.8934765531055291,-0.48851965371983397,-0.0002764397438599006,-0.7803900365110614,-0.004305483799540655,0.09064295735259975,-5.4998552455552385,-4.585727857256586,5.952413881202915,3.7023202771376233,5.005305053186021,5.430906682578296,3.696563229583113,-4.802548065726683,-4.598569125215079,0.11426500359242642,0.11295943457350521,-0.05637852283869549,0.5157501510701152,-0.7101484477870521,-0.19439829671694042,1.1099999999999568,-0.06999999999999318
1996-12-01,1996,12,-0.6922736986356881,-0.25830192779108074,-6.623257583839894e-05,-0.05043109804653412,0.006071641414697848,0.23198562800426714,-2.550928792522541,-2.891148193956326,1.9010022128066737,0.42924207305643236,-2.194843917823164,2.596858451063241,0.0008033247756813466,-1.9871253057203262,-2.8959962692965746,0.05929038530670727,0.04388013193802154,-0.5373119178173713,-1.1242949865373149,-0.5686515621424597,-1.692946548679771,0.8500000000000227,0.11000000000001364
1997-01-01,1997,1,-0.3190964699027745,-0.0006677042665614863,6.76267714528004e-05,0.26115994489137506,-0.007829628895997476,0.23854433235545258,-0.565499314097508,-1.1864042046832992,-0.9933384293323968,-1.417636396860651,3.562269405447296,-0.8288158501854355,-1.4198366009828192,-0.2526102526779255,-1.2031891481594243,0.0020332461000815982,-0.006136188277154453,0.3200310360363243,-0.1667227832691296,-0.32967400489570764,-0.49639678816484434,0.6399999999999864,0.14999999999997726
1997-02-01,1997,2,0.28556450281109846,0.18622338569241492,0.00016187343153669861,0.3675007669448682,0.011031762587922045,-1.1525086285632327,0.6692791455223528,1.2342357762678375,-0.4711669308807984,-1.6603802130847,3.4092508053581696,-2.75443575541982,-1.7656852893956625,1.4213977379319545,1.2348915880347135,-0.06217372478280403,-0.028087757224820376,0.5859639371302876,2.177963748228109,-0.7514627806427292,1.4265009675853797,0.35000000000002274,0.11000000000001364
1997-03-01,1997,3,0.8477960661961674,-0.07052619183815523,0.00014987607215140135,0.2528534021084461,-0.019671285444835707,0.12633157997747446,3.8779138242289264,4.139428032959188,-2.398287730273438,-0.5714094248350179,-9.662182282161666,-4.179194991102889,0.018839968500458326,3.3411777980415422,4.143400037308936,-0.08693241460795331,-0.057968128837262434,0.452936196614786,2.3711566541648708,0.5407080305371395,2.9118646847020138,0.39999999999997726,0.160000000000025
1997-04-01,1997,4,0.7732583636513368,0.036586093752532634,5.271421345659846e-05,0.3433652558967104,0.015459727521769995,0.5418168061948592,3.60093090147501,3.724803883941547,-3.2209714700956624,0.2966394209691181,-0.7356032252864679,-4.174616101049793,1.027837554849235,3.0656899180508503,3.729816359704955,-0.09259270428569488,-0.07377527921012561,-0.5908389730966057,1.684842764834265,0.5402534591875678,2.2250962240218257,0.4800000000000182,0.19999999999998863
1997-05-01,1997,5,1.0018025160629804,0.7048078998658411,0.0002809586655669015,0.656098443470718,0.01172092014212578,0.6547218518224796,5.204857013036985,4.816681255412675,-2.8047074596912864,0.23125095873612267,-8.693461101138382,-3.9595946384711738,0.11976381534608294,4.848167849208664,4.829861267771719,-0.07163735303712793,-0.056235853463810326,-1.2263784022262882,1.0434000353898227,0.36986917618736115,1.4132692115771874,0.0,0.12000000000000455
1997-06-01,1997,6,0.8936141939074105,0.6087743695800327,0.00018276303440610021,0.6767195031446285,0.005134003390192321,-0.8436663542507645,3.983004131271059,4.4274229188114305,-3.142209043144817,-2.2836028328195006,-17.36851834175468,-3.1034087373739396,-2.5400965789246186,4.70820891247007,4.432120487071643,-0.045499598192426216,-0.05067063252884907,-1.1894860050213758,-0.2952940518759988,-0.7205072129388022,-1.0158012648147974,-0.910000000000025,0.029999999999972715
1997-07-01,1997,7,0.11679462620321601,0.6842961023954786,0.00021188003548369867,0.9911091447241454,0.005676565698734204,0.03160451887615778,2.177585007277173,0.9555307061407916,-2.84070816236229,-2.268947038418087,17.38208756723907,-1.6553860960117674,-2.850020933392315,2.267225266474213,0.9505291454004805,-0.012446684100429817,-0.0323577736664209,-0.32572965241082485,-1.7663959613247187,-0.09464181993734755,-1.8610377812620698,-1.6499999999999773,0.0
1997-08-01,1997,8,-0.0897069634245895,-0.17552016567702822,-3.509765245979929e-05,-0.2650483301704938,-0.013539052436928545,0.10942347570373556,-0.4211980440854859,-0.37647004666666817,0.6616222278094028,-1.1759441034581783,3.6194389698357554,1.7803847864212798,-1.555402214273407,-0.7345564276640744,-0.36905508120105424,0.027783173328205457,0.01700029837166328,0.5841208074603141,-1.498220669427127,0.3207733490442024,-1.1774473203829245,-1.5199999999999818,-0.060000000000002274
1997-09-01,1997,9,-0.5299758026423547,-0.7649488041656696,-0.0002749959165188002,-0.9646739988124118,-0.00843789030977904,-0.8069755299770591,-4.206963444339749,-2.676335938136276,5.055861073173446,1.190808069929691,2.6079447602969594,4.777256097807879,1.1342915669154188,-3.910688409328827,-2.66732687533181,0.06890052356279774,0.07923100134379313,1.0760111667467562,0.22208847235128815,-0.28726597220645544,-0.0651774998551673,-0.009999999999990905,0.11000000000001364
1997-10-01,1997,10,-0.986944327967592,-0.5667819462131547,-0.00030742891663429993,-0.8585333237202306,-0.007955480695376438,0.9612315510196439,-4.555081533795146,-5.140459449936486,3.587749585391208,3.7741140831392883,13.335635877607274,5.867414850254704,4.119886115919751,-5.328548518593607,-5.146239933172694,0.1074334853835417,0.07492798407074996,0.7719152394127917,-1.9338932320830224,0.7676865015622525,-1.16620673052077,1.5299999999999727,0.4000000000000341
1997-11-01,1997,11,-1.0627406586708048,-0.435982872080217,-0.00018914813907359995,-0.5039727890000236,-0.002067642272185477,-0.29913186509752876,-5.391676969330831,-5.320478494368388,5.377181192954538,3.7356045656328973,5.081297787764925,5.19186460246533,3.8906965602703565,-4.712663403738702,-5.330652243540726,0.11176325869416637,0.107237312238746,0.01972085665999046,0.34040858512662453,-0.6891873147644638,-0.34877872963784284,1.6800000000000068,0.48999999999995225
1997-12-01,1997,12,-0.7657907242018496,-0.01866511748244193,-2.508827276700293e-06,-0.007698830516616795,0.011808512231660129,1.512776093673338,-2.026899804859454,-3.4438143038258318,-0.1085173432339559,0.332032022177728,-5.531973748569726,2.664132252060085,0.3890602023779124,-2.312581777653861,-3.4554616946806505,0.06422824676033212,0.02066294216098763,-0.43692001234408195,-2.7156214150938283,0.27403458193958485,-2.441586833154247,1.0699999999999932,0.32000000000005
1998-01-01,1998,1,-0.3232005601087735,0.3748217031470631,5.178332409920029e-05,0.16722459447399274,9.833464874087205e-05,0.30710126454657427,-0.4568378966381488,-1.2845581164028204,-1.591270668491802,-1.806976405598288,20.36204249379807,-0.6553004900947599,-2.0776350123829417,-0.3596526379045599,-1.2991441304247928,0.004128268090398457,-0.011494362425915394,0.1126765270571024,-1.206628785181671,-0.11177127275556131,-1.3184000579372253,0.5,0.03999999999996362
1998-02-01,1998,2,0.47892366788749996,0.2897067281148793,0.0001366976438959,0.21068032202177633,-0.004280252551768449,-0.8357169211443889,2.1740949594449717,2.500049290127663,-1.8413234816799218,-1.9170644857716823,-8.97021062517888,-2.8956702069926337,-1.716632289225906,2.30304626783186,2.5001838298763914,-0.06690194409124484,-0.04860704221827783,0.7171119329205116,1.2547789218584668,-0.12881676863815983,1.1259621532203141,0.28000000000002956,0.05000000000001137
1998-03-01,1998,3,0.4986341846218352,-0.13391130284810515,5.1784488691499625e-05,0.22191029551788688,0.0007798118543099752,0.37116240191831196,2.148013588947663,2.253974215167659,-1.8725243676606453,0.05975773472849255,15.155432521103648,-4.087770973844584,0.39528135712366463,1.6522957048116496,2.256726793017606,-0.09393135821051857,-0.058040068599297445,0.5586558558415629,2.5507702285791893,0.4984704619859599,3.049240690565142,0.45999999999997954,0.2300000000000182
1998-04-01,1998,4,1.166426934452943,0.582815533994335,0.00023843242833510025,0.7136775813242551,3.2185846078003344e-05,-0.7595559213719412,5.000820993977982,5.379739690019221,-1.5446485919806605,0.7501491274454573,-16.99750576869701,-4.3773801647612345,0.8995197503428258,5.371820316716139,5.391684898553478,-0.10431769493777221,-0.062167540748491845,-0.5906264363025553,2.982102195677868,-0.3590541142039001,2.623048081473968,0.6499999999999773,0.37000000000000455
1998-05-01,1998,5,0.9889222448606461,0.47289596630793085,0.00015191271525859945,0.4766161682005077,0.009386336575982535,0.28482497491158654,3.9504683283721533,4.628343716601705,-2.751765605397111,-0.2381262634886525,-16.559766246457002,-3.836243285027166,-0.04824987678144055,3.766846021048991,4.645607950276258,-0.07951265251339334,-0.06283823264702582,-1.278828863734363,1.2743540663372528,0.20088654099771475,1.4752406073349675,0.28000000000002956,0.4199999999999591
1998-06-01,1998,6,0.7210088722367232,0.5388214982679642,0.0001337731298943004,0.4882481633918161,0.011051481896436122,-0.26178138467978584,4.026305693887139,3.564852275751889,-4.763468226447827,-2.879767080918217,0.7704952533968026,-3.2182233275141243,-3.0084353560128214,3.9321173318739966,3.565779490132968,-0.04354768657003616,-0.06877617370498301,-1.3225464973134642,-1.673913174028229,0.09511557639422108,-1.5787975976340114,-0.6000000000000227,0.34000000000003183
1998-07-01,1998,7,0.23591266096769914,0.34482043915647864,0.0001906836849436995,0.8644815857865922,-0.0011364430772107248,0.06902619597897086,2.4922680311227623,1.4488441502628007,-1.5920586158956667,-1.9511004393826497,8.547096993192099,-1.5911564337435777,-2.5382064787701637,2.792921029211243,1.4464787073958405,-0.005516812161127316,-0.011086376730749858,-0.23565834946418818,-0.5880082215396669,-0.3030184409554444,-0.8910266624951042,-1.4300000000000068,0.19999999999998863
1998-08-01,1998,8,-0.09773256367282102,-0.12663073439870232,2.47355179506005e-05,-0.2650683689018898,0.001660313894116916,-0.4979556281698194,-0.7852136483556365,-0.6265878221192906,1.3635534986394475,-1.2991766202427613,-2.343503757074359,1.8433754950255832,-1.5743400503909264,-0.8089463236599954,-0.6286050554839449,0.024090891056624653,0.023043764524059096,0.5674167816505626,-0.7549854265342901,0.021715441939708313,-0.7332699845945854,-1.0399999999999636,0.39999999999997726
1998-09-01,1998,9,-0.8811904866826126,-0.6352130319924072,-0.00038187221580279936,-1.3317700248555049,-0.01271364198714231,0.8078578910694532,-4.533368762880571,-4.490958079977474,2.130077504145305,1.1964473288172321,8.132547726432676,4.855376138240359,1.378923871939719,-5.724548310533692,-4.486526536979341,0.06608783249564087,0.04141404515473468,1.0974801952769013,-2.542822090972578,1.1956110906512514,-1.3472110003213231,0.23999999999995225,0.34000000000003183
1998-10-01,1998,10,-1.108751315546101,-0.7279696429352498,-0.00032664976665350114,-0.9988620881619177,0.0008381387822381514,-1.1270750508824108,-6.942621473490362,-5.892728660539547,7.247690354060211,4.457907527308915,-5.233444535318995,6.086983056289483,4.437257264021341,-6.0732264728469545,-5.889139360434001,0.11460385107462301,0.12401728453154748,1.0184796498411632,1.1400570344831635,-0.8658057005378552,0.2742513339453012,1.3100000000000023,0.16999999999995907
1998-11-01,1998,11,-1.0558588047680928,-0.5857690914807563,-0.00021638340858339856,-0.10876719216938113,0.015492556815847935,0.8050158117664523,-4.5053417441324655,-5.301303734523117,2.523761282732522,3.62155900350108,-14.123154688481009,5.020864600044206,3.9177180577633806,-4.255558813225377,-5.31213382798137,0.11883222582779496,0.07642857267536574,-0.02082330074488503,-2.200944263049365,-0.2606130243653446,-2.4615572874147027,1.2600000000000477,0.07000000000005002
1998-12-01,1998,12,-0.5520358191372452,0.00966811466986428,-8.640231507420042e-05,-0.14543876138533207,0.009321538585872702,0.7675978624375972,-1.6801375290662008,-2.72968632215958,0.4237338075783157,0.04988286503282424,1.7628187722002622,2.6541360573422708,-0.014262874793899982,-2.02345759725722,-2.7335445590236986,0.06346322221311951,0.02720566666721247,-0.5726207860631032,-2.294547989590683,0.33946183132690066,-1.9550861582637893,0.8700000000000045,0.12000000000000455
1999-01-01,1999,1,-0.3569401404348582,-0.19355067957309302,1.9205217922799167e-05,0.009146115125030718,-0.013001511034453572,-0.5112836193937582,-1.6253223073080676,-1.2145341435052046,0.832874322048184,-1.7066697813348348,19.232052400446264,-0.531883929248977,-2.1250959347089307,-0.8602576659578176,-1.230620700021916,-0.0037815644927592373,0.011183859475808688,0.0716795375599304,0.9463320979230616,-0.7811511978669614,0.16518090005610375,0.6399999999999864,0.20999999999997954
1999-02-01,1999,2,0.47798890459267795,0.09019470607347557,0.0001361856569852011,0.47296792184833336,0.00739603196136096,-0.37624315247829543,2.273431612436468,2.390589935163746,-0.7163396386307852,-1.9667846877635924,-2.571560409181984,-2.9674317926461526,-1.9050100648777786,2.5418673575193225,2.384625058450183,-0.060904290823927454,-0.02558104848680154,0.6846130977828295,2.3128667769011884,-0.274400621796417,2.038466155104768,0.39999999999997726,0.18999999999999773
1999-03-01,1999,3,0.3206550671757782,-0.30017590736508737,0.00010820036883789873,0.24352182846398662,-0.013435408588893805,-0.4214802731102907,1.2793439629303407,1.8212938183119718,-0.33498392678751543,0.37639348820013296,10.919969916998525,-3.9864907352793466,0.5784538826213392,1.5101807607783257,1.8183125899277002,-0.0862605869607842,-0.030675821519533297,0.6103233494735729,3.853567202913041,-0.23381802623225312,3.619749176680788,0.38999999999998636,0.14999999999997726
1999-04-01,1999,4,0.9613651604944948,0.2761013314411116,7.882552856480068e-05,0.14474338913320395,-0.0072558085257460325,-0.4936375857665922,3.875636540003427,4.3145536421378665,-2.9925359313771764,0.42580652657688134,-11.546500231532264,-4.100709976117685,0.9328865569152569,3.0249262206984326,4.344759190412617,-0.10204070676513366,-0.08206341703174136,-0.6098720111507347,1.615254075078866,0.8809158675797448,2.496169942658611,0.3900000000000432,0.12999999999999545
1999-05-01,1999,5,0.9178411502085737,0.47714460896696664,6.97901381642007e-05,0.12396549238061993,0.01261215510604119,0.3007371282508089,3.9984225164112104,4.4647727099210215,-3.4189540273721093,-0.16288025973861053,-16.524771918237093,-3.7214321527063987,-0.010523699995545144,3.5580736391470396,4.493004586581321,-0.07854487269495491,-0.07265077766661943,-1.2296954167826701,0.45483468507737257,0.4685807539244671,0.9234154390018432,-0.08000000000004093,0.05000000000001137
1999-06-01,1999,6,0.8414324391591208,0.538567259868671,0.00015173517570779907,0.5915667066496084,-0.0037576032222639277,-0.5241519327533197,3.4187287718210655,4.072036980903363,-2.968476140853113,-2.0924689746753167,-9.736830289271893,-3.096034281814042,-2.288894143644839,4.142671510280763,4.074453495889884,-0.04016396461583627,-0.04385187830597115,-1.1489258229794146,-0.06886702800861144,-0.7215262234731732,-0.7903932514817882,-0.8499999999999659,0.09000000000003183
1999-07-01,1999,7,0.30456314658675865,0.7691464879277419,0.0002604389476602003,1.164691385988096,0.019090051392054885,1.2295745185464568,4.421044581996057,1.6844853042293835,-5.105346888169436,-2.8259480844532767,-1.9727093459950993,-1.9062161421161932,-3.1214289187697943,3.674520512083234,1.6637662669382962,-0.011361341646448864,-0.058026919584306835,-0.4176099571837053,-3.494611580369771,0.7258050326217322,-2.768806547748028,-1.670000000000016,-0.05000000000001137
1999-08-01,1999,8,-0.15610447344175782,-0.22281713430061245,-5.095382245839941e-05,-0.38739218304320744,-0.012619713871091287,-0.6367499000710524,-1.4099671875824242,-0.8848478349962079,1.7220436728177617,-1.200514852386835,-9.809953654825222,1.8776369826636596,-1.5855079528284897,-1.3654834286733148,-0.8914105207965122,0.028625902427721783,0.030625753732892225,0.5331171836445865,-0.5405864102875668,-0.05104644470941011,-0.5916328549969876,-1.3600000000000136,0.03999999999996362
1999-09-01,1999,9,-0.6354509778783495,-0.5748871053892799,-0.00025926358421330016,-0.9501554578021505,-0.003447592364827501,-0.10779500684584065,-3.7494731990977357,-3.1189167659130703,3.7280349708192944,1.0823907652666342,9.984935019747354,4.619169067176756,0.9772082187720592,-4.197809588017208,-3.1129191707014456,0.059948159107908516,0.057224378101977,0.9882656545353417,-0.9963166428520367,0.4543339841310896,-0.54198265872094,0.11000000000001364,0.21000000000003638
1999-10-01,1999,10,-1.069811412342915,-0.6655160438551206,-0.00033211922565680105,-1.0083427611598097,-0.0063049628847750006,0.12956215695992057,-5.7356520644475495,-5.614681667670197,4.344524464042934,3.7846048150179428,3.66650365118403,5.937757018776551,4.2025428489490295,-6.038229548789786,-5.6287716320741765,0.1091450961828726,0.08670791710860382,0.849793122755834,-1.1752945208025167,0.28848751993826127,-0.8868070008642519,1.3100000000000023,0.18999999999999773
1999-11-01,1999,11,-1.115718389153244,-0.5253695754667547,-0.00027877130841279935,-0.7732212858519922,-0.011028115682668593,0.4755679260885515,-5.801375047021111,-5.466558032908154,4.711621435560062,3.8631939722992357,4.002914323631558,5.435197491572097,3.9686697669615683,-5.511293767437678,-5.48543468080544,0.11701105036646187,0.1009685703718044,-0.06177211044060904,-0.6181002613496887,-0.3089579274807157,-0.9270581888304115,1.2900000000000205,0.08999999999997499
1999-12-01,1999,12,-0.5932041482262207,-0.10154028152732053,-6.410324462090104e-05,-0.1572378526855971,0.004496657269242976,0.44621392417042927,-2.016860453119591,-2.817627995454586,0.37429855861816463,0.2953254369532985,5.336553495159023,2.8016752533029887,0.2675669029558847,-2.124857839796846,-2.8482552386661837,0.06363587076460497,0.02390792881455539,-0.5460493733931564,-2.455135228682252,0.07737014346565374,-2.3777650852165984,0.839999999999975,0.08000000000004093
2000-01-01,2000,1,-0.36568765242446943,-0.26129123085371475,2.8021749602801307e-05,-0.07332095562465213,-0.0014152109087415266,-0.14004264330637994,-1.3244497106526865,-1.0981021675774514,0.7411104858567796,-1.7922846456337105,4.9875757670233725,-0.7102824809583694,-2.3435385545568366,-0.7846396768912314,-1.0631460890593303,-0.007524468190308831,0.009042122667819452,0.12501664151633562,0.9001390578920336,-0.5048539552433304,0.3952851026486961,0.5099999999999909,0.12000000000000455
2000-02-01,2000,2,0.500969399288465,0.3689109193497302,0.00024242838553869932,0.6553359214811216,0.009811100421936336,-0.4606110435761295,2.302806204931528,1.9187923144044703,-1.1912534019206475,-1.9996691684852195,0.5483460589020979,-3.027067041456405,-1.8450165122523998,2.896665142450388,1.9105673855556802,-0.06460006326750989,-0.03750638011395235,0.6849052991063029,1.9904662957685844,-0.6020838663676571,1.388382429400938,0.2599999999999909,0.03999999999996362
2000-03-01,2000,3,0.6165156454633802,0.06994978149685949,0.00010775635315300042,0.1860128059100461,-0.005936210557356936,-0.8620772178167186,2.3438326571785524,3.19892837779679,-0.4255930305967297,-0.27985309335094755,6.463092957710614,-4.0730397187136305,-0.041909045563272684,2.3518428908082,3.2085732005676277,-0.08914127040456687,-0.03391961413965072,0.505632764675326,3.885390735904565,0.001634589141193743,3.887025325045755,0.32000000000005,0.060000000000002274
2000-04-01,2000,4,1.049910851757545,0.2129163574774111,0.00018213089927899932,0.6899915429880465,0.00890542831944352,0.9421846172917583,5.201381208970304,5.1181921767174,-3.081598776415376,0.7751961732618184,-5.635163058395847,-4.373319498148447,1.3266603847724667,4.8123699269690405,5.142191856125635,-0.09581645433001018,-0.07330007212640588,-0.40444204517140037,1.8431849332437196,0.41301096140949767,2.2561958946532172,0.37999999999999545,0.10000000000002274
2000-05-01,2000,5,0.7477464936551428,0.5911913275097049,9.000226347449965e-05,0.26679126199385195,-0.001315531091733102,0.6714617609564897,4.196481054434344,3.578461466863075,-4.723830269059704,0.309494723330328,-14.751683617272647,-3.6589008091651465,0.7317979256092428,3.239460259107375,3.6020120830646647,-0.0671231310558289,-0.08183706003705549,-1.0442764841346186,-0.6426262576156887,0.9805714115285582,0.3379451539128695,-0.11000000000001364,0.05000000000001137
2000-06-01,2000,6,0.7152221937735135,0.7517215788320755,0.00010658544414690087,0.45844665232717574,0.0055047968957616655,-1.2600580632309573,2.545606605802732,3.420183851731224,-2.3479458753941174,-1.982343191354527,-4.593112365997513,-2.9421608701215973,-2.3834643736718206,3.5393760516450925,3.4304106016704736,-0.04172222505305179,-0.04042946307332684,-1.153585134297069,0.19309381241021129,-0.983542695903111,-0.7904488834928998,-0.9300000000000068,0.05999999999994543
2000-07-01,2000,7,0.2919988333516699,0.13938078473682936,0.00011936421190699917,0.635655827604527,-0.003624478629607908,0.49678075261931554,2.324380446557882,1.8055973304864779,-2.174961702708515,-2.57985024472568,5.6606995578767965,-1.5491890465893903,-3.1685610119768235,2.4313290845292386,1.7697975142288556,-0.008524796853480954,-0.01902613404265807,-0.39671702605003567,-1.2144834233702397,-0.14274845422897897,-1.3572318775992152,-1.3999999999999773,0.27000000000003865
2000-08-01,2000,8,-0.09468674767356333,-0.12462356013332965,6.165231517360134e-05,0.010917319787449031,0.0039806437767846425,-0.7418357059814227,-0.7041735137548244,-0.4284781191644811,1.6150687581354362,-1.112334290486153,1.6322269750817213,1.6881441789946052,-1.5900990993338553,-0.36985803513789506,-0.4316508923812421,0.026427136507324533,0.029205309682326597,0.6133204288549834,-0.5508402297068926,-0.3374882518336939,-0.8883284815405865,-1.150000000000034,0.20999999999997954
2000-09-01,2000,9,-0.6423163019370577,-0.5015054185553822,-0.0002952906449619,-1.0830947161550064,-0.01039051603432295,0.1267417445375827,-3.8979234539519325,-3.3621398595067262,3.4579894140111946,1.2146390237069866,-1.685598728901823,4.772022386943405,1.3139698882565654,-4.577632831443054,-3.365585040760209,0.06792797087866242,0.05824456015476853,1.051706368754104,-1.2147021083826317,0.6762641962376428,-0.5384379121449854,-0.05000000000001137,-0.009999999999990905
2000-10-01,2000,10,-1.1733394870883558,-0.6083215438890193,-0.0002793672983564012,-0.7356775975967018,0.006767901683530142,1.496202656647661,-4.7547806305438485,-5.908697102914346,2.691926029180422,3.641587980014247,16.8206378720497,5.812307025417681,4.126402987659194,-5.673799302767804,-5.913108521071763,0.10539270729069727,0.06328344180004697,0.751111268623939,-2.6355659885922975,0.9146072540665386,-1.720958734525766,1.2000000000000455,0.060000000000002274
2000-11-01,2000,11,-1.025740701829477,-0.5160363613274512,-0.0002192047039857991,-0.7157372650011489,-0.008460791199736306,0.0918506913167576,-5.493501744225853,-5.121531938510429,5.017889292921581,3.85288917836327,0.1200570816436084,5.264058220559491,4.032470011863914,-4.89572407256486,-5.138672687212306,0.11169903785891311,0.1010340480081906,0.020060549231173397,-0.06658809413730182,-0.6149184203628693,-0.6815065145001711,1.3699999999999477,0.12999999999999545
2000-12-01,2000,12,-0.6632773040678899,-0.10027618083938705,-3.807951745799995e-05,-0.25633952139413907,5.455208114724108e-05,-0.6251517378660836,-3.679545846955648,-3.1411446196896122,3.69807604709311,0.7422944717966367,1.9760359545180108,2.8362069861746875,0.15243085421252545,-2.563384924456386,-3.1367148808757292,0.06815975704940591,0.06957699102850734,-0.5203905426495812,0.2720054433343293,-1.1117311836853752,-0.8397257403510423,0.82000000000005,0.10000000000002274
2001-01-01,2001,1,-0.02386673379049853,0.12998944102560017,4.769559697779917e-05,0.2103816368206637,-0.004253483792209245,-0.5100452481010151,0.1956231359135927,0.17415064575044426,0.4405995793575812,-2.1007178202756798,-2.483177367670578,-0.7972368169060928,-2.2775934469297283,0.4296094386910454,0.16686230772592126,-0.007916134749542003,0.009524941648746399,0.04499512614602885,1.0609607696096433,-0.24127464080197925,0.8196861288076605,0.589999999999975,0.25
2001-02-01,2001,2,0.1257353284863143,0.21186732180314038,0.00018644662329659993,0.6732143064942449,0.011112317701576946,1.0955424525058177,1.8324519982040215,0.7658713439495273,-4.651899076623778,-2.285207998070284,15.018190030372352,-3.1165969240009304,-2.020916092095092,1.7105041069028744,0.7595952111674933,-0.05319494845461037,-0.07345471441501195,0.6349832725429696,-1.2710102466476485,0.11567175851911315,-1.155338488128539,0.4900000000000091,0.23999999999995225
2001-03-01,2001,3,0.8036044095429702,-0.00419820185578601,0.0001618066752210011,0.4066919326999532,-0.0005088086741685816,-0.3222650034214922,3.7385377458643916,3.9496641782392317,-1.3414077954300012,-0.28940862033951475,-3.943261550317402,-4.2268043127469355,0.2206147125370208,3.5219008580290847,3.964569375360213,-0.09982449782494562,-0.05278484898004088,0.6006087196665817,3.3954198501934627,0.23154208495628836,3.6269619351497546,0.39999999999997726,0.1400000000000432
2001-04-01,2001,4,0.9242805715687155,0.39720357498680414,9.30600359497994e-05,0.2778916668267648,0.007725649116873012,0.7347374518958176,4.539512965083645,4.339736630795585,-3.4021105124581084,0.7895820225356047,-8.056694085666095,-4.066717692937345,1.1882306426291507,3.5591122585526023,4.367118135485782,-0.10600270648188648,-0.09023811168942064,-0.5381281830757416,1.0632558005727333,1.0077822112212402,2.07103801179397,0.3199999999999932,0.03999999999996362
2001-05-01,2001,5,1.02517373049227,0.4902056479613748,0.00010640735019559928,0.36072220889066386,-0.005213914973210221,-0.4600912178884684,3.862274241743364,4.935065348699027,-2.4226635919293926,0.18584790360336,-18.10380072123371,-3.7564265529143483,0.3101145063442985,4.136756374609661,4.954387557540201,-0.06740548836512295,-0.05053683433875067,-1.160502209781308,1.4580295637259155,-0.25515992402511856,1.202869639700797,-0.13999999999998636,0.03000000000002956
2001-06-01,2001,6,0.6364947737027933,0.4634081519982942,0.00013768698893790003,0.5478648952747527,0.007842401034083402,-1.1744746115883729,2.5764216914940334,3.069750461561682,-1.9159976593301735,-2.028758886204045,-10.07054832103313,-2.965438074020625,-2.5095456408378283,3.327639319145476,3.0793871104726804,-0.041236491661437835,-0.033536073323896076,-1.1987927316561109,0.5686536600566967,-0.7415809787404513,-0.17292731868374744,-0.9300000000000068,0.060000000000002274
2001-07-01,2001,7,0.3675500006826269,0.522233857607489,0.0002358924382842003,1.067044806023869,0.010412292914043997,1.2066042118307152,4.041139071362238,2.0445855682708043,-4.80819375723587,-2.867803078926091,2.130605621889117,-1.877862927259656,-3.151296780440166,3.675453615191145,2.0095021304450142,-0.009512432176948415,-0.05303566490332212,-0.4020401497903876,-3.2138245314902676,0.33060201834530645,-2.883222513144972,-1.3799999999999955,0.2699999999999818
2001-08-01,2001,8,-0.14755753092606483,0.19026395836124266,3.381070795870078e-05,-0.04283741797515361,0.0007344789667603768,-0.3181111539440451,-0.13971128474031502,-0.6043972772251891,0.6837084998503258,-1.1672590542088237,6.535641263661091,1.657083600038959,-1.497896414398955,-0.3618281903260936,-0.5969847536301813,0.025047028791821635,0.016643487484489405,0.6296370042732597,-1.304012460378786,0.22952942918078634,-1.0744830311979854,-1.1399999999999864,0.22000000000002728
2001-09-01,2001,9,-0.7357012135985883,-0.9709201647227701,-0.0003193847831569011,-1.159716140803912,-0.01346820904845758,0.0007163206192757343,-4.611747459060609,-3.891617584007463,3.852209841849941,1.0889998736342292,-0.7375028340320569,4.734190426648809,1.1604252963771984,-5.156426098005056,-3.8938701255524393,0.06304643742911153,0.06134430314355033,1.0902136282521102,-0.8105551620559197,0.5424260973994706,-0.2681290646564527,0.05000000000001137,0.0999999999999659
2001-10-01,2001,10,-1.023791478430951,-0.3745428053942419,-0.00029367232857589916,-1.0571941796612272,-0.0050813222127424895,1.5409547897293407,-4.671904574901987,-5.403419409700575,2.3159687567517437,3.393441017726026,-5.317226958330139,5.934588625722881,3.9365058618687243,-5.797375105571348,-5.408321907255981,0.1068339158031879,0.05762939285335955,0.6906546561042841,-3.075555024828411,1.1205680331139583,-1.9549869917144598,1.349999999999966,0.22000000000002728
2001-11-01,2001,11,-0.8831343771981892,-0.5152893033450141,-0.00021383739082040006,-0.43445406643093776,0.002099239055132096,-0.7646078584595273,-5.207246551218759,-4.580134648153887,5.970661163611197,3.9245815619016398,6.837448590042186,5.237098769918077,4.015423837029097,-4.25824105065044,-4.5807796812176775,0.11276534012391304,0.11421124274711758,-0.005488646535358299,0.8244046688205628,-0.9496505336321128,-0.12524586481154643,1.3500000000000227,0.14999999999997726
2001-12-01,2001,12,-0.7738841763141409,-0.166691091849259,-3.0990353167899276e-05,-0.013260472208891372,0.004561057792954237,1.4633341662623351,-1.9590625524363077,-3.4841414646732005,-0.7639594913729013,0.20343457575492252,6.5746113620261895,2.593725241703652,0.32485005754410423,-2.2952328593869993,-3.495545383906915,0.06786314264538973,0.016666802488058963,-0.43931881698319053,-3.236269251287382,0.3247663877169771,-2.911502863570405,0.9200000000000159,0.19999999999998863
2002-01-01,2002,1,-0.13169218061835863,-0.016009797249409985,7.181618213300198e-06,-0.09896659821908216,-0.009609426309355018,-1.0193616228990052,-0.9201727019467398,-0.5850492104160026,1.3652534088372477,-1.7762063541630475,1.6969249106332427,-0.7129091958308891,-2.3573885007054685,-0.30905256230016676,-0.5934829480545432,-0.005489918347024947,0.020491071703789387,0.038584973508470455,1.4969804581257051,-0.6195538772851137,0.8774265808405914,0.5299999999999727,0.10000000000002274
2002-02-01,2002,2,0.16675445875580408,0.154123483254466,0.0001465980181862992,0.2832472160499613,0.0018134867590212655,-0.18671306714347935,0.8230330774447907,1.2091504273012106,-1.5307716733508414,-1.910096010592376,8.404965848429129,-2.7182012184690905,-1.8599859334370592,1.202641848791302,1.2068366080859505,-0.06111028269459062,-0.04418888462720627,0.6314367455556447,1.237539622273573,-0.38192259056177136,0.8556170317118053,0.4000000000000341,0.08999999999997499
2002-03-01,2002,3,0.8739313250429177,-0.0031889030459524292,0.00018183718352770065,0.4545271105940536,-0.00033321977387401613,-0.4098699676934032,3.438465432869691,4.131261523791181,-0.039935209395508764,-0.1254906740025774,0.20759371879103128,-4.227406684385585,-0.007346474935218339,3.619404628379698,4.135938315091039,-0.0874392722300108,-0.024141445537384953,0.48360487675473607,4.305615674057435,-0.17626240421014927,4.129353269847282,0.46999999999997044,0.21000000000003638
2002-04-01,2002,4,0.6564566722726681,0.3372190314160548,2.778725433860013e-05,0.2577430634028204,-0.008477195554723038,0.42299574150352015,3.8536807503322734,3.43336096954431,-3.460206195161163,1.043255222110112,-4.037634367035935,-4.009397076248973,1.7108227931761633,2.6505142159926436,3.4444586090277767,-0.09464946494602611,-0.07976728122457377,-0.38767251468684805,1.2167584521538686,1.2142641738231,2.431022625976965,0.35000000000002274,0.0999999999999659
2002-05-01,2002,5,1.115145392829561,0.5419654536172516,0.00012972398279999936,0.2670469378931628,0.0073482466439392935,-1.3556339472475898,3.0355056351214103,4.94504166431966,-0.9630414913668801,0.28267239691437496,-20.035256624832982,-3.5539006918078258,0.2783931795341701,4.129022823563503,4.961353272495387,-0.06918706506460204,-0.03965234627961989,-1.179418626075206,2.5865799830607727,-1.0772055802663694,1.509374402794407,-0.020000000000038654,0.18000000000000682
2002-06-01,2002,6,0.7114648037715483,0.715641586899892,0.00019542871069020036,0.7114899943567927,0.02341241683505968,0.6037743065102177,4.300390412007346,3.7561763433500914,-4.422542834740568,-2.7274936304118356,-6.020861410725047,-3.2512116252236183,-3.057315252069717,4.291125607173171,3.7570025131493594,-0.04855109122782153,-0.06692899371097782,-1.347179511287976,-1.5011528311748634,0.010090974633442329,-1.491061856541421,-0.8700000000000045,0.160000000000025
2002-07-01,2002,7,0.2530866857323417,0.32670134545122664,0.00016561524736339976,0.8023585133387705,-0.010968173881950816,0.1700946133948662,2.321417226577921,1.5976028542306722,-3.0143226994222516,-2.0987197459149556,5.87518909299979,-1.638608113108802,-2.529281492313544,2.7318958212924827,1.6033696490698048,-0.004110393301773652,-0.028342456261488902,-0.19967048468856063,-1.8062763327120308,-0.4047117998754324,-2.2109881325874596,-1.42999999999995,0.2400000000000091
2002-08-01,2002,8,-0.20508259991856903,-0.13971978056542866,-2.9158951550299975e-05,-0.06976375055750239,0.008160844896435204,-0.09923592878725174,-0.28999667483418534,-1.0555060126238232,0.08524476363479039,-1.4915371258783807,4.140632262060535,1.5892428776294594,-1.7352776493625797,-0.8635626343854597,-1.0616238774412068,0.023958208148199045,0.008155548368909749,0.5236742900098488,-1.7477386374788466,0.5674480947338942,-1.180290542744956,-1.0600000000000023,0.3499999999999659
2002-09-01,2002,9,-0.5723114892282979,-0.626861264450497,-0.0002693010102674011,-1.0978427835060387,-0.012334831641712785,-0.6811026689139865,-4.459740426957637,-3.1368371838221947,5.4440360479459,1.2408105241654361,0.8925909280515043,4.704979375341111,1.1672660208005468,-4.349335745248993,-3.133907341487884,0.0612637960914193,0.07820778090017644,1.0971185934732919,0.6655121692399177,-0.10747483937433344,0.5580373298655843,0.3199999999999932,0.4000000000000341
2002-10-01,2002,10,-1.1117460168190973,-0.8539266123658535,-0.00026529431555509866,-0.8682311245310181,-0.00925387027441249,-0.10663224071091548,-6.0643396585227265,-5.737580802457103,6.015563037482536,4.156871986100516,4.746934881128254,5.881596551396484,4.385772027932713,-6.036535944873663,-5.741827243767091,0.09808409214251279,0.10043878470865453,0.9819752802241108,0.3628665279182144,-0.032050154959051724,0.33081637295916266,1.2799999999999727,0.14999999999997726
2002-11-01,2002,11,-1.0785956992743309,-0.33629489736699725,-0.00020834736488410145,-0.5257870975939305,0.015068892215892804,1.4487773300059033,-3.9495485622823026,-5.358492469126816,1.7583475160184037,3.785831381259211,-1.9494296971679432,5.167285761203999,4.069533196277689,-4.559149456028422,-5.369438439905309,0.10347648544055943,0.0525558210389363,-0.014324845429614541,-3.1252364301671207,0.5986549229676257,-2.526581507199495,1.329999999999984,0.13999999999998636
2002-12-01,2002,12,-0.7470905609795295,-0.15322445073019253,-4.4952987816399004e-05,-0.17534878938219123,-0.01718906285328259,1.0973567444807344,-2.5181619743534043,-3.245844806020159,0.28311424371187854,0.3732217863464484,5.370136993922642,2.7101383626624056,0.5626665192764762,-2.5562454130237597,-3.2536760483089324,0.07647514914119213,0.03980259869545,-0.40350996211158296,-2.237579386020485,0.030252196381582053,-2.207327189638903,0.9800000000000182,0.22000000000002728
2003-01-01,2003,1,-0.0052631033030934304,0.1800800459394054,1.7387366937599014e-05,-0.04247870115172603,0.008537880446035984,-0.6007793779007287,-0.5395554309625368,0.012085406627079465,0.7658371006411926,-1.9931078251237615,1.965704832036863,-0.6504749559395862,-2.39275607026034,0.024596918229690345,0.004060936973246498,0.005003039598581616,0.019237551480942194,-0.03673672349127166,1.0166638114441753,-0.5721768188460601,0.4444869925981152,0.6800000000000068,0.13999999999998636
2003-02-01,2003,2,0.09325910666456139,-0.05697218337684262,0.00019228318190920093,0.4499614486468033,-0.010632992602200297,-0.8480561981437518,1.29189974004521,0.8220676237074258,-1.1313622891923103,-1.6771399596856753,3.9126492542854976,-2.9110894021616502,-1.695311104590374,1.6656139920410737,0.8231912505469268,-0.06159657288030829,-0.03532015071446626,0.7628280175374851,1.7615559680646697,-0.3725906251563629,1.3889653429083069,0.5300000000000296,0.19999999999998863
2003-03-01,2003,3,0.5675216172688238,0.04172489141717506,5.086932981319958e-05,-0.02957265869914849,-0.0015942996648463659,-0.8078327550400104,1.4815625511168378,2.8160397317458887,-0.43249427124064255,-0.18904965573013754,4.053777342807734,-3.846628496145968,0.019644090100129574,1.4679481618953218,2.813511102091809,-0.09203364386384116,-0.039473600445739,0.481511730129224,3.6228279707355853,0.011085759567436071,3.633913730303025,0.4399999999999977,0.19999999999998863
2003-04-01,2003,4,0.9895442948796926,0.32296227729540306,0.00010403521296569948,0.49932612558365363,0.007779314720962605,1.00780631902375,4.743487753513477,4.6058634004443775,-3.6882019303090487,0.08933407451547737,-5.93377009309188,-4.254261827935835,0.527595940977001,4.091010555633829,4.618005690917926,-0.10206004764991983,-0.08832914350119703,-0.6865628644194146,1.0043217640883313,0.6646194883531962,1.668941252441524,0.47999999999996135,0.25
2003-05-01,2003,5,1.0145975386108717,0.5419370605581548,0.00012261027381740147,0.3145100179832774,0.0036576232359607497,-0.6512881708377449,3.762444889206563,4.787558706131222,-2.499581588549489,0.11108754370424023,-6.447484201315092,-3.720129713805619,0.20196465008808673,3.8778718386097353,4.797937378464212,-0.07385147348450172,-0.05983513177809874,-1.2147182188749532,1.3114252316399586,-0.10504827707018194,1.2063769545697767,0.1500000000000341,0.36000000000001364
2003-06-01,2003,6,0.5980906417557321,0.4196807206430435,0.00014219749502909947,0.6575743380599981,-0.0005619684801160263,-0.6506277614812817,3.273227285636665,3.125856718437774,-3.405296161447012,-2.2741036972026407,-2.7148186806152808,-3.1980097900166413,-2.4307686717116397,3.8864552006623967,3.1349973738994663,-0.04224590512856352,-0.04964343989347775,-1.1304692018214482,-0.36395134593939815,-0.6040872595640394,-0.9680386055034376,-0.8300000000000409,0.22000000000002728
2003-07-01,2003,7,0.379960420716543,0.6629461647107178,0.0002467623036853991,1.148480539653466,0.020436896975295937,0.10085779490542279,3.198733480466956,1.9932646483467238,-2.1469223105812603,-2.2119436762550215,-3.098118927460746,-1.7662562360878837,-2.8144818836756933,3.5062132765071397,1.9898569255219627,-0.00776024814968812,-0.019265120620880705,-0.31844324616475994,-0.983204281914027,-0.3108875188649449,-1.294091800778972,-1.5399999999999636,0.14999999999997726
2003-08-01,2003,8,-0.029107725956521335,-0.14829594585631867,2.7409863373000637e-05,-0.16458072801309243,-0.012808774521795963,0.2232715393461291,0.3155737803699594,-0.06136228055044057,0.12396396742340698,-1.426028226214079,-1.845326395923621,1.67477332895632,-1.6377926000422498,-0.3837659265200273,-0.06317499832482554,0.02783285943171121,0.01278834971493259,0.5148692205021081,-1.7625737353610873,0.6975269891155982,-1.0650467462454891,-1.2300000000000182,0.20999999999997954
2003-09-01,2003,9,-0.6471340007618096,-0.5688749750868283,-0.00026780684182400004,-1.1105992436310572,0.002725096789485626,0.008227920934935185,-4.1480378833875875,-3.4596909001982112,3.956515812875267,1.140017887147259,0.1406447887129616,4.7396866851754,1.14978134691005,-4.663336004127245,-3.459174367893695,0.06549469588918111,0.064552026634344,1.0150320414823248,-0.773407412537324,0.5158146530441741,-0.2575927594931464,0.14999999999997726,0.2400000000000091
2003-10-01,2003,10,-1.0072513375193353,-0.5711464634409822,-0.00037599389626400033,-1.1676058992385485,-0.009054495062461698,0.6630506808427796,-5.562878496819565,-5.066192057819194,3.674596724548792,3.9360159839707407,3.788674347146298,6.111256778382824,4.236492097508776,-5.932273080638936,-5.069975343081808,0.1126784744673004,0.07771712112647,0.813976422687432,-2.1361839402960072,0.365611298556761,-1.7705726417392533,1.2700000000000387,0.12000000000000455
2003-11-01,2003,11,-1.2385833531225785,-0.5420828187125153,-0.00019283773390100026,-0.29645313416429886,-0.0017184091588929862,0.8540021231049266,-4.723742769075784,-6.244107270078473,3.6929989877666856,3.887494986109921,11.47795354477421,5.040378900426617,4.213387321109792,-4.85159053188363,-6.2467934264756195,0.10754700143096407,0.08438461938917152,0.1410448326703655,-1.0214875776601104,0.12516160641069973,-0.8963259712494072,1.2899999999999636,0.10000000000002274
2003-12-01,2003,12,-0.4727809675774779,0.05561503156883418,-9.978277347489836e-05,-0.29721084664477715,0.007470034986408192,-0.026761938108002425,-2.625833564331913,-2.470631889729191,1.7386563022180042,0.5055125659883402,-0.0063302194903371856,2.7949246291054237,0.30073942201450166,-2.2295666836626538,-2.481068185211768,0.0625632652203425,0.041136366544466174,-0.48646054997700006,-1.2610414708612439,-0.4067031761518365,-1.6677446470130803,0.8700000000000045,0.08999999999997499
2004-01-01,2004,1,-0.39381801126415894,-0.26388100505243983,5.669515609089959e-05,0.11577516643588126,-0.022698276265869177,0.22979199608337808,-0.8400313634368786,-1.28050327364042,-0.976109420165983,-2.1267470171697305,4.155015625496162,-0.8124432400267665,-2.303290374071075,-0.356171712360549,-1.2880884255383762,0.00980446561864401,0.003547627908367268,0.036768351226333706,-0.34020953704055046,-0.4914448029742857,-0.8316543400148362,0.6899999999999977,0.1500000000000341
2004-02-01,2004,2,0.2924872584968057,0.12699697195841964,8.212959617589881e-05,0.12171781232835954,0.018608337146080456,-2.1028393665933294,-0.09210794830880786,1.5185574247063869,1.4870783241309482,-1.6587651054203008,-2.3662611336330883,-2.541639471493511,-1.8397369812538926,0.9694633461559761,1.5102311508881598,-0.06408146378348878,-0.007814961091371586,0.708278581955172,3.8477459197908956,-1.069897568283011,2.7778483515078847,0.5100000000000477,0.16999999999995907
2004-03-01,2004,3,0.6378527825610263,0.24975239687643125,0.00017594724284870043,0.39580346992617166,-0.0038535000908199724,1.1449968173274527,3.6494978326502974,3.1171162464341364,-3.4014931360697176,-0.6816038173608092,4.371610439193319,-4.266666586908769,-0.32035355005594823,2.8093527204258635,3.1292691881476458,-0.09570823496101877,-0.07706060560272343,0.37842902791323674,1.2264237181439057,0.8522980539379432,2.0787217720818525,0.42999999999995,0.1500000000000341
2004-04-01,2004,4,0.9674594883946384,0.05733440026904191,0.0001582096106568006,0.6593645606796237,-0.00044349696058032517,0.11548964008461837,4.064029139837487,4.427009732468662,-1.1366646619516416,0.9020208309493434,-5.0068457065935945,-4.315275313077734,1.094409300072087,4.282049277241924,4.4302892368269795,-0.09717187997393806,-0.05061474479200179,-0.5256393279534599,3.3709991202488254,-0.21474063304611946,3.1562584872027024,0.3300000000000409,0.13999999999998636
2004-05-01,2004,5,0.6802625838368499,0.5237423352265296,4.287890045909931e-05,0.24899274833217433,0.013394719120862986,0.36289383206086256,3.3588742645246725,3.3000757263704372,-4.961475921977751,0.19480607577826703,-10.751668550161412,-3.7391982053161144,0.6488735913229604,2.7371618316306012,3.3145188359757753,-0.07172398956137815,-0.08828348478904324,-1.1199583565813782,-0.7682102011169434,0.6361555424994094,-0.13205465861753396,-0.06999999999999318,0.13999999999998636
2004-06-01,2004,6,0.808892433640608,0.47089382514548106,0.0001560454276037012,0.4116669796368342,0.012706546536577878,-0.442961071477491,3.9910108649362996,3.7393072707448027,-3.9777844981061605,-2.515973648195569,-16.24111292490852,-2.9732061427041288,-2.6519332767975214,3.9250896621468883,3.740560247543442,-0.04607031524053218,-0.06341294306266398,-1.2012779307709636,-1.14053798400397,0.06717417958805427,-1.0733638044159193,-0.9000000000000341,0.12999999999999545
2004-07-01,2004,7,0.10501361049409752,0.13257133221458162,0.000166736558651499,0.8084375566142761,-0.012677849522185758,-0.326439032164366,1.9570156491143962,1.2407628305463163,-0.18882388073063794,-2.1356860912050415,10.155021348109585,-1.630131189513179,-2.7540422018678896,2.474320233998526,1.2425197170432511,-0.006112457894932977,0.010487994207712958,-0.22231598815953646,0.8229511981196822,-0.5155476983871985,0.30740349973248726,-1.5699999999999932,0.18000000000000682
2004-08-01,2004,8,-0.0013652262927053016,0.163958518306913,2.919302056809958e-05,-0.15215430648202855,0.010297982559802299,0.42136564330488113,-0.029052454534109984,-0.15125955780831646,-0.7532588783178653,-1.4082027039992688,-5.151469608390471,1.7768257664872351,-1.639201181090339,-0.4980838063976307,-0.14941288943975906,0.0305507993862979,-3.674608877357599e-05,0.5199375998878502,-2.7610831218961778,0.4708780202320817,-2.290205101664096,-1.4699999999999704,-0.01999999999998181
2004-09-01,2004,9,-0.548050641144016,-0.5374708266634229,-0.0002744365163460001,-0.9088756277964514,-0.013670331910450417,-0.3012821026425101,-3.556429767318946,-3.038676837227513,4.205009920860306,1.3124273254387475,8.17104896438832,4.6800062293496865,1.2475747400737411,-3.9864150197151957,-3.0395658298821218,0.0626566787520959,0.06558245100846172,1.079266351383751,-0.5398488938543835,0.429096259741641,-0.11075263411274605,-0.09000000000003183,-0.06999999999999318
2004-10-01,2004,10,-1.0127052476297536,-0.5471082014671538,-0.00031207618860469924,-1.0003852060014715,-0.004053223514554949,0.7718919776135493,-5.008832534277701,-5.198146648602574,3.29764559349519,3.8640077057922078,-3.290102292681695,5.935910031682937,4.2591741874923486,-5.540857856626246,-5.203001846349991,0.10984665769775503,0.06920363948874275,0.8095448826630349,-2.2430979564875955,0.5271701246011276,-1.7159278318864608,1.3400000000000318,0.17000000000001592
2004-11-01,2004,11,-0.9940163742815571,-0.6017203819591828,-0.00021483272334879913,-0.48475354947071025,-0.0030191425876057165,0.9648848086983435,-4.358676065701616,-4.8408862299086195,3.2311241916552262,3.525436460420522,8.388811120079481,5.12066868458578,3.904174277402312,-4.569693811008733,-4.8459895101087795,0.10939928746295635,0.08002498734184904,-0.04391374620173494,-1.5108066759487642,0.20591446510695377,-1.304892210841814,1.4799999999999613,0.2699999999999818
2004-12-01,2004,12,-0.8314318351140173,-0.11749656539848274,-7.08666730945013e-05,-0.2251981244863117,0.0021171886117040684,0.08877593046432253,-3.4763446036042183,-3.73889685134003,2.6316541986742834,0.5336024767639529,8.434708901884733,2.7190377173824345,0.1998041362909433,-2.866254649646521,-3.7480867400900593,0.061030900147137856,0.05467844705365854,-0.4866312238983159,-0.4211818591811607,-0.6192798427077228,-1.040461701888887,0.9700000000000273,0.18999999999999773
2005-01-01,2005,1,0.07073048087448797,0.3204234526766072,9.257314739560124e-05,0.2922975021783607,-4.157780303437608e-05,-0.8783707421758251,0.23971213115845558,0.20085876523233992,0.29187170746763513,-2.2224480599821774,2.87300722359214,-0.9488771986833626,-2.598430382955563,0.8388420612424738,0.19065514463915179,-0.005461654611885969,0.008245955179190467,-0.06743517889505668,0.8647665831776123,-0.60933355067721,0.25543303250040594,0.5600000000000023,0.06999999999999318
2005-02-01,2005,2,0.13372968167067256,-0.092203591906582,0.00011812581859009866,0.19418981827324444,-0.005320343493404267,-0.15212373067090823,1.0802302939661104,1.2405426506293793,-1.9734083464584273,-1.5824446696708812,5.11174423614284,-2.7166961648924826,-1.5086702285104252,1.252402956453409,1.2397502012287873,-0.05684932009111954,-0.044197087401530055,0.7530327772034884,0.8170622595945076,-0.17296511188789054,0.6440971477066171,0.5299999999999727,0.18999999999999773
2005-03-01,2005,3,0.7055863448447326,0.07792622547447081,0.00010811610849190134,0.24033715497806085,-0.00904564065463398,-0.4488161788442824,2.2259950467317253,3.3170122426632247,-0.8870479506663287,-0.40293517427777203,-3.9425981420645257,-4.06488006217856,0.0017296544330918096,2.394389968558869,3.3196311978156814,-0.08585035160939203,-0.03837710521302373,0.49894118021993883,3.582496940223109,-0.16577596667468697,3.416720973548422,0.6000000000000227,0.3199999999999932
2005-04-01,2005,4,0.9604527016519455,0.44226855218954597,0.00014077199577519975,0.4513859110037082,0.010614805750178258,-0.45765495137173673,3.9264321038931485,4.457529385729742,-1.9137876437403918,0.4518420795367888,-6.132744721980998,-4.036904350794686,0.6163326430664426,3.802762893133149,4.451293435307889,-0.09853924835891759,-0.06554254559335115,-0.6300475543300905,2.2876072705839476,0.11743326033814583,2.4050405309220935,0.45999999999997954,0.25
2005-05-01,2005,5,0.881113110079923,0.26039273652713746,0.00013632317941299904,0.40837856604315803,-0.0042781209232631845,0.16402616767017264,3.9877277203996755,4.23860600270217,-2.6659914315841604,0.19054705285062568,-4.904119797691237,-3.884428103941957,0.3951632073549476,4.017085681724666,4.271085567221917,-0.07020373174240868,-0.054271140352037506,-1.1278259826957768,1.423052826862147,0.003121603194756517,1.4261744300569035,0.10000000000002274,0.29000000000002046
2005-06-01,2005,6,0.7170060024325267,0.6449841714007789,0.00020737945689430076,0.8802717391409018,0.011179743662258712,0.390445373564404,4.845176872209663,3.7122575064857983,-6.224548183989867,-2.6176711718055614,-13.973217801190913,-3.3077022456427017,-2.408355053534997,4.396869695630414,3.712754602876828,-0.039073918959466436,-0.08128966766072754,-1.1567098792445485,-2.707529820076644,0.4488042729702819,-2.258725547106362,-0.8199999999999932,0.20999999999997954
2005-07-01,2005,7,0.24611878988287117,0.622623847376758,0.00019516390480420025,0.7774576667575488,0.02134197087034484,-0.3071312567790798,1.9377016695838734,1.312155111896061,-1.0568069327458147,-2.013294918811365,-0.38683081956696697,-1.5731127617178515,-2.7042827642757565,2.706833813519779,1.291339814202388,-0.009880520938180926,-0.010252038592620139,-0.26202790735778514,-0.1746820164923406,-0.789947441629586,-0.964629458121923,-1.660000000000025,0.11000000000001364
2005-08-01,2005,8,-0.15308024626187944,-0.25967832100786836,-5.480560668980061e-05,-0.25523562670808886,-0.0073756495077660356,-0.25484938581359984,-0.6753467943655096,-0.6094992201587388,0.1978610315392757,-1.2504592685811708,2.040596573991934,1.8202627215443954,-1.6004953584264143,-1.2121190368056318,-0.6092309833636023,0.02845286998711849,0.011532897250789542,0.5709788977490575,-1.9724377798503738,0.5370404792352659,-1.435397300615108,-1.2099999999999795,0.25
2005-09-01,2005,9,-0.5903034544035108,-0.49573214693248246,-0.00020521760388289914,-0.8571521534360649,-0.01074050759345968,0.14280697522905683,-3.4172667008673443,-3.39895180616719,3.4718804229457874,1.451109022577441,1.5476318744767923,4.613107924761692,1.3662659986566723,-3.8224959807452024,-3.393750150553217,0.06280075388407891,0.05496439495653416,1.0741422110560048,-1.226070525736695,0.41043093549182785,-0.8156395902448708,0.029999999999972715,0.08999999999997499
2005-10-01,2005,10,-0.9304785516309835,-0.6109362201691511,-0.00039071447774980013,-1.062694186391866,-0.006495393810662775,0.06133389305839643,-5.209801029764662,-4.857440233229568,4.708721362704665,3.7116299884195953,4.477170947662671,5.977446222548565,4.074587482759089,-5.841988632479229,-4.85919432079595,0.1071320385698522,0.09172936296071121,0.674336236982672,-0.9057673655043743,0.6304335151481837,-0.2753338503561906,1.3100000000000023,0.17000000000001592
2005-11-01,2005,11,-1.1061782110490412,-0.6252293748174225,-0.0002674783937347009,-0.8691492589273082,-0.003864164281919158,0.955378628834417,-5.499587521574995,-5.5861892816955105,3.4573359244852213,3.8642326906426447,-2.4455583385715727,5.432819083527079,4.186596868145635,-5.46479380883693,-5.604270047806324,0.11073545232748039,0.07483021777024179,0.03587372010297507,-1.6531189815388814,-0.05287447884887797,-1.705993460387763,1.4599999999999795,0.22000000000002728
2005-12-01,2005,12,-0.6980975587328544,-0.22316276693391046,-0.00013307410663590015,-0.30003887079774216,0.0007397102321681226,-0.8590880181281761,-4.073369066844464,-3.271248225938791,3.8897831620018053,0.14879672149583456,12.471765190348378,2.702730594033028,-0.2523369611929809,-2.8583998515536564,-3.277545718496981,0.06094228032955051,0.07191162463628675,-0.505131948675233,0.7859188852799548,-1.2212667078489972,-0.4353478225690388,0.9900000000000091,0.19999999999998863
2006-01-01,2006,1,-0.32557812251297946,0.0795802988133687,0.00014805034729969968,0.4664409133679932,0.014561171425934272,0.8743499185252972,0.370992881897962,-1.2019983679857091,-1.7956556227700844,-2.28819895492828,4.2418715560634155,-0.9971547985850293,-2.431467548534499,0.3260013666767918,-1.2233870365645316,0.003094188459804137,-0.012130945091954448,-0.024768981476444907,-0.941769417791285,0.023602846642347686,-0.9181665711489302,0.8300000000000409,0.2899999999999636
2006-02-01,2006,2,0.38787623329767484,0.03388488400855749,0.00016974474050829996,0.3184173387725586,-0.01907977487603507,-0.14334141666898148,1.9141607566461971,2.0352576948056935,-1.446869094435101,-1.7062427705867655,5.042485251498874,-2.7784692130510393,-1.6743207763705428,1.891717332022381,2.0423934178572836,-0.05790026400345205,-0.035055798253165626,0.7093625766147849,1.363522112832193,0.029579147675406148,1.3931012605075956,0.6200000000000045,0.25
2006-03-01,2006,3,0.5361961655982554,0.06734570189689748,4.2513446870900626e-05,-0.031280995971112446,0.012402269805346311,-1.296664919091576,1.420366429023602,2.552605331943539,-0.2779624387591184,-0.2998239839060126,-4.079055009438889,-3.960319739680642,-0.029797499558945617,1.5773279557603246,2.5630284529142386,-0.101048379330404,-0.04509653931303337,0.4876104290210552,3.9523837852686086,-0.14653840576602306,3.805845379502582,0.38999999999998636,0.1300000000000523
2006-04-01,2006,4,0.9033368399062169,0.2772376269744541,0.00010092472418479943,0.40163120183575884,-0.00887150583968066,0.5093020087243119,3.8051445388708203,4.3286823287896254,-2.1900156371594903,0.8758942176085824,-8.586511440240429,-4.064464513408609,1.18012109647713,3.725515704355132,4.339381677356471,-0.0997728776053104,-0.07009356112792808,-0.49349406192895984,2.1786757551176663,0.0903281830825371,2.2690039382002,0.3299999999999841,0.12999999999999545
2006-05-01,2006,5,0.8887934901149492,0.22449922940938905,4.258148095200032e-05,0.17071106256105395,-0.0006821711182004586,-0.4320846580717017,3.6095841658338372,4.4879031021397395,-2.979930825457558,-0.12876620262539973,-10.04551117196388,-3.7700493776684993,0.3329063206107108,3.335556592745206,4.537701915626826,-0.07477593142212102,-0.06470481586282872,-1.1077156228048857,1.2517910754470165,0.32382638657571405,1.5756174620227341,-0.05000000000001137,0.12999999999999545
2006-06-01,2006,6,0.8458059807054497,0.8693120573623219,0.00028358928773299964,1.0633418981902132,0.023288571174661543,-0.0119188497858147,4.827279061593515,3.9900484854925935,-4.474993786761559,-1.9271198158198715,-14.367948074708693,-3.3401258944786605,-2.2402632278886117,5.274387336033612,4.004514224127206,-0.04506396236821786,-0.06569000617373089,-1.0917001090928267,-1.4480113043516099,-0.43264253580548484,-1.8806538401570947,-0.8700000000000045,0.16999999999995907
2006-07-01,2006,7,0.16419889817979083,0.5966701070855152,0.00023570414690060083,0.9179706832249224,-0.0015424768196362626,0.8516728165277314,2.810270314808861,1.0143294771782507,-3.7027846339835264,-2.462069689529862,1.1940873205749085,-1.682963802342357,-2.836163069355969,2.67260752058894,0.9937169933953669,-0.006828184285045946,-0.03793656900302711,-0.30994012581576413,-2.393914211467319,0.11705031043703684,-2.276863901030282,-1.7199999999999704,0.11000000000001364
2006-08-01,2006,8,-0.034830045818466715,-0.15794366240083946,-1.4216672235899813e-05,-0.25409154623656605,-0.0011973528172025683,-0.19785521658661764,-0.6856109946722313,-0.17729950241442793,1.229565073587338,-1.108244093603954,1.364214285466005,1.865673269349628,-1.5713498550114906,-0.6536141836584193,-0.19458117430400534,0.031073253856966243,0.02666312242962121,0.5822577574979153,-1.099213957169809,-0.04927848290338588,-1.1484924400731948,-1.5900000000000318,-0.07999999999998408
2006-09-01,2006,9,-0.676388912785967,-0.5406976975107227,-0.0002895218027681012,-0.9422004907747947,-0.012736948053102215,-0.5215599424368307,-4.1648964354197915,-3.551639401395903,4.643504429726789,1.3169532699112558,9.897866486237035,4.676079646350189,1.1994174744964567,-4.549218542993742,-3.551516247255506,0.0685374103929055,0.07472217005913784,1.0527607622593944,-0.1501110120381952,0.3844452617143439,0.23433424967615224,0.18999999999999773,0.2400000000000091
2006-10-01,2006,10,-0.953878193419996,-0.5567499819615023,-0.0002423515471422985,-0.739571059880948,0.004837773316280658,1.8029736420851705,-3.695930760058161,-4.846594103316818,1.8760277468420838,3.5726226978639737,-6.111678178480361,5.762750725226709,4.133356927055424,-4.9215234931821215,-4.861207858586681,0.12121996618800424,0.06652321034018538,0.6851982886816987,-3.3259887491931863,1.2109789778540936,-2.1150097713390927,1.4700000000000273,0.2799999999999727
2006-11-01,2006,11,-1.0800680192790537,-0.6361022094181408,-0.00030795666692479996,-0.980146048611978,-0.009525212655007831,-0.21988059744335686,-6.02144944112581,-5.330291074469187,5.815756705151557,3.85949948837105,8.154710383736528,5.468104403024995,4.061478001422891,-5.778081391740898,-5.352259076794667,0.11474247287439443,0.1147442891956656,-0.0024182099075602537,0.5496308151784319,-0.26533605171038843,0.28429476346803995,1.339999999999975,0.09000000000003183
2006-12-01,2006,12,-0.5755306375584155,-0.09785922381064438,-4.671434266430123e-05,-0.08525806291478943,0.014269637692095327,0.30157913686601745,-2.709869777794893,-2.8924311097549094,1.5068583211670727,0.36734987745828107,4.184890653254115,2.813434987665005,0.022686552297557228,-2.287020953679985,-2.9133311398057344,0.05843971640297685,0.03265646001636213,-0.5902135932151769,-1.6512399916586844,-0.4437488541657295,-2.0949888458244175,0.9500000000000455,0.13999999999998636
2007-01-01,2007,1,-0.12189955756946347,0.33243977035800754,5.352226643420138e-05,0.0942044952512795,-0.009775941283648892,0.04347307477169693,0.021902289812032905,-0.48577847036227695,-1.9886170422564078,-2.0515676881208016,7.782039717625594,-0.80773879483516,-2.1573097190656227,0.21188052927055878,-0.45683750491826913,-0.0039013130838876364,-0.024762605197966803,0.20146955226621444,-1.2866202783660583,-0.16103727401452161,-1.4476575523805764,0.6199999999999477,0.06999999999999318
2007-02-01,2007,2,-0.003914981588366118,-0.3532514910842224,6.0830360318999896e-05,0.03510096127198992,-0.020607308805801527,-1.5930334523051144,-0.47505563985134813,0.6127614948532596,1.5949414969673228,-1.2335258544751788,4.09107770488481,-2.7084679485150502,-1.496667079341016,0.6987319406526922,0.6127847402221391,-0.06313949112303074,0.0029137413961994874,0.7926239084311693,4.040268220616525,-1.1737643351351608,2.8665038854813645,0.5100000000000477,0.12999999999999545
2007-03-01,2007,3,0.6308644455315289,0.20395387654343722,0.00014100530959399935,0.37107847124944726,0.011666217301982806,0.09373152806483631,3.3140439180958765,3.0528716535702642,-2.5708359477636975,-0.6240128818272659,4.687848452318576,-4.222400131613512,-0.12308020998695213,2.5651770430919214,3.0505416773912657,-0.09859464732427536,-0.06864923711579385,0.3831985025832978,2.1524968556900888,0.7465368988249566,2.8990337545150453,0.45999999999997954,0.20999999999997954
2007-04-01,2007,4,1.12227273040304,0.09278675883393817,0.00011048235147610025,0.4791389103014083,-0.010025977939120079,-0.2222890888177318,4.2754630876806345,5.161314842887407,-1.109951734936402,0.44671681635669813,-10.121533112964244,-4.171713878857275,0.8253018105906875,4.194245805602691,5.177635205420984,-0.1004652803708197,-0.05224246308189162,-0.5715118587191927,3.4403471381549267,0.09753764461152059,3.53788478276644,0.2699999999999818,0.10000000000002274
2007-05-01,2007,5,0.7877791788664013,0.521310798475838,0.00014442394130190044,0.4280629787127026,0.009869123541626168,0.43626610116717046,3.5999948074662598,3.5822350600020627,-4.914514864191972,0.37349125990399656,-19.712484913892695,-3.7623150245529757,0.6422313786686331,3.5467330005612325,3.598261632402739,-0.06681048299144132,-0.08844183972885356,-1.0483722144626402,-0.8834597208743631,0.06928837930570353,-0.8141713415686525,-0.14999999999997726,0.05000000000001137
2007-06-01,2007,6,0.6658791019783052,0.7924501757804023,0.0001779426170382993,0.9356290316219713,0.024705166978321258,0.14194440228857275,3.856983028052184,3.3807143326889104,-4.084105827919643,-2.932013370054584,-7.647642722920864,-3.3043478479517034,-2.9083081165524653,4.222042130737066,3.3841324864357603,-0.044544305282357755,-0.05898906927704939,-1.2589496893478493,-0.7560527264658106,-0.36164094893803167,-1.1176936754038458,-0.8600000000000136,0.19999999999998863
2007-07-01,2007,7,0.3208338850790824,0.48714669921633913,0.00021807301856239907,0.566014559109675,-0.001558913739471146,-0.4706880354562628,2.1615966378756752,1.6344072708504882,-1.598324096277878,-2.2632576274397813,4.55357711292163,-1.5530783900020424,-3.103709815348065,2.815974279445186,1.633570495821516,-0.005323169975468112,-0.013275000877429388,-0.37823924952274623,-0.8856978941841191,-0.6552144165984828,-1.540912310782602,-1.7099999999999795,0.12999999999999545
2007-08-01,2007,8,-0.16980194518646385,-0.03853020110256011,-1.7291800280198888e-05,0.00517582553231577,0.009418589245558162,0.876981385079489,0.3551641578216618,-0.7470556425521977,-0.5076150347123871,-1.2581740168444284,-3.2227621827478288,1.5784105801432133,-1.4781154660105997,-0.7276847152930372,-0.7468800821173431,0.022209033640196996,0.002603613265669935,0.5060871272808427,-2.305967064021786,1.08302443354955,-1.2229426304722288,-1.25,0.25
2007-09-01,2007,9,-0.7509233069316679,-0.8055796611771484,-0.0003342945877136995,-1.1878994934183922,-0.009958673587027955,-1.0954134568832075,-5.065353668910063,-3.6831912467197867,5.225301006075995,1.783061027988115,7.297959804956918,4.892825649257787,1.632066337568567,-5.20762531410486,-3.681061529125941,0.06489557504600496,0.07661560931680844,1.165479005791159,0.1814806663986701,0.14440136278864557,0.3258820291873086,0.38999999999998636,0.4000000000000341
2007-10-01,2007,10,-0.9215051231539633,-0.7084339873929366,-0.0003751334909292015,-1.2231352901024692,-0.014359235481195554,0.2871072008050817,-5.585407278020796,-5.000133467169121,4.931993744334449,4.0948139792725975,-1.3461332158185542,6.0874117449268965,4.421721381635564,-5.965178827401985,-5.008174602662336,0.10664125224597987,0.09033771538738744,0.8487325237405052,-0.8285105982294851,0.37173041388797756,-0.4567801843415076,1.420000000000016,0.17999999999994998
2007-11-01,2007,11,-1.1396299780968775,-0.5844004173687267,-0.0002714181906582989,-0.7816077612572485,0.00041042350402220595,0.8206380232193311,-5.508239303559492,-5.788457154322089,3.2832750776477724,3.8932018376402624,1.2255623532400932,5.309229295224924,4.158076878781387,-5.583538665956098,-5.7901857359269115,0.11138449044864895,0.07781379563395774,0.09254342715609098,-1.7610791764360556,0.07357078079177981,-1.6875083956442722,1.339999999999975,0.08000000000004093
2007-12-01,2007,12,-0.8139240896574051,-0.10093041198746278,-8.486718973100063e-05,-0.15590376722987997,-0.0003966538940531894,1.1627514487980548,-2.135475262845773,-3.679112771131315,-0.3321646005167338,0.7488145114726699,7.054400279637775,2.779249714781116,1.0899650638212677,-2.609611418343377,-3.686192149025885,0.07012702753911171,0.023026035740130624,-0.15695265378469792,-2.7702637629492415,0.4670567776030339,-2.3032069853462076,1.009999999999991,0.22999999999996135
2008-01-01,2008,1,-0.4000982470954,-0.27441714408030293,7.663015825820109e-05,0.1725664636543094,-0.006378415531752224,-0.4000382579086832,-1.7596310769600905,-1.455432619816122,1.3045788989336984,-2.591056622564931,15.820016325480537,-0.7287879708657954,-3.065636620710009,-0.7493282477423122,-1.4654310606838976,-0.005503744782234143,0.01630202138135317,-0.15626076423165358,1.5587868716544335,-1.0203012700855538,0.5384856015688797,0.7700000000000387,0.25
2008-02-01,2008,2,0.2883701912069796,0.14267302479066757,3.1818418595598585e-05,-0.04414606236711904,0.004098678305332171,-1.7976889524045419,0.3614295850717326,1.5390845518218157,-0.0525315759203977,-1.69078841833592,2.235601154403412,-2.555697588074395,-1.9175675006427895,0.9024227470849837,1.5330272871252077,-0.05838316237718022,-0.02115480492381261,0.6680736358291739,2.2763869298470922,-0.547050426709859,1.7293365031372296,0.5099999999999909,0.1500000000000341
2008-03-01,2008,3,1.007241409537528,-0.07066923146771842,0.00014090589650490003,0.3959525044035672,-0.016574760136830013,0.1683738294992594,3.9565781215231937,4.9049113851676225,-0.5527462865969142,-0.8769953576673579,-14.681582753852126,-4.3767589320576405,-0.6611094465048808,3.9892932976962925,4.912831459936797,-0.08908499615414645,-0.028357523817298613,0.29691173172608387,4.039898556623221,-0.02479510140392094,4.0151034552193074,0.40999999999996817,0.14999999999997726
2008-04-01,2008,4,0.8438904343483955,0.35076773463606514,8.494323039540119e-05,0.30884873552465564,0.00030583587640642396,-0.3683226784520386,3.0903712805034615,3.902690199409335,-1.4682921675195075,0.9547930247543093,-5.969478010083549,-3.9419476736148056,1.1305810626101973,3.0557056085035015,3.9136798554325765,-0.09944211642226364,-0.061608101289337025,-0.47478570786836016,2.6494435439512145,0.04565532802320149,2.695098871974409,0.37999999999999545,0.22000000000002728
2008-05-01,2008,5,0.9370267501013814,0.36994071613281676,0.00014919978374039987,0.46691089386527196,-0.005781664928660835,0.14188927677081864,4.520900154031153,4.645650094540542,-3.610105053970244,-0.4910871584210419,-6.052198540739482,-3.994846208130866,-0.0878760427907821,4.31299792675992,4.6635962540900096,-0.07162843108304262,-0.06897845276094916,-1.2893245655478225,0.7879522697908214,0.2258483868206973,1.0138006566115223,-0.03999999999996362,0.12999999999999545
2008-06-01,2008,6,0.6312645878044236,0.8110703405101845,0.00026073045502249953,0.9758082243286097,0.02353457509837742,0.2835035606402485,4.109997117009186,3.1806744506693008,-4.84456816700353,-2.0838507044393886,1.2821150273521198,-3.2278006934675147,-2.431011163958626,4.365420828622405,3.176608735360219,-0.04654023507845606,-0.07379775883833561,-1.174600350054412,-1.9639279330552313,-0.25948942692229693,-2.2234173599775318,-0.910000000000025,0.15999999999996817
2008-07-01,2008,7,0.4080582213095454,0.5532526739964965,0.0002259140192244994,0.7972607832222387,0.01227149625005064,-0.3454844387912175,2.857501845522961,2.205106582076098,-1.6035353663765193,-2.1731666397979943,-3.6786061371385586,-1.5595472423622994,-2.5491506259517713,3.218557971039786,2.205263111218528,-0.00557312096580409,-0.010931417797493292,-0.24051317606859435,-0.41997211016797564,-0.3608995963743986,-0.7808717065423707,-1.4799999999999613,0.4000000000000341
2008-08-01,2008,8,-0.2166058520409706,-0.14772004513002912,5.061473054410008e-05,0.15405266523421446,-0.003878143272588952,0.494716524539939,-0.29956150581870133,-1.0311628738577951,0.4145350505362444,-1.303202407157272,3.6636991842242423,1.6215895405372862,-1.6108592832457802,-0.6676640075622231,-1.0325187277104533,0.02744123137893295,0.017364448560849954,0.5383494785449248,-1.5147113660895286,0.36674664789086364,-1.147964718198665,-1.330000000000041,0.14999999999997726
2008-09-01,2008,9,-0.5912565323869217,-0.3747544739693467,-0.00027335574126179964,-1.012069752038638,-0.005422959650651427,1.0981592659577046,-2.912091382913218,-3.193648349667967,1.7094337657072458,1.1394768483225803,2.3786182560725138,4.669997394721321,1.2854874852259677,-4.205364375227873,-3.1954475490875893,0.06550441029715115,0.035568363163717365,0.9742272111387198,-2.8145529921107197,1.291473792895033,-1.5230791992156867,-0.22999999999996135,-0.29000000000002046
2008-10-01,2008,10,-0.9320631451734016,-0.7839599209169137,-0.0002888025041101992,-0.8646799344438953,-0.0028823137905844565,-0.47540124820892515,-5.320122139417265,-4.82488046435742,4.854479302185524,4.163466274788586,3.7207493178430013,5.984441558749182,4.387818755610088,-5.256414498198012,-4.828170163581774,0.11506799389687039,0.0942737976215442,0.8424007946639627,-0.9056097757421355,-0.06699734044360639,-0.9726071161857419,1.1299999999999955,-0.13999999999998636
2008-11-01,2008,11,-1.094798848208768,-0.34285225825044563,-0.0002745987154039002,-0.7279405641685202,0.0006019543004174288,0.7753594422657386,-4.875088490053372,-5.63176698388429,2.674560854219038,3.802414254720418,-1.5888346818392165,5.2810474975636055,4.347711863532815,-5.212427110574538,-5.637412638999024,0.12072579780046055,0.07898605025214067,0.16980290014498323,-2.061189034532191,0.33169296540643245,-1.7294960691257621,1.509999999999991,0.2599999999999909
2008-12-01,2008,12,-0.8203610233313157,-0.14469813795523123,-0.00016019657215560028,-0.4323736665741542,-0.01525150471092973,0.39956915795413295,-3.6038662950610956,-3.560603776812229,2.6079630630695476,0.487351817048399,12.024193766439566,2.8872142156382665,0.3150352141527364,-3.250861269253619,-3.5625719214269225,0.061760882337943634,0.05237326541505105,-0.42675692046149116,-0.45156775546439576,-0.35497317042216636,-0.8065409258865621,1.089999999999975,0.34000000000003183
2009-01-01,2009,1,0.03195328099263861,-0.036596695423043,8.468907627920061e-05,0.149796726578316,0.010523606518233253,-0.8574260200078712,-0.8914613210304765,0.020706695663193386,1.0028289128999575,-2.2446692752822557,0.5299716733570676,-0.7863712814951214,-2.824760557218106,0.2508700628426368,0.014235191190891783,-0.007927374319521618,0.012672315866744999,-0.3532717492712685,1.209108912459243,-1.1488028883454184,0.060306024113828016,0.7599999999999909,0.2400000000000091
2009-02-01,2009,2,0.10201988457845346,-0.004598726215931492,0.0001811772610905999,0.517856107414822,-0.006563086343734259,-0.14760428570562567,1.6351968112763302,0.8323362255338225,-1.9340770979136437,-2.5005722103513293,12.087867369045853,-3.034298984308464,-2.6306043688991423,1.6838082738958633,0.8275323133009351,-0.05645657708759,-0.03679609616581159,0.366731865767278,0.9701897278469787,-0.05341537485242043,0.9167743529945618,0.4500000000000455,0.08999999999997499
2009-03-01,2009,3,0.5611771974751605,0.07564911048331169,5.112235630459934e-05,0.05444334520739247,-0.010965417881094064,-0.13587501284536074,2.4231729290951876,2.9620598589974065,-1.3229855614073074,-0.6018715711285729,2.987542328395648,-4.14764531438135,-0.34928217211031054,2.053803395587977,2.9652226627461005,-0.11138304713306013,-0.062215426422453035,0.5195512049479429,3.0772491519923406,0.3725323372559046,3.4497814892482417,0.22999999999996135,-0.01999999999998181
2009-04-01,2009,4,0.9774035061028599,0.2322762270241583,0.00017784419825619957,0.33950694359312905,0.011721300007790592,-0.5944887384946327,3.63427049191381,4.547364532658378,-1.9428836451120048,0.8628492536281733,-9.354213589642313,-4.01201481924835,1.1608691521598793,3.7264901977891327,4.558125823320609,-0.10147239155682009,-0.07109169656605197,-0.3081176626860813,2.3671510726680296,-0.08145841521309194,2.2856926574549448,0.28000000000002956,0.12999999999999545
2009-05-01,2009,5,0.9667771401928462,0.4342268498405133,0.00014037477167160028,0.4499877422683909,0.005102139694601493,-0.7628938665465839,3.8083548511102663,4.487656492840301,-1.170287326272927,0.9142050258910608,-13.816452703395043,-3.6625790539942216,1.2084138907358053,4.162223795838827,4.519305450499985,-0.062008947451704266,-0.030367135081509566,-0.8462599485409843,2.786500592566064,-0.32221998706888044,2.46428060549718,-0.040000000000020464,0.17000000000001592
2009-06-01,2009,6,0.6749133881495482,0.5798749348078331,0.00021436897620159996,0.8826338630643278,0.0016968984679786026,0.6788473204603633,4.541232788560592,3.6583124786770895,-5.416701876372571,-2.169228509627221,-4.4199515717918985,-3.2686885256797495,-1.904247593198761,4.542312754079433,3.6417043230511013,-0.03662746753596258,-0.06966054600315452,-0.9927304685854104,-1.8830324342643507,-0.01768812114482543,-1.9007205554091797,-0.9900000000000091,0.0999999999999659
2009-07-01,2009,7,0.3862874233830098,0.9607365764414908,0.00023360417293510037,0.954678374146841,0.01861021712143096,0.05678551420713518,3.0370541879597113,1.7563302735539423,-2.353358262808314,-2.0960148104319316,-2.4726465277199168,-1.5939004607630238,-2.6525408168275675,3.28578526629866,1.7510793514938996,-0.00732428972238397,-0.023963507807988726,-0.2468647693918875,-1.3159838084409614,-0.2539820003989881,-1.569965808839953,-1.9499999999999886,-0.01999999999998181
2009-08-01,2009,8,-0.19747860961422248,-0.3625833482064422,3.3138907888299526e-05,-0.03184373656645789,-0.010478727873549087,-0.9446702225964003,-0.992863249375489,-0.7157191857443195,1.9059903767949606,-1.1851421465856404,9.435473621429992,1.6497713422312188,-1.8573418530363561,-0.6071254244422448,-0.7170080583532012,0.026967934315333064,0.03490943875271757,0.5227787010009983,-0.4159806718869561,-0.3870266975421295,-0.803007369429082,-1.3799999999999955,0.06999999999999318
2009-09-01,2009,9,-0.6411245444814426,-0.33342119578691154,-0.0001864833958512991,-0.614857837925392,0.007481782591610031,1.471334142050864,-2.2532721072616937,-3.4450623332498935,0.88710443972397,1.0717702495452244,1.9841544816008536,4.393902077056168,1.385188240877671,-3.740037773340987,-3.4420499139662866,0.06491680139520772,0.026180546238538493,1.0761481255234475,-3.193379645999755,1.4897780853629001,-1.7036015606368586,0.30000000000001137,0.14999999999997726
2009-10-01,2009,10,-1.069424179395014,-0.9472831200135943,-0.00047425272187640033,-1.6193312153770272,-0.017012338306770514,0.1684102772660978,-6.527513280422113,-5.391212323068544,5.751741190227392,4.104743607987373,-10.016976514321868,6.325502358329999,4.476904521822533,-7.18000069761456,-5.393321011537353,0.10889022103221979,0.10232902912515485,0.7846692414125531,-0.20160025426741868,0.6503787287236413,0.44877847445622265,1.5600000000000023,0.26000000000004775
2009-11-01,2009,11,-0.9715423339813469,-0.37318349566294273,-0.00021080993887100108,-0.521461090738569,0.004740929981461917,0.8044564913122016,-4.68443716328261,-4.776414255856253,3.840858664584289,3.828180326688358,0.9937649593048263,5.168297699561151,4.128927286468695,-4.458245481525353,-4.7866042330529694,0.11294013407830938,0.08695624563733162,0.011582812027187472,-1.0266920751965642,-0.23638165895397734,-1.263073734150538,1.4499999999999886,0.20999999999997954
2009-12-01,2009,12,-0.731042477266044,-0.2941337701460611,-0.00010628196942810003,-0.3711600965708328,-0.011332724364337077,-0.10885634284638712,-3.699421939030458,-3.1973634853981707,2.303287915180107,0.4486714587840801,8.132753119498375,2.859134149137901,0.11834445339986388,-2.766764878260119,-3.2060161263166833,0.0660660430693163,0.050361403471590904,-0.5913068149004932,-0.8861732393419857,-0.9413097016888514,-1.827482941030837,0.8999999999999773,0.15999999999996817
2010-01-01,2010,1,-0.1332431328645498,0.46568521378918604,4.96612808686004e-05,0.3231575839978156,0.03913090115329565,0.5509458362940194,-0.9646437910169539,-0.49448522474642687,2.6343364537619607,-1.8947051190593776,-5.9102450452774065,-0.8804362081217789,-2.6431981382273335,0.25981854976356544,-0.5010225115109392,-0.005068760716817167,0.04205460211819245,-0.12235617538497223,2.76627964271583,-1.2309996275450317,1.5352800151707982,0.7800000000000296,0.3300000000000409
2010-02-01,2010,2,0.2985142714779272,-0.06929776005028998,0.00022238586091260018,0.6947159021106337,-0.009908236532081616,2.384322543532548,2.290371740926787,1.7883598032632904,-1.699755482280068,-2.6466097734982696,2.394046556815738,-3.1107165210426615,-2.6361172104224266,2.4841032749291116,1.7838842275813818,-0.05746864462269219,-0.03486437070049231,0.4373460535257916,1.4214536018383228,-0.19820710968423327,1.2232464921540895,0.7099999999999795,0.339999999999975
2010-03-01,2010,3,0.7030035614067742,0.1974705135683621,0.00011208230742979983,0.17329780843208198,0.006525731878319285,-0.9151521090640315,2.535800714867321,3.2480079052643873,-1.4003675665664446,-0.6838692987274513,-5.256947026849957,-4.082478409649411,-0.6263516703241407,2.35707655796449,3.255047733916058,-0.10582563135871403,-0.06214986452125215,0.39510097143245204,2.739628471486327,0.1857639855545017,2.9253924570408287,0.35000000000002274,0.07999999999998408
2010-04-01,2010,4,0.880475527234637,0.025582503060945783,0.00018501771022370016,0.7235741240196027,-0.011382136689776723,0.8724991836700511,4.698101447860722,4.349951865775381,-3.101986297617799,0.6239008548359131,4.011189426470082,-4.3648738579805695,1.1597604356555777,4.237762790995987,4.359597766837396,-0.1046299435379141,-0.08164056892074045,-0.3439193722528877,1.7987471411824387,0.4699845579267503,2.268731699109196,0.30000000000001137,0.1400000000000432
2010-05-01,2010,5,0.788307388282135,0.7139430676087386,0.00013218165110620052,0.40836748899347697,0.012276658283879915,-0.32220814364883665,3.9427558071258204,3.614588415527635,-4.919480333591679,0.17205266256357987,-11.983907263842411,-3.807143681097955,0.7623508060429103,3.527243175259457,3.635475720887996,-0.07231357160723739,-0.08942630921361205,-0.9568954732315866,-0.5220385090144006,0.4363999372267209,-0.0856385717876833,-0.03000000000002956,0.18000000000000682
2010-06-01,2010,6,0.6313461695773981,0.5671432609473186,0.00010241213280759963,0.6102404611725376,-0.0018486172396319223,-0.0019870503184904464,3.683968029688856,3.1914025067409852,-3.9554565059152083,-1.8936481753505419,-5.00449809699785,-3.050317338160397,-1.8543554592710763,3.757389135089454,3.1917712730125345,-0.03889150645276862,-0.05455012836054873,-0.9955426691782403,-0.8658464516753384,-0.07305233912904541,-0.9388987908043873,-0.9399999999999977,0.15999999999996817
2010-07-01,2010,7,0.2166183363748928,0.5171610549076036,0.0002000714482903003,0.9348731254034668,0.02322260167241641,0.09623237051908973,2.4428134054965085,1.3979550358566257,-1.7811074101357747,-1.981476862149389,2.5385175818082644,-1.6524514497920393,-2.6532719801395857,2.7709196216248984,1.3971451443798628,-0.00540666352185637,-0.014260875251637994,-0.22297993587780418,-0.8004510783339356,-0.3289161076051528,-1.1293671859390884,-1.6599999999999682,0.2300000000000182
2010-08-01,2010,8,-0.10936007306600004,-0.18717952012843853,-7.094950226979937e-05,-0.37554649892313563,-0.0017579206803768344,-1.6696901557415416,-1.8193722634474625,-0.7192879711614637,2.9878405471231417,-1.1006513040367096,-1.3610063162486767,1.9264419323476716,-1.681505265444052,-1.2498011593903016,-0.7223972382249713,0.028402131239264605,0.04575138430922987,0.5493281319967949,0.4805446533681561,-0.5726803711206685,-0.09213571775251239,-1.1200000000000045,0.30000000000001137
2010-09-01,2010,9,-0.659111694180126,-0.5771167631437493,-0.00030453034256000024,-1.1953502311575903,-0.00646576105918828,0.15903065189635157,-3.908928250839324,-3.7125919886453858,3.2859879716161515,1.22496136378561,-3.971378827598528,4.7243133993518995,1.3491190726892626,-4.827893828647916,-3.7052731986326535,0.06160322979018762,0.05093318908390998,1.052039515690586,-1.314167718832124,0.9262843678213208,-0.3878833510107995,0.46999999999997044,0.3599999999999568
2010-10-01,2010,10,-0.9701953099172442,-0.9565247671408201,-0.00035001124524100015,-1.1438003760269488,-0.011592602220260928,0.5145639450436619,-5.305138975996215,-5.02295654384551,4.1178357125404546,4.245527111875443,-1.344663981552003,6.029318477703583,4.600495301273504,-5.88840928644197,-5.03042054067987,0.10997300640012186,0.08359686550341827,0.8624618596895619,-1.5565145757650498,0.5758063136113982,-0.9807082621536516,1.5500000000000114,0.27000000000003865
2010-11-01,2010,11,-0.976526225727298,-0.46645659426127395,-0.00030560554709269973,-0.939860377577233,-0.003869274160184455,0.3882011405570154,-5.120066363333763,-4.919563309040029,3.7362876827123443,4.124382309602947,-4.0816232505312655,5.482040139745521,4.439103695449035,-5.409563125091324,-4.923513274878189,0.11755687582475005,0.08882717142594476,0.012255274714227937,-1.4310310711870784,0.2855467959194051,-1.1454842752676804,1.3700000000000045,0.12999999999999545
2010-12-01,2010,12,-0.8882582181909697,-0.14938171558191016,-0.00019268193543910128,-0.42939883072550344,-0.011252951109014031,0.24398901053128697,-4.650590948134209,-4.0583124791600085,2.7620410951560928,0.5504793064244424,9.749721737127402,2.8851092751725673,0.4052229321362262,-3.60195895459384,-4.070467660005022,0.0666773580135187,0.05712072459495099,-0.46584918943922204,-0.26832455430471214,-1.0607871743853856,-1.3291117286900942,0.7199999999999704,0.0
2011-01-01,2011,1,-0.33074720302198557,-0.30303592296769466,0.00010720502397970101,0.34872494263403553,0.0032061849494813277,0.08449346206112551,-1.7453408087155822,-1.292267591506743,2.5083179220409875,-2.31252343597734,20.20172401079617,-1.026029612654952,-3.0607628436402408,-0.050824862931222015,-1.3125247696722226,-0.0111485667307889,0.02963288036072731,0.14683165851346658,2.78610812703306,-1.7147731239498398,1.0713350030832167,0.5100000000000477,0.01999999999998181
2011-02-01,2011,2,0.2085942677301773,0.0737449492995097,0.00013793994895439955,0.07627719048482362,0.0028026977374345785,-0.9256846288917302,1.2105629878790864,1.4262776423310584,-1.022474312552589,-2.053485623121137,-9.307277037674794,-2.7356340383940108,-2.0814364236657283,1.2830844973144622,1.4258689577164319,-0.06590554657995895,-0.03598394192638388,0.5847791470913943,1.6852089252968199,-0.07293019404999868,1.6122787312468247,0.4399999999999977,0.05000000000001137
2011-03-01,2011,3,0.7681207189469887,-0.07019124442996372,0.00010059235490109987,0.3721785126152355,-0.006054638055021155,-0.9667437854123051,2.7124123608254536,3.554210994652749,-0.09683855730676783,-0.024064206103997066,8.883253536114353,-3.9523069204400088,0.23932759759983213,2.6464239657825033,3.555232569114821,-0.08499140279320283,-0.02774505670341476,0.5305481626567214,4.118860166837067,0.06700996950501903,4.185870136342086,0.37000000000000455,0.15999999999996817
2011-04-01,2011,4,1.0369700657149679,0.3361559317816045,0.0001630386009508003,0.5311104107591902,-0.001312789087470012,1.9063126176512242,4.965017598854388,4.951835947564405,-4.005306130433581,-0.12074853316920908,-16.353489881497808,-4.241396589702219,0.3160118544773951,4.456381276931722,4.968455897868068,-0.09007637891964881,-0.08325420270979667,-0.81985218984493,0.6728508469152246,0.5252562722263292,1.1981071191415538,0.38999999999998636,0.21000000000003638
2011-05-01,2011,5,0.8289590481510345,0.6422375558714748,0.00012203902676550041,0.4940804891742978,-0.002159552403342535,0.25689185567520667,3.2402797695156664,3.7975837991648973,-3.4592936379503385,0.0987257033568234,-5.862253429921111,-3.8797502895352807,0.07640383855581945,3.6411470459729003,3.8143944361748936,-0.06884173744349065,-0.07033114100541882,-1.201137127649993,0.39813478678394176,-0.38405663944723756,0.014078147336704205,0.029999999999972715,0.20999999999997954
2011-06-01,2011,6,0.8050031840658676,0.9847410131968104,0.00023760192519239887,0.7210805870023513,0.02070287197452214,-0.07158876093433264,5.2057430018290916,4.039397027871587,-6.6912887086261605,-2.559584034558334,-4.425932769372594,-3.2120372731426414,-2.413557168804701,4.752641180784224,4.046853471165548,-0.041769473320677264,-0.09247196586353645,-1.170391343173348,-3.333224569729879,0.46055826433882885,-2.87266630539105,-0.9399999999999977,0.18000000000000682
2011-07-01,2011,7,0.3634075569974584,0.43651621237631844,0.00017177237148360142,0.6852721369173871,0.0174553573929489,-0.7354905053962639,2.264263235690578,1.7622973670404463,-0.5424263392958721,-1.9309103419902804,-2.471137824424659,-1.5067079227786166,-2.479280894814689,2.894453760870931,1.7550015905761143,-0.0013036152407570611,0.006800447315840064,-0.2030556948589588,0.4159110306583216,-0.6374863016446852,-0.2215752709863601,-1.9399999999999977,-0.06999999999999318
2011-08-01,2011,8,-0.17759589514855634,-0.15104290598230818,1.2087882111998932e-05,-0.09095677961953541,-0.0034768727171943237,-0.6706137746990422,-1.001759478348049,-0.8719436623476327,1.472922437821154,-1.2631547730716868,-0.1408770324778743,1.6840297976989405,-1.6949440518092374,-0.9347330622532013,-0.8713780972860832,0.020636416188017925,0.023118724658406364,0.5435724241701987,-0.6428966386153192,-0.06646085103329469,-0.7093574896486246,-1.329999999999984,0.08999999999997499
2011-09-01,2011,9,-0.7320799312234954,-0.7139912300223159,-0.0003353823568097991,-1.2259415088238512,-0.01565222777707853,-0.9483462073930085,-4.953914235929119,-3.799247205278732,5.105254191283876,1.5112629567345905,1.7618229987565428,4.844812804714792,1.4189738742372136,-5.23709645570267,-3.7957972491144574,0.05949865168422308,0.07099116437248387,1.1053986336875212,0.16815230407168968,0.28663217593782164,0.45478448000951843,0.39999999999997726,0.3300000000000409
2011-10-01,2011,10,-0.9942288480660864,-0.9081833049024794,-0.00032616074676040073,-1.1191326308864475,-0.017444125199300164,1.6609177311737326,-5.125572338697452,-5.090034300468119,4.3534215497093385,3.864359794736931,0.5417416148993652,5.911393973401545,4.4487807456164745,-5.919821367965142,-5.094050310996579,0.10862351289613281,0.08906373233683329,0.8668994508875123,-0.9735514728126304,0.7902330187392259,-0.18331845407340097,1.5600000000000023,0.3100000000000023
2011-11-01,2011,11,-1.2168972005356977,-0.38741630430564555,-0.0002715616562478998,-0.700116722471261,0.014531761354372952,1.4177156806102857,-5.473973383031932,-5.999327403547568,3.4867621215022666,4.369647315386178,7.069667227275204,5.376187023893976,4.69110286598368,-5.560842139442059,-6.010183773520623,0.11322146939043076,0.07993080204341174,0.2689033220715942,-1.567969351794261,0.07601238643707475,-1.4919569653571862,1.3600000000000136,0.12999999999999545
2011-12-01,2011,12,-0.6247701742383356,-0.08159703480453118,-0.00011683987372980084,-0.20371541338653287,-0.011461542322579898,0.7147980844651158,-2.283930912456583,-3.096247820679878,-0.7249870090317927,0.4896107841118287,0.596203468288877,2.7958427571043387,0.6338357838148454,-2.5388640394568824,-3.098464639149938,0.0671661065052227,0.012296709803700345,-0.44212581174998,-3.3766047664330685,0.2527163085302391,-3.12388845790284,0.8299999999999841,0.08999999999997499
2012-01-01,2012,1,-0.3057596020830715,-0.39439320947280976,-4.677261780059935e-05,-0.2514320652222821,-0.011488378404719057,-0.5661779579666018,-2.1849289419603224,-0.8761123070109988,2.2894618390859307,-2.0428685665210686,7.0654240119911265,-0.46307720656650986,-2.6952922299474267,-1.0509179437439684,-0.8838020453752051,0.00691059240855374,0.0404898198266892,-0.13195527825036102,2.100115382226072,-1.1417007365805638,0.9584146456455187,0.5900000000000318,0.05000000000001137
2012-02-01,2012,2,0.2603757310161541,-0.005954977523856542,0.0001377151924896996,0.5033091276262986,-0.005719398278168142,-0.7931767218882158,0.999829900654106,1.4345327606099545,1.5447786153793857,-1.9234033554899526,10.975316992669832,-2.896587092763127,-2.178516479609563,1.8107332708457307,1.4286029220349405,-0.06675947520538639,0.000547497827687593,0.6985255118280005,4.1862525840228955,-0.816833208766635,3.3694193752562533,0.589999999999975,0.2300000000000182
2012-03-01,2012,3,0.7034281476605315,0.326279661211629,0.00018764491611780038,0.3731374622568602,0.020748241572639103,0.35395583755467896,3.7558095035633414,3.331548847833858,-3.4268719785280837,-0.5784046040781661,-5.1513055253453786,-4.274621209647194,-0.16472005180850147,3.011919586188526,3.3296317491405603,-0.0991673724797364,-0.08068904434060986,0.4340909662562673,1.2614337833887532,0.7419728186815178,2.0034066020702745,0.5200000000000387,0.2899999999999636
2012-04-01,2012,4,1.1588893771356652,0.4433183491514683,0.00015840394030379977,0.791115247204889,-0.008446816204587093,0.44427139555996575,5.554336653142684,5.659819043386108,-3.4203384876732343,0.15574176415950802,-12.840417839179281,-4.503896724187342,0.5260806229011763,5.312392000935915,5.677786657764102,-0.09901559850764219,-0.07999751918146725,-0.6733956699415451,1.4538970952557975,0.2599122665847631,1.7138093618405605,0.2699999999999818,0.11000000000001364
2012-05-01,2012,5,1.0124728960632297,0.4654514489024564,0.00018482081999899973,0.4498872216772547,-0.0015716576291443518,-1.9822628361888803,3.6993009274468136,4.828432356644271,-2.21814577161075,-0.047234861730128586,-7.012710921582766,-3.779596741501848,0.044312837945511774,4.141170746490047,4.837357251137348,-0.07398158422038081,-0.05679603077553086,-1.2341673368876904,1.652998669566756,-0.43294492455015643,1.2200537450166014,-0.11000000000001364,0.07999999999998408
2012-06-01,2012,6,0.6435738589188418,0.8691737055294197,0.00022125865749030027,0.6104019363077597,0.021335475867172327,-0.8858904403308046,4.13416214978821,3.2038314387018545,-5.4155302765414035,-2.720955159639253,-2.138571721035987,-3.191506537474396,-2.941472031171859,4.164708379349406,3.2129216177713715,-0.042402364448856034,-0.08003610410153472,-1.2761782077201094,-2.4445406105996312,-0.02145605049167898,-2.465996661091312,-1.0400000000000205,0.08000000000004093
2012-07-01,2012,7,0.22819496586089372,0.30693652104986313,0.00025337046519450027,1.0362842819368723,0.00990598539212606,0.7632841152882932,2.5915759183528166,1.239018755108134,-2.0130948562005244,-2.1213079146564553,7.009349439438665,-1.634819424976115,-2.5641742837753867,2.944101837592541,1.2401147172936362,-0.0031205143037080774,-0.013198300858649148,-0.2290144664677669,-0.821141800343355,-0.3514299570542221,-1.1725717573975771,-1.839999999999975,0.06999999999999318
2012-08-01,2012,8,-0.08081437600321806,-0.051107890228877295,-7.45233250596996e-05,-0.4465774704137502,-0.0026797258396193957,-0.1670648224988227,-0.8292629978171817,-0.5264139794205676,1.6621741289154102,-1.072494613901192,-5.207967666836339,1.9642427530326358,-1.421990880829597,-1.191648510265395,-0.5272772645625423,0.02888890654836196,0.033053150025624145,0.5474662386433575,-0.6515648910456093,0.36152222730623507,-0.2900426637393707,-1.1100000000000136,0.3100000000000023
2012-09-01,2012,9,-0.6731595537609678,-0.4602342063146807,-0.0002622447025804001,-1.0082281412580514,-0.0029928272221797503,1.0904168255594655,-3.5499871552080435,-3.34224032643408,2.7782986642001504,1.394959425141419,-0.39456161099951714,4.7110452934654745,1.523356587644841,-4.470051049623692,-3.3391162471866664,0.06258550193512535,0.045396683479525635,1.012688856129845,-1.80434946676192,0.9231879736630653,-0.8811614930988583,0.660000000000025,0.5299999999999727
2012-10-01,2012,10,-0.9061782170024912,-0.7756136635420603,-0.00032860505783880063,-0.9776000074947824,-0.029244529931964358,0.7181741970913862,-5.223557942230002,-4.816724347206389,5.651365005545387,4.098532164278129,-2.998099633710808,5.896840157713427,4.529522911449032,-5.366298719144311,-4.819921152935251,0.1061896543393388,0.10210612772279193,0.9569198613267069,0.18551559500289727,0.13954397118544293,0.32505956618834375,1.6100000000000136,0.3199999999999932
2012-11-01,2012,11,-1.134442756632268,-0.5222000914561136,-0.00022298892262169988,-0.5024917757184078,0.004561144570369158,1.478026465098722,-4.671699270283625,-5.46881350998126,3.1179265819377235,3.9923934511882138,9.499323224590626,5.07341114231869,4.3138399412250195,-4.865286845893593,-5.481111388617762,0.10099964214127954,0.06820374240530258,0.2430496457440281,-1.6340380703442179,0.18128969697346875,-1.4527483733707527,1.3999999999999773,0.1500000000000341
2012-12-01,2012,12,-0.9443051578564337,-0.08762502972496122,-0.00012068681298709957,-0.25538814188075776,0.0030690733698200967,0.9278830572524583,-3.8097921346411,-4.242042798690022,0.9127553559734167,0.539736113628166,8.434689421555959,2.747407938361164,0.4643815074231554,-3.4352808930443643,-4.251819327217845,0.07237761651003094,0.04275787053985347,-0.3604650519647219,-1.910007188592715,-0.3842877701245584,-2.2942949587172734,0.8299999999999841,0.08999999999997499
2013-01-01,2013,1,-0.01951487926316986,0.3229995067079585,4.3499130670046626e-07,0.016423800618685647,0.00866319619973066,0.355715068107159,0.2989643808732012,-0.10497663211106101,-2.4612317320324166,-2.4462441782610505,-2.323154476020136,-0.6598411130040915,-2.5985727505100655,0.207118283879538,-0.11306507366452934,0.006328004648498364,-0.024406632379473603,-0.07693703136963315,-1.9537191912773153,0.08375765544019842,-1.8699615358371204,0.6800000000000068,0.2699999999999818
2013-02-01,2013,2,0.16084421357834344,-0.4248076181009992,0.00011706842235699975,0.1766809634424611,-0.01522867883674428,-2.5578922192783864,0.24466421248666848,1.1477095095523282,2.186468443254398,-1.5503461261046887,5.465061623341171,-2.643343770484279,-1.882199917876953,0.9864407898982677,1.1440411390337886,-0.0620150569050919,0.010125750737115524,0.6209904500620294,4.497958421966359,-0.7454449479301424,3.7525134740362205,0.6200000000000045,0.25
2013-03-01,2013,3,0.6868461245749131,0.15940782872502268,0.00016409710735879914,0.5409900518790316,-0.009768075600198323,-0.49575482188238595,2.3483697332211477,3.339933302910765,-0.693678319489976,-0.16426228611761573,-3.1044013146456564,-4.138372239035988,0.03735011592432613,2.85866037014182,3.3381973588655,-0.08977009369553102,-0.03758086286670492,0.5241397043470499,3.646306321587957,-0.5120265809659372,3.13427974062202,0.589999999999975,0.32000000000005
2013-04-01,2013,4,0.8988714010681633,0.2509930763894772,8.842615952779978e-05,0.11893675956958916,-0.0011394964837408983,0.444022538365914,3.9598483867983987,4.218440243054033,-3.1557906253086117,0.7194589760020307,-3.7353044389165007,-3.985312887308737,1.3371118170313707,3.198566299648462,4.23056797937187,-0.09943993822219621,-0.08419258439341393,-0.5167909206680275,1.4471751030294868,0.7734098234677731,2.220584926497251,0.4600000000000364,0.2699999999999818
2013-05-01,2013,5,0.9631329988896482,0.4107488969346491,0.00019060561441610127,0.6368454905804661,0.011960156997741,-0.004622103483086448,4.445109208504618,4.599043547116253,-4.131321276893516,-0.5961734897602149,-9.768445378518663,-4.113076584156431,-0.6602997168793081,4.457003575450983,4.613923094735469,-0.08291564615197089,-0.08430413511668222,-1.4148403974938724,-0.0823709198561815,0.002985180672851584,-0.07938573918332104,0.009999999999990905,0.19999999999998863
2013-06-01,2013,6,0.796500932611309,0.9534356821449705,0.0002329180507782986,0.8274907580690574,0.017614954836938423,-0.42644502590985667,4.697590809152587,3.605994069452663,-4.9970009316216135,-2.3482704011355082,-4.519280805703602,-3.2072740418059595,-2.6031118499339208,4.670693346343796,3.6089185384361713,-0.045536161263451724,-0.07696787705071984,-1.1970636879913172,-2.044568338614063,0.02982193179229853,-2.0147464068217573,-0.7900000000000205,0.3199999999999932
2013-07-01,2013,7,0.11953335107756402,0.33054680848312046,0.00020758852140700078,0.8559782132931772,0.016155364028791808,-0.516360689333581,2.3275188796276325,0.9379142482425777,-2.356511949594619,-2.470557885385542,1.132648310987861,-1.7175403860827316,-2.6968655772172383,2.58656338825449,0.9378342510344737,-0.007712975660372212,-0.01925390092428536,-0.22369615981044966,-0.865279255343566,-0.2591245058349614,-1.1244037611785416,-1.4799999999999613,0.37999999999999545
2013-08-01,2013,8,0.013094748079822693,-0.15444116114099415,-1.0774509400200694e-05,-0.3900335266535535,-0.0007683217433855916,-1.17367246071003,-1.4029694867783178,-0.010662872392913414,3.8565187780373833,-0.7519726505766791,-4.5971439978602575,1.9921415529285298,-1.388076352121523,-0.7904541018324949,-0.005653447551310364,0.03426717708193294,0.06180279722816229,0.6556937639952487,1.2282735235640345,-0.6075059601042199,0.6207675634598218,-1.240000000000009,0.17000000000001592
2013-09-01,2013,9,-0.5393537801936077,-0.4798278168635193,-0.0002566276899327001,-0.8350226758532919,-0.0028820124766903987,0.41538706603883213,-3.1288031450765743,-2.9182508918115104,3.2687558369484577,1.2273858731804097,-3.4459917138301535,4.608486212415215,1.4486602697523026,-3.9170537294253904,-2.912970330819917,0.06935399183270397,0.06096250646205892,1.0634511785401308,-1.1184559788949002,0.7935311453404097,-0.32492483355449053,-0.03000000000002956,-0.12000000000000455
2013-10-01,2013,10,-1.1719609601626075,-0.8177491987615326,-0.00037695628269079906,-1.2013771456788938,-0.022314682052826162,1.4258088754476077,-5.909785427949544,-5.998644728573197,4.693077703463501,4.274643711527101,1.6343927222915227,6.087565423999422,4.585103280828061,-6.527791980467214,-6.00685986361259,0.11069127803099477,0.08985222652492464,0.8947616235491473,-1.0840281512349748,0.6097914174782773,-0.4742367337566975,1.2900000000000205,0.05000000000001137
2013-11-01,2013,11,-0.977563947226372,-0.5682338639309705,-0.0002469873578667993,-0.6600448600993651,0.005871516294376211,0.9931199088460687,-4.113397007936442,-4.600210300150991,2.192527177539489,3.8206054334425374,-0.71807039900159,5.202953075428013,4.347962150591137,-4.815827917821366,-4.609440845694962,0.10563937208533503,0.05986186896273438,0.06063533241043828,-2.483069180739932,0.693200364340953,-1.7898688163989824,1.4599999999999795,0.21999999999997044
2013-12-01,2013,12,-0.7546093715340021,0.043760644123665315,-0.00012211969821640002,-0.24305586326148543,-0.008340892644952302,0.40194196337144206,-3.3518553532895226,-3.6825257683432824,1.576406735590524,0.589451994831169,14.553024386012112,2.741685439730105,0.5195348870340837,-2.7043224223375546,-3.690825930162532,0.06665909760812205,0.043808343459895926,-0.3742965615628684,-1.2351958119366486,-0.6558330927712177,-1.8910289047078628,0.910000000000025,0.20000000000004547
2014-01-01,2014,1,-0.18227862071665868,0.015125313826445108,2.5142259168799835e-05,-0.01292153106154359,0.00010747191469262507,-1.0088321793226243,-1.1361138878053794,-0.4916774391282388,1.0681139938923252,-2.2357307420443533,4.382289290078916,-0.7369669067166456,-2.862532434131275,-0.1937284523347671,-0.5054454106660842,-0.0031856003216050865,0.01881208750255725,-0.13269950646146889,1.1782792085220422,-0.9561534070084612,0.22212580151358452,0.6399999999999864,0.1099999999999568
2014-02-01,2014,2,0.04302217251114371,-0.0001947173900020971,0.00010089416433109975,0.0843888224340219,-0.010483278343858982,-0.5888147296067103,0.2893647696590733,0.4748507863440068,-0.7454974667729459,-1.8609082561758648,13.805022757660481,-2.6277727828408217,-1.936650235038762,0.48346007745578845,0.4725455494635753,-0.06541556854646391,-0.033981550631387414,0.6888797508237019,1.806533337204968,-0.19640054467714307,1.6101327925278213,0.4600000000000364,0.08000000000004093
2014-03-01,2014,3,0.8937832753491648,-0.05111754462461704,0.000183349421766699,0.6227310242106725,0.0043098687519862455,-0.03697893493220761,4.0456607095670165,4.329382649271281,-1.854217080852294,-0.8753149874282578,-4.778016241674777,-4.380082944511372,-0.6306432087959024,3.8047110372045267,4.332989652208823,-0.09461874899624867,-0.053677697795279755,0.28033915866439685,2.77053764229143,0.2445566753000321,3.015094317591462,0.2999999999999545,0.060000000000002274
2014-04-01,2014,4,0.9775257862688136,0.327245308580018,0.00016687676973580097,0.6657529635691795,-0.0018332733826339487,0.3255775457152055,4.033229593746853,4.766968798310984,-2.4516902286126196,0.5347095566641364,-9.930933612879016,-4.239899772208986,0.9576894622923717,4.194771825060741,4.777173608554108,-0.09682814467451406,-0.07090117075718494,-0.48800462326277483,2.2111894492246336,-0.15133742107076387,2.059852028153868,0.36000000000001364,0.16999999999995907
2014-05-01,2014,5,0.9584135854723286,0.7740764254081114,0.00018786778640689922,0.559363193298509,0.00985372547391461,0.29339880084457093,4.938915635863793,4.427589466141569,-5.055595176239706,-0.24937415674833474,-5.064269769834937,-3.984785845890059,0.07763747379765107,4.4228887503134615,4.439688596155349,-0.07406415872459071,-0.08930897095870183,-1.2201137487312206,-0.7437976998036788,0.5281260155641121,-0.21567168423956318,0.060000000000002274,0.2599999999999909
2014-06-01,2014,6,0.6130996255612899,0.7432100649163544,0.00022550561742509974,0.8107604704562803,0.014416639011861743,-1.0025110177236414,4.012320757949908,3.0464233721176015,-4.693000574034812,-2.101656761666522,-3.2292060416802997,-3.114639854202437,-2.31486333610178,4.027653983732137,3.0544686680927953,-0.040329373908713606,-0.06665852789897819,-1.1684935063071968,-1.7915672942676224,-0.007287929807034743,-1.798855224074659,-0.9699999999999704,0.1300000000000523
2014-07-01,2014,7,0.26635535431307744,0.3461430757304811,0.0001556801532465006,0.5192934849533692,0.00894496506679976,0.09919401713747789,2.1160447767959454,1.3319128442518036,-1.6167557039299538,-2.277425146214064,2.0937897655094275,-1.5133320816997298,-2.745646130440978,2.429334337632497,1.3287305928178057,-0.006730561349320485,-0.013016087030758072,-0.25462263128020446,-0.5716446064571414,-0.3164718122705459,-0.8881164187276909,-1.5900000000000318,0.2799999999999727
2014-08-01,2014,8,-0.017626775435189757,-0.36492394157937724,1.065135345800286e-06,-0.059091694373645254,-0.004010540197848078,-2.4390471209488354,-1.0832574500191186,0.17459531967364228,4.115726676433212,-0.8686917506762271,2.2373363616497954,1.7543679722020897,-1.4693077127380292,-0.4223682442377026,0.17804113258694088,0.02948449318544366,0.06553852583903019,0.6418145040731975,1.760742742169299,-0.6574433928681209,1.1032993493011816,-1.1100000000000136,0.38999999999998636
2014-09-01,2014,9,-0.6261912465529917,-0.560622374091281,-0.0002437788563875009,-1.0488477388427953,-0.002279548234263573,1.2165757370140255,-3.6092275587578797,-3.4591438271708626,2.801017102200177,1.2910394085783992,-1.543461310386192,4.63097759005791,1.4971463896586918,-4.361040931200478,-3.4549183590091275,0.06270268691113534,0.046901499683971615,1.0915388527518388,-1.6238535067774365,0.756038840604333,-0.8678146661731034,0.10000000000002274,0.060000000000002274
2014-10-01,2014,10,-1.05037339917493,-0.5844164123024029,-0.0003831600201067986,-1.06700826484267,-0.0164160780221847,1.383096736721697,-5.081458605923615,-5.258194523362306,4.262842587665716,4.023189839976229,-1.087361886180588,6.001701279605072,4.481186651457378,-5.917626531042458,-5.263872312407102,0.10906572996416886,0.08623866613928399,0.8699631722883687,-1.2808618804581826,0.8304901360740473,-0.4503717443841424,1.259999999999991,0.009999999999990905
2014-11-01,2014,11,-1.2196933669583245,-0.37142661403663624,-0.00026615803480870004,-0.6912860135922649,-0.002884028853240461,1.9371717630579184,-5.35921760781855,-6.05948666885314,2.332948128816412,3.9234799715668878,6.18376086432545,5.233846227199933,4.2402191304114965,-5.470910961206869,-6.063607960159686,0.10662959536387362,0.060001823372900276,0.06959215347654357,-2.5841589395388738,0.10757206208177195,-2.4765868774570947,1.4800000000000182,0.25
2014-12-01,2014,12,-0.5634125602973086,-0.20548618761665693,-5.86201843622014e-05,-0.0014137197162966686,0.0029767872248743776,0.3326109184042423,-1.9940743336880473,-2.6693737277501555,1.2946966985043673,0.7055830068401328,10.165125776358764,2.765711786959514,0.6185944979304523,-1.9914045275834837,-2.678675762437308,0.06649092800221901,0.04011579447052771,-0.44423286010153085,-1.5580035973648592,-0.011971840791716204,-1.5699754381565754,0.9699999999999704,0.18999999999999773
2015-01-01,2015,1,-0.21310369741530621,0.1306575011879545,-4.1529075003099436e-05,-0.3398825832996053,-0.000499339648450281,-0.8411866606481908,-1.7794268212467728,-0.8860456818048874,0.8965012517581954,-2.266235077612812,-5.832206726568984,-0.5279336976639115,-2.6819187232946007,-1.0151379481160916,-0.8993738215435769,0.0037990318001694945,0.01946273543048438,-0.06304352339139285,1.008751303740297,-0.7776170128693707,0.2311342908709264,0.7300000000000182,0.18000000000000682
2015-02-01,2015,2,0.2989586499993493,-0.16758183148857597,0.0001018564258314994,0.37355814413600896,-0.009272560245397798,-1.2771357530470908,1.534096386052056,1.9928352696312004,-0.16109219500162908,-2.2663905440845973,5.742034072362003,-2.991292589281983,-2.512628544234637,1.8485166922185954,1.989310042553484,-0.07363708684599146,-0.025328581335556155,0.5115735605778795,2.583962394130346,-0.3179455332442558,2.266016860886083,0.5600000000000023,0.17000000000001592
2015-03-01,2015,3,0.6896069412995871,0.1326825356056247,0.0001750659383834008,0.38113383230299647,0.005083817924808387,0.028788867098015203,3.1177670141782414,3.2816424061898033,-2.6532155493428604,-0.8219168564820016,0.43398366204928607,-4.176918456750826,-0.4133742537937479,2.867968671147594,3.2824997971592893,-0.09341383685379334,-0.06853538288569894,0.39955939610570823,1.9322455100962017,0.25065573400013363,2.1829012440963425,0.44999999999998863,0.17000000000001592
2015-04-01,2015,4,0.8240574833365031,0.0475187951828957,0.00010806089321100006,0.3284434970867096,-0.012472157927974625,0.199851337528699,3.0239600392842476,4.026313327700166,-1.1321807575747016,0.889305133443866,-6.192007197882049,-3.9546965669491385,1.1618026593279112,3.139084365583983,4.03047507790393,-0.09390543367335136,-0.05160008841846864,-0.4780518721382716,3.0950133352584714,-0.1109625760959716,2.9840507591625,0.38999999999998636,0.22999999999996135
2015-05-01,2015,5,1.020616279950957,0.780488434412689,0.0002600569896779002,0.754706480672592,0.005308171121391703,-0.5313655940112483,4.610651296771437,4.734506261039144,-3.238076498472367,-0.027558418702692933,-5.738139164517634,-4.020572793335958,0.015686657348382482,5.016744920747442,4.74642667388531,-0.07598886512313863,-0.07023407880240029,-1.1924679476995763,0.8257413709146704,-0.3941732111298393,0.43156815978483287,-0.049999999999954525,0.18000000000000682
2015-06-01,2015,6,0.7295405520525833,0.7752210558193156,0.0002628908568398994,0.9137035929115989,0.016594314184028236,-0.2575453937987078,4.96896699893739,3.6118635219928024,-5.708743541566633,-2.4753957959530517,-0.40473589237080887,-3.3230053997050106,-2.56076101407459,4.600612580373593,3.617384914232389,-0.041077648470177586,-0.07799801604094814,-1.238899625237238,-2.4711033599831467,0.37387581080338705,-2.097227549179765,-0.8500000000000227,0.2300000000000182
2015-07-01,2015,7,0.23190404268689235,0.23711424416478621,0.00017070815282669953,0.6687838278719695,0.0013648396320470324,-1.382989938882126,2.2840951615903577,1.3464774967706603,-2.3965997463520807,-2.171084247656392,1.554124585891259,-1.5792459275972988,-2.523221981623095,2.469904727874109,1.3525974667658716,-0.004936561511406534,-0.01926918708386216,-0.20471520439113533,-1.169491552721503,-0.1796895962885472,-1.349181149010036,-1.6800000000000068,0.14999999999997726
2015-08-01,2015,8,-0.02166956237630302,-0.04147292477443898,2.874749778150089e-05,0.08126575192060415,0.010027495625989924,0.01771457888487049,-0.004489774773276167,-0.03477635311838867,2.286061526568517,-1.0972149335272547,2.864768756669946,1.6048252927969031,-1.5344465300983998,-0.027441194032178373,-0.028664975499452794,0.027310641876412856,0.04215674420057569,0.5424444702148037,0.24400463720053978,0.029062796877838082,0.27306743407837075,-1.3100000000000023,0.20000000000004547
2015-09-01,2015,9,-0.619383258281232,-0.6325018843807584,-0.0002608414066533997,-0.9239293403683142,-0.01898896694799601,-0.19972914756739613,-4.134507784251184,-3.127098342748127,4.217231636451913,1.1774559646439045,5.43717193264456,4.680692531630285,1.2591149274482198,-4.255436848282272,-3.116958277969445,0.06869844786629065,0.06794836209983357,1.0147296361570852,-0.38180193237411686,0.13106912880977362,-0.2507328035643468,0.2699999999999818,0.2899999999999636
2015-10-01,2015,10,-0.8611635468746499,-0.3855228012494081,-0.0002909540334576008,-0.9303676835616841,0.002086762747836368,0.9868109269757284,-4.626263027086736,-4.637360564707194,4.745378203427634,4.24097007018721,-3.7187498352868715,6.025093090877107,4.635207188908481,-5.151776814874324,-4.644583466026745,0.12296672436126377,0.10350370181682411,0.9992425769392135,-0.885477768728208,0.5182908864680371,-0.36718688226017093,1.4600000000000364,0.2300000000000182
2015-11-01,2015,11,-1.134556925966649,-0.5619395205395676,-0.00020098907671249958,-0.4115972996477346,0.003788702934228172,1.9882737078038204,-4.330117287705718,-5.660107172092069,1.9670094273135135,3.79846490593917,4.377923317806562,5.114642193770123,4.327807547442518,-4.811924848180297,-5.679612996562639,0.11323835907567137,0.06436519281399189,0.13984653360591182,-2.618290124953262,0.46230173600400803,-2.155988388949254,1.5600000000000023,0.3100000000000023
2015-12-01,2015,12,-0.5957845260237491,0.0012597105399549946,-0.0001011882160736003,-0.2812867511701391,-0.004197200016412661,0.24556321266874193,-2.5618363993420417,-2.910249714821191,1.4116664526634395,0.3557222165441516,6.909589628514368,2.7560104452599887,0.20341466985263423,-2.4453994213968713,-2.9196192025747223,0.05489045866619868,0.033148066134798704,-0.5811807238061224,-1.4966515392880524,-0.12580646569869813,-1.622458004986754,1.3000000000000114,0.4900000000000091
2016-01-01,2016,1,-0.17456878162016665,0.136078595577942,-2.2014075945099923e-05,-0.1976000400267779,-0.011168660836911037,-0.10881926264593744,-1.196032749742244,-0.5587207147219146,-0.9571160012239943,-2.240686994385719,1.3750834147213027,-0.6329892131170141,-2.672772078843103,-0.40497146253289884,-0.5750975595124146,-0.00535120909238973,-0.015338783240748555,-0.02930497421884226,-0.7562118725643643,-0.8074381319998487,-1.5636500045642094,0.9499999999999886,0.4199999999999591
2016-02-01,2016,2,0.4128520108498037,0.34052025513562967,0.0001441037543512009,0.38270057678208147,0.017870096180506057,-0.6879650318036425,1.651252032373577,1.9264681968272725,-0.31054521292102777,-1.9548161805716582,3.8518121655652067,-2.7513918984917325,-2.3112355198227306,1.8462671381590212,1.9250710832946538,-0.05923728718372079,-0.02021724829925775,0.4765457356475604,2.0844273463196146,-0.19641221931806285,1.8880151270015517,0.6299999999999955,0.26000000000004775
2016-03-01,2016,3,0.6222634666853537,-0.03816261113058772,0.00018985709653719998,0.6079640875261063,-0.027010572964177415,1.0360455204402683,3.872853293956325,3.5348944663543875,-2.658513980992808,-0.9407553591561033,-8.102464185154531,-4.496261342774716,-0.333786716844898,3.36272814486216,3.54011435953322,-0.08812797720679466,-0.0563016881639844,0.3939132686745843,2.444716004093067,0.5153450422729939,2.9600610463660644,0.5799999999999841,0.3100000000000023
2016-04-01,2016,4,0.840518380739752,0.236154297931364,8.67019266211997e-05,0.16746373637589684,0.0007205420577266475,-0.6591666190438588,2.8988863579766644,3.9202841817314606,-1.5784562433345286,0.838128924928057,-4.156882668103208,-3.9688212694372282,1.105616530005193,3.1756091375377764,3.930646436202096,-0.09914532306704338,-0.06459049504840308,-0.48875969680986664,2.6578526311798782,-0.26636052509047303,2.3914921060894017,0.5199999999999818,0.3199999999999932
2016-05-01,2016,5,0.8127990015238993,0.30642727080334,0.00010491585257189906,0.5013037055785681,-0.0015758117844251185,-0.11603793525955552,3.6579095679990132,3.6309371184008796,-3.4186519693473088,-0.2214921301145516,-7.472378091159044,-3.8852151305362383,0.08787847205444876,3.4053636956462583,3.6436031425018314,-0.07485008356209821,-0.06969743235521486,-1.1964024403455955,0.7759337633579264,0.2652118964537067,1.041145659811633,0.07000000000005002,0.2799999999999727
2016-06-01,2016,6,0.5634762819765342,0.43985613094417886,0.00019025972720470088,0.6138965033720503,0.0201205091700698,-1.3607391938815283,2.726956004969338,2.945238521234103,-2.45050422592837,-1.9033074204562759,-0.07007186926784925,-3.122812954708081,-2.5422524514143205,3.7301133629306946,2.949036206982953,-0.04590853938704598,-0.044778787611172266,-1.1368171190387741,0.03336369782167026,-0.9993596722125062,-0.965995974390836,-0.7800000000000296,0.28000000000002956
2016-07-01,2016,7,0.37876393115766405,0.4995694474429797,0.00025202453147669945,0.8356205007659021,0.021170792635495705,-0.9124525368433822,3.188244266867855,1.7906916482733095,-2.6511489812581033,-2.124749194540456,2.8770026797574246,-1.5636029573187784,-2.432680249718608,3.2444595437364114,1.7938919258400574,-0.00204819797392064,-0.02293410275212926,-0.18938850001976704,-1.3954770791174909,-0.05301499930180853,-1.4484920784192923,-1.5199999999999818,0.2799999999999727
2016-08-01,2016,8,-0.0942228842534405,-0.05427542276487429,-1.5284769057198958e-05,-0.25007331245284803,0.014472826435134367,-0.9096243148852068,-1.5156207767143428,-0.5166668738162343,2.4370014100460082,-0.9778473267552101,-1.4122021312796278,1.9426733980058941,-1.437895270175801,-1.076464135298636,-0.5158365554630109,0.028805066231765597,0.040380732059629665,0.5699416533165547,0.03428006861953037,-0.4383263230624834,-0.40404625444296016,-1.3100000000000023,0.20999999999997954
2016-09-01,2016,9,-0.6829750228276339,-0.5709973370215948,-0.0002656025311446007,-0.9298317666943596,-0.02675495899061242,1.6065101877384294,-2.6983517176929013,-3.5674745431011274,2.042355678163574,0.9978337786345968,-3.7806214855081635,4.534624714641581,1.2963982743395412,-4.290783532810337,-3.567594123285403,0.06167658678416066,0.040259730004559735,0.9565549269019087,-2.1937045407730693,1.5923122349331607,-0.6013923058399087,0.17000000000001592,0.2400000000000091
2016-10-01,2016,10,-1.0587055213399026,-0.7405194951837757,-0.0004936485488174006,-1.6143236695639693,-0.012332745154881586,1.3876802686628196,-6.454476155435486,-5.50680534013236,5.041153525826616,3.8594531636526987,0.047326106709078886,6.334842339738145,4.3387134636464175,-7.1401731963028965,-5.5070144025289665,0.10839361153743665,0.09183968664264075,0.8739937488537706,-0.8144285139177896,0.6854879784708032,-0.12894053544698636,1.4399999999999977,0.2300000000000182
2016-11-01,2016,11,-1.0499188081705029,-0.5194085106003286,-0.0002967360957844001,-0.734701605143421,-0.014499083272758728,0.8986323221479324,-5.460710006530121,-5.265232611745773,3.8596686870621113,3.097695514415669,2.620006245924742,5.123516906968263,2.9609521482862746,-5.0126322029979065,-5.276477225491021,0.10049020942115483,0.07290866761128223,-0.1209013226179696,-1.4005915860355742,-0.4593224172774626,-1.8599140033130332,1.3699999999999477,0.10000000000002274
2016-12-01,2016,12,-0.723954299394677,-0.38646836882327307,-4.873907056369975e-05,-0.08131858248657409,0.006546931175232862,-0.16104255531263334,-2.5822129071332256,-3.1841606598686667,1.1589329516092732,0.4245011037119397,7.228198433076614,2.5736845675716324,0.254047416281324,-2.5050202095803797,-3.18878005153357,0.06206078235143675,0.040646206929011,-0.4321045884847372,-1.5852053033929678,-0.08181208921774896,-1.6670173926107203,0.9000000000000341,0.0999999999999659
2017-01-01,2017,1,-0.1646700159740817,0.15155674329690783,-3.2982107960044527e-07,-0.10345503154670155,-0.0043774264371354565,-1.7014112655752385,-1.4682116118123645,-0.5707478400401556,1.712030794213831,-1.2890413703278263,7.643090044424753,-0.5500452858029803,-1.6409317368486,-0.4542630531126406,-0.5811749826183359,9.588631182921858e-05,0.025853585823350844,0.20231837726066182,1.9101857134960554,-1.0243757012779078,0.885810012218144,0.6399999999999864,0.040000000000020464
2017-02-01,2017,2,0.36511174314665595,0.0376124055450191,0.00017399471149610012,0.5486877871533622,0.0016739322622142394,0.35420994510489123,2.4118837096257266,1.784453337365676,-1.9302113228102087,-1.8456946329924726,-2.8919803596218117,-2.9743262483576416,-1.6923850830669025,2.4377222498624747,1.7669429420551523,-0.05935783648826387,-0.03995565863760664,0.6115453312111185,1.1974244754730066,-0.04334893554726804,1.154075539925742,0.5900000000000318,0.2300000000000182
2017-03-01,2017,3,0.7009349649010801,-0.09866864356359883,0.00016706607160490126,0.3624983014868626,0.004490743904057348,-0.3321862048210491,2.9597633902185976,3.634373419180804,-0.9799292793140921,-0.6987197246977388,4.15246702946024,-4.15617703573551,-0.4298662322828761,2.7432245962809816,3.6435977409278166,-0.09506397486690243,-0.043078131572722,0.2033081929565732,3.445101248836238,0.22576311568462515,3.6708643645208667,0.39999999999997726,0.15999999999996817
2017-04-01,2017,4,0.7728717681106332,0.34999156056142056,0.0001291521365046986,0.20888295586767214,-0.007800248946211119,-1.2416991850748076,2.586089188119786,3.618665605896581,-1.7724619110289552,1.0444822864585035,-12.493727830413263,-3.879818761192496,1.397488275980841,2.9858628926630217,3.6325348378953777,-0.09393743864175175,-0.06392919700502642,-0.3647149928907467,2.4603628396858994,-0.3859044725444356,2.0744583671414603,0.29000000000002046,0.10000000000002274
2017-05-01,2017,5,0.969715359244617,0.7961931868872512,0.0001951492102216009,0.8588438479708991,0.015523895175058033,0.6863026815679305,5.835441893066616,4.505147841272446,-5.707653689226532,0.07082509336198584,-10.118548185724649,-4.075649335075724,0.5353541991511506,4.924037920517094,4.514382144540775,-0.06882216279046194,-0.09350188829265305,-1.0713578762841198,-1.167475248361626,0.9206382758178506,-0.24683697254377357,0.03999999999996362,0.2599999999999909
2017-06-01,2017,6,0.5695786987861879,0.45708074645932584,0.00020152375474230023,0.7521174040827106,0.005908069660837789,-0.3731490332900549,3.312959164926326,3.1222347052658392,-4.390628954216709,-2.4913092836207014,4.506160097080283,-3.1301997480671844,-2.7299852573228733,3.7381379606765677,3.1345893797292774,-0.041574250871714735,-0.06603882167765951,-1.2043079369518424,-1.4991051798517105,-0.41282412128680335,-1.9119293011385157,-0.8000000000000114,0.2799999999999727
2017-07-01,2017,7,0.3275698390000912,0.4991031337742129,0.00019120331041709918,0.7532866862660299,0.020141226942977486,-0.7868574760466842,2.075251493524945,1.5309973180542897,-1.0194416052979705,-2.1635239647879665,-1.6486532787239412,-1.5834121838422561,-2.909507450334395,2.787382628033356,1.527289145447014,-0.009223476559127253,-0.006545351199383376,-0.3223157518990192,-0.18201290700213235,-0.7158393071156901,-0.8978522141178189,-1.7399999999999523,0.10000000000002274
2017-08-01,2017,8,-0.10872610673561667,0.010120193111390563,3.322873791680031e-05,-0.03460580971094984,-0.0025562727341633673,0.6271615312400272,0.43554754944398155,-0.5004107982528012,0.11408912503907231,-1.320656034230499,3.081862915001693,1.63137319445201,-1.5990162802610648,-0.4614700428033416,-0.4976952643044683,0.028116584162045655,0.016125160548138506,0.4630290502669716,-1.7956443154434965,0.8997331261956596,-0.8959111892478404,-1.5500000000000114,0.0
2017-09-01,2017,9,-0.7025393658663575,-0.46496488100643774,-0.00037124618305100013,-1.1720726545616884,-0.015195283996043751,0.5659113297059193,-4.364535157609168,-3.737868556454771,2.918065404369088,1.0565831258181682,-3.139833452005405,4.709655815127121,1.2529973413414304,-5.0622654753431675,-3.7297168698949577,0.05677128084015903,0.040869932976301815,1.023496339879598,-1.5951761952347852,0.7058820042938088,-0.8892941909409728,0.07999999999998408,0.10000000000002274
2017-10-01,2017,10,-0.9416562003890476,-0.6339015065184981,-0.0003293721942425002,-1.0862969369149376,-0.0033400613868954654,0.7152647417355524,-5.514492167097103,-5.235669041559277,4.950072235639283,3.847512765033308,-3.5139712327509187,5.933313847325479,4.1654340146124795,-5.71992290770811,-5.242968830574966,0.09984221765058221,0.08563323067509643,0.9186104357838669,-0.6653203621069963,0.19813095159532068,-0.46718941051167917,1.5199999999999818,0.2599999999999909
2017-11-01,2017,11,-1.191537288442305,-0.797319682613022,-0.00034509848313329927,-1.0031227024727762,-0.01661747695765181,0.8476642495876234,-5.629137446586299,-5.589006907334692,3.1803444556537954,3.5091909500598213,-0.958843422587961,5.323924263085246,3.8405419452424283,-5.900886821198981,-5.606923763805582,0.10145460209489432,0.06748781632985246,0.026317441320106383,-1.8122288122488612,0.25383251814179175,-1.5583962941070695,1.5500000000000114,0.2699999999999818
2017-12-01,2017,12,-0.5919566893649062,-0.01939330488789892,-0.00012075080514470024,-0.2229204338039672,4.2964926673438875e-05,1.0620898893439232,-2.7988245319302223,-2.9484476282689798,1.1874450340336296,0.4896171864434713,6.85579229486757,2.8328544978235755,0.13679816550582302,-2.301151956446631,-2.947720970428236,0.0712259636093524,0.04002067221580674,-0.5223637044658691,-1.998228484727612,-0.49694591764284723,-2.4951744023704485,1.0600000000000023,0.2400000000000091
2018-01-01,2018,1,-0.3156995087945802,-0.1467938299888374,4.074693633199233e-06,-0.10377310397932149,0.007533088415471623,-1.61072755691076,-2.0112475248430997,-1.2922098524397256,2.082301225897794,-1.6138673662128689,4.745140173996333,-0.5714192503967581,-2.1447195641772723,-0.9358876202608144,-1.3074465612418749,0.001934862317558128,0.03547632742999385,0.019507276208193147,2.1228682783301522,-1.0905966133844345,1.032271664945707,0.7699999999999818,0.2400000000000091
2018-02-01,2018,2,0.32443433758732,-0.1109119564929415,0.00016141529501250036,0.6554114858076687,-0.012261734434041882,2.3163155652106013,3.335671784738736,1.8923041270231238,-3.663540236524881,-2.289467132287953,4.178383582562674,-3.139392703320823,-1.896478179341976,2.366698453753372,1.8922436150726867,-0.048361139251416496,-0.04906439602745927,0.5609404475248994,-0.13115858025804528,0.9689128190349301,0.8377542387768813,0.7100000000000364,0.37000000000000455
2018-03-01,2018,3,0.6536760343403785,0.12137905462452636,0.00017621089901070051,0.026425721976611527,0.0059400857795924855,-2.8654510304105045,1.4778894069206103,3.282740988721571,1.328353859845265,0.04038145310815722,-6.426015726319747,-3.8474424708508934,0.13886151141365133,2.465359212303156,3.288477189841217,-0.09692474056242961,-0.02002347089340617,0.6018672167048447,5.274276389001649,-0.981733604262903,4.2925427847387425,0.5399999999999636,0.2699999999999818
2018-04-01,2018,4,0.9953877365396124,0.22570484919606315,0.00012619493558919948,0.4978828329122429,-0.003534987031467818,-1.4688043222434146,3.726487702496854,4.6484247182819445,-1.2429119794076655,0.8620451633885828,-7.789068226280506,-4.097487123396263,1.0837073767666325,4.028521148808295,4.6549098817982895,-0.1013133787327627,-0.06109933772698106,-0.531612623912876,3.0762373573666295,-0.29554828279509593,2.7806890745715407,0.30000000000001137,0.12999999999999545
2018-05-01,2018,5,0.8220126765272653,0.5580292679392755,0.0001708997864318003,0.6257054474899988,0.006238648007225511,1.1404766709070842,4.1010371396352525,3.990871880865086,-4.099702976410015,0.25749387189988227,-7.605028729100013,-3.9194631483915714,0.4775427730220798,3.8026017731875754,4.001134425141515,-0.0682763410875129,-0.07318587166690138,-1.0627650268913609,0.03980907310372572,0.30869791072410635,0.3485069838278321,-0.14999999999997726,0.05000000000001137
2018-06-01,2018,6,0.6653907292554777,0.7597377937248098,0.00017958761489019967,0.7186712808915061,0.01009903041841953,-0.5335511040983008,4.175593736501014,3.212475798687194,-5.851357277450802,-2.5952167781437616,-4.121565182402264,-3.2194252176139173,-2.5178131421674834,4.127550652446246,3.2180501757457023,-0.040712793131004954,-0.08348092070476465,-1.1533675943395032,-2.5545284238605745,0.05361746111327648,-2.500910962747298,-0.8700000000000045,0.15999999999996817
2018-07-01,2018,7,0.3013685987344843,0.608491471051309,0.0002562768234484012,1.054030645893672,0.022604040133267223,-0.37323307081774715,2.79769916427972,1.4862393067897983,-1.3709885151929484,-2.0126155303322797,0.4950268914544722,-1.6830764665351694,-2.5499028097622514,3.246325421745496,1.4802904859586192,-0.008579282196108817,-0.008987544500447697,-0.17555788862999755,-0.22519932808774,-0.45457507829695487,-0.6797744063846949,-1.5699999999999932,0.3100000000000023
2018-08-01,2018,8,-0.1997220567005229,-0.2857194929331399,-5.097460605008042e-07,-0.27033124018325694,0.004075610285016462,-0.43147985508127107,-0.4536084559017013,-0.9131433574177095,0.39439060172142604,-1.3757479743251757,1.094235593205667,1.7433282673281667,-1.6615740894029933,-1.0445336019451474,-0.9039678995291069,0.028517068445718774,0.017781031906126454,0.5479939065050168,-1.6347637806845512,0.6001006039320522,-1.0346631767525025,-1.3600000000000136,0.20000000000004547
2018-09-01,2018,9,-0.6620928006784084,-0.7453463946239367,-0.0002752645215976998,-1.040422535791219,-0.027270383010560617,0.26589968361020766,-4.473546403718501,-3.2055622622618785,5.284249823906492,1.481387290981317,2.643906450641225,4.763898527712371,1.4119914950436225,-4.601474707512239,-3.203112307490642,0.062042515097521456,0.07786055049679286,1.0840973383237031,0.45095550025640563,0.13037825856497065,0.5813337588213869,0.06999999999999318,0.06999999999999318
2018-10-01,2018,10,-0.8684832115268364,-0.6599684959480783,-0.00033227426218439965,-0.9899326091140139,-0.01004137378251957,1.965704594803647,-4.404545374061456,-4.392704118616393,3.65236366345394,3.9685365962936885,2.953438134645694,5.923764528663185,4.441428361842188,-5.167414571353504,-4.400362004134308,0.11322208148840573,0.08050160192873879,0.81978184943884,-1.7985090996607411,0.7552113117741328,-1.0432977878866154,1.4600000000000364,0.16999999999995907
2018-11-01,2018,11,-1.1805909398857466,-0.40876226852975606,-0.00024029238066700098,-0.676312317146408,-0.008164888462469877,1.2740317336663054,-5.327988946642449,-6.011693112000444,3.3164259006943837,3.655805543624023,6.569255595954019,5.222127061533314,4.152054604480988,-5.443822791063951,-6.022071252786816,0.11246923728741454,0.08138206773822043,0.1312931861119253,-1.4094520999819622,0.10545570363513335,-1.3039963963468324,1.4599999999999795,0.12999999999999545
2018-12-01,2018,12,-0.5860000800594776,-0.20578128505013638,-0.00012394470002299873,-0.18585043956570502,0.010472730977184264,-0.9389957510935574,-3.2173391454941793,-2.7012624819766984,2.4829944176989613,0.5097600188647178,6.49786457499431,2.770052956289902,-0.07939420082406912,-2.4889034364803138,-2.711633639160823,0.06108124733244136,0.04885861354904941,-0.5523486980426089,-0.8762127582797348,-0.7388068661979936,-1.6150196244777213,1.0699999999999932,0.26000000000004775
2019-01-01,2019,1,-0.24594439599763973,0.12666725137074764,-3.642398176007672e-07,-0.05042004621339302,-0.014763699626740068,0.7341371602455382,-0.5999237432597511,-0.809997071886869,-1.2679788146897408,-2.3008025632461226,3.484071775281336,-0.5795560026367639,-2.5560749706971393,-0.4753269329012255,-0.8165982228589428,0.005064788612546778,-0.006529296510800364,-0.10077407662436144,-0.9436952195040078,-0.13119796133059936,-1.0748931808346143,0.7400000000000091,0.3100000000000023
2019-02-01,2019,2,0.28294145862525966,0.06673580573595927,0.0001455013221269008,0.213825963477408,-0.0016489714877550021,-1.1671134620434032,0.8712467468708951,1.4686293329588693,0.7804610170556145,-1.5860994552037404,6.7719914483168395,-2.716553357828275,-1.6542515524462686,1.579589777080514,1.4592293883813454,-0.05990364813686977,-0.009019650325750472,0.7356701200518874,3.4288622776414,-0.7177429747871429,2.711119302854261,0.4200000000000159,0.08999999999997499
2019-03-01,2019,3,0.8853445151938217,0.0021605977317449288,0.00017068362108239865,0.40294147846316974,-0.0013686859074409918,-0.15413818405890112,3.8859926143142616,4.260355042736933,-1.4120397376908045,-0.8597766816206196,-8.447090015513822,-4.204915720289364,-0.46445010813991416,3.6062082681311267,4.26682112753798,-0.09478632756857586,-0.04766098852696343,0.3395656198725163,3.1882025560792613,0.28625043098418246,3.4744529870634437,0.5499999999999545,0.25
2019-04-01,2019,4,0.8599826458558368,0.5110191518484726,0.00016588765524050073,0.541535930037071,0.0022808946660248797,0.009503814431099045,4.352060217846997,4.0674250935040845,-3.3728754877596145,0.47508307152164164,-9.852650105502107,-4.237039805410575,0.7449267203423702,3.938029994252645,4.075862724145395,-0.10103285517523464,-0.08492547438251341,-0.6399572600287424,1.1340079664716711,0.4224678542356628,1.556475820707334,0.4500000000000455,0.2699999999999818
2019-05-01,2019,5,0.7884029787156237,0.3663757896259199,0.00013772893579619937,0.5586357890283402,-0.007276478335196179,-0.24784688230720775,3.6211322983219816,3.7209601541646293,-4.343268749321112,-0.14990723476177692,-0.47657333547249436,-3.922022308035139,0.2743287853203711,3.600368474682341,3.734342759306969,-0.07755124480825648,-0.08598376127818463,-1.102239835012476,0.002989578796167791,0.034146428781980376,0.03713600757814284,0.009999999999990905,0.20000000000004547
2019-06-01,2019,6,0.7404840867359326,0.9507638235396598,0.00027963828591500046,1.0459745589361518,0.03745160515811108,-0.5957117190935293,4.7499440580138526,3.6581227325521013,-4.644879877483959,-2.166214720467149,-6.990989808429731,-3.3497468447942538,-2.4723467615255466,4.95802030374665,3.660358885374535,-0.046412280311113996,-0.07047791420976957,-1.1893318755531155,-1.6012650737481025,-0.2058400929103641,-1.8071051666584612,-0.8199999999999932,0.23999999999995225
2019-07-01,2019,7,0.2604422951962988,0.2609431119010992,0.00014066645374210054,0.5879706313091582,-0.007873461125974313,-1.6316802495563891,1.513559757173084,1.1727770661289014,-0.7514189245315492,-1.7937622776608748,0.018474076525308192,-1.4644447171798447,-2.411218877383,2.283960864911762,1.1778794849017231,-0.0023762105757922924,0.0024757609869010544,-0.1718480368107862,0.0955691929261775,-0.7652986889658564,-0.6697294960396789,-1.660000000000025,0.21000000000003638
2019-08-01,2019,8,-0.11574344681235971,-0.14029047605885125,2.9797886165599044e-05,-0.12886365133016042,0.013988181281518797,-0.35246134788524586,-0.7396457866207129,-0.4656436223386322,2.122061191634799,-1.1074297421671702,2.205468627755181,1.7802012500982016,-1.524481486572732,-0.8417175188007491,-0.4685470045668012,0.03115817460021031,0.04003875135185986,0.552625390911242,-0.07519180286897154,0.09916834995186363,0.02397654708289565,-1.240000000000009,0.3100000000000023
2019-09-01,2019,9,-0.6607163172697597,-0.5130365546870053,-0.0003197224696278988,-1.0224616667350794,-0.010271004411892659,1.298261184722847,-3.8688192007700763,-3.3318608937644285,4.162924007463147,1.3963165960404034,-1.6686425381194567,4.61603637948744,1.4055479846693792,-4.274443923586716,-3.3244090606996224,0.06822681366689176,0.06932556072116558,1.0933840555601027,-0.443880983395303,0.41307655588144954,-0.030804427513857036,0.29000000000002046,0.2899999999999636
2019-10-01,2019,10,-0.9446804273989073,-0.9873068020290816,-0.0003444127596738001,-1.1476980629007123,-0.014327926589565942,0.2114340249707496,-5.3329131454839285,-4.899030572403149,5.18886127256016,3.942673301306538,1.2504266690375516,5.928103905671634,4.486723714353666,-5.97125595547368,-4.903411544996743,0.09100156857421604,0.08331370915611824,0.957708183846874,-0.19519222006434234,0.6339618373961571,0.43876961733181474,1.509999999999991,0.20000000000004547
2019-11-01,2019,11,-1.1307867657038173,-0.31259790201568194,-0.00027783626766610114,-0.8003593206687647,-0.004506064186371006,2.04056277138654,-4.958029596326583,-5.5389726483637105,2.6094061553678216,3.8668384644058484,7.448813095106743,5.28735129584598,4.1504318556539985,-5.32175697621949,-5.548090206046993,0.1079430688042069,0.06496672143768567,0.10852689515970049,-2.394351749230026,0.35460982220962123,-2.039741927020401,1.4300000000000068,0.06999999999999318
2019-12-01,2019,12,-0.5465521640217048,-0.04439690104777583,-7.913834885080011e-05,-0.2981108913458286,-0.0027078629238109775,-0.1488833663086382,-2.3401601426830894,-2.6048515132613943,0.5789692110625992,0.28644876999786817,6.512120566301746,2.7591237220511573,0.20877865845798738,-2.1495851222862257,-2.618246649644334,0.06582334309053106,0.03237614049356319,-0.5444312488581993,-2.2578246225284886,-0.2039701567797998,-2.461794779308292,0.8899999999999864,0.1099999999999568
2020-01-01,2020,1,-0.0961029676709586,0.03980039752059383,0.00011799168491600023,0.5634982565471276,0.002294746129373637,0.6331939462207288,0.8150128395947149,-0.4583128871177564,-1.9324843483967413,-2.311704713183236,4.526527077934588,-0.947692868448371,-2.5346826031706513,0.4568482611888953,-0.4615115307676092,-0.0042348368013200854,-0.019417488226546098,-0.27554605126055165,-1.2077693699357326,0.3549659347559668,-0.8528034351797658,0.6700000000000159,0.18999999999999773
2020-02-01,2020,2,0.3087669674017661,0.29040690499630273,0.00010654768171140111,0.2258997663981397,0.002539758357340549,-1.6915595599319104,1.0204084015369403,1.6377512260766593,-0.8242441065829951,-2.0491887255231056,4.4185873284586705,-2.7449246026889966,-2.1864479497238634,1.5648314303659276,1.6363562635918925,-0.06366188274883555,-0.03397078025359068,0.48525661191652425,1.7834212719052687,-0.5458179913137542,1.2376032805915145,0.5199999999999818,0.2400000000000091
2020-03-01,2020,3,0.4991491622567992,-0.20852349589301866,0.00011211319651199987,0.18647024778280752,-0.020198665191252685,-0.16419955605520187,2.4643423177382147,2.9748819486557636,-1.2771894681400795,-0.7608718343128942,-1.2687488527153619,-4.093197740962438,-0.4484355188966731,2.2817413436134757,2.9814340374358608,-0.08632727580497779,-0.040126402301588815,0.42182854785612633,3.1284445882385796,0.18915306290483613,3.3175976511434158,0.4900000000000091,0.2300000000000182
2020-04-01,2020,4,0.9422454638774411,0.2321705497403741,9.873871170599895e-05,0.39383688602221767,0.008304505732611878,-0.5532438736540186,3.23702176785514,4.244919877369341,-0.6995192621557464,1.0164973409615747,-11.255960184236756,-3.9225174761344874,1.333275622867852,3.7168652632380486,4.254263387262313,-0.0843897929924382,-0.040387252626492565,-0.30165902133774836,3.539776495884979,-0.470499985489937,3.069276510395042,0.4200000000000159,0.2400000000000091
2020-05-01,2020,5,0.8249137316601036,0.7406438760474998,0.00020816889243620122,0.5244951251452612,0.017620982363983684,0.42470338612539393,3.9948806091172173,3.7264505209375898,-4.486280426054037,-0.03403917954793556,-10.131878351283376,-3.7937976939389557,0.4852277784261432,3.9029181554020056,3.734246817214398,-0.06259153723850508,-0.07558053148655075,-1.0310114955523098,-0.17321577414106315,0.09975874999202006,-0.07345702414903599,-0.05000000000001137,0.13999999999998636
2020-06-01,2020,6,0.648853458157646,0.5506267734608059,0.0001843579297192994,0.9913574408649026,0.013028392631920349,-0.20461394759968954,4.451232310658781,3.332464099013862,-5.010594029949345,-2.1011243768119563,-3.253239318000851,-3.3948023382781685,-2.400845195742356,4.502586737771992,3.333559947838239,-0.04207156657709321,-0.07033667004006805,-1.11779379477953,-1.9155125106015234,-0.05025857828883318,-1.9657710888903637,-0.9300000000000068,0.160000000000025
2020-07-01,2020,7,0.2528391754583481,0.5248868130516371,0.00020662745788250017,0.7779285798558568,0.011769691191531928,-0.6931115503019782,2.035010426327574,1.4907465764769086,-1.4995769166429795,-2.379925900329525,-0.7561436285177479,-1.5107603554180002,-2.869821935806982,2.5756282042679004,1.4917716526944673,-0.00785747037568596,-0.013153363956071473,-0.26819541518734624,-0.4787125967024224,-0.5395927017227677,-1.0183052984251901,-1.7099999999999795,0.16999999999995907
2020-08-01,2020,8,-0.1671229164705892,-0.1753442758721917,-3.46150732449986e-06,-0.3050126045420569,-0.01261478194080523,-1.089741616659495,-1.3306025003511763,-0.6924459970099974,2.379452146564603,-0.879769064965938,4.326216686793487,1.9341635574071177,-1.4741908005792759,-1.1146632472302826,-0.6916256062946218,0.02826047006695287,0.03786734217718912,0.5832930898666557,-0.14913314645582432,-0.21511886240551803,-0.36425200886134235,-1.4399999999999977,0.10000000000002274
2020-09-01,2020,9,-0.513705305675046,-0.619970638189784,-0.0003012540078115005,-0.9240021987281359,-0.010063670907037525,0.37966378192110994,-2.959793548293362,-2.9258815766044677,3.4364353785303194,1.6104977585842128,-4.586283501717844,4.659912016951694,1.7595096651778377,-4.042560835042536,-2.9208937912472948,0.06441287794925543,0.05863870961605144,1.1535896781094337,-1.0744647318277316,1.0877550721063471,0.013290340278615531,0.2699999999999818,0.2300000000000182
2020-10-01,2020,10,-1.0928133953934775,-0.7144176817149059,-0.0004367575174748003,-1.2424169646212562,-0.012048489894741055,1.6549105751354034,-5.8952064465797775,-5.655684204409226,3.673821715118322,4.258876230735158,5.501757948484737,6.142528735508563,4.737832336698435,-6.696878166555791,-5.652832926896451,0.10794034328087942,0.07431018642780352,0.8660302651997664,-1.9897509144270273,0.8045229974887889,-1.1852279169382314,1.660000000000025,0.3299999999999841
2020-11-01,2020,11,-0.9240823439889141,-0.4216110975367542,-0.0002797312394069995,-0.887870395434252,-0.0009101866212883891,1.0087782556350433,-4.504691542867363,-4.607479581414509,3.186065828318533,3.9530200549248207,21.423856758861803,5.311693416813199,4.356936078835332,-4.962747928339468,-4.6198802947108675,0.12290926646842859,0.08774455534648062,0.0995966189256361,-1.7217115645841474,0.445655672175743,-1.276055892408408,1.589999999999975,0.18999999999999773
2020-12-01,2020,12,-0.8754212350793296,-0.4022541481884332,-0.00014592749951400016,-0.3369203948175894,-0.0037561386958745446,0.01841558534643184,-3.999602738720853,-4.071844732930742,0.7321612303471738,0.1457429674271502,14.615441387737519,2.772741012643621,0.052963767102383486,-3.5320613564629184,-4.076660013900266,0.06094381067297672,0.026934334134907978,-0.5763343927062063,-2.133358982621189,-0.4723566632274512,-2.6057156458486475,0.8899999999999864,0.08999999999997499
2021-01-01,2021,1,-0.18088569854307934,-0.07231708992071617,8.267704432299988e-06,-0.06678087429046897,-0.0022749320791739525,-0.19846521374795145,-1.6301266496150788,-0.6823929965097477,1.1169543438035703,-2.3966956183257295,4.847881634996156,-0.5549219648813164,-3.092694720789204,-0.5664269057055549,-0.6838190774753912,-0.009600779412076932,0.008537328564871771,-0.25968749297156535,0.9758772062213552,-1.065125824875171,-0.08924861865381217,0.5900000000000318,0.2400000000000091
2021-02-01,2021,2,0.12427270613346764,0.10776093161086919,8.431118011070077e-05,0.10358177049998929,-0.0025404163647982925,-0.8548712086149095,0.5796859725531931,0.8694757864948315,0.26030414582942285,-2.0227292212023222,1.9234618528862484,-2.8777534539039777,-2.2084053003032125,1.0457814609069374,0.864897888645487,-0.07082965180967005,-0.0213707194390671,0.5223360906686167,2.9523815206325708,-0.47067338620308874,2.4817081344294856,0.46999999999997044,0.19999999999998863
2021-03-01,2021,3,0.7095455462279574,-0.2067687092998085,0.00011187645816269909,0.2713929213664521,-0.005722577144044005,-1.1209361196922174,3.1423843498752717,3.818937133592044,-0.9051988933031794,-0.8416557286830404,-5.526602835481754,-4.160362444431115,-0.5390148026894508,2.748575332689313,3.8256114718340086,-0.10051895683540746,-0.04536430307217154,0.42919039310039864,3.557804477121522,0.400483355427923,3.9582878325494413,0.29000000000002046,0.0
2021-04-01,2021,4,0.9000844871910658,0.24309110446046134,0.00012331357923489952,0.47455887168790767,-1.8619686657728174e-05,-0.07531639123050837,3.589416269005312,4.270275295433123,-2.0498504369947455,0.7628315703711479,-1.2659599687467562,-4.110821616637168,1.2182979733523212,3.8661640274789875,4.270918490818133,-0.0968353091215417,-0.06660926778550946,-0.3496526506211133,2.516437582623581,-0.27610456308866205,2.2403330195349156,0.3199999999999932,0.12000000000000455
2021-05-01,2021,5,0.948873450126996,0.7161846340770239,0.0002728505184067011,0.7092282184338714,0.02930979354920682,0.1677748511973789,5.19272413086054,4.4521761898857335,-4.710529090088471,0.16893714377360425,-10.70623585904832,-3.9897340893704154,0.619936418751962,4.847132540435609,4.459516629929681,-0.06807520711859771,-0.0826809408042708,-1.022192673038985,-0.2697957257396979,0.35293203046887456,0.08313630472918199,0.19999999999998863,0.3900000000000432
2021-06-01,2021,6,0.715122735344039,0.6292900625286393,0.0002315138102597994,0.9698866102495991,-0.007153013091827365,-0.2890079308479798,4.174925682275386,3.649209428176107,-3.724183882017286,-2.052286829387917,-6.715758747042855,-3.3272672950497792,-2.3112161951977086,4.726617580647883,3.6502833726982544,-0.04008082745841035,-0.0510642507013781,-1.10313480032735,-0.6558459527773053,-0.5506179538503488,-1.2064639066276488,-0.8100000000000023,0.2799999999999727
2021-07-01,2021,7,0.4322618295993266,0.7201395254028853,0.0003029914960080999,1.0888923480600141,0.030684866808783573,-1.2244862175549116,2.9748175381719193,1.9645036074219888,-1.230896839499394,-2.181019838133384,4.809057317441329,-1.6569830324838222,-2.8689125568999287,3.682728102675185,1.963172093417711,-0.011222108064762981,-0.011096400531465545,-0.24154719458093332,-0.26180652578209873,-0.7092420785075433,-0.9710486042896491,-1.75,0.12999999999999545
2021-08-01,2021,8,-0.15491295675212768,-0.1615011874495167,-8.644714394009934e-05,-0.37186714414021793,-0.020239489231730245,-0.4755234445980179,-1.0541416877107963,-0.6609033544664271,1.4104355308251115,-1.0960900331782923,-7.4849473280628445,1.86168060047072,-1.5034609407702568,-1.3974096283799895,-0.6591883616532073,0.029446331005195336,0.0290197097783067,0.5905463931930619,-0.8586159772375765,0.3449829334824166,-0.5136330437551635,-1.3000000000000114,0.19999999999998863
2021-09-01,2021,9,-0.5897800870996548,-0.576123836745353,-0.0002477882856627006,-0.8659258628103217,-0.00039061166039766615,0.9325787031267723,-2.7927195452739397,-3.3826161466494113,2.4147781612025767,1.2018369861464748,-2.226260796058341,4.604762704370245,1.4510097515343112,-4.179204854519583,-3.3876385582365742,0.0603774518016551,0.042403837325791116,1.0518884321019115,-1.9408117777798566,1.38146289765848,-0.5593488801213766,0.2300000000000182,0.18000000000000682
2021-10-01,2021,10,-0.9914515019916053,-0.6432627815686374,-0.0003686946094927004,-1.3089892354938932,-0.013410164793294266,0.3857757939811819,-5.94509778279388,-5.158053883357411,4.533324256326267,3.9464868260424097,1.4311180615186458,6.207469974108335,4.2633050895548905,-6.245793240910302,-5.157141722646713,0.11405202262714909,0.08819826851099943,0.7657064736862456,-1.3573274542695515,0.30160761882711995,-1.0557198354424315,1.4499999999999886,0.10000000000002274
2021-11-01,2021,11,-1.1006583556185774,-0.8120600333118091,-0.0002920595850012999,-0.8477397955095114,-0.010809162091531488,1.1913066423274117,-5.300508363943777,-5.271614622327547,3.326411665501581,3.699118330260035,0.4669005705945892,5.2911281674359145,4.036071639164902,-5.4586320926613325,-5.273488035549974,0.11571935353373863,0.08250166594977504,-0.011854279743786833,-1.627763193029466,0.15625031549512514,-1.4715128775343373,1.75,0.3199999999999932
2021-12-01,2021,12,-0.634449922933527,0.08847673124881794,-7.774821422820016e-05,-0.03770567631797306,0.005911761615818967,1.3406722048814785,-1.9687059194724839,-2.965258647126632,-0.5553835175427366,-0.009483878053519135,3.912731598960818,2.589414521467745,-0.10470870447746705,-2.1067502474124353,-2.9672418858444303,0.05894181597881598,0.012028774595814973,-0.6499594844924808,-3.2400228654344403,0.13606108922215654,-3.103961776212291,1.0200000000000387,0.25
2022-01-01,2022,1,-0.24575555733071042,-0.25854971937377513,-2.3494071384300153e-05,-0.36222943970767574,-0.007487001460538045,-2.196855676009001,-2.448373610510316,-0.9419475579069854,3.724525196206997,-1.8083945127920096,8.334356387276785,-0.5197100499738951,-2.515951885039975,-1.0379249944445519,-0.954291619924561,-0.010042924329742853,0.04419582382047027,-0.09105907528951818,3.5366778739329447,-1.4227926780833435,2.1138851958496083,0.5799999999999841,0.19999999999998863
2022-02-01,2022,2,0.2587112260418394,0.073810680780241,0.00010149770471340122,0.15301966549384005,0.006412677496307029,-1.2585179137026117,0.8656212947684025,1.1762252154032922,-0.516531959185528,-1.879568088865998,5.965638866502559,-2.7158758077343634,-1.9978942756673561,1.0903170919486342,1.1737992230148961,-0.06495398038024192,-0.029062820487463004,0.5167062067297081,2.0810176617474667,-0.22712178956862772,1.853895872178839,0.45999999999997954,0.160000000000025
2022-03-01,2022,3,0.7936628683390836,0.15994487993572193,0.00020232394106869944,0.535946613565752,-0.0007490455059023793,0.023260106105830403,3.4348892175407855,3.8000128148416934,-1.7054694209243166,-0.7229508348112574,-7.359558711134014,-4.1518826249381675,-0.4449826275253841,3.671965606633364,3.8111685534186677,-0.08277839678517118,-0.04568368626209196,0.42821671311410725,2.724381411299703,-0.2259206505156044,2.4984607607840985,0.5200000000000387,0.3100000000000023
2022-04-01,2022,4,0.7590238743450186,0.3743338145451389,0.0001214202253482996,0.48872194400603775,-0.0005445502442837924,0.4923049119870768,4.469693164652028,3.8333346223037097,-3.406260839344611,0.954274271537713,-1.9798928094096482,-4.1811985175105235,1.4894205888315497,3.7572619261556497,3.840469259276233,-0.09444593780944688,-0.07925776097796433,-0.2611287352558911,1.310083995459756,0.719565875468902,2.0296498709286652,0.4199999999999591,0.21999999999997044
2022-05-01,2022,5,0.813153757214593,0.45345254120439904,0.00012819456888499975,0.27323803233032606,0.0029927873368792435,-0.592577742481275,3.489827165839415,3.891051123891657,-4.457045822124712,0.059325656260721615,-12.390116318478249,-3.747700224492746,0.684751724639618,3.1904533256464447,3.897491990023809,-0.07227804678997707,-0.08526013927789666,-0.9767734365821781,-0.0839195292530448,0.30581470632512264,0.22189517707207074,-0.12999999999999545,0.06999999999999318
2022-06-01,2022,6,0.8035905835559447,0.6740400709042547,0.00020374981241420148,0.864569132909299,0.016685409877850832,-0.30737161872578156,4.225015049555054,4.07394798655622,-2.234067556739973,-1.9727405632703352,-5.638941960656666,-3.300179631113224,-2.6496963710912773,4.818120429102521,4.074971493161854,-0.04481892941404508,-0.03575389184487543,-1.2112053782770857,0.389156266552277,-0.5920818729418329,-0.20292560638955592,-1.0299999999999727,0.10000000000002274
2022-07-01,2022,7,0.3441236864849202,0.8876135733765409,0.00035619443665569836,1.5295527060905378,0.022891240414794067,0.8640680638391913,4.27413149932255,1.6499964672416354,-4.487155638070817,-2.3865279642184944,7.749963316746289,-1.9687910698135056,-2.691728782297936,4.095972626801029,1.6445642369753841,-0.00998778395020361,-0.04882742152110575,-0.2627903888769296,-2.823565386336753,0.17272664225527024,-2.650838744081483,-1.759999999999991,0.11000000000001364
2022-08-01,2022,8,-0.18877236657414187,-0.2842530355637223,-1.1130763622699616e-05,-0.2512227953721968,-0.014640574711364374,-0.24847590100247885,-0.9068622844590664,-0.7188548147387905,1.6892367803224886,-1.2880126945376276,2.6358817864820594,1.795207658893844,-1.5895754586161601,-0.9700902298771439,-0.7212638684045487,0.029046177207876944,0.03367638424680264,0.6017585738875955,-0.407533642649895,0.06081889175231936,-0.34671475089757564,-1.2700000000000387,0.23999999999995225
2022-09-01,2022,9,-0.6008230830095727,-0.6940627966704369,-0.00034662187902189875,-1.2448409729639955,-0.01433392012566359,-0.33755857040882375,-4.173173876175781,-3.264535713865712,4.38359554885551,1.193707513295358,-2.701217906345846,4.753925992997523,1.2770088401679516,-4.832153246262067,-3.257797300020684,0.06592869188909756,0.07018425018103791,1.0544362005744397,-0.2870291172694124,0.6657177839313135,0.37868866666190115,0.2300000000000182,0.20000000000004547
2022-10-01,2022,10,-0.9848390458072345,-0.7218087709094334,-0.0003952024182520015,-1.2525143414027617,-0.00452744635328306,0.8596980939858625,-5.782156640140897,-5.287191497379979,4.215802232426654,4.09271916066092,-0.21926863116095774,6.221870715043508,4.469571245758512,-6.3346797325799,-5.2881045542793,0.11525253588625306,0.08484251927639486,0.8442647736607398,-1.629216397519258,0.551610035539678,-1.0776063619795764,1.5199999999999818,0.13999999999998636
2022-11-01,2022,11,-1.304839755750038,-0.6354277715516901,-0.0003333334790564992,-0.9383305918981613,-0.014306070187557807,0.9097358816520398,-6.2031560266481165,-6.198812717164401,3.2928712491311103,3.879088031924148,-0.5860631802934222,5.3114678902496735,4.336466096465536,-6.134717440751672,-6.206423235487023,0.11206497652573866,0.07870443986929443,0.10367454821815336,-1.5612185765771756,-0.07604910421906652,-1.637267680796242,1.6999999999999886,0.3299999999999841
2022-12-01,2022,12,-0.5662414059100342,-0.3267960741915772,-7.285281756239971e-05,-0.10479134654660882,0.009740319387528396,0.1440167479485126,-2.7861151702117013,-2.8190984895610995,1.8181208013748744,-0.01566519173809411,12.804363438786822,2.6294795745148463,-0.4633281957955617,-2.1589717490301723,-2.829286585066768,0.0506330714180816,0.03436542501506823,-0.7270587425924848,-1.2590217771974324,-0.6373315166871976,-1.8963532938846335,1.07000000000005,0.3100000000000023
2023-01-01,2023,1,-0.2038786202926417,-0.11663870066729487,2.6997770152399278e-05,-0.03942712084258915,-0.006732624991816816,-0.9445767745982465,-1.5518859353957168,-0.8399285979536444,1.3214917125096122,-1.9627764957071534,2.372971987060737,-0.599674343236245,-2.6357750218534477,-0.5077426969071439,-0.8479491895513434,-0.008271238290330274,0.013949601966310787,-0.19309337711397134,1.2481675295995558,-1.052163830086272,0.1960036995132839,0.45999999999997954,0.009999999999990905
2023-02-01,2023,2,0.339235616302517,0.15465887088697627,0.00015183118974270056,0.3714190416573899,0.003243562742261563,0.7469770461691496,1.6314370989853728,1.8424183764919349,-0.17139121315463512,-1.8087238095910294,1.950579981887131,-2.8293140250632405,-1.8646793332237834,1.8544503761085593,1.8481947777631262,-0.05513258221756345,-0.012524609983631585,0.5721420442786069,2.6019672882758584,-0.21723687585199158,2.384730412423867,0.2799999999999727,-0.029999999999972715
2023-03-01,2023,3,0.7994450910729256,0.10786683682204057,0.00018126306367769948,0.3089376458071875,-0.01915502246276002,-1.4745358215454658,3.8805076195064316,4.164585005053937,-2.0801533011816957,-0.8476444824264817,-3.119557594502112,-4.242593487339036,-0.4138621618503535,3.584668627870201,4.162465801852875,-0.0929568003681247,-0.05659238294416502,0.447386481471856,2.5962225067334543,0.293719788435169,2.8899422951686233,0.3300000000000409,0.12000000000000455
2023-04-01,2023,4,0.7408568654889791,0.32188525689474545,0.00013573433766750007,0.677368907880517,0.009178018018032641,0.4653436847170056,3.482261000537676,3.520635652992155,-1.8153185240200287,1.0432481770783255,3.0357510938629275,-4.0993655429096805,1.4385980449835287,3.396542237949973,3.522797657176909,-0.09786865706990788,-0.062358247732314354,-0.27134024507919996,2.6793968867948763,0.08788076677245726,2.7672776535673353,0.5099999999999909,0.3100000000000023
2023-05-01,2023,5,0.9653852131036729,0.8324417318592623,0.00027764569791930045,1.018802321530984,0.013861865627085579,1.0827963817225168,5.511403691382839,4.526029929813774,-5.128163400984619,-0.04986968739986608,-5.562267593704746,-4.172221802992311,0.5062933634534659,5.183505518915297,4.544409026861501,-0.07868128993050316,-0.0939524926975257,-1.0365818710292096,-0.39977854713893635,0.3462772695152694,-0.05350127762366874,0.07999999999998408,0.2899999999999636
2023-06-01,2023,6,0.8546966084871315,0.6727994617135096,0.000251239234363999,0.6649077873244842,0.005407087381435249,-1.240431584276429,4.345187923115191,4.384933184239799,-3.438922474249665,-1.913276055998157,-9.332320577523205,-3.1000707380674726,-2.276936424899681,4.832301048579552,4.391433803677899,-0.030794881704101496,-0.04290001295464618,-1.1189629883812877,-0.7025121050837413,-0.4806125060262616,-1.1831246111100029,-0.9900000000000091,0.12999999999999545
2023-07-01,2023,7,0.47540678415538196,0.7745941604567861,0.00030113377204070077,1.2155252233821159,0.027876154253405616,0.008883699870636974,3.829286301556408,2.42690252394641,-2.1335927465404154,-2.2071637487834117,3.6785742502106586,-1.8397708345232218,-2.84101228136727,4.172967800586832,2.421856142465117,-0.009905678518618455,-0.018759743955315322,-0.3252571120314851,-0.9276704446010626,-0.3487278805117171,-1.2763983251127797,-1.6599999999999682,0.21000000000003638
2023-08-01,2023,8,-0.1828421219160532,-0.13167683638823746,3.1346471234001277e-06,-0.29673241959685015,-0.017661423185974856,-0.9945963880810709,-1.303447824206387,-0.6484609521567677,2.1733660691844534,-1.2356866295302282,2.3850413985492196,1.7520116700029007,-1.7300853968610035,-0.966655711806311,-0.6484799069267524,0.026673351889500818,0.03507098191228275,0.5403989821613333,-0.0730443681492261,-0.3368110671700606,-0.4098554353192867,-1.1400000000000432,0.36000000000001364
2023-09-01,2023,9,-0.45715279691847854,-0.4433406581415511,-0.00024018610735519925,-0.7381764211054254,-0.005835653974255006,0.07175425060336948,-2.879429636635564,-2.8544666326848187,2.9858382539665627,1.0634779054512329,-3.311592234749696,4.500273769732274,1.1961273823527243,-3.635770883903376,-2.8503116806980984,0.05741693997355446,0.04608239864676067,1.036573446180654,-1.3817860388642202,0.7604961992545327,-0.6212898396096875,0.4000000000000341,0.37999999999999545
2023-10-01,2023,10,-1.14009631866179,-0.6564036208813491,-0.00042636089542160034,-1.4601104210639129,-0.026531397135408086,1.5920921048609102,-5.47180415590276,-5.6798720719298785,2.6308256518462088,3.81828269377122,1.7384358128911117,6.102222239267434,4.450729157641888,-6.806090144173652,-5.681579801725093,0.10647046521993664,0.062290885020964915,0.8955030341343075,-2.8389501235505747,1.3325782584756745,-1.5063718650748932,1.6599999999999682,0.2899999999999636
2023-11-01,2023,11,-1.0435963268707837,-0.46996124247652915,-0.000249162907954301,-0.4723235898433238,0.004598220986988588,1.6327676532993962,-4.697365894435734,-5.231269247546265,2.562801226462483,3.670856344873407,5.795817174759577,5.102250240630468,4.123161951641727,-4.915835845222773,-5.243234201231871,0.1093123460855785,0.06989940649690407,0.055155703650239474,-2.0871434073996227,0.20650499710143677,-1.880638410298193,1.5600000000000023,0.18000000000000682
2023-12-01,2023,12,-0.6311744786270879,-0.2335530821849261,-0.00010487441665159997,-0.24932865357477496,0.00011886731856203259,1.032666134853912,-3.035289848688535,-2.9974931183965623,1.199481985973108,0.4246229765649723,3.3617221068707295,2.9142247012366624,0.10458577861970042,-2.627549854214749,-2.9990106076796224,0.06475999665903842,0.03466380078022535,-0.6413324253193249,-2.0347799132088653,-0.40925748375684634,-2.4440373969657117,1.1000000000000227,0.3299999999999841
2024-01-01,2024,1,-0.33066514918795065,0.06668959150289311,1.9780547886800656e-05,-0.11233899959378846,0.00014499118894273355,0.2304455903095004,-1.473298310591474,-1.1337305904813206,-0.08500558381439305,-2.066847983115757,8.597431661954033,-0.6038364781305745,-2.4201630386046844,-0.9218195044267077,-1.141283918930128,-0.0010019809088364084,0.0018771453803130278,-0.09933195437636577,0.16551583882728238,-0.5590321346135738,-0.39351629578629854,0.7099999999999795,0.26000000000004775
2024-02-01,2024,2,0.3657345646132626,0.10799238642357523,0.00015510652914289998,0.429460351955651,0.0004278704867728411,-0.8612429937545372,1.5530145076565418,1.7055972847377916,0.2773639943850412,-2.0670498518655904,4.017574397599674,-2.9405263082084616,-2.3424777932412653,2.168625400181668,1.699711018507628,-0.05901192557063961,-0.01174359560620708,0.4705805743267639,2.942462361217814,-0.6214971587552895,2.320965202462535,0.5900000000000318,0.2899999999999636
2024-03-01,2024,3,0.5542848273147456,0.005344315558147628,0.0001522149830240991,0.47015114041331785,-0.0007093654131116178,-0.09117164639508246,3.3607903628677036,3.0135514090814013,-2.0976441124767007,-0.8315847807207319,-0.31602594209834933,-4.311980030474501,-0.3966053703935515,2.7293317201900322,3.009959983960698,-0.09317489787457678,-0.05457752927755788,0.45243132893175897,2.649315328324974,0.6278672175569682,3.2771825458819386,0.6100000000000136,0.4000000000000341
2024-04-01,2024,4,0.8659431803822599,0.45765945917418094,0.00016834463105700088,0.391143978726884,0.004453511756531081,-0.5165065731649605,3.7113987931551833,4.001153802086435,-2.2071795387084023,0.8708862456254245,-6.219605003178003,-4.185056199624626,1.3225828639461739,3.752428924573451,4.010504650349162,-0.11018051117939054,-0.0788105565724786,-0.2827999977425346,2.429573279236962,-0.03167928315554036,2.3978939960814216,0.46999999999997044,0.2699999999999818
2024-05-01,2024,5,0.8545949613724702,0.3882627272629975,9.828944643049987e-05,0.4586741387445237,0.0062586399517107205,-0.5123696048855564,3.5829963499066935,4.007037800600301,-3.682630108087295,0.5347966329695701,-11.125369035100448,-3.687013092187641,0.9548651808874311,3.4625989668906527,4.025641583525214,-0.07039444833492325,-0.07210386709572081,-0.9389403333783601,0.4244515320181961,0.1390011659409538,0.5634526979591499,0.060000000000002274,0.2599999999999909
2024-06-01,2024,6,0.746293713839691,0.6009430915151484,0.00017780474273700053,0.6233052236408909,0.017630469174708785,-0.4144960561078008,4.365185558921155,4.027697674468868,-3.9105496551654255,-2.2351683279613077,-5.140415453206515,-3.146776961801635,-2.441885956298588,4.451249541907089,4.034018557029981,-0.03958204394379683,-0.05517872648853395,-1.1483974212746482,-0.9704903217010497,-0.07974310042481747,-1.0502334221258707,-0.7199999999999704,0.4200000000000159
2024-07-01,2024,7,0.28020912114993735,0.49756771053404236,0.00022222485094039977,0.8964413145076797,0.014729095632770361,-0.49762455055576993,1.8074225806689128,1.2591197555240115,-1.1241976513220209,-2.174752919255962,-5.080299554116209,-1.500014950441198,-2.9187512465110075,2.7233233107102706,1.2537225351046573,-0.0023407585258006236,-0.006512000944316032,-0.32155123299796884,-0.3681810281358082,-0.9212979504607155,-1.2894789785965202,-1.6200000000000045,0.2400000000000091
2024-08-01,2024,8,-0.06884633238036031,-0.15593703421285454,1.3849026271699899e-05,-0.05937344918062948,-0.004666649341489748,-1.4768034119023312,-0.8172372415436371,-0.5089499196898828,2.5303028805800807,-1.1265327078094174,2.0748840838641627,1.7135889192783793,-1.6930483108538397,-0.3700515827121649,-0.5102093949986966,0.0306234334594353,0.04523063070898825,0.5511093170459542,0.2501983582572791,-0.448445134140286,-0.19824677588301043,-1.330000000000041,0.18000000000000682
2024-09-01,2024,9,-0.6673956693790615,-0.5359743914074784,-0.000267260943263601,-0.9456491751712299,-0.01653646994327629,0.3456914286492747,-3.0613723858170374,-3.364566204821301,2.793968987326025,1.1047336260498106,5.291453402271145,4.597480788222015,1.4006402180467958,-4.257912570330177,-3.356260003956777,0.06086068202754369,0.047693953045155446,1.083858751651258,-1.507605208899065,1.2048463853776639,-0.3027588235213976,0.3199999999999932,0.2899999999999636
2024-10-01,2024,10,-0.9657895191093075,-0.7883056145018372,-0.000428435981354499,-1.420724783100038,-0.013974831142021249,1.4130972976227412,-5.648351264417386,-5.0956888819226265,3.9485678501146424,4.065843216769352,1.1903172152815387,6.179446217571069,4.42179733726449,-6.507986518414896,-5.102920254288449,0.10561924822634339,0.07499323723794138,0.8226852496148762,-1.8749242469612852,0.8524038816316839,-1.0225203653295978,1.75,0.37999999999999545
2024-11-01,2024,11,-1.164163805102362,-0.5894750570865313,-0.00029332108693540075,-0.8505121629213015,0.0008576248590997926,0.89946307908005,-5.224093971988907,-5.807152474412476,2.1594588162042783,3.8589223414872293,-2.6510593988350593,5.3469678711733195,4.274649581975559,-5.8507376389426895,-5.818790983495262,0.10880488541100553,0.060329435045940016,0.050908884217287564,-2.7717818144806756,0.6150051578709999,-2.1567766566096793,1.7200000000000273,0.3300000000000409
2024-12-01,2024,12,-0.5655092979612277,-0.18177362733229074,-0.00014511917806979933,-0.13356987063605175,-0.0025570401673429277,0.9176096206847433,-3.334312905272327,-2.952115401707829,2.0942440275230467,0.3573643560927593,9.142907856556121,2.7007169558211217,0.2139775011125522,-2.6010634380762667,-2.9566528732603956,0.06189207985576761,0.04873797584956163,-0.544002829721963,-0.7498597832783105,-0.7377869387486271,-1.4876467220269411,1.1499999999999773,0.39999999999997726
2025-01-01,2025,1,-0.17284779704698394,-0.23964261062053538,-2.6983722541600724e-05,-0.3561447455780602,-0.005171602918538021,-1.7921679882663213,-1.9187357403179703,-0.42967596191738266,1.9810727660173484,-2.1326162568570126,-4.3730668240605155,-0.6105057707423214,-2.7673500605062387,-0.7758308229466024,-0.43831168700631906,-0.011851792543617456,0.019969053406640125,-0.1572161399241292,1.9568447331104437,-1.1515406424603043,0.805304090650143,0.8300000000000409,0.37999999999999545
2025-02-01,2025,2,0.14015301056787166,0.14366859974796853,0.00014642563183699976,0.3624497079535196,0.006367110703878076,0.2700084335146258,1.5690969598750826,0.9155061090521599,-1.8406785364870188,-2.030828777461469,8.309170053937123,-2.904830140162403,-2.0036541613273755,1.4158100184851605,0.9138013635322295,-0.05912424441262765,-0.03897645695772578,0.5524985319156972,1.0913262198095026,0.15158219586999166,1.2429084156794943,0.40999999999996817,0.10000000000002274
2025-03-01,2025,3,0.7042331024669011,0.0374448269284926,0.00019603310412770122,0.5407062950006427,-0.0011617099190982527,-0.2111599047628232,3.4283459467491753,3.7063402192714534,-1.4487213600657753,-1.08673079283464,-0.8004082366533112,-4.264671572611007,-0.9121886789412059,3.497146200835516,3.7230299326732847,-0.07998420502587233,-0.03855059963205809,0.23445509003333775,2.990492326438641,-0.05211054068451304,2.9383817857541317,0.12999999999999545,-0.06999999999999318
2025-04-01,2025,4,0.8553615027604451,0.38157924107093777,0.00013608984790330035,0.48834372415275595,0.000397719055723722,0.5132362041198633,4.463974516299345,4.047636161364778,-3.7107019673464663,0.6863468614597608,-10.619864980326383,-4.205132346279299,1.2081954289483292,3.6860949976539246,4.049320900892951,-0.09686019602456852,-0.08398828301451244,-0.3593350559831947,1.0162789464213802,0.7795642581736004,1.7958432045949735,0.35000000000002274,0.14999999999997726
2025-05-01,2025,5,0.8118929213551382,0.4905318532442493,0.0001559922035210999,0.5553469386787988,0.018464262219865413,-0.6029490941303024,3.709924944557997,3.797958603191205,-3.5263283927844498,0.23564902321236048,-5.094652330459212,-3.7817293858250594,0.7451629133124626,3.6712153704547745,3.811013831965738,-0.07060469443120576,-0.06921459831693078,-0.9100403202159004,0.7649148831407615,0.0517648028777522,0.8166796860185173,-0.03000000000002956,0.17000000000001592
2025-06-01,2025,6,0.660463284820878,0.72272725773189,0.00015163797359189941,0.5076877890849012,-0.009300968012239674,-0.9374069028506398,3.003684355466703,3.3478259779330415,-2.282763393312564,-1.831642626037766,-9.213301174793742,-3.053847068585128,-2.441835637489355,3.6816877094207143,3.351966021051794,-0.050995198048938484,-0.04521076224372722,-1.1009889395705414,0.1608906638209362,-0.6738633108352587,-0.5129726470143225,-1.0399999999999636,0.07999999999998408
2025-07-01,2025,7,0.20496343191700817,0.23617842629204233,0.0001843697379255993,0.7548423347022535,-0.004938120538092727,-0.7260184401536307,1.7945541105755751,1.532015770329508,-0.47174026094575083,-2.1412259191665086,8.205793057000847,-1.4539502098791104,-2.7938032664067336,2.2243486988164705,1.5256450361835618,0.0028829476797058717,0.012305960735403243,-0.3579707201007203,0.329632601693163,-0.4361653223868416,-0.10653272069367858,-1.6399999999999864,0.2300000000000182
2025-08-01,2025,8,-0.06891381852005907,-0.05880139406275475,-7.234785994339986e-05,-0.34143668688685835,-0.015624902367099569,-0.4155821830850286,-0.9890228065450515,-0.4702200116548738,2.199192400613555,-0.968977635273891,-3.581098886075779,1.8505256631435998,-1.4476652996580057,-0.9907483786448097,-0.47756093936459365,0.0320841400513201,0.040826363144443434,0.5463631838626046,-0.13002092691419875,-0.005615355609961625,-0.13563628252416038,-1.1800000000000068,0.3199999999999932
2025-09-01,2025,9,-0.5181228343059274,-0.5632231487477384,-0.0002409711096255998,-1.0155851765777335,-0.004319122758849048,0.1429942231700494,-3.5245435764576882,-2.785923541995544,3.5520210664885212,1.125547682658464,0.5706766515504569,4.631947038220659,1.2836087281855946,-3.875040386288731,-2.7762946181601365,0.065200577638167,0.05860041470970323,1.0788940102320659,-0.9218649262049894,0.3601257336664503,-0.5617391925385391,0.1099999999999568,0.08999999999997499
2025-10-01,2025,10,-0.9917957172627325,-0.6165075741337205,-0.00043841258808900024,-1.2935071985008086,0.0010070336593590579,0.942062485551638,-5.337849797978038,-5.223830596032542,3.8535755095029174,3.6455638929859866,3.5069203168095555,6.004865214170678,4.056093651340394,-6.461678673753227,-5.220456753184067,0.0897940192094473,0.06499336380636489,0.7718353551693706,-1.740759946313375,1.1272027186236642,-0.6135572276897108,1.57000000000005,0.18999999999999773
2025-11-01,2025,11,-1.0739149807633908,-0.7342937680782597,-0.00034091988594689947,-0.9407762137206994,-0.02396212121907243,1.23853722062087,-5.840240274126415,-5.390994523684583,3.2727924991713166,3.834098955331413,2.1562763393158093,5.336831848416665,4.0839021023796604,-5.6078312540682305,-5.388587229534778,0.10100111752511909,0.0679050816625506,0.09592607287826915,-1.814236202197101,-0.2300017259083802,-2.044237928105474,1.75,0.37999999999999545
2025-12-01,2025,12,-0.7924329084943338,-0.3379978951008411,-9.306919812739935e-05,-0.24797620810515753,-0.0015955822989898727,2.396490436039244,-2.780349220144899,-3.29619528227812,1.409142757120236,0.4911797054812794,7.931363678042544,2.818791156312926,0.442742445851934,-3.0079851572706957,-3.3038297886116084,0.0663584194909781,0.043670872746679024,-0.5415319113240056,-1.4580856588220001,0.22000143079230483,-1.2380842280296918,0.8799999999999955,0.12000000000000455
