date,year,month,T2m,T500,SPFH2m,PWAT,APCP,TCDC,DLWRF,ULWRF,DSWRF,USWRF,PRMSL,CSDSF,CSUSF,CSDLF,CSULF,CDUVB,DUVB,ALBDO,CRE_SW,CRE_LW,CRE_net,co2_avg,co2_trend
1979-01-01,1979,1,,,,,,,,,,,,,,,,,,,,,,,
1979-02-01,1979,2,,,,,,,,,,,,,,,,,,,,,,,
1979-03-01,1979,3,,,,,,,,,,,,,,,,,,,,,,,
1979-04-01,1979,4,,,,,,,,,,,,,,,,,,,,,,,
1979-05-01,1979,5,,,,,,,,,,,,,,,,,,,,,,,
1979-06-01,1979,6,,,,,,,,,,,,,,,,,,,,,,,
1979-07-01,1979,7,,,,,,,,,,,,,,,,,,,,,,,
1979-08-01,1979,8,,,,,,,,,,,,,,,,,,,,,,,
1979-09-01,1979,9,,,,,,,,,,,,,,,,,,,,,,,
1979-10-01,1979,10,,,,,,,,,,,,,,,,,,,,,,,
1979-11-01,1979,11,,,,,,,,,,,,,,,,,,,,,,,
1979-12-01,1979,12,,,,,,,,,,,,,,,,,,,,,,,
1980-01-01,1980,1,0.195381163179718,0.10094701263454908,2.0443249109988043e-06,0.03301387696489755,-0.0003788408436971036,0.4098805390904374,0.8819588816020314,0.8666783112767007,-0.17385700951172112,-0.32104630029066783,1.2909476104396163,0.26999408230466315,-0.4021495564915156,0.723875831046314,0.8492309416667467,-0.0026240641131920484,-0.004051552321420182,-0.20490122854883985,-0.5249543480172534,0.1406356809457634,-0.3843186670714829,2.009999999999991,2.019999999999982
1980-02-01,1980,2,0.5540619486822038,0.3007868104937188,7.930994611998407e-06,0.26777202697082814,-0.005545207429046517,-0.0849742167866907,1.823519798312077,2.094394999053634,-0.7651468179947187,-0.48711753772035493,-6.621113616100047,0.12462065302375436,-0.3963515670133404,1.9255266506278872,2.076006035336661,0.0013597960004352316,-0.010132961916668126,-0.17897776375607855,-0.7990015003114763,-0.12039581603277938,-0.9193973163442593,1.9699999999999704,1.9700000000000273
1980-03-01,1980,3,0.27906318619250214,0.12334704257392559,5.205980647019978e-05,0.16906077228505012,0.0021196463891981487,-0.6045199292982062,0.82626044609475,1.1461303656511745,0.269053213476127,-0.29752969921097616,-0.4643848301493563,-0.2321659618286276,-0.650588890787013,1.0860675019024484,1.102787925406119,0.008117784075100332,0.012165213923670315,-0.35778147602567856,0.14815998372870354,-0.30314949605275743,-0.15498951232405034,1.7200000000000273,1.7200000000000273
1980-04-01,1980,4,0.3686516315590893,0.23969129913086817,0.00011101594703280017,0.8031647252878749,0.00545022167048792,0.4678709488776889,2.374820553958557,1.7573173853447202,-1.0722252707366522,-0.78691468926651,5.84790266759228,-0.4878450541492043,-0.9107757986839502,2.4385962425175762,1.7618605638668896,0.009156914809891337,-0.002120491788399903,-0.4311106310704016,-0.7082413260048668,-0.059232510036846264,-0.7674738360417166,1.6800000000000068,1.67999999999995
1980-05-01,1980,5,0.38352214891978065,0.24580990905707267,6.500058642350086e-05,0.5464930918463935,-0.003241431496636582,0.10005864267861853,2.0580886172608643,1.9478967590423508,-0.22507547024076757,-0.12263252251354828,-1.6467731230222853,-0.3067714693918049,-0.08949651791274249,2.043710277000116,1.9677541014007716,0.007600876362668707,0.010985995874305932,-0.13245036431742996,0.11483200375181468,0.03423568261916543,0.14906768637098544,2.180000000000007,2.180000000000007
1980-06-01,1980,6,0.12113389496511218,0.16849493520180658,-3.8159861171900566e-05,-0.0030003630974739792,-0.0005048023231647436,-0.08525926131329697,0.6692181320314035,0.7014514990149792,-0.03270013738028865,0.0040271832546388,0.9914818714169087,-0.03305023096538662,0.009744924849599101,0.30056489531210673,0.7138877801377248,0.0007923952385864297,0.0014502735453567617,-0.04772501011228414,0.00606783518006182,0.38108951784204237,0.3871573530221042,2.6000000000000227,2.6100000000000136
1980-07-01,1980,7,0.2577343280760829,0.11778032828812002,-3.701067701500707e-06,0.07365524222590025,-0.0021723134060388505,0.4866913225233702,1.420030834095428,1.0645381533307159,-1.50625187141614,0.002992394378022567,-12.725999033660628,-0.036846215277023475,0.3533771055813766,0.7000653406316815,1.0744072777707743,0.0010211021427881661,-0.016966484091818224,0.06424000087146986,-1.1190209449357553,0.7298346179038049,-0.3891863270319469,2.8700000000000045,2.8699999999999477
1980-08-01,1980,8,0.11143270666548233,0.2629297224948459,-1.6898454125099938e-05,0.09713991179008374,0.008058755756598979,0.6233809871445217,0.618493891295202,0.13132493746854834,-1.3394706574613906,0.14696221250958175,-6.333664919002331,-0.04188664190007785,0.17153918421506376,0.41970922287117673,0.13730055144992548,-0.00044810080948387565,-0.02091041457621845,0.08079166573197227,-1.273007043855813,0.20476028240540245,-1.068246761450407,2.8500000000000227,2.839999999999975
1980-09-01,1980,9,0.003921317948993419,0.2667729958652103,-4.4541567572300295e-05,-0.19769897184641394,0.0010479405653606166,-0.5128845956768231,-0.5106227113582236,-0.23150822979442864,0.8838823214948661,0.36989937253864014,-7.853815046270029,0.21532668323862936,0.24590160488149593,-0.4075745579509089,-0.21936813727819526,0.007192299869463792,0.01328879178788478,0.12659105418854466,0.5445578705990499,-0.09090806089108128,0.45364980970796864,2.0300000000000296,2.0299999999999727
1980-10-01,1980,10,-0.08338336225853027,-0.1412548317916844,-7.088827108409947e-05,-0.04287224479591245,0.013926869158615962,-0.2883942220447011,-0.5067990899052575,-0.6752536910949516,-0.10009569361992021,0.557149373559664,4.327880957760499,0.181440244171597,0.5689925636758275,-0.7739582513203231,-0.6638813449928875,0.009106282887442418,0.0038812020811467285,0.09098834665027056,-0.2696927476753501,0.27853150751712974,0.008838759841776067,1.4599999999999795,1.4600000000000364
1980-11-01,1980,11,0.055066572045802786,0.03968695496263308,-5.461766938509929e-05,-0.22972190065752685,-0.006542893875951639,0.1369691825732957,-0.46718937186824405,0.09458096841404995,0.7022284154546128,0.289402247640858,-7.739795606612461,0.08261818173690472,0.18891126628585653,-0.11056016873567387,0.08524143631143488,0.011606484117292482,0.015964753358520767,-0.04693043265802643,0.5191192523627137,-0.36596873523518525,0.15315051712753203,1.5699999999999932,1.579999999999984
1980-12-01,1980,12,-0.1650661682718919,-0.044115543730413265,-7.337318261230012e-05,-0.23286001625209707,0.00438246333941722,-0.3445520749425839,-1.4459114796893573,-0.7624731249917431,0.8496640514407261,0.5227248425587341,1.242660888165119,0.2237850378839994,0.35033643336570464,-1.0892620407081495,-0.7825966241823608,0.008600475586035827,0.01420548513179476,0.05682847441592642,0.4534906043637079,-0.37677293817182544,0.07671766619188247,1.75,1.7399999999999523
1981-01-01,1981,1,0.33628869324962807,0.12885243364104326,-2.3024127333398994e-05,-0.06472890024263833,0.007570275882235578,-0.2379485657172964,0.7354582039289426,1.154258469925196,-0.07683795240401992,-0.2045173840593577,-4.742893400514731,-0.024548622463413494,-0.262555644536306,0.617628673881029,1.1496434958854707,-0.0018140364139274112,-0.005730448320077297,-0.1404935848594615,-0.11032759041751206,0.11321455600818808,0.002886965590676027,1.6100000000000136,1.6100000000000136
1981-02-01,1981,2,0.11985443878870683,0.013326983926447156,1.9727370993901164e-05,0.21801494288727952,0.020357638651494758,0.863185237891571,0.9183150043177193,0.1279737448629703,-1.3872107531789766,-0.5900093552383971,-0.3765411765634781,-0.3359825391855793,-0.5581918622616229,0.3834524553570873,0.1416233514245846,-0.0029105590258753367,-0.0162527747680552,-0.2464407832380413,-1.0194107210166123,0.5485121555222428,-0.4708985654943696,1.490000000000009,1.4799999999999613
1981-03-01,1981,3,0.22787742363743746,0.11000294188932003,5.324708789419992e-05,0.20241005145454238,-0.00230296616193848,0.21893329972299824,0.7966231587176367,0.7376035252950146,-0.509995108628317,-0.620433687933442,-13.066548595597851,-0.2518004168560424,-0.5737620813797051,1.1282532522636188,0.7811804453054378,-0.012923684777632172,-0.01623858554769475,-0.07094335873180135,-0.21152308521851637,-0.2880531735355589,-0.4995762587540753,1.7799999999999727,1.7899999999999636
1981-04-01,1981,4,0.04716551259247126,-0.1319524437026871,-8.932182802999858e-06,-0.24308640935695536,-0.004064290527769687,-0.6697945538815233,-0.33613901075443664,0.022828482908494152,0.3834868400319351,-0.4171031160502956,3.254649722468457,-0.08391462513665715,-0.6042268309105054,-0.14908170467691662,0.046082215572710084,-0.012576864094789642,-0.005162442376767107,-0.0960698999184455,0.28027775030832913,-0.16380357341330765,0.11647417689502504,1.6800000000000068,1.6800000000000068
1981-05-01,1981,5,-0.12759823788610447,-0.06704054537624415,-8.54054588950992e-05,-0.3264925784989998,-0.00013134639183021157,-0.621410310256671,-1.3006239711831995,-0.7029843621226064,0.7536445536228769,-0.25317804458624593,4.153541851512273,0.06684224983186482,-0.4370874094341204,-1.0269223221861807,-0.6971646796694131,-0.005229042720439558,0.0015793710782303627,-0.051496318106663,0.5028929389431482,-0.26788196654382546,0.235010972399321,0.9900000000000091,0.9900000000000091
1981-06-01,1981,6,0.06408226747834078,-0.24783453852620596,-2.15787329876007e-05,-0.2689692953629468,-0.0059501800779929725,-0.4670166433880567,-0.6215149846155441,0.23898073804559772,1.1510987797958308,-0.29528494237450786,-14.859290764463367,0.012757547395125357,-0.42284703014880876,-0.29062269604287394,0.24767345406723962,-4.577479517520189e-05,0.014635179540075427,-0.07893633070662887,1.0107791446263548,-0.3221995725510247,0.6885795720753265,0.6399999999999864,0.6299999999999955
1981-07-01,1981,7,-0.10659782056183076,0.015643598495785227,2.1893608129899128e-05,-0.0006246923986203967,0.010510134135056637,-0.03206871732468386,-0.7074195290560397,-0.6008130744182836,0.5243778025701431,-0.03930549444484299,-1.664326837475528,-0.09797512323885371,-0.15033389605477865,-0.2261046102289015,-0.5905125443354677,0.0006960100349324705,0.006340202197898659,-0.0032531503343857793,0.5113245241990683,-0.47101438874432233,0.04031013545474238,0.7900000000000205,0.7900000000000205
1981-08-01,1981,8,0.037087252922731295,0.010274314858577327,-5.031395947180037e-05,-0.4296402648372606,0.0032178859083801248,-1.3837135879601021,-1.6056331864496087,0.13737730358747058,2.8026149931601765,0.07624230540297461,-15.08719678306079,0.23492636933448807,-0.1273712734381398,-0.48168118310559294,0.15038876708740645,0.0026097024373039623,0.03525711041118118,-0.01789166121760921,2.36407504498456,-1.11094053984408,1.2531345051404799,0.8599999999999568,0.8700000000000045
1981-09-01,1981,9,0.02851606516423999,-0.14063428295952463,2.9175185846200616e-05,-0.09275982092563595,0.008750915500180922,-0.5777234559457298,-1.1442410938298053,0.000281160250551693,2.0556700722517576,0.055148247336664014,-12.20662351557985,0.06895208485605053,-0.08474292954378271,-0.13620395451482636,-0.004190678910958923,-0.001832300098302042,0.022883745593957006,-0.05114387294328182,1.8468268105152958,-1.0125089784764931,0.8343178320388063,0.9200000000000159,0.9200000000000159
1981-10-01,1981,10,-0.018540317391511962,0.01282173928228758,-2.3045330134799022e-05,-0.34158672369630594,0.008463236933564877,-0.8650773469473094,-1.6587947977343447,-0.19446591619799847,2.2126153951567744,0.2426834725263376,-5.66551409062231,0.223404643591806,0.04338423186533902,-0.5904034578138067,-0.20310160018613033,-0.006888084270121109,0.015547168196611949,0.027166614833260994,1.789911510903977,-1.07702702390867,0.7128844869953106,1.25,1.25
1981-11-01,1981,11,-0.17044068623636122,-0.004042262781354111,-5.971006282590001e-05,-0.21001280065779326,0.008906094287462252,0.581603048491047,-0.6304580597378049,-1.2192659822471796,-2.474224741890481,-0.07242724757307784,3.224661595202633,0.22416599698573236,0.25456496031154785,-1.175667639160963,-1.215289283387449,-0.0048828194926544555,-0.04332170814104552,0.09142621578785004,-2.3713985309915984,0.5491862782828889,-1.8222122527087095,1.240000000000009,1.240000000000009
1981-12-01,1981,12,0.021109971931707605,0.1226144588384841,-4.361479027940006e-05,0.034517961135900777,0.013986729305833723,0.8127506163108151,0.08097747846392167,-0.2285213069974361,-2.8656926208722098,0.1301669509641279,-4.851444897183683,0.06143254875576076,0.43106152976622525,-0.17983970350195477,-0.19670263546186106,0.003637978060691438,-0.040060859515208325,0.19818928342894715,-2.626230590825884,0.2926358535014515,-2.3335947373244323,1.1000000000000227,1.1100000000000136
1982-01-01,1982,1,-0.6839005052044058,-0.26054184391529134,-0.00011826261517300027,-0.3726318436124778,-0.0031892706379185176,0.28812126063743904,-2.5603380818229766,-2.6097953170765322,-0.7659799799198765,0.28019808600723195,2.251448546856409,0.2537814514456329,0.5783594670049581,-2.529556845405409,-2.582479608033111,0.01365952658192704,-0.0035648559012368963,0.349613612468584,-0.7216000503677833,-0.003465527374149957,-0.7250655777419333,1.1800000000000068,1.1899999999999977
1982-02-01,1982,2,-0.47538008564310985,-0.32937624352064176,-0.00012852108799320076,-0.39295129093193637,-0.007734440686534727,0.6281345944434378,-2.107266714942341,-2.014086458332031,0.6169793138003286,0.8148907888273733,2.5933635162509745,0.3300693014141416,0.9252816330439089,-2.038266339319705,-2.0007295466501773,0.0020425291443704197,0.0033713746805466016,0.45714538729524534,0.39730085660272607,-0.05564346394078612,0.34165739266194706,1.1999999999999886,1.2000000000000455
1982-03-01,1982,3,-0.7226439436125816,-0.2406580069012989,-0.00015385220304039993,-0.3795436445038085,0.008558270794607137,1.4915559764625002,-2.0049341882873364,-3.0809685009346595,-2.2669021261901037,0.7757040022760613,18.065258614442428,0.2541227141715865,1.143481220489953,-2.9807728066777486,-3.0835682674305644,-0.00023447848889102119,-0.03498069721550001,0.41796358371864883,-2.1532476221478305,0.9732388518945072,-1.1800087702533197,0.8500000000000227,0.8199999999999932
1982-04-01,1982,4,-0.4412967289443941,-0.05520729792823431,-0.00016004215803600008,-0.23439268288163362,0.002727995495596325,1.3496591479625195,-1.0779586733514748,-1.8582935160406464,-2.6989062395489327,0.029241602852607684,-10.067443482708768,-1.0131421291279707,0.47855711053129113,-1.9482050165809142,-1.8845718688806983,-0.025615514456726274,-0.04613143548431253,0.2491712897594578,-1.2364486027422572,0.8439679903893875,-0.3924806123528697,0.839999999999975,0.8300000000000409
1982-05-01,1982,5,-0.2881148024026743,-0.1906823131932356,-6.175122408380064e-05,-0.17840394835916484,-0.007706588925947,0.6141779932317917,-1.1524534633236954,-1.379480749185177,-2.359707911673297,0.18266744785134037,-12.083607142907567,-2.3559980939967318,0.054324400145247864,-1.1120792561222288,-1.4177702106885022,-0.058402380573694845,-0.05591578537894426,0.10267968206743205,-0.13205286538263294,-0.07866366870479524,-0.2107165340874264,0.9399999999999977,0.9399999999999977
1982-06-01,1982,6,-0.31910269645209155,-0.013471666794544035,-5.955084656169944e-05,-0.1086356262659578,0.007910447485761196,0.7872094226774635,-0.5943318063709739,-1.7113243275090326,-3.0769898159183526,-0.08679424767712263,-19.45356791249651,-2.8649423405512096,-0.12890898008875595,-1.0757924271728143,-1.7393456366987152,-0.07461623506342763,-0.0716574808706536,-0.004126582143939572,-0.2541622077787409,0.45343931161215423,0.199277103833424,0.8600000000000136,0.8600000000000136
1982-07-01,1982,7,-0.17186553293714724,-0.4127813381181795,-0.00010432082557059949,-0.28582523441161456,-0.003965989571980799,-0.8961425428312637,-1.7697888749611366,-0.9842112498608344,-0.7308298509271367,-0.28936594928471493,-21.359147315626615,-3.582558125608557,-0.79150907083541,-1.2062385387493464,-1.0062874902252474,-0.09323918536157239,-0.0507041689885499,-0.14991557526954402,2.349585153130704,-0.5856265765762032,1.7639585765545007,0.5199999999999818,0.5400000000000205
1982-08-01,1982,8,-0.35767253555428624,-0.24633745717699185,-2.521765546499577e-06,0.43435348821958897,-0.0014169219658932697,1.5455264652791811,0.33590121568499853,-1.817016238590952,-4.785469578875677,-0.5951302980857456,-5.405832302742056,-4.162815421841032,-0.6736777669585621,-0.577949510639769,-1.8382186878581592,-0.09182268354124234,-0.09392423469134359,-0.17539163098771482,-0.7012016259074585,0.8926482770575603,0.19144665115010184,0.03000000000002956,0.029999999999972715
1982-09-01,1982,9,-0.24817719789342618,-0.3095429195702195,-7.228536927609934e-05,-0.03902153700540012,-0.016005207072008032,1.4771365918098738,0.5937342082226564,-1.022819220599672,-5.434627059947218,-0.8411706737661362,-7.079913333116565,-4.056493839759497,-0.7521977173732068,-0.8341925440983005,-1.031191409157941,-0.08458547028903274,-0.09624507437601748,-0.23511922236245297,-1.2891602637947983,1.419554563762695,0.13039429996788954,0.18999999999999773,0.18000000000000682
1982-10-01,1982,10,-0.15337736184596906,-0.4034628075681326,-5.770740738300119e-05,-0.20056757767121525,-0.005482693191975363,0.7926842255792081,-0.28435223613359994,-0.6335438034726053,-2.6948791020855367,-0.8840108166027214,-10.60813159267127,-4.074868581825882,-0.9692837089197148,-0.6943536242449113,-0.6325728686077241,-0.07580171174236483,-0.05280901586754316,-0.1319402580833664,1.294716587423352,0.41097232297619257,1.7056889103995445,0.5400000000000205,0.5500000000000114
1982-11-01,1982,11,-0.07930903947368506,-0.1902481086337957,3.202121364989999e-05,0.14431075461593323,-0.00041534575482971015,0.1277339222957039,-0.27716139129171324,-0.22910599813798171,-1.1178054701936162,-0.8055810579620797,-12.087217660766328,-4.168473736858147,-1.1720001078311242,0.10867724042731197,-0.21815885386416767,-0.07433107749887569,-0.03088134075605886,-0.2319334080302049,2.684249216795479,-0.37489148744521117,2.3093577293502676,0.7799999999999727,0.7699999999999818
1982-12-01,1982,12,-0.05570039049234765,-0.1571817057985072,1.1011997961199796e-05,-0.11877518258843978,0.004706322942473973,-0.21558664763260538,-0.0565349698740647,-0.01645295605374031,-0.05416640171804943,-0.8655046482644408,-6.595043264765991,-3.727275584078427,-1.2145530390663097,-0.08990779122558479,-0.008612398077218586,-0.07158256839318611,-0.017614082702729572,-0.30261258685674797,3.3240607915585088,0.04121337932804536,3.3652741708865506,1.0299999999999727,1.0199999999999818
1983-01-01,1983,1,0.3481809749793001,0.33998599744290914,9.554618314899961e-05,0.25271624015041994,0.006451051236973648,0.33949217954317135,1.5094538011777558,1.340919153405025,-2.159733417212607,-0.467626694323485,-11.395813619819819,-3.5526194593878984,-0.7954593894853943,1.275767747145153,1.3445681686636703,-0.06947629265825306,-0.05041428821341176,-0.2698398070463863,1.065053347013361,0.2373350692912517,1.3023884163046127,1.009999999999991,0.9699999999999704
1983-02-01,1983,2,0.297006950099842,-0.14060063823643532,0.00011258123085709955,0.24506398843000454,0.00038485270886123857,-1.8588422267995242,0.3304598363823743,1.7034490886060212,-0.028651192215647825,-0.3600725567498486,-10.359802530801971,-3.2980385473729257,-0.8490808271023269,1.5762557828854256,1.7018710323002892,-0.05358733234334778,-0.013957074356270471,-0.20484326862093738,2.780379084804821,-1.2473740028087796,1.5330050819960412,0.7900000000000205,0.7999999999999545
1983-03-01,1983,3,0.42107984925286246,0.3682622768266697,8.470696933549939e-05,0.20223123099296458,-0.016075758283696895,-1.4352466251936562,1.0521909518523103,1.856962830992984,0.04207744012339276,-0.31939252535483575,0.1998739976406796,-3.1172651121129604,-0.7933396825853549,1.7708049584238097,1.854162060940439,-0.03959810781489059,-0.0014037850010759634,-0.17181094931246754,2.685395395005827,-0.7214147766240444,1.963980618381779,0.8100000000000023,0.8600000000000136
1983-04-01,1983,4,0.19778747919997386,0.20069775396137857,6.521732470250036e-05,0.01253749150907879,0.004686602260715711,-0.5289614872562822,0.4973199241459838,0.9102118446509166,-0.21704490606978766,-0.18082542821821335,0.7320894812437473,-1.7519532620925133,-0.5498187757928434,0.944806519116014,0.9007206726568597,-0.012471141465687285,0.002314371717460517,-0.11914942780242654,1.1659150084480814,-0.45697776696409065,0.7089372414839943,0.9900000000000091,1.0299999999999727
1983-05-01,1983,5,0.2738680030677756,0.3394145839644125,0.00010543316388129942,0.22978195922080502,0.012650115210085522,0.5619374270698785,1.8167394270698196,1.1687770429530246,-0.8358665654197068,-0.3204363541659241,-9.649405655771261,-0.49131978005445376,-0.3866722059268355,1.31269192572546,1.1669518846338178,0.014487970680806317,0.007474369831584671,-0.12562164784404395,-0.41078263712620355,0.5022223430251564,0.09143970589895112,1.4699999999999704,1.4800000000000182
1983-06-01,1983,6,0.1578754679626968,-0.021511481386824016,7.295123195590059e-05,0.21391868604908382,-0.0045726293867369705,-0.09814812491122638,0.5214344963632129,0.9775111201190043,0.397125614157801,-0.03947333604248726,16.130188271039515,0.1350226240739687,-0.19364516047307134,0.8897260044299742,0.9794838561185202,0.028107895214193768,0.022393630047070623,-0.04976534616379702,0.10793116565324823,-0.3663187720672454,-0.25838760641400427,2.009999999999991,1.9899999999999523
1983-07-01,1983,7,0.02026400645775084,0.40323223138227604,9.820453756799984e-05,0.3685723206171758,0.00018373214514955105,1.551826108223466,2.061572140888586,0.4933591812737177,-1.4080219625340646,-0.19726855057467318,24.16599920336739,1.1053897594451598,0.055174559437144666,1.1382232142505018,0.49405571396664527,0.052092173049868684,0.014037328195202647,-0.024476409022481604,-2.2609686119673995,0.9240454593310155,-1.3369231526363912,2.3899999999999864,2.2899999999999636
1983-08-01,1983,8,0.25307562372751136,0.3375528996573962,6.951062859959951e-05,0.2095790748925097,-0.0018985250182073088,-0.3163530476648404,1.2470516053051028,1.3161969683521306,1.5791290232440645,0.0447309230378643,3.840302880809759,1.70210525855191,0.12322217318406459,1.1707758971082853,1.312845762991742,0.0587343061516199,0.052973150989876316,0.005929558968723825,-0.04448498516163113,0.07292450283642538,0.0284395176747978,2.509999999999991,2.4500000000000455
1983-09-01,1983,9,0.2391852022373655,0.3005898032363916,8.163281159489881e-05,0.20894428146982946,0.013957651347541122,-0.6877931504329524,0.6362919674861587,1.032460410780459,2.148502199240312,0.3120369933936118,-5.052336934997584,2.1095051892414176,0.2930074280563524,1.1048132856954567,1.0337116671628905,0.06065885734794074,0.05457102836749028,0.11408021974216886,0.019967444661688205,-0.4672700618268699,-0.44730261716517816,2.3699999999999477,2.3999999999999773
1983-10-01,1983,10,0.028606183859210432,0.4181677635444885,5.266060548810014e-05,0.22934604357915234,-0.006235068806980659,-0.4189863609635509,0.3588882035575125,-0.04525980761684423,0.44396729730425477,0.2332807931943215,2.9829643973935163,2.4557073978746757,0.34668325253416654,0.21098696149380203,-0.04687671283414829,0.05892466250158046,0.027352097314304658,0.05941753396970384,-1.8983376412305972,0.1462843368464064,-1.7520533043841908,2.1399999999999864,2.17999999999995
1983-11-01,1983,11,0.11718046734534937,0.08224303479249784,-7.598836733500001e-05,-0.23895676204752903,-0.002476466328678484,-0.7509365605726259,0.19931414565485284,0.6987770747354034,1.7984503173393023,0.5100885733656995,-3.1282460515358252,2.867006819119581,0.6137494991363113,0.06295416608770665,0.6968810107281911,0.06434810799980273,0.0454514753369053,0.16840672443127858,-0.9648955760096385,0.13446391555993387,-0.8304316604497011,1.8799999999999955,1.920000000000016
1983-12-01,1983,12,-0.20386186426236463,-0.20925378729464228,-8.417334064639986e-05,-0.2906984638227321,-0.005419402257669237,-0.8358977446994231,-1.6636321545234978,-0.9821492308846018,2.227467574142736,0.9152326185071615,4.996556676967884,2.869060228472449,1.0581161503334044,-1.1736973933954005,-0.9859914180926808,0.06665449066969398,0.0504871578881434,0.3618782066506192,-0.4987091225034703,-0.49377694833618335,-0.9924860708396501,1.7200000000000273,1.7300000000000182
1984-01-01,1984,1,-0.22018899701936334,-0.5528125383070801,-0.00012074518275019888,-0.4212789579869778,-0.02043654039293019,-0.8391434514401368,-1.719464317097163,-1.2621685576667119,3.542704607055299,0.6689465710162814,17.149709922116017,2.697692450872381,0.6342022368552236,-1.4820621135453962,-1.2627697907016682,0.05754208556539808,0.06920508534975323,0.1880343343686306,0.8102678220218777,-0.23800343658672318,0.5722643854351439,1.9499999999999886,1.9500000000000455
1984-02-01,1984,2,-0.3737737370051377,0.01407897061744734,-0.00018227318187439938,-0.5731251777400779,-0.004505589032886226,0.565146042405587,-1.6163974191765647,-1.7375498814292882,1.2894579850238301,0.6785002649584086,11.91979231897858,2.720433583119359,0.8322506410567811,-2.4311756000388414,-1.7351392874007843,0.049331544481295175,0.03325525125324713,0.16253492517072665,-1.2772252219971563,0.8171887748907771,-0.46003644710637914,2.079999999999984,2.1100000000000136
1984-03-01,1984,3,-0.11534708667807081,-0.372156372656093,-0.00011348047893089928,-0.424799714822079,0.01038825828932366,0.9099437407930466,-0.6985406533859191,-0.6161948507693751,1.4719894622008098,0.6016781311710169,-17.468635009325226,2.445915174244959,1.033435137330585,-1.165366237035414,-0.6194597816349301,0.05028062802502831,0.03913039873087598,0.1851551488197014,-0.5421687058845635,0.46356065278394,-0.07860805310062347,1.919999999999959,1.900000000000034
1984-04-01,1984,4,-0.12927002685967182,-0.35617749005814403,-3.7017863151099506e-05,-0.13356544729220232,-0.0016110640018673905,-0.5687714975414053,-0.7828784593188516,-0.7730326577691926,1.7847249650098718,0.6781329979478592,-9.236135368337273,2.229919152412549,0.8165467577007703,-0.9136115066146999,-0.7712232290612633,0.03805566944604566,0.032434015992015564,0.09317715336527677,-0.30678042764976254,0.13254247600378122,-0.17423795164597777,1.6800000000000068,1.6200000000000045
1984-05-01,1984,5,0.005049661551652207,-0.2923216158764035,-9.53841538829988e-05,-0.2229822865604163,-0.0016385139681658334,-0.989079466242238,-0.9023568500702481,-0.15259175560834137,2.168364398112402,-0.09128162116478933,1.2130697069515008,2.108858294175917,0.052485994288694826,-0.4968514555064303,-0.15321762863459298,0.035801934200514474,0.0357989782995598,-0.03314480391696151,0.20327371938995498,-0.40613126759006946,-0.20285754820011448,1.490000000000009,1.4799999999999613
1984-06-01,1984,6,-0.20630306561645284,-0.04870390150347248,-0.00011069405874430081,-0.30245311526946494,-0.0014592029834704645,-0.827632911615261,-1.612123691489387,-1.3094348783653231,1.2546143009230093,0.05954479636690024,3.332203677695361,2.1310276287979377,0.21701760165258932,-1.3176008963744152,-1.3148674864865484,0.04230118458395582,0.030775583886257785,0.038087609319378046,-0.7189405225892358,-0.2999554032361935,-1.0188959258254329,1.0699999999999932,1.0900000000000318
1984-07-01,1984,7,-0.1319732128256419,-0.4049928184447822,-0.00012700587534749883,-0.6639093365918605,-0.013558375390080202,-0.6510836501200856,-1.8622316565202368,-0.8582351755650279,2.8859320265345048,0.1858335658578767,-9.577871886722278,2.145237483154773,0.18929749743883661,-1.8646263692430125,-0.8671733179979242,0.038290780700838134,0.051594386864627584,0.0694644255175163,0.7441584749606989,-0.006543429710124116,0.7376150452505854,1.0600000000000023,1.1200000000000045
1984-08-01,1984,8,-0.16917555281781915,-0.47029910266309116,-0.00014863961565250022,-0.7630953457512604,-0.008879855547415105,-1.2181270818087597,-2.538262174486306,-0.8705545833258839,3.6772509170023113,0.4921167045000914,5.4124770562921185,2.0689782064230258,0.3494630514196402,-1.8813647186098592,-0.8709520989451676,0.032899545115281814,0.05613486369152598,0.12613866466132784,1.4656190574988557,-0.6572949714957339,0.8083240860031253,1.589999999999975,1.6599999999999682
1984-09-01,1984,9,-0.20297593557421578,-0.663529376004476,-0.000167723263001799,-0.6156974141387117,-0.020258614452650092,-0.5730703691418313,-2.2389929392968497,-0.8247979029984549,3.3762693904262733,0.2680358998897212,15.628989552875282,1.7317337209013317,0.29801901123227736,-1.9131383064485021,-0.8274376535218835,0.026073284215728076,0.053163077000294656,0.056642742600836016,1.6745187808674586,-0.32849438337177617,1.3460243974956825,1.6000000000000227,1.6299999999999955
1984-10-01,1984,10,0.01804129293833512,-0.16804846519556804,-5.035628731859913e-05,-0.10581397327738884,0.0051175023413335685,0.6499703532200556,0.12554273742654232,-0.02992211657505095,0.8361816615382622,0.3015326533615763,8.018777995443088,1.3109311948802258,0.4046789987373458,-0.07390509566715764,-0.025734558298950105,0.029100084534057213,0.02323807557462665,0.03337904528297919,-0.37160318796617275,0.2036353913698008,-0.1679677965963755,1.240000000000009,1.2200000000000273
1984-11-01,1984,11,-0.22361361956768633,-0.22401998218032304,-1.6669504543199293e-05,-0.1230990299020931,-0.004016585694023522,-0.39565345072178815,-1.7013791498440582,-1.1391378570879738,2.7555547562649565,0.6769074515060716,10.368743164202897,1.1634906899690804,0.5693895335671968,-1.0522499619561358,-1.1413215498575369,0.02771038534109138,0.050579613501559706,0.13961839568226964,1.4845461483569693,-0.6513128806574855,0.8332332676994803,1.330000000000041,1.2699999999999818
1984-12-01,1984,12,-0.20346321714765736,0.04597792476778295,-1.6075977928201035e-05,-0.06624309232556058,-0.008463838105164267,1.9223175523959668,0.4325947339349341,-0.7956011761330615,-1.5136870678986725,-0.24437912246878923,17.101412303716643,0.8236499230565073,0.03046375943322488,-0.8020494903825579,-0.8022742228438915,0.019914140418578086,-0.004786676569669801,-0.05432180605292558,-2.0624941090531763,1.2279711776066655,-0.8345229314465108,1.509999999999991,1.4600000000000364
1985-01-01,1985,1,0.08959762919050718,0.03503338930153177,-3.4481234606500294e-05,-0.019062778871060004,-0.00971411754488627,0.5681477473503094,0.1411179063849204,0.533287218799444,0.17110700276438706,-0.04168644688927259,-13.573262669757241,0.5081166164784747,0.06309054040246309,0.3427212551748653,0.5320153159709093,0.018239873314406907,0.01372628469515913,0.10803863000475289,-0.23223262642242304,-0.20287525161847952,-0.4351078780408919,1.0300000000000296,1.0
1985-02-01,1985,2,-0.2272158319547657,-0.19600040464302992,-6.293974989659938e-05,-0.34373454969754036,-0.018778375465703545,-0.27231107670760935,-1.2827205335286749,-1.1613601897434478,0.8192308655351326,0.10842483658077029,2.443847113303491,0.7131798043228059,0.10545318609840137,-1.3233090456726018,-1.1635892661065554,0.012993389365907326,0.016768509558184874,0.06792788771340241,0.10307941072991866,0.03835943578082279,0.1414388465107379,0.9800000000000182,0.9599999999999795
1985-03-01,1985,3,-0.16061150697726134,-0.27267430553297345,-7.824879172901172e-06,0.1041391842608057,-0.008585045728637053,-0.004330821228371917,-0.5022844932779549,-0.7492582637448209,-0.032537065518937425,0.22097254704209135,14.425560711679282,0.5045489321719003,0.1806986563237487,-0.6603423820177454,-0.7401905832372222,0.013657699624557651,0.005399743724271211,0.08880244376280189,-0.5773598884091768,0.1671255692473892,-0.4102343191617841,1.6800000000000068,1.7099999999999795
1985-04-01,1985,4,-0.08545315109239482,-0.013889149465057926,-4.433839561820106e-05,0.04568327745433365,-0.00877550020959772,0.762348406176379,-0.0908759005191655,-0.6888070494957219,-0.44961591684676705,0.09807543101943139,6.271413897862658,0.3933752507924737,0.09357418410036189,-0.3643617363761109,-0.6882596677386346,0.019434684310691175,0.007971950038896392,0.046793311204320176,-0.847492414558296,0.2740332176140292,-0.5734591969442704,1.75,1.7699999999999818
1985-05-01,1985,5,-0.30869274290461135,-0.31323323079567444,-8.737919537350064e-05,-0.24828075205146405,-0.008342380161421636,0.5771491301205174,-1.241588157938395,-1.1893192717454895,0.7881026520296928,0.48147613570429826,21.4600290064991,0.5365649128108316,0.6343057515957256,-1.5974309674935512,-1.1898675162453287,0.01792411289095419,0.022541976834940858,0.20316551201003996,0.4043673551102813,0.3552945650553134,0.7596619201655983,1.4499999999999886,1.420000000000016
1985-06-01,1985,6,0.02607298634649169,-0.2817104187195696,-0.00012076399527159894,-0.47288605147191376,-0.01581748338222011,0.12320391959427468,-0.7974175599723026,0.00012827610964905034,1.3175979130688802,-0.24343846138418712,-10.445067854132503,0.6358793355757655,-0.2237929286647713,-1.0201549993915933,-0.0018847561647703515,0.0075362562148120205,0.018191869979561126,-0.08181685874078859,0.7013641102125803,0.22072440714486774,0.9220885173574516,1.6899999999999977,1.670000000000016
1985-07-01,1985,7,-0.06312412077829777,-0.24882080561769726,-9.750361378080101e-05,-0.19379896394415042,-0.003026770854536065,0.09292767998672247,-0.29115185382585196,-0.3164802683180028,0.5921393799294208,-0.2247803633251877,2.8477105357451364,0.32697257209431996,-0.2544378194781558,-0.6884647304765963,-0.31373116857230343,0.0026843153608004933,0.006888681461744373,-0.16063873201728818,0.2355093516821114,0.40006197639644725,0.6355713280785515,1.7200000000000273,1.7300000000000182
1985-08-01,1985,8,-0.00617509991013776,0.07686486483112276,3.0438449380601126e-05,0.19777428854338197,0.010881094187372153,1.2531562368928562,1.143413557445399,-0.3255190989119683,-2.608499781113011,-0.2372020170526099,-6.83880225881876,-0.03467206926669064,-0.13471147070388056,0.3344379509174473,-0.32460667537435484,0.004930265270868706,-0.03138981949567299,-0.09514644636821501,-2.47133716549763,0.8098880300655686,-1.6614491354320648,1.2000000000000455,1.2300000000000182
1985-09-01,1985,9,-0.10595035477319925,0.36168363858649855,2.042430023129968e-05,0.2124183072875141,0.011123842191833044,1.3683823093235574,1.1480776155888748,-0.8151159085584823,-3.631619702930408,-0.23502329091516927,-0.055153360837721266,-0.0055486261981059215,-0.025102168358749566,-0.0832858407736694,-0.8150205948082316,0.00970499958531823,-0.04251634731772391,-0.05836693601164811,-3.4161499541759497,1.2314587701127913,-2.1846911840631513,1.240000000000009,1.25
1985-10-01,1985,10,-0.18098883619779826,-0.29773682286321446,-4.669835577210055e-05,-0.16656095250520409,-0.008598688845101066,-0.17933485281813688,-0.6586726973266082,-0.7480050410848662,-0.679236063923355,-0.07118843137066833,-6.798973684475641,0.09445535877569,0.04735607852277468,-0.9764087643115431,-0.7551749858567973,0.01327420526855505,0.0021824070277305374,0.005015333175595771,-0.6551469128055842,0.31056612221300384,-0.34458079059256974,1.6499999999999773,1.6599999999999682
1985-11-01,1985,11,0.023834004475702386,-0.0961643818307607,-2.8252801853201337e-05,-0.09994596818993884,-0.00038024471959485773,0.805686301990157,0.7909143124906564,0.11311543151350634,-1.1845270279263787,-0.12516219810526152,-4.755467021866934,0.14973734419191942,0.0988296856684272,-0.1438674106133817,0.11148641091136824,0.016165236921533932,-0.003453870587974528,0.027302105215325057,-1.1102724883445987,0.9331527025019,-0.17711978584270938,1.6299999999999955,1.650000000000034
1985-12-01,1985,12,0.18473127962960234,-0.0609207257995763,-3.83936792491997e-05,-0.1083806002005403,-0.00030191059762452177,-1.1073614279886286,-0.9596714666696471,0.4817649164784257,1.488400448036458,0.47349479502257097,-20.914849482127465,0.13253260667346467,0.3012095337666665,0.2578373100671456,0.4903704449935731,0.01398526581085946,0.023105866362032934,0.04197607427426675,1.1835825801070996,-1.2089032482216453,-0.025320668114545697,1.5500000000000114,1.5299999999999727
1986-01-01,1986,1,0.019750531676720584,0.12969519756609316,2.9921884462099507e-05,0.05150810655323568,0.017566092038649006,-1.017885966619744,-0.34880897766180397,-0.22916097942822944,-0.4347752440323802,-0.3109472841318244,-14.78353987824812,0.05025733102615959,-0.4800050636253843,-0.13669720683594733,-0.22274446020492178,0.007653886823455025,-0.0031827834859039505,-0.40593670332137677,-0.6540903545520393,-0.20569525160254898,-0.8597856061545883,1.759999999999991,1.759999999999991
1986-02-01,1986,2,0.5420903807660125,0.02041668170562616,-3.1007414579009573e-06,0.00015571432555105957,0.0032359868231643385,-0.9127106153674731,0.813373888887611,2.290302483332823,1.0027616001420085,-0.6982536934096402,-24.263880869199056,-0.2723629312885123,-0.8390408748959715,1.6082576857805861,2.296410388854895,-0.004840531879754195,0.007669378176621056,-0.3910818771174167,1.134337349944218,-0.7887758913709035,0.345561458573318,1.5399999999999636,1.5600000000000023
1986-03-01,1986,3,0.173673790992666,0.12291599893478633,-2.3558130122900214e-05,-0.25051051025076276,0.012648042454137642,-1.1809655861313217,-0.22979910962925487,0.8096954151135378,1.7048524855921983,-0.7062866859982471,-8.533033666171832,-0.06637489530510265,-0.9839569652776845,0.22115560448702354,0.8145400430624932,-0.014441172449580542,0.01123853413468101,-0.3761951974363278,1.4935571016178457,-0.44611008616732306,1.0474470154505262,1.0699999999999932,1.0699999999999932
1986-04-01,1986,4,0.2867365945686515,0.08020515096598047,6.199395245770102e-05,-0.008439894268423842,0.0034779184143640673,-0.610433743326567,0.496863327842334,1.4535944724448768,1.0237198038900033,-1.087732001100001,1.3955978820304153,-0.20823291029600455,-1.2423024890163248,1.0217685486381356,1.4636010336887466,-0.012799763133392705,0.0041015627410514455,-0.34480034148006133,1.077382226269691,-0.5148986595519283,0.5624835667177592,1.2800000000000296,1.2800000000000296
1986-05-01,1986,5,0.18424858157436574,0.17101512872307012,6.228866667994798e-07,-0.1300747860654532,-0.005190331958189409,-0.7620548909988472,-0.08798307428099861,0.8481444830150053,0.8195575262287207,-0.3469496068432214,-9.80923103778332,-0.07974303453565312,-0.6213702544392916,0.4843541601346715,0.8568781169930162,-0.0028285900114743967,0.007034522915088548,-0.21723634803741199,0.6248799131683427,-0.5636036004376557,0.06127631273068346,1.5400000000000205,1.5500000000000114
1986-06-01,1986,6,0.09419861188422374,0.3301926389147525,9.042282101479927e-05,0.5165541354132728,0.018653238781624948,0.9105136687347226,1.7485424604184914,0.8764494024155738,-1.056210272441092,0.25277885992932525,13.41377206731704,-0.34672273040695245,0.22920530150485874,1.4372451412862688,0.8801205723464136,0.004109570994546008,-0.007340694380320478,0.027412676241961975,-0.7330611004586629,0.31496848906306596,-0.4180926113955934,1.5,1.5199999999999818
1986-07-01,1986,7,0.19354430940273915,0.1908620550995579,4.010606589200001e-05,0.1749805957385746,0.0011071747651097974,-0.745873109649537,0.32032874448327675,0.9367492940801867,-0.6997020459413932,0.2683830219743406,4.585905804677168,-0.11114134989338709,0.23131520232679392,0.9579252083285041,0.9347671990735194,0.0038100652691848147,-0.008205128191470568,0.07015985373585387,-0.625628515695503,-0.6395785588518983,-1.2652070745473907,1.3700000000000045,1.3999999999999773
1986-08-01,1986,8,0.03643381662777756,-0.2528122802348207,-4.0797787183100356e-05,-0.169416837752987,-0.008988805508197917,-0.45944892329345777,-0.8117715318770138,0.43334075208639433,1.2685847833517983,0.053446228483828406,6.722296826163074,-0.011545280511086276,0.01361914572066425,-0.27561264831166454,0.43660397958268504,0.0034383121384857773,0.02028758464589986,0.0001090816050393073,1.2403029810997168,-0.5328956560690585,0.7074073250306583,1.509999999999991,1.4800000000000182
1986-09-01,1986,9,0.06776004411443637,-0.14159114882778567,2.2312718030000067e-05,0.03423221718174929,-0.0010074703613919267,-0.9960993739918038,-0.6364957148360872,0.5153009216644477,1.5976796923020231,-0.01705946466286079,1.8152268877602182,-0.26805058107646573,-0.16262555128050593,0.4294438720876883,0.5216350358056161,-0.006489692066700137,0.016707149632547935,0.022750469138454577,1.72016418676089,-1.0596054727826036,0.660558713978272,1.490000000000009,1.4399999999999977
1986-10-01,1986,10,0.1767799141167643,0.12063745095213108,3.745554999899994e-05,-0.07605376102359074,0.001662350015787184,-1.3065204227634055,0.012967424951568773,0.9374662292389644,1.380963168320875,-0.29503396695055173,-0.3894319811661262,-0.2810055302699084,-0.5113403653601338,0.6894056942363136,0.9421193920271094,-0.01918395852074406,0.003789131601644957,-0.10117223061191005,1.4456623001811764,-0.6717851064965998,0.7738771936845694,1.3899999999999864,1.3700000000000045
1986-11-01,1986,11,0.12978790743682111,0.15868412373669116,6.716034903340128e-05,0.2450016773725281,0.0038419554462659766,0.47576725542614184,1.2000438909915374,0.5836051161089131,-2.008950678132777,-1.073401618786395,14.675963478221092,-0.6000022720775462,-1.123911140105676,0.8906272165030487,0.5895692337476248,-0.026179152225489055,-0.03962621086451934,-0.40015982837234,-1.4594579273745154,0.3153807921272005,-1.1440771352472972,1.509999999999991,1.509999999999991
1986-12-01,1986,12,0.042355501809481666,0.2111209391600255,9.93193573101004e-05,0.4081013921315524,0.01426936278697244,0.4736277627424741,1.3464329633137595,0.3059845935843555,-1.5875582750079502,-0.702704925711096,8.670473107966245,-0.5290730456666779,-0.7393748282715791,0.8762699462267278,0.3055400481010224,-0.019263858347832397,-0.029807235992693304,-0.28474342752152815,-1.0951551319017554,0.4697184716036986,-0.6254366602980497,1.2099999999999795,1.2099999999999795
1987-01-01,1987,1,-0.023826341981305177,0.38803656547338505,7.288817721859929e-05,0.24645931025324685,0.010099946188321995,0.037394273756468976,1.0591235550910483,0.3343882653504693,-0.521895695704444,0.11946709293681224,17.572082212063833,-0.036040189074100226,0.20985665006276122,0.7072929097388965,0.3231580565328045,0.00289011727979549,-0.003636066827206186,0.21095268572132042,-0.3954659495043984,0.340600436534487,-0.05486551296991493,0.8999999999999773,0.8199999999999932
1987-02-01,1987,2,-0.013685867145284192,0.4267330375639631,0.00018597267111660105,0.7121970032003695,0.009367277181230982,-0.013790611705438494,1.7020750037623884,0.2433579770948313,-1.3662634522779342,-0.25158877816265957,17.358350205031456,-0.03644105555210331,-0.11139487191707076,1.4992996125774312,0.2393672693712574,0.023180668804847926,0.0030009701507638376,0.08230453480878808,-1.1896284904802599,0.19878468346138334,-0.9908438070188765,1.2300000000000182,1.1300000000000523
1987-03-01,1987,3,-0.0870144281718126,-0.017111643957093747,6.518330965900147e-05,0.3349379701155293,-0.027135247537322715,-0.4918292322070954,-0.08922451565723577,0.017277878978063654,0.7302320432321778,0.17649726406949284,4.303788810080732,0.12671964108480438,0.055727045573533474,0.4320035762306702,0.009659140550468237,0.012553142295610442,0.0201332651560846,0.14128517842063282,0.48274218365146027,-0.5288468303155014,-0.04610464666404823,1.580000000000041,1.5
1987-04-01,1987,4,-0.07385174104808812,0.2917676795038915,1.245520020449857e-05,0.13088611102521241,-0.008560709508271369,-0.631086110262018,-0.20310171289577283,-0.05890513299874556,0.4531135730298388,0.47293602534706025,1.0503628380247392,0.28757178090802427,0.2733293288460885,0.0704916196953036,-0.06741727946399578,0.00307296198256779,0.004571905086244499,0.16371774697696218,-0.03406490437916432,-0.2821054790563231,-0.316170383435491,1.759999999999991,1.6800000000000068
1987-05-01,1987,5,-0.0002464918485998169,0.0654315149976128,0.00015420842056720029,0.8272508524918649,-0.004670038260136122,-0.2276953877043013,1.4435342767758357,0.24714726531772158,-0.5266510719759196,-0.13681905329696775,11.600080044736387,-0.23168997016449566,-0.20045590243891098,1.4781346626073173,0.2401794561851034,-0.005717821959199121,-0.00792525676877709,0.027074321651156197,-0.3585979509533672,-0.0415681949640998,-0.400166145917467,1.9399999999999977,1.9399999999999977
1987-06-01,1987,6,0.163473536680101,0.2500220360106482,0.00016865130025950012,0.5018241297744837,-0.006589038733295416,-1.160834197505224,0.6866879757218385,0.563649329480711,0.423118407524953,-0.2224089862383991,-3.1913802341441624,-0.1677860444719954,-0.21223674019564243,1.2977721934998954,0.56063184659223,-0.009742164514976892,-0.00015875624018946155,-0.007408211156924693,0.6010766980397051,-0.6141017006665415,-0.013025002626847026,1.6999999999999886,1.8100000000000023
1987-07-01,1987,7,0.2253451316578321,0.2645479701481577,0.00020579132606350116,0.6755140806168463,0.004855599283349221,-0.022534559402430432,2.170504133429631,1.481815383000935,-0.19930633282586996,-0.1668491346547789,11.315957219718257,-0.33333505154860177,-0.10389659707433907,2.259687141683912,1.4938971948901667,-0.0075860925040101,-0.004449655103821559,0.01531512744228003,0.19698125630313967,-0.07710119636505297,0.11988005993808315,1.5499999999999545,1.6800000000000068
1987-08-01,1987,8,0.04278175857086808,0.2758441484994023,0.00017687254456309927,0.6462268109238813,-0.001209775364698129,-0.14425456522950952,2.276123432302086,0.9290317295100294,-1.1060464347189907,-0.2831814781428399,10.202463274719776,-0.3529343526080879,-0.08342781516072506,1.6292764376414084,0.9297881764386489,-0.011055503116145893,-0.017562889024766548,-0.008751537332285508,-0.5533584191288128,0.6476034415892968,0.09424502246048405,1.6899999999999977,1.7799999999999727
1987-09-01,1987,9,0.2342126707001171,0.26860123059498164,0.00018986196610029996,0.7477983209824615,-0.011552904884326254,0.08176351667864168,2.0949969015958914,1.5238355190356856,-0.471935805269851,0.02859931022863904,7.331950859443168,-0.23889361742541837,0.07733666396711669,2.076570836547262,1.5267314766812774,0.0014457018779689967,-0.0005794785653550072,0.052526740723502385,-0.18430483410595144,0.021322022694221232,-0.1629828114117231,1.839999999999975,1.8899999999999864
1987-10-01,1987,10,0.10013105957324342,0.42543202700312577,0.00014676569985629974,0.8839164643180588,-0.0071319603485331395,0.9972307607031397,2.2338220993651703,0.7631077012338778,-1.449493596878142,0.12855621451550192,9.340900120238075,-0.21446499413360698,0.24808601579578493,1.8419234845845267,0.7569574737511289,0.01480863907209029,-0.0014734835011642744,0.02579545399526495,-1.1154988014642413,0.3857483872978946,-0.7297504141663467,1.9400000000000546,1.9500000000000455
1987-11-01,1987,11,0.04790293284168001,0.36520850767391266,0.00018485909604309958,0.7974277822267624,-0.016133996232921,-0.6755089918781465,1.1799156940286366,0.7183368281178559,-0.43903349629110267,0.08367211122049767,5.661432600260014,-0.13689711668359905,0.21598493069797087,1.7482388182101545,0.715409292569916,0.022941325310664062,0.014631508322508147,0.03702279656021901,-0.16982356013004818,-0.5712506597294578,-0.741074219859513,1.9499999999999886,1.9499999999999886
1987-12-01,1987,12,0.2919424570236515,0.5088208702223369,0.00018547499495549964,0.5047435162445346,-0.007748040288642066,-0.15880732696676603,2.578861083780623,1.5679240403687231,-1.1256044641498022,-0.31721392955280336,11.470965116401203,-0.009994771065066743,-0.012790665078405539,2.2852192097394095,1.568391864994794,0.015495358887813282,-0.0017973436924374475,-0.03194982490710352,-0.8111864286103341,0.2941096986672811,-0.5170767299430565,2.4499999999999886,2.420000000000016
1988-01-01,1988,1,0.2931397078440341,0.08280774182020423,0.00022298660069340094,0.9763243007040749,-0.02008193543744452,1.532304522124953,3.104871244865535,1.397549122099349,-1.8892861316395795,-0.530352589284405,8.82525672230986,-0.3946816955460406,-0.24668445914379333,2.5653905385229336,1.4035259764572743,-0.006323900183188513,-0.02164171899441225,-0.22742129084637952,-1.210936305952913,0.5454575607005232,-0.6654787452523827,2.910000000000025,2.8999999999999773
1988-02-01,1988,2,0.00037905376035496374,0.13120144534400424,9.583639985119921e-05,0.3770369751621594,-0.01741651437041042,0.7256226718869527,1.1630977851652347,0.3760495612173713,-0.9710335774730652,0.05676570072463605,16.342801310805953,-0.08432122215529603,0.17990554152623872,0.6709436936665156,0.37587158400634735,-0.014055436991447401,-0.02342862299831161,0.012791687563312948,-0.7635725145161416,0.49197611428769505,-0.2715964002284501,2.900000000000034,2.8999999999999773
1988-03-01,1988,3,0.2909777236274067,0.5812823387918229,0.00016325710991839902,0.5471217069442886,0.014895470332076999,0.3929302373542072,2.1807555223478516,1.1443172447685015,-1.5643557546642342,-0.21790178106254388,13.002429381580441,-0.14900886527510693,0.10598885451325657,1.829580431426507,1.1512599907266576,0.005414712659435494,-0.01670317578587488,0.009341403694834938,-1.0914562538134192,0.35811783687950083,-0.7333384169339183,2.5600000000000023,2.509999999999991
1988-04-01,1988,4,0.2168407629817466,0.051959499662359576,0.00013983221996960102,0.6290791447349129,0.008138957677036651,0.2773110126940921,1.9388998705701397,1.1289991013642862,-0.37020935370193797,-0.22320675625966047,10.71413448889507,-0.23092721977994302,0.009847202116368692,1.72053289990464,1.1282423374469772,0.011810422059036263,0.009028955748396239,-0.05695401377738918,0.09377182445402354,0.2176102067481871,0.3113820312022142,2.319999999999993,2.2299999999999613
1988-05-01,1988,5,0.17768006026659577,0.2346121353151034,5.058267229200025e-05,0.01513570140898679,0.012901669599405419,0.5496516970689527,0.9357191768127109,0.5947097543888731,-1.0538756855704037,-0.02963682331190043,1.4895640172471758,0.15888782343537855,0.27779501603254175,0.48464339210806884,0.5937216830432135,0.011990237769395229,-0.004236355279928272,0.0044896004310128745,-0.9053316696613081,0.45008771335898246,-0.4552439563023256,2.1999999999999886,2.1399999999999864
1988-06-01,1988,6,0.05936252118010543,0.00218265000592055,-1.0631398328400307e-05,0.031289475725674976,0.005207546785539585,0.5228471389966103,0.7880530504039029,0.486688547467395,-1.1388856295183984,-0.24202429449979235,14.042640353683964,0.03417145054646653,0.09827683914053864,0.544614171932551,0.4871357133895913,0.01062893347931304,-0.005544818546743713,0.04348621297781996,-0.8327559464245056,0.24388604439354822,-0.5888699020309502,2.3000000000000114,2.269999999999982
1988-07-01,1988,7,-0.09236868539409215,0.3307908636080583,7.061822980979938e-05,0.24665180894145422,0.019171077816654503,0.42292111327692083,0.29198689281417955,-0.6137819752273117,-0.7011154470261545,-0.272485626566187,4.002211108614574,0.08347317082373706,-0.15400606101342262,0.19205441916432164,-0.6240725201095643,0.011194012267869091,-0.004132445508209237,-0.01166341166322482,-0.6661090522971449,0.0896419287676089,-0.5764671235295395,2.430000000000007,2.430000000000007
1988-08-01,1988,8,0.10277465871695313,0.36860908865639885,5.4864866972800796e-05,0.24146981262202516,0.01346777113751041,0.5692623879295908,0.5658599820564518,0.037257041207908514,-1.4024611511905505,-0.24000014706555461,6.141098132764455,0.17675994838080555,-0.041440453961282486,0.6307630618669577,0.032917079379899405,0.01833158801200474,-0.00986253915314661,0.03261099908680798,-1.3806614064670555,-0.06924304163851502,-1.4499044481055705,2.4799999999999613,2.5500000000000114
1988-09-01,1988,9,0.024354393256203366,0.447434629104805,-4.3175158910002676e-06,-0.07837823719437509,0.02121167825397363,0.6985467763440383,0.8976689559978581,-0.3232290375026423,-1.3595620383684661,-0.1594039726563068,5.269573288154788,0.2852792260108572,-0.10435733354660215,0.20011401363689174,-0.32776051001798123,0.00765305783489767,-0.015565820699191324,-0.0842525375039358,-1.589794625269569,0.6930234698456275,-0.8967711554239486,2.569999999999993,2.640000000000043
1988-10-01,1988,10,0.07840165411096223,0.0004288631000690657,-4.111657932539918e-05,-0.3430250479141783,0.004376456134612905,-0.8818009224217818,-0.9064413167400858,-0.08353483105008763,1.3600048692430278,0.28404812920936706,5.2835475772444624,0.4263520042189839,0.0606918124300293,-0.35600467628739807,-0.07685529373083,-0.006031287962995346,0.004259544569859219,0.017150140652400836,0.7102965482447132,-0.5437571031334301,0.16653944511128316,2.4699999999999704,2.509999999999991
1988-11-01,1988,11,-0.10723144399059947,0.07906916121305585,-0.000253078933559801,-0.749655389595091,0.01765472375727184,-0.04824205371456003,-1.8112483650126592,-1.0678274062632909,0.5588621448692948,0.584824453244206,-21.247895622480428,0.5961667381359064,0.45040042714018824,-1.9839970883859905,-1.0668739369277773,-0.019739583495650415,-0.022298396102679252,0.13723098367026232,-0.17172861937061157,0.17370219270884846,0.0019735733382333365,2.3700000000000045,2.410000000000025
1988-12-01,1988,12,-0.19391181058136908,-0.3009939616944166,-0.00024396112622250034,-0.5038711444408754,0.0012797844105829626,0.2854175912194421,-1.7913356638896971,-1.3216727811910118,-0.5740960640742117,0.039815240428996646,-20.42774089879822,0.27155234012730034,0.1720641855736318,-2.1004181151660646,-1.3236797332343713,-0.018545830006845065,-0.027848723177080537,0.08744843088253518,-0.7133994590568946,0.30707549923300803,-0.4063239598238795,2.2600000000000477,2.2900000000000205
1989-01-01,1989,1,-0.4783406672113415,-0.3476392571069482,-0.00029793123326739973,-1.1850585746904976,0.004507314919497185,-1.2178148121459103,-4.227469380529101,-2.3802670557223564,2.0136028263377455,0.2422104971783483,-2.810171193399583,0.7639775300858958,0.01717922750335532,-3.855373626107678,-2.384136705308663,-0.015862211940059545,0.0004721885951726179,0.0790000601706371,1.0245940265768354,-0.37596540400772227,0.6486286225691025,2.089999999999975,2.0500000000000114
1989-02-01,1989,2,-0.03686194083348937,-0.3020066558171379,-0.0002765237371261005,-0.8502675479657995,0.020644260433998973,0.8659661181242342,-1.8593427599798815,-0.9624401252856956,0.1359252515629521,-0.22469907406606637,-13.246575005949126,0.5238535021778148,-0.2808582500036749,-2.306257803474807,-0.961593279256931,-0.009144458540710332,-0.013442132840349341,-0.1144178527648414,-0.44408742655247124,0.4477618895236901,0.0036744629712188726,2.0,1.9699999999999704
1989-03-01,1989,3,-0.1904006673330514,-0.6267805630888574,-0.0002566282228282004,-0.9154411469395392,-0.0075250262878707175,-0.48472936601947936,-2.5983680888966774,-1.0409841438726062,0.958230484027581,-0.5992844584746209,-11.803690905522672,0.5002534540656143,-0.7909864913730615,-2.3638601991087853,-1.048822365361218,-0.018154854347320892,-0.01006812978549343,-0.21253852591970457,0.26627499706359004,-0.24234611127650396,0.02392888578708252,2.159999999999968,2.1899999999999977
1989-04-01,1989,4,-0.1519022546638098,-0.3243399123164181,-0.00015928732846100073,-0.8163864329777653,0.012259573879554897,0.36103923304770547,-2.0501211162529103,-1.1313097683506612,0.6131652029371537,0.0681778615362667,-11.835992542401073,0.60803366243303,0.004425283452079043,-2.0582088202144746,-1.1317721135679903,-0.015511340078949942,-0.013834805925863058,-0.023755026043627225,-0.05862103758008175,0.0076253587442352,-0.05099567883584655,2.079999999999984,2.080000000000041
1989-05-01,1989,5,-0.29927821934700205,-0.4724294242999463,-0.00016633322677910012,-0.6876599069570695,-0.0016400758357141276,-0.006241696141174202,-2.0950803937423075,-1.3013969586281746,0.4312092549360216,0.1810092398231795,-12.52725454721076,0.5742801552858907,0.3505174546082017,-2.1648041241802503,-1.3053460069794482,-0.006233928374375086,-0.008337099247984536,0.1315777884100484,0.026437314435156622,0.06577468208666915,0.09221199652182577,1.7300000000000182,1.6800000000000068
1989-06-01,1989,6,-0.2834258972803241,-0.5191220939340724,-0.00012926545904880064,-0.7017945514006207,-0.003539518441379008,0.4996804357834179,-1.7161009081955854,-1.3240569951933026,1.1775353776016857,0.37556861956780097,-2.818998543123598,0.5626209876304245,0.3215366253435903,-2.1782644803453195,-1.321233882233173,-0.003479350643007084,0.006012847263494603,0.08666827328580595,0.5608823957470292,0.46498668510986363,1.0258690808568929,1.509999999999991,1.509999999999991
1989-07-01,1989,7,-0.04875133138131105,-0.5760676868146675,-0.00017778483371930047,-0.6552358027184546,-0.0106083573129917,-0.6270764032656118,-2.1458885997474226,-0.3167072259706174,2.2391175556386997,0.42908371155224856,-2.9657685441779904,0.46816346260780506,0.2789932660530461,-1.6026878510551228,-0.31586812279158494,-0.006901542977221009,0.019157939738020158,0.06874223014711411,1.6208636475317064,-0.5423616455132674,1.078502002018439,1.3000000000000114,1.3500000000000227
1989-08-01,1989,8,-0.10701679608001768,-0.4520830152146118,-0.00011922556329350097,-0.5923972957835417,-0.007293067573612144,-0.3463187704158841,-2.0254106090865776,-0.6329775487583333,2.153888937438097,0.3295890284810987,-5.142631315349718,0.3742212129382665,0.0364565064393112,-1.2576448090741223,-0.6282025187005047,-0.01368350443834565,0.011959758593643954,0.0023068792949239025,1.4865352024580432,-0.762990769954623,0.7235444325034202,1.1300000000000523,1.170000000000016
1989-09-01,1989,9,-0.1098511896577179,-0.3129156496607379,-0.00016474564547330067,-0.5446326107142276,-0.008367360020681502,-0.6392867322543836,-2.1887059762696595,-0.39666828659079556,2.2595577526962245,0.27491846341869675,-12.731650652713142,0.4375938393682759,0.034005246630663066,-1.4843072369440051,-0.39258414910472084,-0.011448719334737678,0.014845878096464649,-0.020033847279234962,1.5810506965398687,-0.7003146018395761,0.8807360947002927,1.3000000000000114,1.3199999999999932
1989-10-01,1989,10,-0.062299033662156944,-0.07123096082813163,-5.968022337080048e-05,-0.17112734287012543,0.008629448888421432,0.6244932975685842,-0.28858408518408396,-0.24781384773154969,-0.4935394474387067,-0.24820899953928688,-17.02909894568438,0.24291401593552564,-0.08254946617144299,-0.6789392096757751,-0.2511588856102094,-1.2828149845933723e-05,-0.00788368302483411,-0.04161299361096127,-0.5707939300064027,0.3870100866130315,-0.18378384339337472,1.420000000000016,1.4300000000000068
1989-11-01,1989,11,0.07180856133220459,-0.30514869020157676,0.00010694015994910065,0.2085763604619153,-0.013010107338935262,0.34200891431438407,0.43507148445570465,0.581092508934546,0.7176669920489473,-0.4019668929059961,6.344572752263048,-0.027582523806103154,-0.33780723682225755,0.6492309947623198,0.5797535587784637,0.006907749124350104,0.019027364681677206,-0.08391920611927262,0.8094091719387961,-0.21549846046270105,0.5939107114760951,1.420000000000016,1.4099999999999682
1989-12-01,1989,12,0.10792460913461355,0.030518144492759802,2.7628123191200324e-05,-0.09291393076570031,-0.008764724939671398,-0.4209052842335481,0.23171002442148847,0.6916656744598981,1.0081459501363668,0.11608210470349078,2.279768508960842,0.18158118151887948,-0.10495167997984822,0.6233477476742451,0.6868442951131328,0.007600928234591464,0.01814411345423439,-0.024272453985892284,0.6055309839341589,-0.39645910259951833,0.2090718813346406,1.4399999999999977,1.419999999999959
1990-01-01,1990,1,0.2950499853960764,0.16972059850422738,0.0001330567565699988,0.6297670517012399,0.015158057691938787,1.0517177387346806,2.8952082686126346,1.3848449636573719,-2.7773648118142376,-0.532932865021877,-0.43866179649194237,-0.40321498050732885,-0.11537879887806923,2.348465620193849,1.3888558773200543,0.01632985026461764,-0.014802544039963728,-0.055911515057529115,-1.9565957651630868,0.5507535620814643,-1.4058422030816118,1.4700000000000273,1.509999999999991
1990-02-01,1990,2,0.06916998195737278,0.013323100113780129,0.0002131720218069011,0.6405524476548194,-0.016565074296156168,-0.7525324154752795,1.609866771042789,0.8010597900280914,-0.13459191771880796,-0.0891973831527757,-0.470090424612863,-0.3496770701905234,0.020219426086732994,1.812251454195689,0.799928133971548,0.009684918214683869,0.013135574849105325,0.04454535034334661,0.3245019617112064,-0.20351633920944323,0.1209856225017596,1.4099999999999682,1.4800000000000182
1990-03-01,1990,3,0.45178161565416985,0.48398381160080817,0.00019764050809360084,0.7767483596234825,0.017304935296804935,0.7211358670059269,3.1883748482298415,1.974454670899604,-1.727142039620702,-0.4215100492431567,-5.762632090438274,-0.43223882442561035,-0.33715840978524625,2.569683626634969,1.979159363060603,0.000768013721553551,-0.014631838122019847,-0.14896333446901977,-1.2105515757371919,0.6233959137558749,-0.5871556619813099,1.1899999999999977,1.1899999999999977
1990-04-01,1990,4,0.27206297659631673,0.2422349939051287,0.00013218648934240108,0.5671497094899038,-0.009472523248944431,-0.13058735529276788,2.0458904692885653,1.5144517408548381,-1.1081201810572736,-0.77030362350704,4.467616476889816,-0.2586819556827038,-0.5702382382946354,1.8787781405158057,1.5206751447565807,0.012658716626062994,0.000739262299279897,-0.14295934464781546,-0.6493728401621297,0.17333573267449864,-0.4760371074876275,1.1299999999999955,1.1399999999999864
1990-05-01,1990,5,0.3667232537694076,0.5093561344883142,0.00017551910789440073,0.6129815947259125,0.005608235126644656,-0.8472621825520719,1.9276713850798615,1.6912472547742823,-0.12556060749483322,-0.9350235577819355,10.951790439125034,-0.262691077399154,-0.9247280924708576,2.2307008428624044,1.7040611296980614,0.008782253385247962,0.009014579700160397,-0.2697456206182949,0.14742593521538083,-0.2902155828587638,-0.14278964764338298,1.2200000000000273,1.240000000000009
1990-06-01,1990,6,0.22388098376057997,0.38386510268912843,9.741243357680104e-05,0.4191969905999926,0.0035473445318053853,-1.194158447722394,1.0503014765961893,1.0357672789845083,-0.8849276357154281,-0.4081853106944777,9.142590945542906,-0.23062378230139302,-0.6352639327691136,1.4651209399205527,1.0297634009260719,0.006057241508632849,-0.005213786924694208,-0.16754420699135864,-0.8813824754886639,-0.42082334138279975,-1.3022058168714636,1.0600000000000023,1.0900000000000318
1990-07-01,1990,7,0.11854418637881281,0.18364747494069888,7.371705248220006e-05,0.17129327620447654,-0.005102171684959855,-0.30371367638434066,0.7395884101381398,0.4774855945544232,-0.6638061580781027,-0.4305126962793935,4.845162594676367,-0.1309601067658548,-0.4407776139561932,0.8628973533583348,0.47981991893612985,0.004994601251082198,-0.003926725468747172,-0.13206633643283894,-0.5431109689890619,-0.12097461883848837,-0.6640855878275396,1.1399999999999864,1.1999999999999886
1990-08-01,1990,8,0.0973695733699742,0.09911866343014708,9.658541026200465e-06,0.0413794961921603,-0.007073161398836514,-0.6523342378595771,0.49985440323740704,0.7559772595367349,0.8300384620776242,0.03128848089209768,4.179590183906839,-0.02051664329709979,-0.1161978217869084,0.1908375929293129,0.7544071696154901,0.006785240774089818,0.020139012896054354,-0.07363753917427474,0.7030688026956895,0.3074467203868494,1.0105155230825424,1.3599999999999568,1.3799999999999955
1990-09-01,1990,9,0.025675202877096126,-0.08097991398483373,4.731647804660094e-05,0.16944466330909336,-0.006519924645898123,-0.2155096114097077,0.8174128842246091,0.27166466604063544,-0.8937802788644831,-0.20619723921358712,-0.6029402621206827,-0.14253437862524265,-0.066151622767336,0.35927626766215326,0.2662119196781987,0.01243797501023991,0.0008272335325925084,-0.046146712054936145,-0.6112002837929822,0.452683870200012,-0.15851641359295954,1.2200000000000273,1.1999999999999886
1990-10-01,1990,10,0.15229145061550753,0.13506513083160598,8.036078773989916e-05,0.2760924281863062,-0.0041947565706184076,-0.5564653618384483,0.8899978560713748,0.9327907205294537,-0.2111737138894796,-0.10098780905440918,4.709300737944432,-0.2560704965909224,-0.185463326266472,1.220673409971596,0.9304432415275983,0.00878455314884885,0.004843502118169862,-0.05137250049132014,-0.039578734510605784,-0.33302303290207647,-0.3726017674126716,1.329999999999984,1.2999999999999545
1990-11-01,1990,11,0.26007946617477273,0.5053467035529593,6.0119097085699694e-05,0.0554766615996769,0.008146149691217519,-0.31006134888134085,1.5313613119624847,1.3350447278966726,-0.9747423430154356,-0.19713975234556003,-5.917668495705584,-0.06630445711789434,-0.21144221301329935,1.2395433221955727,1.3393516678601145,0.012614762459209672,-0.00025953831286695817,-0.06294305204311357,-0.9227403465652628,0.29612492973035387,-0.6266154168349054,1.4099999999999682,1.3100000000000023
1990-12-01,1990,12,0.005999863498914237,0.18442775899649178,6.841966832510024e-05,0.26557929189554486,-0.00345402227582825,-0.2239423904123825,0.8469724604473186,0.49120899921678074,0.2538901897313224,-0.17229365011686681,6.821549618674908,-0.06395839762262767,-0.18953945185222665,0.5173371018569242,0.4983806838620808,0.015295737257275732,0.020031410339653277,-0.072044479161951,0.3006027856186009,0.33680704323569444,0.6374098288542811,1.2799999999999727,1.170000000000016
1991-01-01,1991,1,0.0016871225360546305,-0.03920369234890586,1.853686726820125e-05,-0.05574154440567369,-0.0139922075242227,-0.30357252981921334,-0.4450280229422674,0.08648561935217458,0.8536372802206813,0.3518674648921234,1.5273902945627924,0.14384706714614026,0.23319888209552175,-0.04096601295231039,0.08077842181239703,0.012631833537344761,0.014950692336046068,0.0823293700883827,0.5911216302779394,-0.409769207529731,0.1813524227482013,1.2799999999999727,1.259999999999991
1991-02-01,1991,2,0.1432415478171265,0.250575551268696,1.204586914700309e-06,-0.09363479819473852,0.01809369147028761,-0.7292142272997353,-0.45572844973850124,0.5981633988553199,1.9133740194096163,0.034401529229896255,-7.255363076663343,0.22212153091894038,-0.15994332921168564,0.24645210271330598,0.5971179989581401,0.010459985972808283,0.03130868359123484,-0.07223330255928673,1.496907630049094,-0.703225952348987,0.7936816777001106,1.3100000000000023,1.2800000000000296
1991-03-01,1991,3,-0.3710246197195488,0.2701857192876105,-6.482071926390033e-05,-0.3947443074415844,-0.013945319773467246,-0.36921392244642703,-1.3743410170843617,-1.3996260056964616,-0.46845383751102077,0.4273976688729135,3.8737661929335445,0.24817220069920154,0.37148414640911653,-1.099654718777856,-1.3984346994664065,0.009759488649642378,-0.0038340205313489584,0.16958778490621462,-0.7725395606740264,-0.2734949920764542,-1.0460345527504842,1.490000000000009,1.4800000000000182
1991-04-01,1991,4,-0.08753703809361468,-0.2350233203844141,-7.74248986528999e-05,-0.2810603844744932,-0.008112063240075518,-1.1666660416743184,-1.280621971093126,-0.25522962959666984,1.5781205181341136,0.480021286857756,-0.9234556477604201,0.08920961909024072,0.280701806020609,-0.5602917461859533,-0.2538950582512598,-0.003319638448787021,0.01611120133552646,0.15813081170377075,1.2895914182066974,-0.718995653561759,0.5705957646449349,1.6800000000000068,1.7099999999999795
1991-05-01,1991,5,-0.1344223239205462,-0.1479526724138509,-8.300857346940117e-05,-0.2894787581844511,-0.010107043577587627,0.17475318655219496,-0.8820969810406609,-0.23326631806878595,0.23904336087801425,0.3040350674992567,-1.531826178994379,0.028876785296773733,0.26635694888153694,-0.7632019959339118,-0.2349432433321681,-0.013399604057921621,-0.010335651583361471,0.14013244538092628,0.17248845696352078,-0.12057191037013126,0.05191654659338951,1.6999999999999886,1.740000000000009
1991-06-01,1991,6,0.2056159322665394,0.1796393028514558,9.528475889510057e-05,0.200019827224871,-0.005925882699704066,0.7754934580095281,1.3654468459968712,1.0018681471338482,-0.5698121076733571,-0.09775852401066842,-17.446532297879457,-0.9373436902746732,0.04720599183339047,1.279730601260212,1.0094262092716235,-0.029496797878857617,-0.021206196514466757,-0.00550685991624178,0.5124960984453821,0.09327430687443439,0.6057704053198165,1.8500000000000227,1.8899999999999864
1991-07-01,1991,7,0.0749599693075993,0.10465551836102804,-9.780734865400334e-06,0.08954014663745014,-0.006388712221151005,-0.34502340280680954,0.345136834571349,0.7245550253920214,-0.7524695308132152,0.10860693243004249,-5.5460719628754305,-1.9269093125734003,-0.1566203518298792,0.3159918137486102,0.7288675447351238,-0.05328993413135752,-0.03398808225322991,-0.08026389760155439,0.9092124975002491,0.03345754016584124,0.9426700376660868,1.8199999999999932,1.8500000000000227
1991-08-01,1991,8,0.09072666667032081,0.3737564773508666,2.0397806214400918e-05,0.33148007114694167,-0.0007670844886153994,0.05352258937393373,0.5670465647881429,0.22752686256779953,-3.563879259382446,-0.41932804922726064,-5.327745984206558,-3.8679832108692267,-0.47223007310654097,0.8071009953561656,0.23337701157845459,-0.09123716407549942,-0.0859012629237701,-0.13728519521657212,0.2512019276074753,-0.23420428155737127,0.016997646050100457,1.4800000000000182,1.4599999999999795
1991-09-01,1991,9,0.07176255407892995,0.006171926783054005,-3.582884344970061e-05,-0.28121674266802543,-0.007938445316015064,-0.8330915760999531,-0.8319061190902062,0.44241505020846716,-1.4757813347898434,-0.1778417645542305,19.102299507620046,-4.900138735911696,-0.6992192714139733,-0.15636143512136869,0.4509366287090302,-0.12153994123597212,-0.06976859085131082,-0.21251659735277073,2.9029798942620744,-0.6670231054682709,2.2359567887938,1.1399999999999864,1.1399999999999864
1991-10-01,1991,10,-0.09786917395229011,-0.24836219088962252,-0.00014940285927439977,-0.4594690871299498,-0.0031565574001830576,0.047445836922754836,-0.9285733175861424,-0.4267235786832657,-3.231204593310764,-0.5781369122520026,5.732881316944258,-5.9032506575414345,-0.9663552310039378,-1.0585354650718841,-0.4175857593295973,-0.14843784384300784,-0.103110387190255,-0.23333022102887035,2.2838277454787104,0.13909996683940662,2.42292771231811,0.8199999999999932,0.8100000000000023
1991-11-01,1991,11,-0.12579994602481293,-0.5344344563819163,-0.00012216525945889928,-0.3186002305403406,-0.007029450546982563,-0.16639218890348673,-1.7591705006493612,-0.8371328675071936,-2.679541622978803,-0.6292718786026086,6.78930588492949,-6.722483955265062,-1.124639042915902,-1.176613353823086,-0.8354951203891687,-0.1731344847940588,-0.11249821747409294,-0.23931152051181925,3.5475751679729512,-0.5809193997082538,2.9666557682646975,0.7100000000000364,0.6700000000000159
1991-12-01,1991,12,-0.062216218874993956,-0.40622335162731815,-5.909232710060025e-05,-0.2419461310535702,-0.0064136067476840974,0.5756245616025311,-1.0209383775604124,-0.31174194399278576,-3.435230098510374,-0.6544346567822927,8.346135593441431,-6.2247947703522755,-1.07864537694811,-0.6981423694503519,-0.30808579568207506,-0.15298545758776605,-0.10657217427370513,-0.1728921873269158,2.36535395167607,-0.3191398597993498,2.0462140918767204,0.7599999999999909,0.7300000000000182
1992-01-01,1992,1,0.05912481848127982,-0.2352041183416418,-0.00020745774909360082,-0.6940703453429045,-0.009647048275240988,-0.35642541247082704,-1.142149452406045,0.2707231586323928,-2.5335626482074645,-0.814374403293435,-8.99500199391332,-6.13063405741849,-1.3963835326625045,-1.1616937780596572,0.2751066426554303,-0.15334374304485987,-0.09494587872134197,-0.33248310843740647,3.0150622798419704,0.023927809676646206,3.03899008951862,0.7800000000000296,0.7600000000000477
1992-02-01,1992,2,-0.13560027294420252,-0.33856065174035166,-0.00015935911476850154,-0.6131757351087899,0.00297367003726845,0.25499843988031756,-1.5631174139390396,-0.663860881721007,-3.7404210174846924,-0.6319458418431694,5.314492463105125,-6.154187670567637,-1.084666680100252,-1.3619058100499615,-0.6650128350119644,-0.15245795461705924,-0.11690093015641834,-0.21380984222268395,1.9610458148258658,-0.20236355718003196,1.7586822576458303,0.6999999999999886,0.6899999999999977
1992-03-01,1992,3,0.06596888455584349,-0.44134923196548925,-3.666562181349996e-05,-0.038558663917246605,-0.007678244128913714,0.26095641613665066,-0.7842821513114586,0.16725410473344482,-2.4308028898826706,-0.5368995584960778,-0.45862104363914113,-6.075071860111592,-1.0304981870768373,-0.2006299571006025,0.16395652682109585,-0.13241487780526695,-0.0822596318968909,-0.24781597814319234,3.15067034164818,-0.5869497721232051,2.5637205695249747,0.5799999999999841,0.5500000000000114
1992-04-01,1992,4,-0.27573796334905865,-0.1575821519865599,-6.361231684990157e-05,-0.16419150955102424,0.006559235291850207,1.5654964905180009,-0.8860026931337188,-1.1577026991777188,-4.162850168953497,-0.06244645148679595,-1.037460511244717,-5.752214646912421,-0.5482463697850264,-1.2252193295237817,-1.1585101544733902,-0.1155948659323478,-0.09259249311177431,-0.1397702526382023,1.103564559660704,0.33840918109439144,1.4419737407550883,0.5699999999999932,0.5200000000000387
1992-05-01,1992,5,-0.17882918599337927,-0.2905615027550539,-4.231570322339902e-05,0.022859423442380233,-0.008607400320152947,0.37790935134275827,-1.148000178490065,-1.0164763967231352,-2.4765278262480876,0.21635317244002295,9.722646808935679,-5.658928182212321,-0.32621118631179513,-0.5934127065584107,-1.0158835943929603,-0.10259650475965598,-0.061089041119341214,-0.07323572518070343,2.6398359972124013,-0.5539946696014795,2.085841327610922,0.7199999999999704,0.6999999999999886
1992-06-01,1992,6,-0.3875539539967008,-0.524260112284594,-0.00021353801411530017,-0.6531957272294306,0.0015246664049152203,0.13737383030466788,-2.848077664263883,-1.9680229361814554,-1.5688182523494447,0.4651873040424981,10.431552844835096,-3.597588612920589,0.06265539216093785,-2.6749514644874353,-1.9643073703692266,-0.06301842529888813,-0.03844817677132273,0.049369562364447006,1.626238448689577,-0.16941063396421896,1.456827814725358,0.6899999999999977,0.7199999999999704
1992-07-01,1992,7,-0.45928142716934417,-0.5353029528217235,-0.0002400361606519994,-0.9120482370341563,-0.00920172570956257,0.3362562904375963,-2.921231468612234,-2.5095848697007455,-1.7893977260054896,-0.11695499075748117,1.8089554903272074,-2.308223817969264,-0.24299891347327218,-3.22283329297818,-2.508259379316655,-0.036776265337772784,-0.030831773794565365,0.003184435806193875,0.3927821692480009,0.3029273147500362,0.69570948399803,0.660000000000025,0.67999999999995
1992-08-01,1992,8,-0.43690332585020997,-0.8574285496881089,-0.00018947092025080152,-0.7652764086820518,-0.00048356769208424133,-0.07020335611525752,-3.150450665773292,-2.033715801466599,1.1640029632971505,0.10920702012666084,6.567853995118639,-0.20815395895945699,-0.09134248459866967,-2.9409042344395857,-2.0386116661458686,0.009103440761328407,0.02324281499598202,0.06515900618158987,1.1716074175313338,-0.21444229601297593,0.9571651215183579,0.6000000000000227,0.660000000000025
1992-09-01,1992,9,-0.46404258920699704,-0.4709631182545877,-9.116939552840028e-05,-0.21050677547065533,0.009979761531893727,1.547964142466661,-1.4174686846401983,-2.329559863520899,-1.3302295953359646,-0.10307062741994244,-1.3934807523037307,1.0457581896450847,0.16898914118151964,-2.1738825310764582,-2.3419185446202277,0.04745390052077081,0.009652031660587923,0.15772834998172414,-2.103928016379541,0.7440551653369312,-1.35987285104261,0.6499999999999773,0.6800000000000068
1992-10-01,1992,10,-0.31870946360845664,-0.22796621224080127,-9.529858464949956e-05,-0.4254855993041282,-0.006270518433512895,0.34166454227730014,-2.1394008880474757,-1.735091944852229,1.5778647279772144,0.3698620642204311,3.5196213030285435,2.576096071793245,0.46081361887823746,-1.988643281103748,-1.737864068567717,0.08554637620604888,0.06258373080530788,0.22227832926338031,-0.9072797891581672,-0.15352973065921205,-1.0608095198173793,0.8000000000000114,0.8100000000000023
1992-11-01,1992,11,-0.30572303731662487,-0.12528211199327188,-0.0001002785500525006,-0.4177886407730256,-0.0014721333893653599,0.9049439280082154,-1.0479865372813038,-1.4094613485991658,0.5929626794190881,0.1448931128273081,-0.5709025078249397,3.512236768496706,0.5103834796183975,-1.8900928124703,-1.4158104523401107,0.1114124270685779,0.06756487070442141,0.14642597233651244,-2.553783722286539,0.835757171448055,-1.7180265508384842,0.8299999999999841,0.8299999999999841
1992-12-01,1992,12,-0.1776298084099608,-0.17995980474063344,-6.384672731679988e-05,-0.45817474806564107,0.008600417690219908,0.3137205221799988,-0.8353287253073063,-1.1211705018059206,1.7437195454863854,0.14516254880226853,-3.3180632464791415,3.5932910311310877,0.3826644030964417,-1.3180019593052634,-1.1387449038841737,0.09444323726510451,0.0614522389076666,0.08537501131144687,-1.612069631350515,0.4650988319197076,-1.1469707994308145,0.7900000000000205,0.7799999999999727
1993-01-01,1993,1,-0.09817053136737286,-0.08451555793317311,8.490120843599944e-05,-0.1340201493351394,0.0032847615636119043,-0.41681958284197407,-1.1769500103435462,-0.5253808388495145,4.110814790466662,0.2982471816501473,7.835238052517525,3.7637854065297915,0.4877254621052458,-0.6566872605014282,-0.529529275629784,0.0923291233687209,0.08991415674403314,0.20244859461428355,0.5365076643919338,-0.5244111866223875,0.012096477769546254,0.6599999999999682,0.6399999999999864
1993-02-01,1993,2,-0.009936572902290663,-0.056415913273838214,-3.712134716949908e-05,-0.08841713525699646,-0.018044888674529025,0.47866230422059175,0.2731236943919839,-0.2903374725319736,1.6221092263198784,0.22068865827781892,-5.75180355196062,3.8910410134488416,0.6295304779537183,-0.3262197565507563,-0.29388847111448513,0.10325676096341851,0.06760968961082803,0.14782818222977312,-1.8600899674530638,0.5957924523602252,-1.2642975150928315,0.6500000000000341,0.5999999999999659
1993-03-01,1993,3,-0.1272419509156748,-0.5841301389198179,-0.00012436431858969983,-0.5959920959512104,0.007944281509344397,-0.8597012337548691,-1.4851496182091068,-0.42458318683287644,4.919374679984628,0.6078970342437486,3.32601810626511,4.335555406431894,0.7923780212789637,-1.6242029981026462,-0.4239975451172313,0.10811547921314624,0.11521546429268481,0.16925756096691202,0.7683002605879778,0.1396390216091845,0.9079392821971624,0.6700000000000159,0.6999999999999886
1993-04-01,1993,4,0.08786592115615122,-0.1491916790529899,-8.668756175099837e-06,-0.10588944178181237,-0.00018648445001923086,-0.25435929900930176,-0.19165154020311093,0.026379005888827578,2.7320329759580204,0.09719995600030984,0.9039909855200676,4.0394799835293895,0.28502105050441173,-0.00022564654545931262,0.02089869909383424,0.10534935666187106,0.08062605671460199,0.025377174519888968,-1.1196259130672743,-0.1969062004526485,-1.3165321135199122,0.6500000000000341,0.6699999999999591
1993-05-01,1993,5,0.04568220136849277,0.02685585657008005,-2.8726451534004382e-06,-0.045990781881098286,0.017237808148840905,0.633654588461404,0.8592552401444209,0.09308127963907964,1.1650125180953523,-0.34938195893222357,-6.421602876056568,3.934657083904767,0.1325391495997792,0.059812033470564074,0.08806575574840281,0.10452944096355976,0.06463431650879281,0.002329461655843801,-2.2877234572774228,0.79442768278318,-1.4932957744942428,0.5500000000000114,0.5400000000000205
1993-06-01,1993,6,-0.005947310673946049,0.13677420666550688,3.18387263037994e-05,-0.046347468720576046,0.00043517227649159107,0.3632437013836025,0.48313498367673446,-0.002259955609190456,1.3252665257426486,-0.6121991586080568,-7.7958601269783685,3.3334061961417945,-0.25355789474791735,-0.10438042510247669,-0.008276594741914778,0.0860529231744449,0.05638074164464202,-0.09991095467268529,-1.64949840653901,0.5814987696464868,-1.067999636892523,0.46999999999997044,0.4000000000000341
1993-07-01,1993,7,0.12690436973491614,0.3574721833707599,0.00017371109846390023,0.586294077156893,0.020258748470690424,1.887439439751624,2.3614267430597238,0.5839481908156472,-0.5506224246201441,-0.3419801486458418,4.963147518137703,2.9651563403068906,0.026630610875702843,1.5873481394214082,0.5776503495096108,0.08682133677214532,0.0358296553938251,-0.05842828054720428,-3.1471680054054616,0.7677807623322757,-2.379387243073186,0.5099999999999909,0.3800000000000523
1993-08-01,1993,8,0.16123356352443352,0.271203299080355,4.803112384119991e-05,-0.001723336377821738,-0.002920163082865357,0.9077270310737404,1.177917027798003,0.6861343964939124,0.8699214364507668,0.07011503989348711,-3.0707607951480895,2.9393712541790933,0.3221056066665078,0.8153751307631296,0.6910440668135038,0.07451905731434216,0.04471030110790597,-0.01222762969477742,-1.8174592509552951,0.3674515673544647,-1.4500076836008304,0.75,0.6599999999999682
1993-09-01,1993,9,0.18276417514078958,0.0713862397656726,-1.2021861362999237e-05,-0.08931186264241475,-0.000740611594818974,-0.4597641786588298,0.2588826034117915,0.8012616502775245,3.616035243299166,0.3562834422353305,-7.49114354919584,2.8593166127339202,0.44004590387130804,0.4800977248323193,0.8083824285056949,0.06710359226781337,0.07777119210077998,0.04980015749757882,0.8404810922011947,-0.21409434319235743,0.6263867490088444,0.8900000000000432,0.9200000000000159
1993-10-01,1993,10,0.2304066111607881,0.1577769728775138,0.00011349056620280074,0.5356348668989988,0.013078493297355887,0.2703209814864067,1.6586722626421988,1.2171944684563982,1.5952070287975744,0.2178776701229843,3.1917620528111,2.260778579166214,0.5087656362741377,1.533124660070314,1.2150680598520012,0.06245228910732514,0.053576144948223714,0.053533143318409415,-0.37468358421747894,0.12342119396748785,-0.2512623902499911,0.910000000000025,0.9900000000000091
1993-11-01,1993,11,0.09321539517594601,0.15951246631499316,0.00016797419562889979,0.566498304123936,0.008611973274417317,0.19279317769299809,1.1609094650045222,0.6379235388262146,2.254322706978911,0.6324188442501608,16.438613315898692,2.0993068360448603,0.7570908989260872,1.513280377557578,0.6412123909100842,0.06014419528708004,0.05864750337447733,0.19608267072154284,0.27968792560997713,-0.34908206046918266,-0.06939413485920909,0.9699999999999704,1.1000000000000227
1993-12-01,1993,12,0.1213826357447374,0.4143697582793493,0.00016986362942240062,0.6291912547858161,0.006840385564454987,-0.07219438221530083,0.9898264520167004,0.5179305395674305,0.922255931653126,0.5468039387340795,7.840458750084508,1.7031293030931067,0.6331945395845509,1.367153098523545,0.5313061121734108,0.0578732999606002,0.04228746525455929,0.12491400381207995,-0.6944827705895165,-0.3639510739008678,-1.0584338444903665,1.1299999999999955,1.2300000000000182
1994-01-01,1994,1,-0.0473968538545364,0.21265210025200076,5.522544967370008e-05,0.30992566025667756,0.0011933132671426705,0.7643754366637978,0.9661466121597186,-0.010107899653178265,-0.6644861887091906,0.6458419359516832,7.089713001521886,1.7519018082471973,0.7473415661798981,0.7218084331216232,0.0009884924836569553,0.05989740226701379,0.023501010748605555,0.11756898427279339,-2.314888366728134,0.2554345711749306,-2.0594537955531997,1.2800000000000296,1.259999999999991
1994-02-01,1994,2,-0.3529595026546417,0.19941651773507374,6.541917989989939e-05,0.2734931179357787,0.0004994326433525598,0.02854594714096237,-0.8278284302698466,-1.4856336227559268,0.3490258027287325,0.8502227426198203,17.389495800598525,1.54773735798571,0.8235337375953478,-0.5887024363414639,-1.4779119884295255,0.03862111991450767,0.02186629674212215,0.2306088334436236,-1.225400560281436,-0.23140435960198147,-1.4568049198834139,1.4599999999999795,1.4600000000000364
1994-03-01,1994,3,-0.006675406644149007,0.3749231537832429,6.512480078899908e-05,0.24165602653254226,0.002107414479785852,0.42798225499822706,0.4598115768629327,0.002132595274815685,0.26072718479682067,0.4134143192813511,5.1348077874718,1.3293689883383308,0.48210007256601983,0.5455518842743459,0.002281675962308327,0.022051747766357988,0.006579895613923359,0.15673181298753391,-0.9999560502568912,-0.0855912267239205,-1.0855472769808046,1.420000000000016,1.410000000000025
1994-04-01,1994,4,0.10970938427539068,0.2709674194139211,1.1434164862300297e-05,-0.0667598219942036,0.0006398990867386711,-1.4378897559566184,-0.07467446665236821,0.47031329419036183,2.7009942757809995,0.4695273379363343,-1.9655204963200958,1.268596437023433,0.4632488280021647,0.3867626866493765,0.4795422684176174,0.016596023943372895,0.03832298391761135,0.17092438726471215,1.426119328823404,-0.45220817907448563,0.9739111497489148,1.2999999999999545,1.2900000000000205
1994-05-01,1994,5,0.05683271375892218,0.10844237368968379,-1.9215132558099424e-05,-0.16647656400057897,-0.005690385159462186,-1.1461838750920705,-0.6094719197111544,0.37017399382426674,2.105650845168242,0.7192050222824449,-2.315115805962705,1.3120240528561737,0.4706677681139766,-0.11226899712647764,0.37563472030871026,0.011227081967910113,0.02299528919024363,0.11431329861582284,0.5450895381435714,-0.4917421961002333,0.05334734204333991,1.3600000000000136,1.329999999999984
1994-06-01,1994,6,0.15042007244608158,0.16870752723394844,1.5203185429600585e-05,0.17190531428170885,-0.001270487655040231,-0.8707167856965441,0.16189565100359005,0.6050352004345996,1.4878258733511984,0.6176835016473561,4.237322375221993,0.992141317106416,0.5982690965808359,0.7741547768858368,0.6121657076483302,0.01100416252530545,0.018341070888211686,0.1496306575133115,0.4762701511782552,-0.6051286186685161,-0.12885846749026086,1.4600000000000364,1.420000000000016
1994-07-01,1994,7,0.13646495586715446,0.1803950861747694,-4.832408458201043e-06,0.0635318937141669,-0.007520749618822209,-1.915553225471328,-0.9062803740262666,0.6114751648562446,3.4511876357874485,0.6078670421056813,-3.352082644458278,0.9704186044299377,0.4927427189843385,0.39733428142147886,0.6186475578394948,0.007326251405718853,0.03943962889236419,0.19456200282541047,2.3656447082361467,-1.2964422624644918,1.069202445771655,1.5699999999999932,1.5399999999999636
1994-08-01,1994,8,0.061709494430033374,0.1667661995970775,5.57258773329003e-05,0.39164809898734276,-0.004575257847385328,-0.4613042591694665,0.7031584220989089,0.5156584344724706,1.122324843991663,0.30595641484375236,-2.018963096983498,0.7291335239033003,0.3046170487081241,0.790964471352595,0.5200236344222162,0.011030936973456917,0.01836801683775935,0.113994478057176,0.3918519539527381,-0.08344084930394047,0.3084111046487976,1.6499999999999773,1.6800000000000068
1994-09-01,1994,9,0.2716813812184,0.44051383312336156,0.00010158410150490002,0.28593822941283165,-0.0023016730003982966,-0.016268214244810508,1.1533322349619652,1.2467822661748755,0.0643801136505715,0.03551167451134418,-5.680407865263987,0.716201792612253,0.1616112565968848,1.515380553409159,1.2525153047610047,0.012567018044328027,0.0010237738565241905,0.07699655767748936,-0.5257220968761018,-0.3563152798610645,-0.8820373767371734,1.5499999999999545,1.6200000000000045
1994-10-01,1994,10,0.1462437625517623,-0.19295455182555088,0.00010615677658770001,0.13583876433675357,-0.016940406548481612,-0.1626524940717502,0.9929767366684246,0.7925030518811695,1.266647430343511,0.03303184647864654,-0.8782702962198528,0.690016921039188,0.02841272413833451,1.0910345863998714,0.7959213226214388,0.00476717194670595,0.015292218373849309,-0.009279930268110803,0.5720113869639647,-0.09463957899117759,0.4773718079727871,1.5499999999999545,1.6000000000000227
1994-11-01,1994,11,0.299390696881062,0.11277307812991921,4.507086591879969e-05,-0.041448045270900735,-0.003932608790473413,-1.4762888117618402,0.40171497779579113,1.3375594175529386,3.2698362844068356,0.13268179475013753,-5.363719708460849,0.7536103687741331,-0.10482814519212269,1.0588543875465461,1.335803340399309,-0.0010351368795360472,0.03369432919295745,-0.07222773971245111,2.2787159756904316,-0.6588954869043882,1.619820488786047,1.7300000000000182,1.7299999999999613
1994-12-01,1994,12,0.10570046745402806,0.004377848028923381,-1.40674735838002e-05,-0.1443740651950698,0.0017509513194726711,-1.1853751988208785,-0.5822692177080739,0.5576829376265096,2.5403020653172916,0.3783497998507208,-3.01718620416068,0.6704167876743554,0.2911584774311393,0.055038176448192644,0.5499754971451125,-0.006537653713214908,0.022173386104779702,-0.0026589280379312186,1.7826939552233512,-0.6450148346376636,1.1376791205856875,1.670000000000016,1.6399999999999864
1995-01-01,1995,1,0.18528973310918673,0.13189658111099334,6.60892450087009e-05,0.3988365686983322,0.002847566388990086,-0.9602255126927233,1.3793319446887153,0.5640894636978828,-0.5211890390432927,0.08985280296349174,-3.064326334686484,0.3921768184335974,0.2148702636023927,0.9814601464829025,0.5544917114186205,0.0016969547257321693,-0.006720907766921691,-0.017860473780155317,-0.7883483968379821,0.38827404592655057,-0.40007435091143506,1.6399999999999864,1.6499999999999773
1995-02-01,1995,2,0.6744038960295597,-0.07095968456081891,0.0001489319762020009,0.3815825278409015,-0.008256584388778299,-0.8836655927301038,3.0515225369978793,3.068767214456784,1.6160481456875573,-0.48481449481054995,-2.206211448996328,0.2666556233359927,-0.4038104768580837,2.7960992717991076,3.0634359155777133,0.012161872673543073,0.03431232056273581,-0.1739357115468554,1.4303965403040095,0.25009196631970454,1.6804885066237034,1.6100000000000136,1.669999999999959
1995-03-01,1995,3,0.11843844703815876,0.14829080841502673,0.0001338138191392009,0.562984422633388,0.0009162065943092434,-0.24648540949294784,1.8917272888917864,0.642717813326442,-0.8427636438405841,-0.33956901917488125,8.954962958930992,0.15685728596827175,-0.06719260445915864,1.3743225645832808,0.6356414521677038,0.02131774407386633,0.009753630372923539,-0.05665927218242395,-0.7272445150931262,0.5103283631497675,-0.21691615194336933,1.7199999999999704,1.7999999999999545
1995-04-01,1995,4,0.11905308567514794,0.34956339745821197,0.00010840299050620013,0.43357915911057887,0.00045128662302196254,1.080271785085614,2.663426303762151,0.7414058529311092,-3.385103036681926,-0.72427326863858,14.549480627189041,0.16427243032907768,-0.2490920927939797,1.1944275195507998,0.734489948682608,0.02537951051003784,-0.02185099443799743,-0.13982097585865993,-3.0741942911663784,1.4620828799628498,-1.6121114112035286,1.8400000000000318,1.920000000000016
1995-05-01,1995,5,0.007079977036312357,0.14113232729135916,7.633946411059883e-05,0.09918569591971504,-0.003170949030838255,0.4363077673457596,0.9687689117679383,-0.014416333795566061,-1.63620703057137,-0.9261492107376164,5.376317180780461,0.31203787389108584,-0.6923598131971147,0.20493380485697799,-0.02285491594494715,0.022283516745473797,-0.005471241771203061,-0.2127019531003178,-1.7144555069219223,0.7553965247615793,-0.9590589821603448,1.7199999999999704,1.7799999999999727
1995-06-01,1995,6,0.1206341509447384,0.03278758299842366,0.00014166610252659868,0.33547159103399693,0.0042965955673226475,0.16300883844326108,1.2653344853451927,0.9463213911026287,-0.6317384238300008,-0.5097841498923401,2.6944337261957116,0.0824106559245763,-0.31184738143308266,1.0955591405384553,0.9403970408280884,0.021224250595783367,0.009333118834076615,-0.05716023669848447,-0.5162123112953338,0.1638509945321971,-0.35236131676313676,1.8100000000000023,1.8199999999999932
1995-07-01,1995,7,0.15992001803488165,-0.03745878033566896,0.00016626440708710118,0.4832809761995982,0.00553399449521208,0.23494708230190753,1.6898505835396804,0.8969883708477369,-0.705596284615865,-0.3171755142825603,0.7615800951170968,0.03844372264873641,-0.007468513899521412,1.4783208780734185,0.8907118451745077,0.02224216787751354,0.013710160145819383,-0.025486757428245355,-0.43433300688156606,0.20525317979303637,-0.22907982708852614,1.75,1.759999999999991
1995-08-01,1995,8,0.25287474973822555,0.5330452382163458,0.00017148488974120038,0.4950182742614011,0.024670956487544693,0.18021147732919474,2.1900673243658844,1.3785249922620437,-1.3630728578199012,-0.1709968149394605,6.9471623558638385,0.013753580205786875,-0.051223843982164396,2.056778741781727,1.373300022487399,0.015646468957327908,-0.005926493047941239,-0.04905014907284233,-1.2570534670684026,0.1280636128095125,-1.12898985425889,1.7099999999999795,1.6800000000000068
1995-09-01,1995,9,0.0023808528745803414,0.4470785403822788,0.00011717640389089998,0.5849325065238382,0.009341632240460807,1.3785333378177,2.6939561965892835,0.2467945633559907,-3.6313417530402887,-0.20234965989795484,18.503099042980466,-0.12063781662564566,0.18729203661173344,1.3375998574709342,0.24496496542872137,0.007924574177673893,-0.03693107103940241,0.011688250466738381,-3.1210622399049726,1.35452674119108,-1.7665354987138926,2.0500000000000114,1.990000000000009
1995-10-01,1995,10,0.056490411311813205,0.6455204059188873,2.7992502467199046e-05,0.018422915024505215,0.01557696920638052,-0.002278200419937093,0.9954911726446198,0.274874065492952,-1.591966629928777,-0.047313088776622436,11.774189855233999,0.39710627249084496,0.23243842478884602,0.07378527999338758,0.27315220597938605,0.017282301991631943,-0.009561542979227067,0.018607100262521215,-1.709321388854164,0.9199840331376627,-0.7893373557164942,2.150000000000034,2.089999999999975
1995-11-01,1995,11,0.00720111753372521,0.46954278154618123,-4.955238524849935e-05,0.0597291027169895,0.00585989997225822,0.2015115187409222,0.5569480719427702,-0.09771204553538837,-2.7728068983340393,0.4081960006809915,1.4376756917772582,0.5056948554222913,0.6752270993640792,-0.2476143057286322,-0.09948284612636371,0.025768174956298573,-0.02044290366901036,0.2568784322388602,-3.0114706550732535,0.802791577080427,-2.208679077992823,2.069999999999993,2.0
1995-12-01,1995,12,-0.1370738195287231,-0.02377307739425305,-5.667567095150004e-05,0.10196121555351567,-0.008555325968331196,0.7533530524488157,0.9561680923480367,-0.41609530087521307,-2.815375177632916,0.26307020589426955,5.358500613132492,0.2751379268767664,0.8094052585638707,-0.21076112491459753,-0.41703640916682616,0.026291765028732428,-0.014917258629107977,0.42900676829199114,-2.544178051840099,1.1659881089710247,-1.3781899428690814,2.109999999999957,2.0600000000000023
1996-01-01,1996,1,-0.24755610426217345,-0.009472075896383103,-8.651132281350081e-05,-0.307320130674956,-0.0014194883971074823,1.0674666263305213,-0.630974482240731,-0.8490438599729373,-0.1787983866889249,0.30199628388823285,20.597573563369224,0.5034867945749681,0.4955879135336829,-1.0385093110793377,-0.8528554671917732,0.01255508374429315,0.0037752656338629897,0.21477189809179364,-0.4886935516184394,0.4037232216197708,-0.0849703299986686,2.019999999999982,1.9600000000000364
1996-02-01,1996,2,-0.26957623592204527,0.2580223467336964,-7.692190999280049e-05,-0.20787881340918446,0.017855537032440194,0.5559321273257538,-1.0096863998262506,-1.042798453477701,-0.4658762043909235,0.5725457027752476,12.205895970197162,0.46869808437159577,0.6999819264619731,-1.2146519977746948,-1.0415671873345786,0.002835586878098262,-0.00989066351858403,0.247969449169112,-0.807138065075776,0.20619686409156301,-0.6009412009842094,1.8899999999999864,1.8100000000000023
1996-03-01,1996,3,-0.01826426786652746,0.3315284215668157,9.68735267200052e-07,-0.004784592115228747,0.0060293685101934225,1.240754043807165,0.43494781336903543,-0.46364361367375295,-1.06201406094047,0.5352734295263843,6.4439811935590114,0.2791815507210913,0.7699024182979386,-0.11685324698896693,-0.4619978105026803,-0.0007982637926833291,-0.01933112984998475,0.19009909532929647,-1.1065666228899715,0.553446863529075,-0.553119759360893,1.740000000000009,1.6899999999999977
1996-04-01,1996,4,-0.21771601903299143,-0.14587729768777535,-4.6585012534799616e-05,-0.1749774432438187,0.008269342050153172,-0.1660760467880209,-2.1966739014790733,-1.3678369011032032,2.382258697199404,1.2926913191453586,0.7997863274504198,0.5184804427369727,1.3072244436651275,-1.3205340689448803,-1.3732249747249057,-0.0031118956501092754,0.01964611390756099,0.3535256217662237,1.8783113789821755,-0.8815279061558954,0.9967834728262801,1.589999999999975,1.5699999999999932
1996-05-01,1996,5,-0.13656897232175425,-0.17490180517285125,3.5427165135000493e-06,-0.09348214830578172,0.0013189587634877542,0.8131560217887994,-0.2884468517778487,-0.5858595086393734,-0.13653442038832964,1.117197105382047,10.76797904886189,0.2722028177201139,1.6307983632977283,-0.3937566617623247,-0.5871808765721767,0.0006723834289736885,-0.003317590220952127,0.4377769835544907,0.10486401980725191,0.10398844205167279,0.2088524618589247,1.830000000000041,1.8400000000000318
1996-06-01,1996,6,-0.27622687944517565,-0.16918729055061021,-5.942575881070014e-05,-0.05097261525621022,0.0009675156186328415,0.39954681343650833,-0.6625151072772155,-1.4522261808663188,-0.6922512561298504,0.5701555398504432,11.773137351949117,0.18989593868704446,0.9137710284068383,-1.025176659088686,-1.4567552430052046,-0.010015706857526396,-0.018724806426097196,0.24450683580390375,-0.5385317062604713,0.3581324896725846,-0.1803992165878867,2.269999999999982,2.3100000000000023
1996-07-01,1996,7,-0.17756247521373325,-0.1406527436245142,-0.00015025151088620022,-0.6682919236431886,-0.001259821122766458,0.8522578726463479,-1.0893618030874563,-0.9127480848302412,0.11367263311976217,0.5133302115495972,12.803151397281908,0.5988152731299579,0.7170699187403429,-1.720663981036239,-0.916181707915598,0.0009907234396182574,-0.004998482957511818,0.19374209202940662,-0.2814029328194394,0.6278685548634222,0.34646562204397924,2.5500000000000114,2.580000000000041
1996-08-01,1996,8,-0.07377852503083204,-0.49986863460236464,-0.00014417346568360023,-0.6200968952910735,-0.016592820364039973,-0.5231379777849341,-1.6107123883537042,-0.9553630102232091,1.7481761123421506,0.31004981671066645,6.587232948470046,0.6749601187482597,0.468949615669068,-1.6195491098494585,-0.9610222190593731,0.006233538210708378,0.024001255797285292,0.228578304215322,1.2321157925522925,0.0031775126595903203,1.2352933052118829,2.3000000000000114,2.329999999999984
1996-09-01,1996,9,-0.14359089406480052,-0.2993975634487356,-0.00011281733165519926,-0.6487943712767503,0.0025461268023992956,-0.8673784468601653,-2.4693919225613286,-0.9143410967851082,3.2590786476881703,0.4946679508706495,-3.9858385786646977,0.7894171577110001,0.310320795093439,-1.662465478119998,-0.9184985681509374,0.008473625296828935,0.04126330364197761,0.23673535298653192,2.285314334199967,-0.8110839158071599,1.474230418392807,1.6299999999999955,1.6499999999999773
1996-10-01,1996,10,-0.33544181528100125,-0.10016955378375769,-7.378032317419993e-05,-0.18426431436393997,-0.0003798217316612895,0.47576497774654314,-1.329964254088452,-1.7051379767899562,-0.33943743798712944,0.3987165394668146,3.5076805812568637,0.41211301457096283,0.4907392543868454,-1.3405582356011223,-1.7091226757389109,-0.0019259025891118497,-0.010849510665359663,0.3034766212297555,-0.659527737638065,0.0066092825637191766,-0.6529184550743459,1.25,1.259999999999991
1996-11-01,1996,11,-0.05897844491408932,-0.25523849585744074,-4.0584252332300647e-05,-0.31733979394274314,-0.004577762113601835,0.11624794909100444,-0.972977226049295,-0.4883333231331335,1.5789539155322245,-0.1493546495877318,11.496284641587408,0.43626825072718134,-0.09480573820200533,-0.7750222067431878,-0.4954615840438237,-0.0034100962995564643,0.015189880541456535,-0.0460336368534211,1.1972345761907945,-0.205083280216801,0.9921512959739935,1.0199999999999818,1.0500000000000114
1996-12-01,1996,12,0.12302376119356495,-0.00176402089465455,-1.7953855196199686e-05,-0.23664991921691225,0.012375874339514259,-0.5841067151213792,-0.8544575976777082,0.3881936078812487,2.899437112163696,-0.22051482102357056,5.5246322346210945,0.43109567107671865,-0.7425540841010303,-0.025755560909090036,0.39051324959064004,-0.006115370760511496,0.027797018002289953,-0.3076328616579431,1.9463021780095389,-0.8263823950592304,1.1199197829503156,0.9800000000000182,0.9900000000000091
1997-01-01,1997,1,0.05074207509551343,-0.024818485189427975,2.8574245763014067e-06,0.06126994097030902,0.002228832614713072,-0.09118350953033172,-0.44370094909726276,0.19009661178108672,1.577706009293621,-0.005609368044066088,-8.845956465680501,0.12844709373365504,-0.038630050167874685,0.20617041336299735,0.18638825791077807,-0.0032550555651260638,0.014420568573963344,0.07688250708967281,1.4162382334361325,-0.6535797163305688,0.7626585171055638,1.1299999999999955,1.1099999999999568
1997-02-01,1997,2,-0.10673374472537489,-0.006320315134530574,7.853903871599469e-06,0.0611545183969362,0.010164711040059116,-0.20323804807899393,-1.2824210892613337,-0.8041709468815839,0.7071363254887331,-0.02539585932257893,-7.131293307596934,0.2554634865518608,-0.10442441649603751,-0.42276718742590447,-0.8075667043755175,-0.0012980612921698054,0.0007740517554153392,-0.0319738712780282,0.3726442817634563,-0.8630496593293664,-0.49040537756591007,1.1200000000000045,1.1200000000000045
1997-03-01,1997,3,0.11880963359243424,-0.29229191082174566,-3.1637082542999503e-05,-0.2424338400403805,-0.00992114621272272,-0.9516076698681744,-1.2498177322630681,0.5470448757847635,1.6662403209086563,-0.3100433302586154,-17.953873030040995,0.3430840742255157,-0.4988783132120602,-0.11703389297548483,0.5486881456657784,-0.003733363064798212,0.010388294933693754,-0.07979466319874184,1.1343212637296674,-1.1311405694065648,0.0031806943231060814,1.1999999999999886,1.2100000000000364
1997-04-01,1997,4,-0.03447893467443919,-0.3312111470231116,-7.380918402780101e-05,-0.17112997940707686,-0.002301757988420694,0.35913444297755603,-0.0334959325061277,0.1863593068281375,-1.2271456503798959,-1.09052586506996,-2.880134046441526,0.07624994974432298,-0.7141699948647684,-0.25105564173941275,0.1842282585066073,-0.0036594943929366686,-0.019604575323250995,-0.16260005038520653,-0.9270397299190165,0.21542866091175839,-0.7116110690072617,1.3600000000000136,1.3899999999999864
1997-05-01,1997,5,0.1008046726781231,-0.050934833854228145,7.564176385701019e-06,0.013306173744624061,0.010001643692934215,0.09578559709304102,0.11704767227871571,0.4551014946138139,1.556026501013804,-0.23496850111095569,-6.9024861671059625,0.1785095925484086,-0.5640138734743871,0.37404060066131706,0.4527002977796428,-0.0009784901820735215,0.01816142863538861,-0.14212148142270387,1.0484715361019425,-0.2593941252167724,0.7890774108851701,1.2099999999999795,1.25
1997-06-01,1997,6,0.2717305616201884,-0.19969582374403672,1.6900977233901687e-05,-0.1762785081323308,-0.004006371260105501,-0.5122522195275891,-0.1297367325491905,1.366546103674409,3.273190067788647,0.0888681560510669,-13.960398411742062,0.34131388319622147,-0.41624091990632905,0.8730231567415672,1.3669073611866907,0.0047984469382424955,0.044013754755836576,-0.09067496821924692,2.426767108635005,-1.0023986317784797,1.4243684768565288,0.7099999999999795,0.7299999999999613
1997-07-01,1997,7,0.013589380446831001,0.06197696624627724,0.00011875017934379929,0.4856494714733337,-0.002161435004722323,-0.7082794354097999,0.09560996674508715,0.47792362228045704,1.5443893349510063,0.043406350778735,0.7177523658174323,-0.07603778816371687,-0.43486240664270426,0.9557912906591923,0.47360082420772187,-0.01077315454838379,0.01267812111029043,-0.08455194903318741,1.142158365693291,-0.8645041219868403,0.27765424370645064,0.37000000000000455,0.3599999999999568
1997-08-01,1997,8,-0.07432923918344159,0.008221121600115566,8.442020459470054e-05,0.315047753475163,-0.0027637643151019464,0.3318663739413097,0.02099818734393466,0.38039502003124426,0.5504542102451637,0.05353354050195591,6.075554941780865,-0.08601499476964136,-0.23040886496932345,0.5401269970016074,0.3824097982545709,-0.008935474870211735,-0.0007188880264603625,-0.04691156509601058,0.3525267995435115,-0.5171140314343461,-0.16458723189083457,0.35000000000002274,0.3299999999999841
1997-09-01,1997,9,0.21562084686189564,-0.277059289700162,0.0001300695360894992,0.5728344817774307,-0.009948475386028388,-0.5164686956733107,0.7177582246811767,1.6396682334424213,1.4134185638718009,0.09682776797256665,9.317665149777895,-0.14156170574895555,-0.16469686246120574,1.805034800106796,1.6404850638127186,0.002469690493328347,0.02016895377390382,-0.07775727036263014,1.2934556391869592,-1.086459745055322,0.20699589413163721,0.7100000000000364,0.6999999999999886
1997-10-01,1997,10,0.40735645315368174,-0.10457854238518394,0.00014749741874300025,0.6297296739201599,-0.006644200827015667,0.18315218851561355,1.7140436484158386,2.441556882897828,1.2872597546029567,0.2464548734921408,10.267323570806184,-0.20263130148941855,-0.013056041079082092,2.635790502465852,2.440242452915811,0.008423338267323999,0.02276723708928996,-0.13514509000990138,1.2303801415211595,-0.9230612840320305,0.3073188574891219,1.2699999999999818,1.2600000000000477
1997-11-01,1997,11,0.23809234758840603,-0.05204176074556699,0.0002347890235293009,0.9061469214311977,-0.0044063592996604894,-0.20662263393451497,1.822221924640246,1.7068062457860265,0.7120270663545796,0.2797391619874148,10.343316305385088,-0.441673381602385,0.1810772896081616,2.7256751644538326,1.7081593345901638,0.005921593369063949,0.017045114754530744,-0.05904571051121543,1.0550385755776688,-0.9021001510094422,0.1529384245682195,1.8400000000000318,1.8199999999999932
1997-12-01,1997,12,0.16457532202224456,0.18759504956307183,0.00029851277209099955,0.948879188961115,0.0013305115173017912,1.074167831734556,2.346250912303333,1.1541401359165206,-1.29749248968605,0.1825291111087104,7.006186474638525,-0.3743995806055409,0.5693341672103926,2.4002186925202977,1.148693909206088,0.010859454822688797,-0.006172075022503165,0.04134619496207392,-0.5362878529788446,-0.05941400692739762,-0.5957018599062565,2.0600000000000023,2.0300000000000296
1998-01-01,1998,1,0.16047123181624556,0.5630844569766964,0.00028266932473739945,0.8549438385437327,0.009258475062040139,1.1427247639256777,2.454912329762692,1.0559862241969995,-1.8954247288454553,-0.20681089762892668,23.8059595629893,-0.20088422051486532,-0.08846424418972987,2.2931763072936633,1.0527389269407195,0.012954476813005655,-0.011530249171264106,-0.166008314017148,-1.576193854891386,0.1584887252127487,-1.4177051296786374,1.920000000000016,1.920000000000016
1998-02-01,1998,2,0.35383039689264706,0.6665677993991608,0.00025749353709660083,0.6981233936206408,-0.0060535400776503545,1.4595164713445214,3.959728143685311,2.321799738056825,-3.2655812796445787,-0.4634951703159089,11.426498132452252,-0.342118672087679,-0.039411244019973424,3.174824837193569,2.3180311687823973,0.008226257504564849,-0.03204953416472156,-0.034860318226924036,-2.499378681261028,0.7811347372173181,-1.718243944043703,1.8500000000000227,1.8600000000000136
1998-03-01,1998,3,0.004668515318314803,0.6031826883892109,0.0001594019536366991,0.6671802870300816,0.014397557221495327,1.704347293285359,2.2298279084040473,0.43634592026529617,-2.739817917031786,0.16767198924760152,36.24411293571757,-0.25069465482937403,0.3370301446032329,1.485942743963676,0.431357924491067,0.0012273139019995938,-0.03212147392675657,0.0708593409998528,-2.3197651068467096,0.7388971686661385,-1.5808679381805746,1.910000000000025,1.9300000000000068
1998-04-01,1998,4,0.39783708611992097,1.1494121286310133,0.0003451201685152009,1.0374926124576263,-0.001029984454196664,0.4029745657185586,3.629718000907019,2.09128172634297,-1.063495038916784,0.6211816957239407,19.982210392307024,-0.45345871854081565,0.20871234009682382,3.792073142628965,2.0932264633395903,-0.010497676750077733,-0.020513735465122807,0.07107187779390323,-1.0225056760031066,-0.16041040472532941,-1.1829160807284325,2.079999999999984,2.1000000000000227
1998-05-01,1998,5,0.3849568149175866,0.917500195073103,0.00021607421820689886,0.8580103371874159,-0.0033645680203399086,0.033077688807665595,2.375329316242187,1.9029441875320003,-1.0105531846226086,0.15180447349916548,12.115905246988405,-0.3301073650968078,0.04069864796930034,2.7107513144692916,1.9089731458441292,-0.018372976226343152,-0.027116114648338296,0.018621416285828474,-0.7915516450556765,-0.3293930399149758,-1.1209446849706524,2.3600000000000136,2.3999999999999773
1998-06-01,1998,6,0.21235149324689928,0.8475473237610345,0.00016708431369509905,0.6695389974346035,0.002552910485903892,0.6149626583786443,2.4186308788582664,1.0403735444724589,-2.631812367925619,-0.4443597745995511,30.254918842139887,-0.4449219552369925,-0.4276401291189025,1.934659733873218,1.0426321489054544,-0.016421064603953095,-0.04522165582447224,-0.11443907600625991,-2.1701707672079067,0.4862297494180474,-1.6839410177898664,2.670000000000016,2.7100000000000364
1998-07-01,1998,7,0.3314695280113824,0.5080716605220346,0.00014588796315509987,0.5429114384970504,-0.004260098290041037,0.6523843354814574,2.7333139027038555,1.533686988594468,-1.3831628214589955,-0.12651317556411357,21.419928268092917,-0.3806922929688028,-0.11582567449675096,2.460355496610248,1.5385817109008144,-0.009491192664650594,-0.0239502588888012,-0.024367773059623232,-0.991783027422855,0.2778531283999506,-0.7139298990229008,2.8899999999999864,2.910000000000025
1998-08-01,1998,8,0.3234439277631509,0.5569610918003605,0.00020572113356549966,0.5428913997656544,0.010939268041004424,0.045005231607902374,2.369298298433705,1.2835692131418455,-0.6812315506289508,-0.24974569234869648,15.456985541182803,-0.31770158436449947,-0.1347635106142704,2.385965600614327,1.2790317366179238,-0.013183474936231399,-0.017906792736405386,-0.04107179886937473,-0.24854778453001813,-0.021204778704543514,-0.26975256323456165,3.3700000000000045,3.3700000000000045
1998-09-01,1998,9,-0.02777075627710701,0.6866968639736228,9.88448342815005e-05,0.17579537372256127,0.006663516363641153,1.6598386526544147,2.0428929798928834,-0.5310529286993528,-3.607015119657092,-0.24410643346115535,20.98158850731852,-0.2395815439320188,0.10986879441002984,0.5721056994094624,-0.540167925029607,-0.015996166003388268,-0.055723748925463834,-0.019602770339229636,-3.0134583478538843,1.4616722841531633,-1.5517860637007175,3.6199999999999477,3.6000000000000227
1998-10-01,1998,10,-0.14957774385561606,0.5255091672515277,7.962398426229929e-05,0.035466609280874195,0.015457135841255742,-0.42846794924764,-0.34464695980233273,-1.2833221393024132,0.05292564901191099,0.4396870107084716,2.4125080943922512,-0.02001333789723958,0.4272399425116191,-0.17257225484388528,-1.2830673522909137,-0.008825800312306953,-0.00663444846466632,0.22696164008914188,0.06049191871230164,-0.1718199179469444,-0.11132799923464631,3.3999999999999773,3.3699999999999477
1998-11-01,1998,11,-0.14269588995290405,0.3757229478509885,5.2388714752500676e-05,0.4306722061115167,0.033017334929289155,0.6756797276163411,0.5416882653960329,-1.2641473794571425,-2.8004942612101047,0.3256414485766541,-16.791944381853682,-0.1910133403183636,0.4542614400046432,0.28453233566943936,-1.2645489367315577,-0.001756833178678363,-0.03744318802804658,0.1864174826842664,-2.480860929463688,0.2567543724521748,-2.224106557011506,2.980000000000018,2.9500000000000455
1998-12-01,1998,12,0.07105901511170032,0.4040561800032947,-3.150477304499945e-05,0.2929322752428014,0.030530361283501728,-0.0694985036193998,0.888450541189286,-0.5500193977908907,-2.268243110397833,0.043492291431750374,-9.497151861083694,-0.20100953503617802,0.05093836283283082,0.5736565160660803,-0.5426318010746058,-0.0025218577258909747,-0.03090046352182174,0.05071670896524516,-2.0597875039605427,0.3221816218394906,-1.7376058821210485,2.7800000000000296,2.75
1999-01-01,1999,1,0.03731943478561561,-0.16431620271686143,-6.408287922140057e-05,0.1348537958938394,0.017430515600307284,-0.8878833875597323,-0.2800338694806328,-0.47999542489327496,0.155901880142153,0.14379891569520353,-10.627141954435501,-0.07759297419039513,0.0034774405068418446,0.07305148801282257,-0.47410837067172906,-0.010431690309048669,-0.008222241620097659,0.009719719468073151,0.09317337914419,-0.3471983032719095,-0.2540249241277195,2.920000000000016,2.920000000000016
1999-02-01,1999,2,0.03638467149079361,-0.36382822475826515,-6.459486613209948e-05,0.3971413957203964,0.029106800113436693,-0.4284096188936388,-0.18069721648913628,-0.5894547798571921,1.2808857231912896,0.09407871370329346,-4.228491738438606,-0.1493545598439141,-0.18490033514503068,0.3118725777002851,-0.5896671420979374,-0.004434037041731287,0.014803752111378632,-0.022779115669608885,1.1512612341869115,-0.49278215643016665,0.6584790777567342,3.0399999999999636,3.0600000000000023
1999-03-01,1999,3,-0.14159444595526338,-0.5300928292752474,-8.178985985700382e-06,0.41875292866649616,0.014891579670232913,-1.2210522939222415,-1.0493668425064584,-1.0221351767128795,2.8184261640644195,0.4107144671749339,-8.46395434254373,-0.04807432127867628,-0.0017278096473560822,0.16975763366696128,-1.028081345187843,0.003236734208003078,0.04216799919114278,0.02888837796240118,2.454058208520763,-1.2250706446483797,1.22898756387238,2.9699999999999704,2.9799999999999613
1999-04-01,1999,4,-0.34665621991371154,-0.8368070318284708,-0.00016778588575599995,-0.15018126352455496,0.007603585298408877,-0.9551339583168925,-2.174551296481013,-2.087321224594234,1.3705388246679036,0.08637186630635796,-3.012948805378983,0.22859586736487358,0.03163899692507499,-2.177136462350745,-2.0750070533287044,0.005513722380641628,0.022272122907893266,0.00964280311422172,1.0872100879217612,0.014899337135265256,1.102109425057023,2.7100000000000364,2.7399999999999523
1999-05-01,1999,5,-0.4177373145657839,-0.832558389169435,-0.0002499084628503987,-0.5028319393444427,0.010829403828467532,-0.9392218049776702,-2.126597108441956,-2.2508922312749178,0.7033504026929052,0.16161787005639994,-2.9779544771590736,0.3434069996856408,0.0693651737109704,-2.385908844252697,-2.227610417023641,0.006481502199080058,0.012459577888299656,0.05877625006591458,0.267690706661881,0.2825935500620176,0.5502842567238986,2.349999999999966,2.3700000000000045
1999-06-01,1999,6,-0.29731374764338625,-0.8328126275687282,-0.00023194641703690004,-0.3995133960866504,-0.003979681290232517,-1.201592353051204,-2.7341740305080293,-1.743707526123444,2.4983424882876193,0.9489159762993005,-13.48528001982777,0.4655960453857233,0.7889063860789527,-2.17535466584593,-1.718936411266725,0.00986522415327995,0.03738387328731152,0.23239692439996418,1.8727368526814985,-0.5340482498053767,1.3386886028761218,2.1000000000000227,2.1200000000000045
1999-07-01,1999,7,-0.22866326202432674,-0.40848657879746497,-0.00016219115432039924,-0.09930359588514648,0.016246813179033093,-0.041044030483718075,-0.8053974796347347,-1.5080663721568612,-1.0149457839861498,0.0740683312286734,-24.005086359014967,0.15053633701310787,0.20568394607932206,-1.293755182973939,-1.5016488517242692,0.004020694667958402,-0.009556669566245457,0.05044531668044705,-1.0338665061486054,0.49477522377179994,-0.5390912823768019,1.8600000000000136,1.8700000000000045
1999-08-01,1999,8,-0.28703517179326354,-0.5046729786993751,-0.00023788049472939915,-0.22162741002646413,0.0019667854138248897,-0.17983830238495102,-1.4301510188615225,-1.7663263850337785,-0.6564556098078356,0.1727300990845997,-31.47153625676583,0.18479782465118433,0.19451604364175878,-1.8502922879872585,-1.7644543170368365,0.008555706039055533,-0.0019746803574123284,0.0161457186744709,-0.8194674899018821,0.4220133371226815,-0.39745415277920415,1.5399999999999636,1.509999999999991
1999-09-01,1999,9,-0.04129566298900045,-0.4443470520962478,-0.00011527186313989995,0.15998715702689026,0.011232835036139699,-1.0954912003002448,-0.6462554550786876,-0.3942850709693744,0.9415018568661537,0.058673535534001786,-29.619148963451153,-0.05140924641241895,-0.207199609525901,-0.32355356547077463,-0.3908469507589416,0.0024160326513231745,0.013835652589829994,-0.09306882206708877,0.7270379582186592,-0.31926376939748025,0.407774188821179,1.410000000000025,1.3799999999999955
1999-10-01,1999,10,-0.002355759785814371,-0.38189345301611866,-0.00012074132214319987,0.15050648402899824,0.004089733369126547,0.16114600754208652,0.5607139539641253,-0.11623807810002518,-1.9616640331511235,-0.6146291767569707,-20.719200776948128,-0.2006352839253509,-0.44191402459821205,-0.2885566414136065,-0.13047922239911713,-0.0030427222404272314,-0.023473714833113668,-0.26175534915241805,-1.588313597067021,0.8350294510786362,-0.7532841459883741,1.410000000000025,1.400000000000034
1999-11-01,1999,11,-0.062215344170965636,-0.32149393700211704,-0.00018312922197260065,-0.5139476096536129,-0.022430939129389982,-0.16830187813581432,-0.73531934892452,-0.28149237648506187,0.22619611967641617,-0.3729942079588149,-2.5931317648355616,0.21369760760254053,-0.39096231540002435,-1.5442915956259071,-0.3037800752231874,-0.0048638977017603224,0.0010662828633249966,-0.30270415884814206,-0.005469595367344482,0.7866845479632651,0.7812149525959171,1.4399999999999977,1.419999999999959
1999-12-01,1999,12,-0.10338367325994113,-0.43270233319930185,-0.00016083015151930127,-0.5257467009538779,-0.027255820446019707,-0.48968581640298225,-1.0720422729779102,-0.3694340497800681,0.17676087071626512,-0.12755163603834063,0.9806029581231996,0.3612368035632585,-0.10913253765023967,-1.6456918381655328,-0.41849075486567244,-0.0046912491502748566,-0.0022314549893320823,-0.2761327461781953,-0.16605683445891373,0.5245928601020182,0.35853602564310805,1.4099999999999682,1.3799999999999955
2000-01-01,2000,1,-0.11213118524955235,-0.5004428844799236,-0.00015201361983929913,-0.6082137717035607,-0.01566952032030766,-0.11844484031560398,-0.7711696763225291,-0.2530020738523149,0.08499703452486074,-0.2131665003372163,-13.263873675299692,0.18283825185386604,-0.3275751574981456,-1.5700738490989465,-0.2510161439030867,-0.00843415284782445,-0.004373191797321319,-0.22279564222179005,-0.2122498744899417,0.8008901027256492,0.5886402282357004,1.2799999999999727,1.2900000000000205
2000-02-01,2000,2,-0.08915069055376534,-0.22172667120366896,-4.5770891285800905e-05,-0.42584577207077245,-0.013254451859732286,-0.20281273141343803,-0.7417950838274692,-0.7247996946115904,-0.3899167287650016,-0.24605098105884338,-10.14396720721561,0.12320300304361353,-0.26758160487276683,-1.215276064167881,-0.7250738167975896,-0.012129925291406884,-0.016298523424472133,-0.22250344089831664,-0.5346503556225457,0.4732068581544091,-0.06144349746812949,1.1399999999999864,1.1399999999999864
2000-03-01,2000,3,0.2067098877338367,0.1483990176582779,-4.6214906970699215e-05,-0.483354794624713,-0.005755253828195417,-0.643409676119866,0.3226936104207425,0.6528348648732276,-0.4805258325742159,-0.9022975626099239,-14.60084416650352,0.03665401960932968,-0.8879445330573787,-0.3736139341380067,0.6651867938423379,-0.015010608735189557,-0.01954231604458956,-0.32719402569656353,-0.5028268226310217,0.708659473527856,0.20583265089683778,1.07000000000005,1.0500000000000114
2000-04-01,2000,4,0.2952555789968869,0.08521404369457741,5.709046374349942e-05,0.06189335923012962,0.010405983016994136,0.7924125269384845,1.6484382793876193,1.4564733994527614,-0.5695886776124155,-0.5529079159249868,-8.689506993367104,-0.23595550242143304,-0.4941707052001689,1.4138297721326012,1.4626194595553557,-0.008786356300066078,-0.010778971139254079,-0.12176405971722915,-0.27489596446616815,0.2407545673576088,-0.03414139710855579,1.0600000000000023,1.0200000000000387
2000-05-01,2000,5,0.125160922443456,0.1992607622373157,7.730258905379837e-05,0.20471912884336163,-0.0035217031807801558,1.1631371596441653,1.8464968174107526,0.5701621563948152,-1.87446491930001,-0.08053293285604823,-6.916418692402658,-0.1734241588801808,0.24815092040461906,1.0952163920929365,0.5716269560386991,0.002635385339059937,-0.01996525350969014,0.06365487293082239,-1.3723569071592294,0.7527452249616999,-0.6196116821975295,1.0300000000000296,1.0200000000000387
2000-06-01,2000,6,-0.0010493229421513206,0.4124150812007201,3.215285749290017e-05,0.07159907452092895,0.0057406969372454375,0.4272310291665278,0.9733746513924189,-0.08169097277732362,-1.2539346538410143,0.02959285046474136,-1.772700769128278,-0.019550747187736306,0.15358069037763755,0.4919209334572656,-0.07241593818071124,0.0010771249018444173,-0.016542838277045835,0.05899556161316788,-1.1103960667404067,0.49072875253176207,-0.6196673142086411,0.9499999999999886,0.9899999999999523
2000-07-01,2000,7,-0.013613636177240096,-0.2173506219901924,-0.00010892187826030096,-0.45743648386264013,-0.016973833084417356,-0.3055627367606135,-1.1232894840457561,0.03942105347977076,1.6764505316199063,0.27569069019233794,5.860708134743618,0.3374763483390666,0.1064485971706084,-0.7512704940967296,0.03361530910984811,0.003913669694812327,0.02245794726460293,0.07988849274683751,1.1697320902591244,-0.37782473431894914,0.7919073559401717,1.2200000000000273,1.3100000000000023
2000-08-01,2000,8,0.04780408959095439,-0.11915704782290959,3.6842593716997912e-06,-0.05912698103198366,-0.0003734754365414261,-0.41064854267098383,-0.4174958102181563,0.49579076931149757,1.5694756169375808,0.36387125209301985,17.30288876465056,0.14798354467001218,0.10185745066524277,0.24435489943869015,0.4933749375251182,0.0017149037744150775,0.0210375032140373,0.16009173795723441,1.1594782708397986,-0.6642665414432329,0.49521172939657276,1.4300000000000068,1.4800000000000182
2000-09-01,2000,9,0.04093876553224618,-0.045775360989011915,-3.234280137690004e-05,-0.19206623938483958,-0.007316399106036875,-0.1761117912875605,-0.5659460650723531,0.25256767571784167,1.299430060129481,0.4961195105333722,5.632355016001384,0.30083686443666124,0.4386191201497489,-0.13546834398715646,0.240709067466355,0.009694715545168986,0.02205768526682883,0.2235324521759967,0.9410928053092036,-0.44233632933667977,0.49875647597252737,1.2699999999999818,1.259999999999991
2000-10-01,2000,10,-0.06258930921319461,0.01141913897708946,2.0409125923499805e-05,0.0805989241782683,0.005756465462268268,1.1905287084001799,0.4149253688313479,-0.04144775952630653,-0.35316837473303053,0.35310267552967645,18.786489236867055,0.17538687107779083,0.3624792588599135,0.22896190203482547,-0.04362782153123135,0.005942326652993657,-0.0013667900417280165,0.1248505980441017,-0.5191786624805772,0.1837834047915976,-0.3353952576889867,1.160000000000025,1.1299999999999955
2000-11-01,2000,11,0.027388378110572376,0.020752353116392896,7.997573035050005e-05,0.13808294502911167,0.008323789945200555,0.806811473628386,0.7227986716266059,0.3035783348714176,-0.046900517371511796,0.34279788159371094,14.903631994879106,0.0042476000651845425,0.42627950376225954,0.8445315969076432,0.3031341720619025,0.0006303141454448991,-0.0013013124053418146,0.20668325771588414,0.032333504731809626,-0.12217708809055594,-0.08984358335874632,1.2399999999999523,1.170000000000016
2000-12-01,2000,12,-0.0426847777310968,0.022016453804326375,0.00010599945751340115,0.03898127632056969,0.0038816847571048196,-0.26455418840812683,-0.9398867222094509,-0.01993828936360842,3.276876971103434,0.7897669164370491,11.543114454238093,0.03877933293688329,0.3111434550189003,0.40600451224810286,0.014674529852356955,0.005154200430245837,0.044367749808610135,0.23234208845945936,2.759474176748391,-1.3112784152415848,1.4481957615068097,1.2200000000000273,1.1899999999999977
2001-01-01,2001,1,0.2991361409028741,0.4132971256836413,0.000125673304888399,0.3226838687658855,0.0010434118736371012,-0.634556793202762,0.5801861243568283,1.2523145239642872,2.9763660646042354,0.4813337417950798,4.072361319544143,-0.0481750030108401,0.37708856264600854,1.6202536278303796,1.2446829266376085,0.004762533871012664,0.04485056878953708,0.1523205730891526,2.9202958884660006,-1.0476991008002337,1.872596787665774,1.3000000000000114,1.3199999999999932
2001-02-01,2001,2,-0.07609792989927655,0.2562535281370515,6.969154264629962e-05,0.34056225377900873,0.002344629153277711,0.9215967028791852,0.10983191762932165,0.0993935535093442,-0.48427961009889486,0.19579491221001533,18.542205291014398,-0.1377048855553653,0.2011889828033162,0.434092592282866,0.0937107522494216,0.016167648683912184,0.00890223448847749,0.10239854652581926,-0.3411806539502322,-0.3299434759134634,-0.6711241298637027,1.5300000000000296,1.5199999999999818
2001-03-01,2001,3,0.11099083418031341,0.182105544784406,0.0001237418647143003,0.5612413805689158,0.007772031036466065,1.4614089172744116,1.5045370063151609,0.850129353951786,-1.4000943749321664,0.18623938522144812,8.135850782986381,-0.2914694795886703,0.4637127409036097,1.6041505595037506,0.849706927042007,0.005484421263533434,-0.009963000351912665,0.19737450151707492,-0.8311515396613345,-0.10003598009836878,-0.9311875197597033,1.6099999999999568,1.6000000000000227
2001-04-01,2001,4,-0.014639446008516188,0.366392762293799,3.4671001385100375e-05,0.14914150440763407,0.006592251833895557,1.253961751878471,0.8426687624285023,0.07167380802997059,-1.7206061109748987,0.2006252344952344,5.714319755716133,0.015132325622431608,0.32528299876029365,0.35089289108731236,0.07463320640215443,-0.004701830888342862,-0.026901039914927427,0.06368836361273367,-1.6110806723323208,0.4947352697133738,-1.1163454026189505,1.5499999999999545,1.5399999999999636
2001-05-01,2001,5,0.2627877908286109,0.26540708274546887,5.107608810620001e-05,0.243072451304446,0.0026938679524184383,0.12240877303351283,0.5084619497375229,1.4282776898659222,0.5805605661554125,0.07697841476826639,2.3622026517550694,-0.08239341812677026,-0.0964004205046507,1.2481890065895982,1.427008680877691,-0.004984188197636907,0.004399185783377391,-0.05253736203395576,0.48957514900928345,-0.740996065840303,-0.2514209168310231,1.5199999999999818,1.5199999999999818
2001-06-01,2001,6,0.18406037075789072,-0.02290634408831238,8.217763289719918e-05,0.33249069425202293,0.005031472090740174,0.20799222467609724,0.5392770354288245,1.0778442996963804,1.0125087822193564,0.03056271991874837,-3.1152333032805473,-0.10567062202579791,-0.22248168767065835,1.0364522740899815,1.0759851896798978,-0.004498454806022956,0.011292575532808158,-0.09774495939299754,0.8651349966557689,-0.4990343486776432,0.36610064797812925,1.5199999999999818,1.5200000000000387
2001-07-01,2001,7,0.25961153808884774,0.35994672878234724,0.0001987058592744003,0.763879672671365,0.01906824363439208,0.9178156838874969,2.256035660233181,1.3168325374807068,-1.6207232723079983,-0.25739011428166236,-6.6453272392682265,-0.43434450269606373,-0.205217456134001,2.280576804751888,1.3156898058960564,-0.005486090129490417,-0.022716955327855892,-0.10306808313334948,-1.134206111464259,-0.02568387610335776,-1.1598899875676274,1.5399999999999636,1.5199999999999818
2001-08-01,2001,8,0.20674075483634624,0.6748342472769195,0.00017086425205949975,0.7101249349087624,0.015822078824367813,1.3415402359248745,2.82049788924769,1.1409133794199988,-2.5520835305931087,-0.312314878004333,-1.7419129506888567,-0.4654050816517099,-0.11301477119910075,2.2886066495636896,1.1503559446471172,-0.006866197844993316,-0.035278777525693084,-0.08675150771507312,-1.8873783421361523,0.5413338049111225,-1.3460445372250263,1.5500000000000114,1.5300000000000296
2001-09-01,2001,9,0.11335584317481562,0.20541950110953167,0.00014677011386449862,0.6335035102598567,0.012744385810233183,1.2155148120065675,2.1066738841390134,0.6114356549192621,-2.157863102754362,-0.4379540280770904,-0.7938170558190905,-0.5032370419463064,-0.2665593630784677,1.7098133830016877,0.6220708598548867,-0.011747731294544206,-0.03217903453691129,-0.048244248217066854,-1.4832313958094403,0.40749570607295027,-1.0757356897364936,1.650000000000034,1.6399999999999864
2001-10-01,2001,10,0.2629038518322204,0.43919823960430904,0.00013246508364500066,0.31198692819533136,0.0008951619139605516,1.2602669450882473,2.189549939780875,1.1167133481330325,-2.5338203751830406,-0.6861009903653112,-22.93168188619893,-0.38095544164110606,-0.4564564888689375,1.5862375801981443,1.1268574736706682,-0.010306522782053573,-0.037833083483598706,-0.1087008607367217,-1.9232204320455537,0.6134564851203699,-1.3097639469251874,1.7999999999999545,1.8000000000000114
2001-11-01,2001,11,0.4055101764635083,0.43994529758674616,0.0001378323968103997,0.5932701267655425,0.011455192168828954,0.40380839531196244,2.4758051327879684,1.6581106384895747,-1.581048504493424,-0.6144086068269417,-16.214290377800353,-0.40791489228251976,-0.47350266370375493,2.2237206021125644,1.684750479665297,-0.009240220517053643,-0.024655888744671728,-0.1342500565032534,-1.032227669087689,0.2787243718511263,-0.7535032972365627,1.7800000000000296,1.8199999999999932
2001-12-01,2001,12,0.2949033042172573,0.3735303865768742,0.00014492156110050038,0.8363491759507902,0.01596169788063595,2.492294299440381,4.196288427307309,1.3151137935059865,-6.0430840429594355,-1.1532685028686558,-11.615714970292174,-0.6503966367535554,-0.30108346037217615,2.4918726671819513,1.3259199766341112,-0.009536834921069826,-0.0775660772851201,-0.05317833083686274,-4.5405023637094,1.7152219432534785,-2.8252804204559254,1.8799999999999955,1.919999999999959
2002-01-01,2002,1,0.1870778573893972,0.22753114830186405,0.0001044075823360014,0.5270009409110443,0.010605755363490177,1.982977924642391,3.080492589446976,0.5559139373395396,-5.118430213479769,-0.8287570367560235,-7.435612691988354,-0.5660690156783517,-0.3808785141479163,1.7532106661907392,0.5655747208536468,-0.007110618518552769,-0.06659994723007712,-0.05958848347442114,-4.1044826751933385,1.336942706770344,-2.7675399684229944,1.8199999999999932,1.7699999999999818
2002-02-01,2002,2,0.22809698765888697,0.16978730975318967,6.455897722570068e-05,0.13703385046676075,0.0013069244209344966,0.700722404993094,2.0710736686877453,0.999193020691223,-1.9973028102068326,-0.45364504927811566,-14.048836873931577,-0.16767331014651177,-0.21994835548988334,1.2453484080791668,1.012816117772104,-0.015025952758533023,-0.03733411744227144,-0.06313501046174608,-1.595932806272117,0.8393483576894596,-0.7565844485826503,1.7300000000000182,1.6200000000000045
2002-03-01,2002,3,0.2984239031588345,0.17079660856302326,8.458948553240024e-05,0.18486902836086117,0.001482513321229062,0.613117440721183,1.7710013556930448,1.1807903662431727,-0.6958302241723402,-0.2897271029411783,-9.897981604823144,-0.16827568178516117,-0.4479095429621225,1.34285217842978,1.1841850575029298,-0.0026407271635982,-0.008690713999615518,-0.1801388533735917,-0.6857369824081445,0.43154386852302196,-0.25419311388512256,1.8000000000000114,1.6899999999999977
2002-04-01,2002,4,0.030600003862787162,0.11081206499227392,1.9316703921200967e-05,0.16472042493691674,-0.014720331350366989,0.30137573032888554,1.085169140941673,0.2744147049918979,-0.753925906875395,-0.036053903366671136,-5.878921886192984,-0.11095506509678899,0.07468260758489009,0.4342541358698213,0.26152553104492426,0.00871251437226217,0.0017801164652313517,-0.02968318498469813,-0.5322343308270092,0.6380258311248816,0.10579150029787243,1.830000000000041,1.75
2002-05-01,2002,5,0.1205716662000782,0.1625718706481507,4.263333652560104e-05,0.07104515393941568,-0.0021581697332174743,-0.5941669990302358,0.2584005343197191,0.2843910206125315,0.7056961936871176,0.06077058994434381,-7.8103777897922555,0.09157079600973361,0.04296128077476169,0.4265205848236633,0.2684912460001101,0.006930937672783077,0.012664604524362133,-0.04859960127859608,0.596316088507848,-0.18401982511636916,0.4122962633914824,1.9499999999999886,1.8999999999999773
2002-06-01,2002,6,0.19554169626883322,0.4148053055497485,0.00010037505827790137,0.23467025302145572,0.013411846067758804,1.1840819190683547,1.9823692548330314,0.9708169024009408,-1.8008489817232771,-0.6379641542634467,-3.760690879484173,-0.1942027551932597,-0.5048083304571271,1.3900068728513588,0.9461066486767891,-0.00038366189360061753,-0.020728315862719615,-0.19698638091046128,-1.4734904027237121,0.5676521282575244,-0.9058382744661913,2.009999999999991,2.0
2002-07-01,2002,7,0.08107838131854805,0.21927279339348615,3.0097867357100835e-05,-0.030016039663642857,-0.007968620728236009,0.1475723206325057,0.2626474100487144,0.5238341883608086,-0.006977923909659012,0.13111917874768864,-0.01610740837350022,0.045052058957594454,0.11720695766949518,0.44644907895269625,0.5399741673015797,0.005018376981574146,0.003964892779113605,0.005383284191365689,-0.06594220394547534,-0.1676616899632144,-0.23360389390867908,1.9600000000000364,1.9700000000000273
2002-08-01,2002,8,0.02355331232604385,-0.11071094553318517,-3.287179215189992e-05,-0.056942372245991635,-0.0005422547985611814,0.36644754578929906,0.11236201995484407,0.07272545296217459,-0.6054416601251944,-0.19315889292186839,-2.4111164099740563,-0.022788663451905222,-0.12017427729412944,-0.055285365106669815,0.0753350434905542,0.003929556337951556,-0.004523046336466052,-0.10057943007204528,-0.509668381045536,0.1702569755898935,-0.33941140545564963,2.0400000000000205,2.099999999999966
2002-09-01,2002,9,0.18694303669633427,0.23334795473908798,1.721198073760012e-05,0.00493098505188172,0.0005911226081836141,-0.3153714437439632,0.26436905205781613,0.8275058531474428,0.9863845459707647,-0.04134824239066148,-0.7810226478904951,-0.051999714759602966,-0.11333355287078106,0.7518049876493933,0.8352978275551095,0.0021469150002593196,0.012340431420160058,-0.09367446485086361,0.9663989502503014,-0.4796439611839105,0.48675498906638737,2.3100000000000023,2.400000000000034
2002-10-01,2002,10,0.0989884983081879,-0.24603585223252367,4.5589993758400615e-05,0.19389404018209078,-0.0035814254534863865,-1.9629584741842194,-1.1280660315629234,0.4933444603909152,4.685978826701557,0.722082725983828,9.283139191567898,-0.10499178908600015,0.3359326131932079,0.5126441483470785,0.5017924910440001,-0.006602908660415796,0.055149823275455034,0.19764615926896312,4.404820502996927,-1.6322621492569205,2.77255835374001,2.240000000000009,2.329999999999984
2002-11-01,2002,11,-0.09647282376795374,-0.06704144625450681,5.108001969469922e-05,0.10256100901909804,0.009388227707274321,0.2504267142812111,0.12963195737353317,-0.2850133605820133,0.4736651791087638,0.5833325453413991,0.4962609043577686,-0.1748047978000784,0.39004197244180006,0.21173574296909692,-0.28686626764363155,-0.015891763343769405,-0.006505598432726245,0.18880996037470688,0.45517940400924317,-0.08395669265718197,0.3712227113520612,2.2199999999999704,2.319999999999993
2002-12-01,2002,12,-0.06967920843334241,-0.05357480513544033,3.711738504619949e-05,-0.05952730815420182,-0.012361892938962504,-0.11555070750038965,-0.42946746454356344,-0.046716701928971816,1.5207389141935437,0.753119755932925,-0.7082134637457784,-0.058391676841324625,0.627858434174172,-0.04927681066766354,-0.04499693204564892,-0.0072797568479670005,0.01663019777466479,0.22461881524631444,1.4538692692761401,-0.378470883992577,1.0753983852835631,2.2799999999999727,2.340000000000032
2003-01-01,2003,1,0.056749868881922794,0.14251503805337506,4.732313377049831e-05,-0.003039411086845689,0.005785413816428497,0.3030315374978869,-0.04885019355936038,0.5504179151141102,0.9213226059974886,0.536218284972211,-0.43943354234215803,0.004042563049978298,0.5924908646193003,0.28437266986219356,0.5525469529821407,0.003213201097639562,0.015376677551817597,0.14929711824657232,0.9735526225946103,-0.3310938255535234,0.6424587970410869,2.430000000000007,2.3799999999999955
2003-02-01,2003,2,-0.0167454832093199,-0.06858062857793357,9.300829749340003e-05,0.16367482150999635,-0.0066610655447930656,-0.3583115935023855,0.4200164690410588,0.16333511152032543,1.3207319901560197,0.7691743358789118,-4.931750136485789,-0.18884562064258148,0.7571656934659856,0.7473448131119653,0.168901595443117,0.002726910911921898,0.02424541146455761,0.28068839022841274,1.497568968385707,-0.3217618601481149,1.1758071082375885,2.5600000000000023,2.490000000000009
2003-03-01,2003,3,-0.32315519098341383,-0.02366683411480608,-3.795955622110103e-05,-0.32042494778320574,-0.007922145435765415,-0.7562743808489927,-1.5368864127117945,-1.1518866805249672,0.9281729283108859,0.7056153541513517,-1.0855665124690859,0.19193256759703559,0.7841562585013335,-1.4041116533724107,-1.153525617556113,-0.001867460721908465,0.008913256556203564,0.27859524360290067,0.8147812650638571,-0.13441369637052958,0.680367568693331,2.5300000000000296,2.4799999999999613
2003-04-01,2003,4,0.009932431623610682,-0.03792358823545783,3.828840240599832e-05,-0.07884188560237249,0.008334364839920227,-0.17146380332876276,-0.6470794095305905,0.020615750375100106,0.7001771931630003,-0.24830579344328285,-2.981702238525031,-0.05293218408982625,-0.3990705936978287,0.03638468626877511,0.020021464334035954,-0.009278043425802185,0.0003513942795803082,-0.020295106129665896,0.6023445769983198,-0.6840583818404333,-0.08171380484211,2.659999999999968,2.6299999999999955
2003-05-01,2003,5,-0.0906154225950786,-0.03795198129455457,3.117469342340043e-05,-0.03137880551225791,0.004643741431941684,0.5328819730810821,0.07985984455456219,-0.1368672078133386,-0.8363629040196088,-0.4198906466534176,10.60607018499286,-0.21916120608761958,-0.4754991231439121,-0.2147662986849923,-0.143394429697139,-0.013942451845701864,-0.019831391218898542,-0.055594698929413155,-0.6728101744224944,0.2880989213557541,-0.38471125306674026,2.830000000000041,2.8100000000000023
2003-06-01,2003,6,-0.20398958461089478,-0.33391284755140305,-2.2056522237700465e-05,-0.08529446180905254,-0.019330643883234022,-0.7215200949104172,-0.9473032818161187,-0.7671868327256561,0.18088376927394734,0.033499286555777275,13.912112915102625,-0.1659593708806426,0.15104745721416535,-0.619436705195767,-0.7653995689470321,-0.007637265746443855,-0.0025458374013984653,0.16111561053711476,0.4643913108129709,-0.32607931284172764,0.13831199797124327,2.8700000000000045,2.8700000000000045
2003-07-01,2003,7,-0.07711584962669349,0.0023319717080880764,5.9090534084298846e-05,0.26082756450564304,0.01207442697401273,-0.7907569133998607,-0.069987027927084,-0.3715250386096045,1.0482841581149387,-0.07972464378428867,4.9388048946420895,-0.2936074938597244,-0.13415293414798413,0.15488075001889,-0.37891229249487424,-0.011287120594358324,0.006531498239209732,0.042342849060915455,1.2874633616109747,-0.2322550318312402,1.055208329779731,2.759999999999991,2.7799999999999727
2003-08-01,2003,8,0.0988590243353542,-0.006244193582801927,0.00011565934900759946,0.166010587050053,-0.008895192444218436,-0.4682494452664798,0.5355834272770608,0.6226186934637781,1.0870033619035553,-0.01421574411998705,-1.0471537633420667,-0.20807704253286374,-0.03666788482765426,0.6346774578843224,0.619536586621507,-0.007412469310846159,0.011164299585232573,0.03353777955317483,1.272628263728734,-0.10217613744953624,1.1704521262791978,2.589999999999975,2.6399999999999864
2003-09-01,2003,9,0.02403651280184249,0.05174209578086675,0.0001171535174510005,0.15325412692503448,0.0061647359869799745,0.22108114458244188,0.8472859708471105,0.2997649770877615,-0.40051687316707785,-0.11500838113816414,-1.7990999026806094,-0.1733697326985748,-0.054152558718151056,0.32067719900607017,0.29426956021569595,-0.003181569513084348,-0.0024914546805998583,-0.04854877243779221,-0.16629131804850772,0.5211133549689713,0.3548220369204671,2.419999999999959,2.4799999999999613
2003-10-01,2003,10,0.12853119210160457,0.3345222447057381,6.453936742098834e-06,-0.1461206477824959,0.006364111198930766,0.990764066136137,1.3487471325502725,0.9711537217256705,-2.7414831861008224,-0.3358643832679391,-2.757360436662566,0.056290494287765114,-0.203432489142088,0.4249400632407969,0.966121460900979,0.011412812811703255,-0.025213118262784384,-0.21654762997447108,-2.6653417862627293,0.918774808484784,-1.746566977777949,2.410000000000025,2.4499999999999886
2003-11-01,2003,11,-0.03145646174664307,0.12873432336022006,2.196356772520003e-05,0.08321331564713574,-0.010423190175855024,0.39598885923516036,0.574552925756791,0.08553892077401315,-0.8068317143525405,-0.23420077841722886,10.670022805279586,-0.07061636648961667,-0.05957836430998498,0.1324989873855884,0.08876647433066864,0.015483328802107899,0.006615680087450837,-0.06117795187449104,-0.5615929337557191,0.44528149192785804,-0.11631144182786102,2.3700000000000045,2.410000000000025
2003-12-01,2003,12,0.24285313165540856,0.3375738056592468,-3.286621793329933e-05,-0.03864874161545018,0.014235907663835756,-0.7281298233535765,0.4668813357782824,0.8607518370649814,0.6487103441535851,-0.10190999877533713,5.293555591866607,0.014169899953401455,-0.32150546157195947,0.4591777167466944,0.8613743374278329,0.001571444881258266,0.007949447936467013,-0.14412853973990813,0.4149449814035222,0.008326119394439502,0.4232711007979617,2.259999999999991,2.2799999999999727
2004-01-01,2004,1,-0.14570177630565695,-0.10638724533259847,6.4415712200012465e-06,0.11960512597215711,-0.017000249048069405,0.10244155063053029,0.1664054033039406,-0.43183684320251814,-1.0932361766535905,-0.2355491908213061,7.482866385325906,-0.14779838413377888,-0.23203976538269444,0.07840908615645503,-0.43077502508378984,0.00637287090132066,-0.007740475636107913,-0.07062346502230277,-0.9419283670812035,0.08905813526621387,-0.8528702318149897,2.269999999999982,2.2900000000000205
2004-02-01,2004,2,0.053526375526587344,0.07758191000266379,-0.00010371201451330088,-0.20863851034628667,0.012241080700211349,-1.1523416178190473,-1.2176022850500772,0.26465295779644293,1.525204436669668,-0.21717433655593155,1.20395599740732,0.22165154653436048,-0.37646564204621313,-0.6177415597286426,0.25626487525744324,0.0038879799981401675,0.01976471398698676,-0.12517290060461583,1.1442615846450224,-0.6082488078604342,0.5360127767845881,2.25,2.259999999999991
2004-03-01,2004,3,0.12385754081878986,0.28560941546192,2.1365898522199972e-05,0.21673761827903348,0.009981880274237742,0.8004879545484158,0.9503329964833824,0.5657294724846906,-1.443794428159407,-0.7097284981866032,1.5217890937929042,-0.19838654422844115,-0.7164632822022909,0.723662998801899,0.5720229613132801,0.00021338890096256335,-0.017822291169997673,-0.2282556028206031,-1.2521426679466572,0.23296348651007293,-1.0191791814365843,2.2399999999999523,2.2100000000000364
2004-04-01,2004,4,0.10177273433373557,0.019981538435558832,7.554029621330109e-05,0.37677605337500353,0.0017590685926948124,-0.09182872439071588,0.27087438280739207,0.38687580450897485,1.107742840198,0.10295825824726279,2.4487134802911896,-0.25940002937034023,-0.14964992310720504,0.9147017204099939,0.38430650722233395,0.005101556576944333,0.019892107539197568,-0.06733206635464839,1.114534688213837,-0.6463966348892427,0.46813805332459424,2.090000000000032,2.1000000000000227
2004-05-01,2004,5,-0.23256222044028618,0.0017868131039335822,-4.191077145001068e-06,0.3112587837239005,0.011496164477597048,0.9223532785078916,-0.13269624187449836,-1.1006071752518096,-1.3541514932302618,0.1866767903212896,-1.8554708685551304,-0.2784685208808355,0.29725901812766864,-0.22600828656914018,-1.0991120352661028,0.007229040500067896,-0.008556245471746937,0.027427795938926636,-0.965100744543065,0.09480718468034866,-0.8702935598627164,1.8700000000000045,1.8799999999999955
2004-06-01,2004,6,-0.02176042855541027,0.05299991760637113,9.656855429600666e-06,0.06535142530073657,0.024764679494290953,1.1300199685116823,0.5850873374251364,-0.4871566229447808,-1.9266398298894103,-0.05519316067163871,-15.38176511284837,-0.053664873568322946,0.07609441304178688,-0.18737382508464862,-0.49354916162212703,0.003404630388099239,-0.022325748640933174,-0.04338093301058876,-1.741687382607637,0.7660686238324423,-0.9756187587751981,1.8000000000000114,1.7899999999999636
2004-07-01,2004,7,-0.29670723877785576,-0.477374914889765,-7.036888960429942e-05,-0.27469155773845344,-0.008350067003190742,0.7027231414418935,-0.6566304939274232,-1.2396584407451883,0.03145859996121203,0.02106442437834133,-2.128624837278039,0.08246017300638186,0.13653409484959056,-1.2192668675932623,-1.2408863701008386,0.005052420642854383,0.007427366187660489,0.05274632499463472,0.06446809742607229,0.5614084443101888,0.6258765417362611,1.7699999999999818,1.8199999999999932
2004-08-01,2004,8,-0.26896473911403973,-0.16512045072653336,-6.858573240920048e-05,-0.26226513620738956,0.01475669007840752,0.9008172454006456,-1.0012567288314926,-1.3295557180030642,-0.8457642457800603,0.03888994659315159,-5.434768049744889,0.18451261053729695,0.13512551380150128,-1.3335847474708658,-1.327124261215772,0.007770360597441073,-0.005397729616045677,0.057814704380376725,-0.9340412891090182,0.3347594754266723,-0.5992818136823459,1.5300000000000296,1.5900000000000318
2004-09-01,2004,9,-0.16988137949624615,-0.13371630230312803,-7.521540693120055e-05,-0.06054152037278371,-0.0016387386215285238,0.5913072218232003,-0.4096486127628509,-0.9085416550323657,-0.5972701377950216,0.21129938488464006,2.5956361259304686,0.1248321547115836,0.23291890696519246,-0.6566637630588161,-0.9075157232041988,0.00493234346035587,-0.004367305241927966,0.12204901428180293,-0.7004827704260776,0.24804108212413922,-0.45244168830194553,1.2900000000000205,1.2800000000000296
2004-10-01,2004,10,-0.17533528960666445,-0.10967804032929962,-1.1297699271899456e-05,0.10667917286429329,0.0033625329263782255,0.70014851859397,0.14439734977901253,-1.0404962458157456,-0.9742212688486234,0.13929110670610712,-4.483140513897524,-0.05051459198830344,0.2556009969487647,-0.26524853904612655,-1.0405422264723825,0.0021005266908105114,-0.012880786879655215,0.11761747425740587,-0.8073967866176659,0.4095999081685058,-0.397796878449153,1.3600000000000136,1.330000000000041
2004-11-01,2004,11,0.06923168923435696,-0.1693156035759671,-3.329268871969833e-05,-0.0816212424421181,0.002061799497665495,0.8110312041873868,0.5094640531531809,0.36272479435410787,-1.4360960649600827,-0.22276741898329178,-7.572282938592252,0.029775192170859555,-0.05361204675871534,0.016648181828770703,0.3602616898944575,0.00395281272280279,-0.017240418926977696,-0.06734110461469456,-1.2967158849063196,0.4903527668647598,-0.8063631180415598,1.5500000000000114,1.5
2004-12-01,2004,12,-0.28941917830218244,-0.342427200543284,-4.376588339301268e-06,-0.009608520283652666,-0.003291046877038628,0.9265690727597118,-0.34104698611912454,-0.9055401672567314,-0.5430981685038034,-0.19467750820767904,0.8687561827828176,-0.04611171955212967,-0.1545473324822737,-0.6200397841550966,-0.9067568649838336,0.0024204476495981453,-0.0036983384177853296,-0.06751177853601043,-0.45685627322623645,0.27777610030887345,-0.17908017291736655,1.650000000000034,1.6000000000000227
2005-01-01,2005,1,0.17512931383646446,0.24187725718576303,3.150140296540038e-05,0.16691381545882678,0.019365651585796173,-0.1815936654994914,0.7386965084762096,0.5758218716160286,0.7248829591298147,-0.290378551020126,-0.4132522191212047,-0.1825456782087258,-0.4496873413667615,0.5749739894479262,0.5719867051936944,-0.012845672580931833,0.0009999888530378698,-0.1717153086574008,0.7481198469919264,0.15988735260594922,0.9080071995978756,1.5200000000000387,1.5199999999999818
2005-02-01,2005,2,0.016371737010331344,0.022676693320761387,6.749762537960023e-05,0.23938582140371167,-0.00456302905368855,1.7691219704229297,1.9110347507511278,0.297807097539021,-2.735603711459561,-0.2140581152707064,7.064753150654724,-0.3576023716076975,-0.11862058862329405,0.8579135997453591,0.3015057555343219,-0.005613528888562591,-0.0353821374571206,-0.12696111340908445,-2.2825638132044617,1.0568198090010696,-1.225744004203392,1.5399999999999636,1.5400000000000205
2005-03-01,2005,3,0.08410529929403765,-0.14914947808119905,-3.3350897719885975e-07,0.08391950645560087,-0.009755169617502557,0.17530897425119463,0.4875319648325558,0.4977030937681093,-0.22115852605617192,0.06461052781233079,-1.2494554306031205,-0.15581584687748773,0.203462615865746,0.4429508478783646,0.49186776520235753,0.004244354463064148,0.0033013629325790994,-0.006448961102382356,0.07350940887474167,0.03874578838843945,0.11225519726317756,1.7100000000000364,1.7099999999999795
2005-04-01,2005,4,0.07709851255134481,0.23578467383930501,-1.777112385879971e-05,-0.12405914322031464,0.0013031330932560259,-0.3978356172051605,0.3499349288882172,0.52822274702919,-0.9982815078449221,-0.3855682236002238,-2.3753544459905243,0.12255511540556085,-0.2746140411398983,-0.036335536230410526,0.512871963683267,0.00287698607808462,-0.011626437868770267,-0.11085718747901296,-1.0098824407901361,0.37091968177270473,-0.6389627590174314,1.839999999999975,1.8199999999999932
2005-05-01,2005,5,0.2779490387944179,-0.027564924860087103,7.567315509510002e-05,0.03532667449066906,-0.016369706950870144,-0.5967032815958504,0.9787883847632202,1.4667530233609227,1.2972029825486686,-0.38982724652786516,3.4721943064796505,-0.022674783220281824,-0.5283244251079111,1.243588313863654,1.4694386949294085,0.004397243897054093,0.02238590656823547,-0.11872481359341158,1.1813805871889542,-0.26211425753194817,0.919266329657006,2.009999999999991,1.9700000000000273
2005-06-01,2005,6,0.18606260758633653,0.14652542139521074,0.00012700718438569958,0.5039314339947367,-0.01789650982518931,0.23670316344604458,1.8329543920365836,1.4397032591019183,-0.9495607033350382,-0.49152477013785756,5.7400894301972585,-0.35717088615885473,-0.2847462018453868,1.7153683473471801,1.4416330502627943,0.011393640178119835,0.004509181970171916,-0.0741567620669965,-0.3856112488837198,0.11951583585027947,-0.26609541303343676,2.090000000000032,2.0500000000000114
2005-07-01,2005,7,0.3271677869751102,0.6365779365573871,0.00015543453053840084,0.47295154413800944,0.016123310567341287,0.25601093883133075,1.8136404125060608,1.511095540451663,-1.817543755350215,-0.369133597744181,-4.801762737479294,-0.30015245836352733,-0.2349867642532537,1.9478819268684333,1.4904531474219311,0.007625577134871886,-0.01623085083016118,-0.11386868126524519,-1.3832444634957426,-0.154883907392108,-1.538128370887847,2.0,1.9800000000000182
2005-08-01,2005,8,0.17545276700593604,0.2129410972426058,7.143590328050065e-05,0.3698702239119491,-0.0015503215002270476,-0.4202040902871502,1.1673460726746612,1.0528558781012407,-0.8664238454930739,-0.211390162326083,2.390303444903111,-0.25671550330636705,-0.19628094158932896,1.2338466964604322,1.030635053498088,0.005527647735692476,-0.004661207490598063,-0.06282738340403782,-0.5945991214499387,-0.08872144838892382,-0.6833205698388589,2.259999999999991,2.25
2005-09-01,2005,9,0.13319995374644122,0.25467977697354627,0.0001406548157436016,0.4215936982723356,0.0013795028167636891,0.023884987584416706,1.3065091391262627,0.6925809091615633,-1.5995533434075924,-0.07270846518738949,-4.233113645008416,-0.3236138078943611,-0.07758968300639779,1.3977657354304256,0.6764507328269929,0.005671722867675477,-0.015279263542525623,-0.06795152373178404,-1.2808207533322502,-0.10738677263873697,-1.3882075259709836,2.3799999999999955,2.409999999999968
2005-10-01,2005,10,0.2154266497452113,0.190851758271549,6.201652659850072e-05,0.35928471788194116,-0.001062667479344137,-0.6866730969707362,1.1055406436393014,1.0332873245345695,-0.18847757419811728,-0.2250861825600019,3.53415959533595,-0.28207761702873313,-0.26217638773965746,1.0966349595774432,1.020258258381034,0.0029571037397726485,0.007246459929442839,-0.20316016941214698,0.05650983765097095,-0.004123382091680838,0.05238645555928656,2.349999999999966,2.409999999999968
2005-11-01,2005,11,0.10326481297772716,0.16734276541330928,9.37085621259895e-06,-0.025110991574656794,-0.0019076891736575785,-0.6961792768346626,-0.035370812234077675,0.28798427274767846,0.03773415863187779,0.11371004766212067,-7.300209863315104,0.03007278191256546,0.02024620300366564,0.20153496174924612,0.2619777206834897,0.004293268604296685,0.0020516903578355894,-0.12337270310743698,-0.08580246793914625,-0.2629123260475126,-0.3487147939866624,2.329999999999984,2.3600000000000136
2005-12-01,2005,12,0.23659908935889007,0.06167656387788156,-5.28365773287999e-05,-0.09995173788608724,-0.0032851675531935243,-1.6440432254271613,-0.6323952754743232,0.7556328981489173,1.2958631219593997,-0.27109570760599766,-3.263153574851458,0.013765658563158922,-0.43189489448025853,0.20938975984211083,0.732518742276568,0.004204648786709342,0.0192848679404638,-0.1418734278843541,1.1212982765219692,-0.8648991911887869,0.2563990853331859,2.349999999999966,2.3700000000000045
2006-01-01,2006,1,-0.15970951402857736,-0.17916658998535695,2.64062257529854e-06,0.07419167330354526,0.011317581675775124,0.10867743527396101,-0.5011145247348168,-0.6472242350691317,-0.7916642082783198,-0.3368466025521002,-1.8942892423801823,-0.03451194133850777,-0.2649320600591949,-0.3034509347235712,-0.6815234389271154,0.012760491858399448,-0.0010920323306811142,-0.09920723046574231,-0.6852377244469281,-0.23196279386922924,-0.9172005183161502,2.6200000000000045,2.589999999999975
2006-02-01,2006,2,0.09443703759842492,-0.05307811407021745,5.4259544493499845e-05,0.19841919380285944,-0.002441849706855681,0.11745974927588776,0.33281593794527,0.14749080910718249,-0.26512495625499355,-0.4606447034679846,-1.9635482270241482,-0.09628498949706454,-0.43058260791931247,0.3358634408454009,0.12111977770138083,0.011709547946066934,0.008049256817683315,-0.14287743105444584,-0.13877787120924268,-0.029418534305932553,-0.16819640551517168,2.7100000000000364,2.6499999999999773
2006-03-01,2006,3,-0.07495314164805222,-0.06365863764779078,-1.134311712750087e-05,-0.07319895714631386,0.01900606075312461,-0.7303889909714059,-0.47281267976285335,-0.6169161016125031,0.3439605556522167,-0.35753351309622516,-2.1000050943985116,0.008275333000852925,-0.4621097619113499,-0.48119857195314353,-0.6354829672000619,-0.0034884797749450414,0.0013298227176736788,-0.15420818225332944,0.23110897383625684,-0.010180973397268644,0.2209280004389882,2.5,2.4600000000000364
2006-04-01,2006,4,-0.1320690033937808,-0.22868956286288267,-5.1190388717901186e-05,-0.12295366631426319,-0.00048025083673430835,0.23656796912464273,-0.5941002447851815,-0.7457631585526201,0.06773256223311819,0.06651862497556849,-4.553771812657942,-0.019284829613070542,0.1016786914993375,-0.5584457607311606,-0.7473947251514801,-0.00472210902133785,-0.003221192816903251,-0.017654689852198757,0.12217745836997551,-0.03728605065287738,0.08489140771709458,2.3700000000000045,2.340000000000032
2006-05-01,2006,5,-0.12438862335875456,-0.2645830699806311,-0.0001449320871788999,-0.36062116979636727,0.0031156989683284175,-0.3595428566172316,-0.9722437993510198,-0.4964660591150505,-0.24620683164027923,-0.2527946305004569,-9.695163186930586,0.09509389666038714,0.03942180475510071,-1.2399748497106202,-0.48077837674657076,-0.009294308701050191,-0.01365486832769447,0.0024556700386924035,-0.049084293045154936,0.28341873272808016,0.23433443968292522,2.2199999999999704,2.180000000000007
2006-06-01,2006,6,0.004411354914168442,-0.04025518401908812,-6.872225634020103e-05,-0.17755101074705593,0.015224526480731249,-0.7619070799674503,-0.9901416099671678,-0.21867508010825532,1.5033475655880295,0.43775672548523303,-10.089893460448366,0.06267024782442832,0.20751363040148618,-0.3624572093074221,-0.18901875549619263,-0.015284352109801613,0.0019447931593021828,0.06746544019041423,1.2104342226798792,-0.5980280760476866,0.6124061466321926,2.169999999999959,2.1399999999999864
2006-07-01,2006,7,-0.0775085367889119,-0.06620892431033099,-2.8182014243800443e-05,-0.03703799427968235,-0.007659921209249854,0.3968969933393609,-0.11757296474218037,-0.5165007148260656,-1.1426301356496822,-0.011018045233264218,-8.50897532030649,-0.04718079280007714,0.07563332532127376,-0.3966835022382611,-0.4866415763032137,-0.012232015456666634,-0.02573973725110479,0.019553221732435233,-1.008797972295099,0.3089696760189362,-0.6998282962761664,2.1100000000000136,2.1399999999999864
2006-08-01,2006,8,0.040741663654500826,0.03552573429669792,1.2406920210100356e-05,-0.03589391380815954,-0.0014816245186863863,0.4538911625663431,-0.12783716504890208,-0.08430099708175476,-0.11092609360161987,0.1311971297439527,-9.185357608832419,-0.001770244994844461,0.10477882873619748,0.16182135090895144,-0.07199176724361678,-0.00961163158681888,-0.01060951207227312,0.030832081481293017,-0.13557414961453418,-0.27734928611971554,-0.4129234357342533,1.7299999999999613,1.8100000000000023
2006-09-01,2006,9,-0.045343794727955355,-0.009439816281542335,-7.189727867510168e-05,-0.12094225114688939,-0.003478064978328921,-0.21047575509954441,-0.8754668996013493,-0.23698859231046754,1.0606979131793821,-0.002958622922232479,-0.8351229970721761,0.06120147659365216,-0.06206969542401808,-0.5649012113395884,-0.22975786394590614,-0.003874975077992282,0.009148263030330561,0.009450632684682603,0.9403853640839657,-0.3033349598971995,0.6370504041867697,1.8899999999999864,1.9600000000000364
2006-10-01,2006,10,-0.0687434365169679,0.04474642192610645,7.646565193239994e-05,0.20218087536402862,0.007855102148614512,1.5311639939272297,0.6384033701051521,-0.22614246239771774,-1.7719957026831992,-0.14196591347785414,-11.423972123215208,-0.1534940207282034,-0.0033002511276833957,0.3555639279575189,-0.23177140173663702,0.010212952540159748,-0.016057889590195273,0.020312684383709367,-1.4798360196048463,0.2772105028087104,-1.2026255167961324,2.0500000000000114,2.069999999999993
2006-11-01,2006,11,-0.04263324474698038,0.033873587325388144,3.598737874230089e-05,0.09118408567935887,0.0021940537755258394,0.3559047676494558,0.11654145055433673,0.029755744828605657,0.5864250779831366,-0.14669911574944905,-0.8237034009071067,-0.11820870123028726,-0.12841911785042726,0.04227634505355127,0.02023956927502013,0.01421997308707379,0.02385618183522853,-0.017979245626825957,0.722913777112467,0.06474892994719994,0.7876627070596705,1.9300000000000068,1.9399999999999977
2006-12-01,2006,12,0.07993367642745852,0.15917713044865422,0.0001223471427138998,0.3059648935623116,0.015723981235453044,1.5165719226436494,1.4800407396039077,0.40857286101248746,-1.796499762851596,0.07185404021299746,-9.11057793800137,-0.0075043075983103336,0.14660439564011085,0.6136552429272228,0.38445414796626665,0.011717409160500125,-0.015398982784696091,-0.10306089016676978,-1.7142450998261722,0.8422667836304676,-0.8719783161957082,1.8900000000000432,1.8799999999999955
2007-01-01,2007,1,0.2836122413709745,0.41203660199329306,2.7819061848401508e-05,-0.0662715245544021,-0.00861313147413012,0.6856950788900491,1.1309501475179786,1.1247927586359197,-1.9894611823379194,0.30848530702047583,-5.570409776439192,0.181911696151559,0.4207622251089873,0.4995344055209898,1.1510036796125291,0.004721907616808352,-0.028030642890708446,0.12317764357588956,-2.0590959604009456,0.6576266629735983,-1.4014692974273544,1.67999999999995,1.660000000000025
2007-02-01,2007,2,-0.10817897351506645,0.02490022690051319,-8.109531834089856e-05,-0.3495879020549708,-0.010140665403896576,-0.7639969567460838,-1.2582662489795666,-0.2977034413165143,1.0523494090645045,0.7812022231320626,-6.521817323053256,0.2519129606875481,0.5984159221385141,-0.693450985848699,-0.2786049980226153,-0.0005173195027703414,0.009938896758656668,0.20643897539227396,0.6176501473833866,-0.5457168198369686,0.07193332754641446,1.5699999999999932,1.5400000000000205
2007-03-01,2007,3,-0.01351069358179302,0.16150840154705293,1.739654438220016e-05,0.052771565165588896,-0.01087671790726008,0.6263994904103285,0.6354112400927079,0.20256288031021086,-1.2405240999400746,0.4570133252108093,2.2450861387042096,-0.010167431245321268,0.5051332117105076,0.2943981014828978,0.20890822645441176,0.001936412503358298,-0.013613801044103813,0.10202704895451653,-1.1822367821951332,0.347358484754011,-0.8348782974411222,1.6399999999999864,1.6199999999999477
2007-04-01,2007,4,0.20542519691503003,-0.022942466593462996,2.6954171673500976e-05,0.13027927363123837,-0.0120311900066995,-0.10519160713171516,1.1057297889025222,1.0351953944079924,-0.16046019771698639,0.02783592395892498,0.7100644659803947,-0.11741679669398764,0.1503139258240651,0.7631282027304565,1.0471617545189247,0.0012440097378489945,0.0042372970019326495,0.024009252164283623,0.07943460084212717,0.3545679462829945,0.4340025471251181,1.579999999999984,1.589999999999975
2007-05-01,2007,5,0.10441088566648205,0.273869102472986,0.0001287966320234011,0.387631189782887,-0.0014798953468728726,0.763159152107157,1.0961404305349447,0.12952735227031553,-2.0950442364514004,0.5300933864883213,-8.95690927594842,-0.10968244357846402,0.45963898388198743,0.9743046105464828,0.10772147129483756,0.009209458168528695,-0.01949972686409218,0.08335266050652912,-2.0558161954792524,0.10002993901298396,-1.9557862564662685,1.4800000000000182,1.509999999999991
2007-06-01,2007,6,-0.07551599306066237,0.19700722089106648,2.3149961328700758e-05,0.25991832321464514,-6.329954321315778e-05,0.9170224041815445,0.12584439699361383,-0.47980680053336755,-1.704156277609485,-0.4748001677463911,-2.2366039241605904,-0.07390439705150698,-0.20840590478186627,-0.07804059475006397,-0.5126602663966082,0.009729115254388798,-0.012798789967410684,-0.08389691974849356,-1.3638576175934531,0.17103152588043713,-1.1928260917130196,1.490000000000009,1.5400000000000205
2007-07-01,2007,7,0.0811189938386292,0.08748381302189046,5.51883299049899e-06,-0.0920378009006022,-7.973646304804127e-05,-0.40533844780244976,-0.5228292799395717,0.14027099313886993,0.4003042600961635,-0.27598810565631027,1.1228858681861311,0.05598101528880761,-0.4759526507739622,0.06532616410618175,0.1271932360295409,0.011234129563966633,0.011862778158187037,-0.15219604345547566,0.14435869968974657,-0.6012332011550825,-0.4568745014653395,1.5,1.5600000000000023
2007-08-01,2007,8,-0.053852905529367945,0.2068972743201698,2.443704946199915e-06,0.1672295708682796,0.010536205599712689,0.6694981538636569,0.5179458725543213,-0.42948514699889984,-1.3368758482035616,-0.42591802889678476,-3.4640906000277027,-0.23128167391760712,-0.38271826177307133,-0.008744367528436214,-0.4251056717837969,0.0023699093471973853,-0.012196731005764239,-0.22836667367254826,-1.0623944071622304,0.5310697152978534,-0.5313246918643735,1.8400000000000318,1.8899999999999864
2007-09-01,2007,9,-0.1283872996750688,-0.05798468934625589,-4.23290799993984e-05,-0.07846943177531784,0.013314480065786949,0.09564463941728008,-0.3825113609359505,-0.5610369923227836,-0.7550792718543562,0.04018972918007435,-6.06399728130782,-0.014535671010008855,0.04993060129903881,-0.6671511386395537,-0.5546509536542317,-0.0012719259997031607,-0.010303291748093635,-0.11564843014078363,-0.7308027287253651,0.2910258163721551,-0.43977691235321714,2.0400000000000205,2.0500000000000114
2007-10-01,2007,10,-0.09601422940903603,-0.20966869477769023,-0.00017511102378630142,-0.5620336619968391,-0.005882528731689263,-1.4202218018628088,-2.2719878788985852,-0.7145763561750869,2.3008867256380086,0.5623810105886982,-1.2984523186460137,0.31012534869017827,0.3382950558791791,-1.7108064728594172,-0.7016176977298869,-0.01585063994172753,0.013511213299108427,0.047885804918022856,1.766675422238336,-0.548222747593961,1.218452674644368,1.990000000000009,1.9499999999999886
2007-11-01,2007,11,-0.1555761882268598,-0.15796690272827618,-0.00013857254751980033,-0.3634953746421097,0.004053107427340774,-0.3797031812001208,-1.758777741332267,-1.1727424360279883,-0.23159490186577614,0.5960833598579107,-8.227600349142449,0.15125024089010708,0.43489393323767445,-1.5162637470746176,-1.1395443568621317,-0.019208622367473005,-0.02341928026259943,0.1428474419816741,-0.5440345693761515,-0.2093159150917927,-0.7533504844679442,1.990000000000009,1.9399999999999977
2007-12-01,2007,12,-0.39396964032584947,-0.16103809090509458,-0.00017672539458649973,-0.4341410789572002,-0.010613184158807742,0.48146913073191655,-1.1843832263831473,-1.9594240974043942,-2.0706178235495827,0.9775479938722995,-5.358090722758789,0.11706496800621835,1.502172444761385,-1.8388542117380098,-1.9124053660822824,-0.007521311231338146,-0.03304970453883094,0.576108381412153,-1.6630583406667085,0.7014897166769707,-0.9615686239897343,2.0499999999999545,2.0299999999999727
2008-01-01,2008,1,-0.672168329851786,-0.767895005343405,-0.00015361750276250002,-0.35577911055417033,-0.007215658406911074,0.03795779805153643,-2.9659165931552707,-2.9290782468582393,1.2225781176405235,0.4380590594281699,2.679885885096155,0.19601579197558294,0.5938455431169984,-2.8000629887508808,-2.920998921847911,-0.009123742929684653,0.008014922040489036,0.21837806491428502,1.1823488093537833,-0.15777427939406152,1.0245745299597218,2.2000000000000455,2.2099999999999795
2008-02-01,2008,2,-0.37988315705644027,-0.2719704894685151,-0.00018262944448590133,-0.4350261341932793,0.017490328704222624,-0.16669770204789103,-2.12943136823219,-2.002755189889683,-0.424894955247197,-0.01920350443257135,0.8244093346147565,0.34878615241623834,0.17294512181522492,-2.5963721823185892,-2.0007563749448423,-0.0043674141838341285,-0.01605362427952306,0.09382779231228966,-0.5815324814156497,0.4689396290312402,-0.11259285238441308,2.1999999999999886,2.230000000000018
2008-03-01,2008,3,-0.0035061930504411976,-0.5465935974796707,-0.00018272885757500065,-0.41015210103915933,-0.010750648734590196,-0.09205540061346795,-1.4868971648048728,-0.1507154582923249,1.5931947059195863,-0.2721859802726634,-18.545021871555946,0.19442735197210936,-0.36508411470270374,-1.1722559277142182,-0.13846659239931114,0.00514223698629479,0.024238089018972175,0.007541021455075736,1.3058692195174828,-0.3023923711976373,1.003476848319849,2.1499999999999773,2.170000000000016
2008-04-01,2008,4,-0.2818884891050857,-0.28861262167754376,-0.0002082679786556997,-0.580442275815912,-0.0004188349190636931,-0.23808899024777475,-2.6719889719820458,-1.4093401017703968,1.234854273336481,0.23589022812494775,-14.392966768675251,0.4241935572145792,-0.05980486268319396,-2.3107961248134075,-1.4024219423877184,0.006165400934850851,0.014872450811526772,0.10426717230590832,0.5149656253137707,-0.3542746877859564,0.16069093752781782,2.259999999999991,2.2900000000000205
2008-05-01,2008,5,-0.13264091787010557,-0.43998270402056505,-0.00020349213621720028,-0.5415943606633427,-0.016069623389350696,-0.5324658146441266,-1.7510836254171522,-0.3459250672319172,2.5392640835582085,-0.6286881902000907,-0.7326803955220385,0.1916623736366887,-0.7899122841426092,-1.5445311986147203,-0.3370873207004479,0.0013474528432495525,0.034335837779431166,-0.136685178779274,2.186377615978955,-0.19771468027096262,1.9886629357079926,2.3700000000000045,2.3700000000000045
2008-06-01,2008,6,-0.16725543204398718,-0.42136253929078293,-0.00012070429823300005,-0.5014151679567043,-0.017240215269294534,-0.3909066562924508,-1.4980695364601502,-0.5459649492515268,1.7788017444743218,0.21947447541510456,8.197077354750945,0.2682095281208774,-0.31261533154876986,-1.4011525007293812,-0.5446110717759893,-0.0006484769528487533,0.01952714821814494,-0.052335839485836644,0.9785024093895345,-0.09556315825522788,0.8829392511343066,2.319999999999993,2.329999999999984
2008-07-01,2008,7,-0.08003109581352419,-0.3552565645106256,-0.00011286329757089972,-0.2701689438441406,-0.0034098052797727485,-0.2657030596274055,-0.8021643288128644,0.024734361974083185,1.7735904743756805,0.3095654630568916,-0.03510589530924335,0.26174067576062043,0.2419438578475237,-0.9985688091347811,0.027081543621022774,-0.000898427943184732,0.021870731298081036,0.08539023396831524,1.444228193405678,0.1987516619688563,1.6429798553745378,2.5500000000000114,2.6000000000000227
2008-08-01,2008,8,-0.12683500266803094,-0.4644464085380946,-4.495676674660075e-05,-0.1212921041422419,-0.016706537797919863,-0.6479679201669555,-1.4568899924532275,-0.25937286933151427,2.695740559624312,0.2645370727440479,6.851355471662828,0.3049196361546933,0.10920004061234323,-0.9385481014039669,-0.25855710197208737,0.004333769795551223,0.036631566593261056,0.1176525852323973,2.2354838913379353,-0.5175261236898301,1.7179577676481017,2.4699999999999704,2.5
2008-09-01,2008,9,0.032831771876715266,-0.03362122133029288,1.5982079705299107e-05,0.05453763723751237,-0.012170823861543334,1.5456048026739566,0.6963722935436181,0.23017002772030537,-0.820126680744437,-0.3790471069214867,1.9320139227784239,0.08209138161822693,-0.237378811730256,0.06371283747301959,0.2270568780662643,0.0049426050466974125,-0.004415679559830021,-0.07359920942004194,-0.7605497671714545,0.6295463064165574,-0.13100346075489355,1.8500000000000227,1.8099999999999454
2008-10-01,2008,10,0.022273749857276925,-0.10914715485426996,0.0001023130665243014,0.41299299289608626,-0.0006939021709322368,0.7830963536599498,0.9616574321471489,0.4054230305320061,-0.8976411228933614,-0.31039481140549796,6.998896456439979,-0.020878804559487207,-0.2712814377557322,0.7724771666769925,0.4070613171468267,0.013369346697587936,-0.0004795973256732644,-0.0799309384965845,-0.8376489446841049,0.19081855208497345,-0.6468303925991279,1.5600000000000023,1.490000000000009
2008-11-01,2008,11,0.06710487974538637,0.13240100426401114,9.913254177870007e-05,0.4666601899848146,-0.000502371374537014,0.7378177727063573,1.5948082456532688,0.5621132009698044,-1.5063553463220956,-0.40118239432534253,4.18449942136067,-0.04906060222080555,-0.08164645300430351,1.1435887220585528,0.5598344140747145,0.022710654049399537,0.0006926572925096686,-0.002671465507692261,-1.1377588027802403,0.4489407366996261,-0.6888180660806178,1.7300000000000182,1.669999999999959
2008-12-01,2008,12,0.06066794607147585,0.08863327829624268,2.380315935410042e-05,0.19019029064054038,-0.015357222191413555,-0.025364518137564573,0.12641721343794643,0.6806221952888905,1.4337723172641859,-0.6626450887496134,9.15429290816246,0.05890389863634482,-0.8565763026728348,0.5023388711483108,0.6834546416736771,0.014344508848231463,0.030039886967430096,-0.2724757321844855,1.1809372047046054,-0.37308921132557415,0.8078479933790277,1.8100000000000023,1.7800000000000296
2009-01-01,2009,1,0.49271947415951445,0.3264537269535026,3.186207737509994e-05,0.167420553564547,0.0015447998585719214,-0.48275228023675254,0.9945869693675604,2.156761510768206,1.132022331230445,-0.31625774146693786,-6.135751743961009,0.0013205880070188414,-0.6157002391809314,1.5025371817332598,2.1631208935484665,0.011920879310943988,0.026410181452821924,-0.4694867172241004,0.8312592455094148,-0.5015908295854388,0.329668415923976,1.7999999999999545,1.7700000000000387
2009-02-01,2009,2,0.3063691675309883,0.17918197594690355,0.00018122091987010126,0.7294227233464881,-0.009116964790494508,1.1673323864621636,2.268354195572158,1.4500131844802127,-0.749523190762801,-1.126041533482347,3.7165144706814317,-0.4772808082270501,-1.3287371074372842,2.2839227085441394,1.4576259197241939,0.01384746460053421,0.010768890210822946,-0.7708284872859963,-0.4749379564906988,-0.007955777728000157,-0.48289373421869186,1.740000000000009,1.7099999999999795
2009-03-01,2009,3,-0.13969504453137915,0.32550031789793366,9.143737966980058e-05,0.3879135641503133,-0.003507622534758559,0.8630835441175435,0.7349490031441519,-0.4928383416900033,-1.5197624655731943,-0.850917746943562,21.385639552929206,-0.24816719055075964,-1.016909833042714,0.34843280643582375,-0.4899828774665025,-0.008450586378379477,-0.023089012394331476,-0.5481890140641372,-1.4375873611215795,0.3893716609318254,-1.0482157001897576,1.5600000000000023,1.5400000000000205
2009-04-01,2009,4,-0.00618197277691479,0.2070088102860268,0.00018433834753059895,0.4185717722187867,0.007907841596625609,0.6369174840749494,1.2788482145545004,0.15183599155903948,-1.9943539431656916,-0.942861518069698,18.00090397337044,-0.31823433618430386,-0.986621743493032,1.019217395721455,0.15446309042152961,-0.010480861512935924,-0.032572607671046416,-0.3815209688818584,-1.7198798324047644,0.262257917695532,-1.4576219147092218,1.4600000000000364,1.4499999999999886
2009-05-01,2009,5,0.02356841731455006,0.27129494399372334,0.00017551333546179937,0.40164862062190565,0.018791646219887936,-0.2678656592424531,0.5663029116336133,-0.0061576101412015305,0.4454637845316256,0.4624306662424047,10.23664981071488,0.014032817952340793,0.3096681900335554,0.8684432648003622,0.010172286831505062,-0.0008613778815975692,0.006038710008393178,0.06154364812497981,0.27866849037047814,-0.28581045619404577,-0.007141965823564078,1.4599999999999795,1.490000000000009
2009-06-01,2009,6,0.06721721765967459,0.04009953829137203,0.0001291518566408998,0.30847425935762374,-0.0030460304105108804,0.12747810057766173,0.997538583185019,0.47148041786658723,-0.12666992483741524,0.3770528610545725,4.534583211570862,-0.026855014259894006,0.8364317607934204,1.04533519025739,0.4752678745223875,0.009051389660895914,0.01017592284357427,0.24341352959398144,0.3595639891613587,-0.04400915041657427,0.31555483874478796,1.3799999999999955,1.4300000000000068
2009-07-01,2009,7,0.04544641973313901,0.44758344073636636,0.00013684201035150077,0.465891850282226,0.0032926904608694407,0.5297480535760144,1.1770909256217692,0.022704109344431345,-0.8764928212692098,0.45420469042063516,5.7405428209895035,-0.06120823266061848,0.7330415699176243,1.1125624855162641,0.021084114797758957,0.007300220904316035,-0.002856167166921164,0.23706193627068828,-0.5364477091116271,0.06290844555883623,-0.4735392635527944,0.9099999999999682,1.009999999999991
2009-08-01,2009,8,0.06457366215988714,0.23272013765995325,0.00011936618769570022,0.27999544848155367,-0.0033078941400906947,-0.9096386935603249,0.48378918206498156,0.338147797457907,0.6149625049895064,0.5722649509922668,11.512317258195253,-0.033026430966685894,0.48655900012704834,1.1731010686362424,0.336594784155011,0.006826923840716148,0.014688823024946451,0.22149115872676184,0.5622829850909454,-0.6908648998741569,-0.12858191478321146,0.8600000000000136,0.9300000000000068
2009-09-01,2009,9,0.014705650065366171,0.2740534158423884,0.00020623853310620076,0.6772073625947996,0.009596848102170763,-0.5364638174671654,1.1426084577165057,0.08673381387598056,-0.20736682099376935,0.5045583522149109,11.117853483723593,-0.3091217486318385,0.5862597557787517,1.6384276705231287,0.08999241927631374,0.006239314938772722,0.00530100609976758,0.32341207311148956,0.18345633120190996,-0.4925606074062898,-0.3091042762043834,1.3899999999999864,1.3700000000000045
2009-10-01,2009,10,-0.12265538415624633,0.11073021674570782,2.0788315339999655e-05,-0.0774439183383322,-0.004533176414015294,0.10734770800785753,-0.06478268328834247,-0.4795980448351429,0.6898950670480986,0.445835685413698,-2.6198723484412767,0.031939050948977865,0.675345521991197,-0.28515852889341886,-0.47515842867926494,6.154207412212287e-05,0.01335623760337823,0.26568051986008,0.8874658526766268,0.2248154617609579,1.1122813144375812,1.8199999999999932,1.7700000000000387
2009-11-01,2009,11,0.0006011300711747936,0.08039897933321072,8.457709187289879e-05,0.1290355550916189,-0.0003942007329708064,0.13644475705432058,0.12586864348241988,0.37575468319289484,1.8561928774133492,0.471601757381638,-0.037272707297233865,-0.08081074705347646,0.45656094492707666,0.4690231001557663,0.3756499772667894,-0.0077241216480290475,0.021326432988569177,0.10746043174228426,1.9219628120122536,-0.3432591625994519,1.5787036494128053,1.759999999999991,1.7200000000000273
2009-12-01,2009,12,0.08991967613644647,-0.06903665285761917,0.00013849169460039903,0.1902491250949403,0.0035245796136218477,-0.3719807437461995,0.030312999513057548,0.7389949746069533,1.5515177295239084,0.4329213991173191,-3.9287133542384254,-0.10889081355384178,0.25987018417420416,0.9531194911492662,0.7322057723770286,-0.0034189609166563883,0.01931457104510903,-0.057089462696717774,1.4873573281346637,-0.9295956938661369,0.5577616342685303,1.5699999999999932,1.5399999999999636
2010-01-01,2010,1,-0.07527673772074195,0.43324525635460986,0.00010346389918979883,0.3636099825144399,0.032131874248684245,1.036391112555691,-0.042869470473419824,0.22380305419733304,3.1830252703859117,0.7828855553401972,-10.3689300728729,-0.20295574018049933,0.44143260316497646,0.9620679780701948,0.21694806967519753,-0.0005603473139519366,0.048696857296556484,0.17382611118957847,3.0445280583912506,-1.0117924330657502,2.0327356253255005,1.5900000000000318,1.6299999999999955
2010-02-01,2010,2,0.12121764917873179,0.3685462225202514,0.0001446724990117991,0.5404697772102516,0.028786724060336888,3.5683179417938646,0.6123054591770369,1.179826631926801,3.4173468860194873,0.6368479921932568,-20.062750885103014,-0.27937327691469704,0.4359197616416921,1.7623629791034432,1.1732999839556442,-0.0015724148490541268,0.05062858276187576,0.24444029894809205,3.495791932382595,-1.156584167897563,2.339207764485028,1.849999999999966,1.8799999999999955
2010-03-01,2010,3,0.26304401311034553,0.4903676256053018,0.0002056324501369996,0.6593242404349411,0.04627787381975024,2.789040845575194,0.7249332449491703,1.4657746781937817,3.33996488086035,0.5548502645943785,-28.30724024034862,-0.2142063721827583,0.1588502634278619,2.0656361414799562,1.4631250551256016,0.0039850009252919705,0.050694144663076646,0.11999006543260116,3.158171251876581,-1.343352519598966,1.8148187322776153,1.9700000000000273,1.9799999999999613
2010-04-01,2010,4,0.16611603424212262,0.2836739016420893,0.00021280596210450017,1.0433914208614148,0.023174437122182923,4.256028767739878,1.7887642008960825,1.268362011310785,2.180862228354556,0.3159018658021182,-14.941837224236224,-0.567065410914978,0.15774154692356035,2.5769087346868105,1.2645969986423893,0.0008274489441979505,0.04014527230838816,0.08418835586579476,2.5897673203909903,-0.7919095464591237,1.7978577739318666,1.990000000000009,1.990000000000009
2010-05-01,2010,5,-0.012353717668588615,0.5633901194103146,0.0002046128415391004,1.0017711675865009,0.030348955711461345,4.696714490637625,1.9231651569116366,0.3952939339981185,-1.5683307789641958,-0.4262504975253627,-13.109291784683592,-0.7116300380187113,-0.28832153776933467,1.9419281141074407,0.38076726903040026,-0.009477175211335176,-0.01891390182371433,-0.026447168824807576,-0.7187717811894743,-0.03328962216352238,-0.7520614033529966,2.0,2.0
2010-06-01,2010,6,-0.05592093624073868,0.5506584455498,9.265599814510007e-05,0.7293777656947107,0.02680344000385082,4.015880119858771,1.0659003980399007,-0.07161603793798577,-0.10708540850683335,-0.15067016324868376,-13.693838309889543,-0.4932588504993589,-0.2384294038416499,1.1570044951174623,-0.0691657810081665,-0.01174121412814122,-0.0038034841811085407,-0.029259369417637515,0.2984142013995381,-0.08865384014774236,0.20976036125179576,2.0500000000000114,2.0600000000000023
2010-07-01,2010,7,-0.2255900232488557,0.1070829240159128,5.91232735003e-05,0.7095725169513365,0.03141582455483627,4.055326976170726,0.4716596155766979,-0.4299912756353024,0.4651654441657058,-0.03613221496614116,-8.682674200361362,-0.5518098395283744,-0.23916056715366807,0.6421388504437004,-0.4230999881222033,-0.00982358792761362,0.005899148375242191,-0.0053745359035541895,0.8139469315065639,-0.16358794735390703,0.6503589841526605,2.340000000000032,2.3100000000000023
2010-08-01,2010,8,-0.13747148670063325,0.2824867520939165,-4.49651366577989e-05,0.36586975459465876,0.04013663174800852,3.3303070430255843,-0.35484939849527564,-0.4335600610524466,1.547015614493887,0.04835862758278964,-19.47915413804003,-0.2751392494119216,-0.06332397956136404,-0.0005368845043562942,-0.4284891679939733,-0.008389391003682078,0.01674109393175449,0.021174895092242352,1.7104722567616761,-0.34924162093244604,1.36123063582923,2.6000000000000227,2.5400000000000205
2010-09-01,2010,9,-0.15545863639931667,0.038791184737078765,-0.00016301208336650004,-0.2146226386375396,0.02618908809721021,2.018003552871072,-2.010505542072906,-0.7010897164479388,3.9458991463860684,0.2015497418231753,-25.434687447239412,0.05527207288380964,-0.09939314774977248,-1.0883929398112855,-0.6917124526603402,-0.011702962608702183,0.04149373677712598,-0.0029337147406192088,3.5896841839293074,-0.9127353384740253,2.676948845455289,2.769999999999982,2.75
2010-10-01,2010,10,-0.0562297669215468,0.029549537609852905,-3.877060673109986e-05,0.26090820071253873,0.0316088241837198,2.364157220648636,-0.7881312376470078,-0.33283393722490473,2.311993668699131,0.3423332457112451,-16.762374914469547,-0.2409118077426058,0.02419763170119893,0.2031984713613042,-0.32881198180285764,-0.01062017724080011,0.022761573155389403,0.07485890353638958,2.2347698624316763,-0.9873077535862684,1.247462108845415,2.759999999999991,2.759999999999991
2010-11-01,2010,11,-0.06121365866749784,-0.06372356098847831,-0.0001335662149527985,-0.15749108612612517,0.022998620042073425,1.9479018698934496,-1.2237604376981608,-0.4759829904086814,2.2074226868271865,0.6385352286258339,-21.83776312430564,0.07283063244176446,0.33437404068153853,-0.7481191722046674,-0.46572102362807755,-0.006003435494359444,0.024632498944002545,0.07553136622343004,1.8304308664411622,-0.46537929871288597,1.3650515677282726,2.680000000000007,2.680000000000007
2010-12-01,2010,12,-0.21842939959242358,0.08102849357567266,-0.00021996618096379976,-0.2157298202807958,0.02307839329739647,2.3007472232711237,-2.1749294468019116,-1.3369319841705192,2.6661758668031723,0.7403430762661962,-20.22079450667661,0.09880575847643058,0.6212525194179008,-1.5833132485383885,-1.3301725573164163,-0.005392120550157031,0.03139182006736263,0.2009889916847012,2.4482795514784357,-0.5848567714094202,1.8634227800690155,2.5,2.5200000000000387
2011-01-01,2011,1,-0.41593346974985934,-0.687692643181208,-0.00016242243785269915,-0.19016246164457584,-0.01284632290641785,1.8342948490382298,-2.95562646450054,-2.1347143509308353,2.540157335082199,0.32252475934823366,5.891174549396965,-0.04678764605674246,0.20368781400499358,-1.893956661233176,-2.1416748154776997,-0.011471926564128765,0.018970098309897487,0.47017682558314,2.468108035795666,-1.0686302678142283,1.399477767981434,2.230000000000018,2.2099999999999795
2011-02-01,2011,2,-0.5058534734976092,-0.5446499338314084,-0.0002468683498108998,-0.8086011732703859,-0.0001353886369016566,-1.4757123233860483,-4.03543521754824,-2.4967965118630673,3.217438504809678,0.9156489097253662,-5.810149045093567,0.3282948365919083,0.7583686007616919,-3.0949754388478254,-2.4996900853426496,-0.019908828521395527,0.017850527084005918,0.6176099191487427,2.731863359254163,-0.9433533521799937,1.7885100070741693,1.9600000000000364,1.920000000000016
2011-03-01,2011,3,-0.4407363159573947,-0.8123116918297342,-0.00025835830233959974,-0.6097204690872324,-0.012715758570242097,-1.5273039997343218,-3.858823571590108,-2.1905934224747057,4.520967514069355,1.5754540023488204,8.330051517870743,0.45846632580131086,1.6240478686856648,-2.805628031029812,-2.1995052501438863,0.0009254000441156762,0.05225533490184331,0.7530571103730122,4.1110950546049025,-1.0621073682294764,3.048987686375426,1.9800000000000182,2.0
2011-04-01,2011,4,-0.2842417774770638,-0.5017382631090754,-0.0002803374116124996,-0.802184182347645,-0.0026464109679353864,-0.49349056575314876,-3.591907420596442,-1.588709340685682,3.6176476812535725,0.8308046143436982,-12.034627790097147,0.5819435940796609,0.7802992875074821,-2.5870095450940767,-1.590647119113214,0.015478964662380967,0.050641701112787096,0.27712429278096984,2.9851987603376884,-1.0068356539298975,1.9783631064077838,2.069999999999993,2.069999999999993
2011-05-01,2011,5,-0.2435901176081643,-0.5734437748463392,-0.0002904800359531997,-0.7164711821668241,-0.017082621655157837,0.08560943357089457,-4.294383458206596,-1.4057139570484196,5.077834376894913,0.7574776551369418,-5.912973956175847,0.5093369856423351,0.09435232002039129,-2.4731056743806334,-1.4117284038263165,0.018950798826127713,0.06973686932098033,0.032882638362563554,3.905372056136031,-1.827292230603856,2.0780798255321713,2.1299999999999955,2.099999999999966
2011-06-01,2011,6,-0.0699331031196948,-0.15584602259684743,-0.00015529024356840046,-0.6056310563370104,0.0054688675589962266,0.016007722955052373,-2.7726084860663605,-0.5577194359178179,2.3420021741839605,0.09154179592914957,-5.334408628550591,0.34761705066009085,-0.4648493895132333,-1.477853628685864,-0.556646205673303,0.01607283195821907,0.03181503181799261,-0.14196603563254406,1.4379939380814903,-1.2936816271359817,0.14431231094550867,2.1299999999999955,2.1200000000000045
2011-07-01,2011,7,0.0768561175028708,-0.23649086512813255,-0.00018358932037509934,-0.8552320448230901,-0.00029837672047128283,-0.8157151529603013,-2.951158655872291,-0.19337710473399738,3.580683245023863,0.14210831608825814,-10.344064034783514,0.4933605776735135,-0.2908583041883368,-1.3543194894398312,-0.19878975947705158,0.020175880239318378,0.05287635438547067,-0.12204179461369868,2.6543560470737475,-1.6022518211755141,1.052104225898237,1.849999999999966,1.8199999999999932
2011-08-01,2011,8,0.008620295420314505,-0.2003542509820022,-0.00010055193599330103,-0.5706423255194899,-0.002017328757288772,0.18336122808219812,-2.1335458707728776,-0.34603279592016634,2.0657651357218754,-0.02039515294671901,-9.123934751012712,0.25094844302478236,-0.30429709055352205,-1.039251392302731,-0.3477706185381635,0.012410165188071698,0.030243694734647164,-0.12779750244029486,1.5309147550902722,-1.0960323010881403,0.4348824540021248,1.6399999999999864,1.6099999999999568
2011-09-01,2011,9,-0.0643479416230548,-0.33722871786056885,-0.0001314039502430999,-0.6012336031857508,-0.011203795475179024,-0.9240156312071619,-3.1785318558626727,-0.43268801255351264,3.8850313553896,0.2659064400022615,-3.390732924657641,0.37144784838767464,-0.23444228900557107,-1.4484540193574844,-0.4382946690199674,0.01030558708210716,0.05030167002322106,-0.0744383844433596,3.013234777994086,-1.7356844929716395,1.2775502850224427,1.5699999999999932,1.580000000000041
2011-10-01,2011,10,-0.08838147977189692,-0.28888725562222817,-0.00010755345176250049,-0.5765658580452495,-0.01705531845421826,0.22233815492290887,-2.99896521856391,-0.4997657691761219,4.120617192558484,-0.11526087713625088,-1.5043273282062728,0.2535233440856359,-0.3861568446626009,-1.4798661008806562,-0.5019244393366762,0.008956093578118107,0.055768536856636075,-0.0700007932454092,3.596197880946505,-1.5212577878438118,2.0749400931026933,1.579999999999984,1.6200000000000045
2011-11-01,2011,11,-0.32875245458029667,-0.20984696566659977,-7.350956091770056e-05,-0.33682220293927756,0.0013457170603391466,1.2518526949761792,-3.35287223826208,-1.5795298636836606,3.8710916313484063,0.13000412864698063,9.646963149600197,0.14767022823409093,-0.13415767412795532,-1.6311451152313907,-1.58859493797911,0.004620687143798818,0.046872167474103055,0.18664725411195704,3.4592596003393226,-1.7307921973261422,1.7284674030131875,1.5699999999999932,1.6200000000000045
2011-12-01,2011,12,-0.06526441062766253,-0.1420622848892208,2.332500791599884e-06,-0.11113878560030699,0.0011371258467732792,1.722661768910008,-0.9862122025844542,-0.6174652052035299,0.38406352716052083,0.06913560633436688,0.4934448807616718,0.05840371016586232,0.0944551775506639,-0.568050200094433,-0.6165919171240262,0.0051094356355028125,0.002048152682852411,0.21037063180119908,0.3509793882109662,-0.4172887144105175,-0.06630932619955843,1.6800000000000068,1.7099999999999795
2012-01-01,2012,1,-0.04027680968874847,-0.2334195713943359,-0.00015164514098870048,-0.7112957934566246,-0.013557437507427106,1.0719903488822808,-1.4258003358291944,-0.20130992070778575,0.16520744420546407,0.33879047579063837,-12.642855118043371,0.6213561162543044,0.459925791243478,-1.5681432809071794,-0.18786919282700865,0.023168594774845452,0.012905092148814301,-0.06841630496262852,-0.33501335659602205,0.1557836729587585,-0.17922968363725644,1.759999999999991,1.740000000000009
2012-02-01,2012,2,0.011504653597228298,-0.31311949821770213,-0.00015186989745340045,-0.2842638563151496,-0.022079533523029826,1.2044982558857953,-1.6365334230541748,-0.19305480242888962,2.7324603721374388,0.46887274342182295,7.6397389123012545,0.460403061885188,0.3628457352996435,-1.0404945073759109,-0.18513522850849995,0.022314666149418017,0.04943653190288577,0.04533005977397764,2.1660303021300535,-0.5881193417578778,1.5779109603721722,1.9099999999999682,1.920000000000016
2012-03-01,2012,3,-0.053187917689228925,0.08335140742389058,-6.481733623669994e-05,-0.2833049066735249,0.004723346104630433,2.5251978788527794,-0.593136280316287,-0.4157169492477806,-0.5975730490838771,-0.08546765455234606,-6.394820149158477,0.13808877267800312,-0.04120191410869012,-0.6749988869698882,-0.4107360484827609,0.008138696462884454,-0.0035074557343093282,-0.0511271366264765,-0.6913960813182598,0.0868435074186209,-0.6045525738996389,2.0600000000000023,2.0500000000000114
2012-04-01,2012,4,0.06873139373146842,0.19051382479375434,-6.945199688370048e-05,-0.023300070227826097,-0.0024106810124866485,1.063156656761521,-0.0038172260279907277,0.29226614657392247,-0.012605406323530133,0.19102264277637104,-2.88174810683995,-0.12441136180711965,0.16886685431509108,0.1810118370343048,0.29859471141327276,-0.0008005231251089207,-0.00025077220597991,0.09532938327690843,0.0896501670223131,-0.17850049822294523,-0.08885033120063213,1.9399999999999977,1.9499999999999886
2012-05-01,2012,5,0.2522452416436636,0.013727717824735919,-6.670203650201156e-06,-0.0674933377248692,-0.0018227862382884652,-1.175998035102566,0.45520393190315644,1.323114704053296,1.2285424600160582,0.045062077689419056,-4.032205598501605,-0.024257813773687076,0.1367758537047834,0.6810355375514519,1.3215575263757273,-0.005940369901999087,0.013284338023908049,0.062299174039210925,1.3445140498051273,-0.2273887833258641,1.117125266479265,1.8000000000000114,1.8199999999999932
2012-06-01,2012,6,0.09081591649663778,-0.10183958984265473,-2.3013471352299752e-05,-0.1781719884194608,-0.0011901823456382798,-1.990299714499038,-0.6163769201377249,0.48754911488356356,2.504300892100815,-0.11630904739149983,-1.7448445501649985,-0.0037270781054417057,-0.3911390086623747,0.09310273611663433,0.4876256729815509,-0.006573261030177857,0.02572019978590978,-0.043487690507550525,2.233198008935375,-0.7094030981563719,1.523794910779003,1.6999999999999886,1.7200000000000273
2012-07-01,2012,7,-0.044396674639926914,-0.23141928116911004,5.85846223585991e-05,0.17284015660002439,-0.00873955434646112,-0.49152509381448084,-0.28906423747548615,-0.035729497048748726,1.033632375196163,-0.3067066200576747,7.735642713698326,-0.13183858030294004,-0.47603239762307226,0.1427508128382442,-0.027261200300927158,-0.008390160093128873,0.005721451611420569,-0.06944646211635863,0.9961451779336983,-0.4233467535659088,0.5727984243677859,1.8000000000000114,1.8600000000000136
2012-08-01,2012,8,0.052384844505411365,-0.13148426541567915,-2.8026584813099428e-05,-0.18278053419419038,-0.007942407468886192,0.012023858385738606,-0.11656775694461885,0.30980018587831637,1.222884066290419,-0.11604646088717985,2.668552079339861,0.14837437503075535,-0.2030792266434318,-0.11416463517394959,0.3168396324226137,-0.00013766973278483974,0.01565587697863835,-0.06555264764319979,0.9874769255034082,0.00463632477362097,0.9921132502770398,2.019999999999982,2.080000000000041
2012-09-01,2012,9,0.1113052219679389,0.12227275829195605,4.5111069416299554e-05,0.03493283337160946,0.004716993086012589,2.0507868913382126,1.2873593237764567,0.7668070647229683,-1.1040714607933069,-0.23234999248035137,0.512167469583801,0.01460686378143805,-0.09869651323580442,0.6528807709050284,0.7735206343504046,0.0029491805181174335,-0.009938603914319888,-0.15826242520087597,-0.9850248453302015,0.6411921224988646,-0.3438327228313369,2.2800000000000296,2.2799999999999727
2012-10-01,2012,10,0.19935585303153402,0.2548423996523752,4.266675833789965e-05,0.17646545676327463,-0.007083411646651605,1.1080433572558661,1.189373720243907,1.0401170179846986,0.19387199504274122,0.0018223770608472023,-3.0276737790263724,5.304809332074001e-05,-0.017954347403247084,1.2064034197258593,1.0476497924117325,0.0005153219613234228,0.0031037914716387505,-0.06824201476168135,0.1740422224853262,-0.009496925054918393,0.1645452974304078,2.330000000000041,2.2899999999999636
2012-11-01,2012,11,0.28181029693496384,0.12005861250190719,9.123949196409957e-05,0.3740904035161279,-0.0170540284306554,1.1683541417443024,1.9916478329922143,1.5706309115510066,-0.17496354452180185,-0.37543148713711716,-0.5980177817109507,-0.3027228334819654,-0.39521727216190783,1.9019587132743254,1.5767221773145934,-0.011706505287827795,-0.00862326816647041,-0.09409569108924742,0.10797350393536931,0.0957803854814756,0.20375388941684136,2.3700000000000045,2.3100000000000023
2012-12-01,2012,12,-0.03772468668313422,0.11403061758147714,8.739255270680084e-05,0.322417675021903,-0.002523412738255404,1.381439114531645,0.46578661080769734,0.42483593354086224,1.4627788204834076,-0.32530615762077986,7.240468171556131,-0.3511576522251403,-0.5646715485535978,1.0055418596868435,0.42336748924668655,-0.006494995283019556,0.021837892569682715,-0.012434931303989316,1.5745710817757228,-0.5412236931733219,1.033347388602408,2.3700000000000045,2.3100000000000023
2013-01-01,2013,1,0.24852003613676743,0.8314233337622454,0.00013460016181410066,0.5902735408628708,0.017628161866194314,2.3033321406054057,2.949679933641221,1.1959716084408,-3.2879147506349398,-0.7286817693607617,-2.1481103164551314,-0.547921558662722,-0.46795206911623666,2.26357808731035,1.1941044609573623,-0.007077583043074931,-0.04305855963648009,0.042583315576738556,-2.4792634917276644,0.6842346988474404,-1.795028792880231,2.4599999999999795,2.5299999999999727
2013-02-01,2013,2,0.1489885186989568,0.41257069318510275,0.00011395339168140083,0.2636453766790332,0.008118881307618175,0.5386166432152351,2.1945142454737834,0.9091483573831738,-2.6462249227599273,-0.3556245399754978,-7.658365685783792,-0.2946782363838736,-0.17163550738362687,1.439285606362887,0.9095426779562104,-0.002333164742780447,-0.033480306727052156,-0.03495174618923258,-2.1675576537842005,0.755622959683933,-1.411934694100264,2.490000000000009,2.5499999999999545
2013-03-01,2013,3,0.1324064956133384,0.24569886069849645,9.040558292239959e-05,0.4314979663012046,-0.02239743586521925,-0.31109401622182986,0.7870744751315897,0.917532812460081,0.08696873627818036,0.05851777798505253,-5.61146147508407,-0.1584292657726678,0.030434660349200726,1.2860263903161808,0.9181082876811502,0.007064114041424929,0.009627874746852783,0.05509699190155004,0.21731488441500346,-0.498376439963522,-0.2810615555485185,2.5599999999999454,2.580000000000041
2013-04-01,2013,4,-0.12761148045416348,0.05337358793650537,2.0427802146399596e-05,-0.24068052133409523,-0.015090116144373056,-0.3113428734158816,-0.8074137912126957,-0.5238459878719937,0.35151659864280305,0.6222349898275752,3.4936519251787104,0.3601545711059373,0.8414658544793951,-0.8277993109712725,-0.5291103907110823,0.006639774326870906,0.005432809534906102,0.21170174117506768,0.21059289218869282,0.015121116919488031,0.22571400910817196,2.75,2.740000000000009
2013-05-01,2013,5,-0.17695137762774493,-0.0013289640313018936,2.621259656350114e-05,-0.0537222524308838,-0.0015583015174877035,1.6662978592899123,-0.06160551015489091,-0.7532347974000118,-1.5616589066399627,0.07329636179748888,0.7379174682428129,0.026674728451354213,0.13685329965457527,-0.5119664820103367,-0.7525445471129615,-0.0022942876047191696,-0.02207529480624526,0.031028680568885747,-1.5247766972342447,0.45105122214249604,-1.0737254750917504,2.8700000000000045,2.8600000000000136
2013-06-01,2013,6,-0.024024303935277658,0.0829330125842489,3.787198985149946e-05,0.16336656933041382,-0.005278822547721607,2.12574327371086,0.5018231492094856,-0.35107216664920315,-1.1431295617201727,0.4459811203012336,-1.6427916164248018,0.010907224119790726,0.4752134808925135,-0.00598151501594657,-0.35654762644816174,-0.00542808441931486,-0.019007067755430374,0.11014320029767788,-1.1248044252486764,0.5023292044264736,-0.6224752208221958,3.1200000000000045,3.099999999999966
2013-07-01,2013,7,-0.13268591871860735,0.10654330001750623,-7.909953936000025e-06,-0.016939499313281203,0.0009705560889441411,0.8460984690889859,0.2377661104843014,-0.6521766735147594,-1.4865466551142674,0.09673114957214679,-7.519492744875606,-0.07181373698682592,0.3425221874506619,-0.3635199643539977,-0.6588280927073242,-0.010020545775978995,-0.025062667821066587,0.11546150695499513,-1.1689418802488873,0.5946346556457343,-0.5743072246031602,3.480000000000018,3.409999999999968
2013-08-01,2013,8,-0.0387767946355666,0.003210029105389367,5.5838861723498875e-05,0.039604444446915466,0.0028819601851779453,-0.16050916912222135,-0.33594037847683467,-0.13642556648710524,0.7077979940077057,0.4172531128966597,-6.908669075899525,-0.04391493709093197,0.37643671615873586,0.037674444078902525,-0.13720427569609228,-0.004642275242408012,0.0036869793814715557,0.2236890323068863,0.7108965343607565,-0.3743935317647207,0.3365030025960323,3.3500000000000227,3.269999999999982
2013-09-01,2013,9,0.09502897893179352,-0.016383581443449202,6.14558743711989e-05,0.21280990985167492,0.002992774930667297,-0.8355389286428547,0.08524363165463456,0.2875638681354644,1.198255166756013,0.24967956093565036,-9.960099178730161,-0.1464740181411912,0.3017403982661975,0.5906717642772037,0.2889416406706573,0.0021262146551705996,0.01925280236400484,0.2744513547171721,1.3967900222277763,-0.5040503600873762,0.8927396621404,2.659999999999968,2.6200000000000045
2013-10-01,2013,10,-0.17075376422832278,-0.05851911666292153,1.310464951920047e-05,-0.010967228332436463,0.009922622809805492,-0.12790425028663321,-0.6009838540649071,-0.8943565132313438,0.2399678646741279,0.4257911081846224,-5.32760682272783,0.04425124814480341,0.357320767645227,-0.5708214970456993,-0.8979970700066815,0.0066278383468265645,0.00699890116613755,0.2122931169396125,0.12724627598990423,-0.03380291379454192,0.09344336219535876,2.339999999999975,2.3500000000000227
2013-11-01,2013,11,-0.013874954822426844,-0.10455288913777849,-1.0893785725898941e-05,-0.16852031271339385,0.011232994533812546,-0.6128108065392865,-0.04268159171772368,-0.025753303401074845,-0.6854315397241066,0.2540030904389461,-15.545000446320046,0.17379318125412624,0.39144297701134434,-0.5213625689734727,-0.0263265270838815,0.011267568290882046,-0.001342972276430654,0.029878803606022686,-0.7217848344058098,0.47810775357294233,-0.24367708083287098,2.3999999999999773,2.419999999999959
2013-12-01,2013,12,0.17582083150000472,0.026832784710848046,-1.232667095519939e-05,-0.15618803409412152,-0.00017697148095985327,-1.1387519004203028,0.41525518963385366,0.533763726945665,-0.021780160106999347,0.30371897164194905,-9.426665481863893,0.16807068262306757,0.4465963566222726,0.2095959017333371,0.5346668699714314,0.00554904938897316,-0.00029249935638819835,0.01604729400787619,-0.046973457749743375,0.206562430926283,0.15958897317653964,2.480000000000018,2.5300000000000296
2014-01-01,2014,1,0.013057090046515896,-0.28104140817066536,1.238059690689998e-05,-0.18553336577435076,-0.008732695765997889,-2.503299147850086,-1.019823079044727,0.1470629199284872,3.5075655658177425,0.5142324078586462,-2.721221715764841,0.09094488891051355,0.18263667300106334,-0.19125083448096802,0.1422865329698766,-0.003964555581130291,0.042926220525642655,-0.03971518108395955,3.085024942049614,-0.8333486315223766,2.2516763105272446,2.4399999999999977,2.3700000000000045
2014-02-01,2014,2,-0.10476495102068384,0.14357149254033175,-3.793661119000022e-06,-0.27782550678278994,-0.00398729527311259,-0.53422165817841,-0.9751225218723221,-0.5257958032798342,0.5755996557903984,0.20367027778747016,5.618739418554469,0.10651587655397066,0.12818635583925442,-0.6942315469234472,-0.5292090566003367,-0.007365067222502297,-0.0011810808428602826,0.028174119677712994,0.39359985728822267,-0.2843042282693773,0.10929562901884537,2.2800000000000296,2.2000000000000455
2014-03-01,2014,3,0.10217219975356784,-0.06695388080930798,1.545865328889985e-05,-0.19608453445114904,0.010090649079071978,-0.0754457712282317,0.7221684544735467,0.46365354308068163,-0.5849391055719195,-0.5073824235231719,3.9451244915253483,-0.13519482892141355,-0.5398069688809741,0.25181912013925967,0.46558323674298663,-0.01221372252321995,-0.017277915771435115,-0.21562642600494009,-0.4821688220083047,0.47227902799659205,-0.009889794011712638,1.990000000000009,1.9399999999999977
2014-04-01,2014,4,0.1808265849542181,0.009298351381232806,9.390926349690104e-05,0.35073166954844126,0.009396872180178928,-0.19389076387894022,0.795549661422001,1.0121820983376324,0.11916129112407248,-0.6921318428610661,-2.2505046824371675,-0.3897817138216624,-0.9192293236199731,1.2480246455515385,1.012188865925225,-0.009601928975537799,-0.003986502135206127,-0.18684012859968746,0.28184552418684206,-0.4524682165419449,-0.17062269235509575,1.8899999999999864,1.839999999999975
2014-05-01,2014,5,0.17610717153689848,0.3726258798546951,9.117143548769899e-05,0.27324937226648416,0.007290440656352537,0.10413014044871716,1.289356088781176,0.8407280173629488,-0.8051126082221174,-0.34533250984918595,2.4536709262465592,-0.2614909755552901,-0.18129213294301394,1.2139098204140168,0.8379543673451053,-0.000750441548157621,-0.008991337977225733,0.007886520162964317,-0.37958125576065527,0.0726726183493156,-0.3069086374113379,1.9399999999999977,1.8999999999999773
2014-06-01,2014,6,-0.0072941355131206365,0.16240026262607898,8.375900213450013e-05,0.2565190846537071,0.004092124831275856,-0.47193585136506755,0.6040860375784973,0.2811573200278872,-0.5011122506353161,-0.09871887038019977,3.7437456902698614,-0.16885678795176773,0.10695638088912673,0.5708704578023571,0.2835044970017293,0.004456345806580497,0.0013180111745159095,0.036456701847084716,-0.12658021141421472,0.03556275674998233,-0.0910174546642395,1.7600000000000477,1.7100000000000364
2014-07-01,2014,7,0.13952786772239278,0.1779965298734396,3.185063397399997e-05,-0.08016564368610091,-0.003118274130716192,0.14361885510599137,0.3926119347468102,0.675155916037113,0.2386439950293493,0.09441386879127833,4.704887144791428,0.03535151643123413,0.0581758276653872,0.41364140718036424,0.6744008387850613,0.005438760117632224,0.007555825068043198,0.005530230377329914,0.16705443747220983,-0.021784549685602173,0.1452698877866112,1.6499999999999773,1.6100000000000136
2014-08-01,2014,8,0.10880634420738033,-0.032486250564943475,4.369027872000095e-05,0.25077618859380735,-0.006360492585178679,-1.121755805132814,0.7123239715060095,0.8604141081036687,0.4978518934251781,-0.02230523130826967,11.539367504301481,-0.20242206429520593,-0.023055532951119062,0.7817272647751565,0.8580954189233125,0.0006560762211429427,0.011291553678911104,-0.008349029544721276,0.6995236560774742,-0.07172198244950323,0.627801673627971,1.7799999999999727,1.829999999999984
2014-09-01,2014,9,0.021968877847996282,-0.11328080779270522,5.6539112265200156e-05,0.036951125604304025,-0.005758028342751853,-0.3205671341576206,0.23189955782470406,0.3195211727443166,0.030113158676897456,0.04134830408971979,13.441897907745442,-0.17993068665251144,0.02543058695527023,0.3377400630000693,0.3161473907341019,-0.005995228700425681,-0.0027694530991762,0.019738644666986715,0.19412612819493802,-0.1092142871855799,0.08491184100935811,1.910000000000025,2.009999999999991
2014-10-01,2014,10,0.14355643883567382,0.12005197866642447,5.03353748492006e-05,0.1713200064405278,0.00014057568788961028,-0.36327927288353123,1.0602263798506328,1.0599713779552076,-0.40012195712088783,-0.21010556746115228,10.720143299273332,-0.2657948310468612,-0.07848604241541324,0.9479055124248248,1.0591349419395897,-0.007620776767251591,-0.006383013484816846,-0.0050598065937919046,-0.002707601028269835,0.11148443141019015,0.10877683038191321,1.8799999999999955,1.9699999999999704
2014-11-01,2014,11,-0.09857298089627875,0.31685922856075877,3.116469790729985e-05,0.140078852947628,-0.008614969459727062,0.5807725813283184,-0.18559422003147574,-0.39930499074694126,-0.25970100584396505,-0.10723102933680195,17.62197456260037,-0.234901679274941,-0.18622906259505356,0.2928224690393222,-0.39503217252513423,-0.006630553488712998,-0.006243059074650947,0.003897014472313387,-0.10379735982721172,-0.4741438708489909,-0.5779412306761991,1.900000000000034,2.0
2014-12-01,2014,12,0.09262383034041477,0.06761239682043652,9.466421176149847e-05,0.38172099649281677,0.002702710410099618,0.5114415363611187,1.1721867995699995,0.6138470498461857,-0.5414110429301218,0.008899982672161855,13.234075952947023,-0.2108753320455321,-0.08716945169868495,1.005740363793393,0.6171179952000898,-0.006798723094616044,-0.009935608064019164,-0.06603928406634907,-0.42660514525542226,0.1697173811305106,-0.25688776412491166,1.9599999999999795,1.9899999999999523
2015-01-01,2015,1,0.061798753641767235,0.1831445841819459,2.7992877589599202e-05,0.054759944254755055,0.002095898846956712,0.6790870550355521,0.5288738661286061,0.21947880716953705,-0.7130237850642516,-0.02160435289629703,3.019579936299124,-0.0018421229927980676,0.09344425913798915,0.18433086801206855,0.22318958432259706,0.0001859090271585373,-0.009284960136092035,0.003616699003726964,-0.5961330500371673,0.3482537752696011,-0.24787927476756977,2.0500000000000114,2.0600000000000023
2015-02-01,2015,2,0.3177352311299728,0.015757470083372027,2.8955139089998846e-05,0.3439292659567421,0.003306616945417895,-0.009233968404828374,1.7736054825215888,1.7374632904567306,-0.12861851329293472,-0.42708664080502956,-5.043408748999354,-0.3653619294339592,-0.4825340500578861,1.5493874827748755,1.7399540774125057,-0.008035609272369015,-0.0006319908402607766,-0.17368949124209543,0.18129600688821057,0.2267087867024884,0.40800479359069186,2.1499999999999773,2.1499999999999773
2015-03-01,2015,3,0.11355889708039513,0.19955755031361377,2.0671655706700626e-05,0.10233207404906608,0.0040805661182400366,0.056533833625394436,0.8457117871328137,0.6897230473752529,-0.9276169817835012,-0.37368850985877344,0.16859115472470876,-0.16219744167341332,-0.2652650950557316,0.6126451167179425,0.6894642223629717,-0.006830697129913688,-0.015489675930679958,-0.054469253800784045,-0.6569961253070176,0.23280784540258992,-0.42418827990442765,2.3000000000000114,2.259999999999991
2015-04-01,2015,4,-0.03990940585191538,-0.08016896308350852,-3.814422081810029e-05,-0.23497739243340376,-0.00655831842710064,-0.06919237456111205,-0.16355776732979166,-0.05093242323556524,0.3918924892544169,-0.019092933079043917,3.9075175697216764,0.12300576358643411,-0.061151898020192164,-0.44304234275881527,-0.05723430828720666,-0.003907986128750984,0.003811406408036344,-0.04451650267628082,0.22682776072682032,0.2731826903773822,0.5000104511042043,2.329999999999984,2.319999999999993
2015-05-01,2015,5,0.022293288626713093,-0.0737569540789309,3.404498245290072e-05,-0.039634105059320746,-0.011103872779623547,-0.8939567694169313,-0.4918221064221484,0.2559843716620094,2.2094111670217558,0.2027228049665979,3.2336481750389794,0.08721881614053473,-0.12310271446946075,0.15081382767516516,0.24950376944275376,-0.005832692527298899,0.02288629856433788,-0.016870701644636554,1.7963668314451695,-0.6491165363165692,1.1472502951286003,2.2200000000000273,2.240000000000009
2015-06-01,2015,6,0.13873421511800643,-0.04174596317596979,7.143022186770036e-05,0.06330901739599781,-0.008926197607457054,-0.14899114549199766,0.4648241345653332,0.8214245215372102,1.1936681994899345,-0.17101622931993177,6.05811832434847,-0.12114672936203874,-0.36900039244227045,0.7237724243166213,0.8124200155823473,-0.006580967088762879,0.011546810422367937,-0.08727682057467767,1.1168307657296452,-0.2679527957061474,0.8488779700234943,2.339999999999975,2.339999999999975
2015-07-01,2015,7,0.10428290349182134,-0.15077479474166466,8.645822144789927e-05,0.21279936031459812,-0.01650632304220978,-1.6311751015116016,0.6328745193597456,0.835989174056067,0.4138241570678076,-0.06467533076225962,5.518453144730302,-0.18706057525960773,-0.14657624362438781,0.7643428145582334,0.8362868895304132,-0.004786967250848928,0.005293710369263849,-0.03736939368560854,0.5189838194652836,-0.1311705797241487,0.3878132397411491,2.25,2.2099999999999795
2015-08-01,2015,8,0.10024011655070808,0.1726762220632736,0.00011414058388359988,0.3531568066088475,-0.0024682872183717786,0.8255865983221042,1.711642194605588,0.626617501264036,-1.4158409927968876,-0.2931985136132873,6.145885539750452,-0.33660325466479435,-0.21171506098475845,1.1592698647637576,0.6295807814440195,-0.006960818559879733,-0.018088071269190653,-0.13673942754400237,-0.9977542855034756,0.5553356100218103,-0.4424186754816617,2.0500000000000114,2.0200000000000387
2015-09-01,2015,9,0.10704810482246785,0.10079671177379623,9.707803361770108e-05,0.47807520508332857,-0.019177705932104216,-0.5907182862593174,1.1863619691122835,0.9586629856867717,0.0003735414548486915,-0.406781957547782,13.126518782781204,-0.2868883130924189,-0.44974652319523045,1.2648739476819628,0.9675408624837019,-0.0009650576047244286,0.0029587911466713024,-0.21354864413875596,0.24429728889984403,-0.06963410177274909,0.17466318712709494,2.2199999999999704,2.25
2015-10-01,2015,10,0.29625795712274794,0.2996903228267911,0.0001892840202668989,0.6147157863643145,-0.0006748651620831492,-0.9870040960052862,1.6415575479491622,1.5794969443418836,0.48290915721676697,-0.18900172733680165,10.49513083367492,-0.2634965018203843,-0.29572598574412723,2.0307236638500967,1.5868297088640588,0.012935936792370484,0.02022382682421142,-0.08426923948791121,0.6396814006298186,-0.3818333513787593,0.2578480492510664,2.420000000000016,2.4700000000000273
2015-11-01,2015,11,0.38139439811442344,0.10917741632385969,0.00025445297836309937,0.8944045003088448,0.005997866625385484,-0.9359021512593841,2.670657868061994,1.9788764411029547,0.11697045571386866,-0.31401679296451945,8.689293287156033,-0.3827005352501942,-0.20813756871310574,2.6897097768766685,1.9708246724611058,0.019544700504168233,0.024587196265303035,-0.014014859358542964,0.6055502152154304,-0.0271036774565232,0.5784465377589072,2.5,2.5300000000000296
2015-12-01,2015,12,0.3490224323879829,0.3159233144804716,0.00021188494665170046,0.6145314688550023,-0.0011761206159015547,-1.0229498569948845,2.102895802408,1.7380004540319192,0.23394020987294084,-0.6638775832605006,5.433757139311638,-0.3924018769497195,-0.6233173967909238,2.235714883063281,1.7298812323236916,0.007944231168147908,0.01761946792957403,-0.15096272306313452,0.6669022732922372,-0.14093830236350513,0.5259639709287285,2.830000000000041,2.830000000000041
2016-01-01,2016,1,0.3875573481831225,0.3213444088704591,0.00023139994570969998,0.7568140121278297,-0.011845441804362311,-0.29058245899263113,2.6862898739125285,2.065325421114892,-1.6196770431092489,-0.6383295000334073,12.641047280601924,-0.49745739240282205,-0.614170752339426,2.8458813686464737,2.054157494354854,-0.0012060097244113166,-0.017182050741658905,-0.11722417389058393,-1.0980609030124242,-0.17075942149398315,-1.2688203245064074,3.0500000000000114,3.069999999999993
2016-02-01,2016,2,0.5014507090335769,0.8294464954946648,0.00027364727422940147,0.7659564447739022,0.015297214621541544,0.29858826225081714,2.8034455202340496,1.998958348310964,-1.7691300610286476,-0.32675513652046817,10.750825373805128,-0.2575567016125717,-0.4127777279275193,2.8436318145868995,1.9899185350960238,0.013193789937859357,-0.0120707177053605,-0.152251998820903,-1.5975959508231554,-0.04922610756779022,-1.6468220583909385,3.1200000000000045,3.160000000000025
2016-03-01,2016,3,0.4341072344193435,0.6586013487584523,0.00028843843238320066,0.9927866999970121,-0.016797176267444258,1.3058449155930703,3.5585318000121333,2.2522104084755483,-1.7744284926785951,-0.44559363919456985,2.214377526601311,-0.5768995876364613,-0.3331901909786694,3.338391288301466,2.2475330974699546,0.018479649584858038,0.00016297701635403783,-0.15789812625202693,-1.0851254568262902,0.21546320070507008,-0.8696622561212166,3.25,3.3000000000000114
2016-04-01,2016,4,0.4505681318225925,0.8472368515069206,0.0002670794657934003,0.8318069392861993,-0.0036044762817429854,0.4468269590205125,3.43345811870455,2.1461812625068433,-2.220703978438422,-0.4967698477103788,4.249502056380152,-0.591024290124551,-0.3893763203013876,3.3749160602552593,2.147704455768121,0.013239760191166017,-0.01282742961358041,-0.16860595092362196,-1.5222861609048834,0.060065251710568646,-1.4622209091943148,3.3799999999999955,3.390000000000043
2016-05-01,2016,5,0.2427508533955347,0.3731756878975716,0.00011193832868739914,0.5784041641921753,-0.010488459187559807,0.8621546177722053,2.4807163899321267,1.0426121198685792,-2.401279449313364,-0.6907035591222375,2.5152631297387416,-0.4556666273248311,-0.3171845055953213,1.7635348351540756,1.0448809243846426,0.01437854175220643,-0.01229078316639498,-0.17254044356964116,-1.5720937684616274,0.7194503592941146,-0.8526434091675146,3.5,3.490000000000009
2016-06-01,2016,6,0.07668658331948564,0.03781076302243491,3.930719905220065e-05,0.27859707465262673,-0.006962264201518242,-0.24103918231061527,0.23870539596407525,0.3759871191098796,0.8569598663248996,-0.11861518362546164,2.849927152841701,-0.25547418232790164,-0.29867594293505206,0.8930356177111776,0.3765322171352068,0.00954765083533804,0.02092844526338089,-0.07045793737117734,0.9323732893431895,-0.6537851237217787,0.2785881656214144,3.569999999999993,3.5400000000000205
2016-07-01,2016,7,0.22354647179025733,0.3002659663006284,0.00012062357770220057,0.4454337475465593,0.01284368880193043,0.22949821972812856,1.1428545012415725,0.8202012706125288,0.6024106314188771,-0.07228013050952597,4.172805246707867,-0.2398312120493813,-0.20813421103056484,1.66759043357348,0.8178266762093926,0.012436014372823934,0.01726352959511379,-0.05513123299980904,0.7063877629472017,-0.52711052673504,0.1792772362121582,3.730000000000018,3.670000000000016
2016-08-01,2016,8,0.15099314991311985,0.2874634683101931,7.659131086350073e-05,0.11409468317310711,0.017289019611074874,-0.6978406740419487,-0.36827650069949414,0.33831074991468313,0.7533505148963684,0.047087476262518635,-0.10416564124170691,0.09801689315960971,-0.11158295110796601,0.6185674923070223,0.33065509624583456,0.013930438728176675,0.015487517454167765,-0.027634049898058066,0.49666319436619233,-0.9944996466753615,-0.49783645230917273,3.730000000000018,3.67999999999995
2016-09-01,2016,9,0.08740138536671793,0.34896801566935665,7.18301863722997e-05,0.10819225684706169,0.009523027568458464,1.1083986612638768,1.0678795658587887,-0.10206545043831738,-1.421525443391971,-0.13253470974678905,-9.32195905939443,-0.04805092382909493,-0.07429960421664461,0.5832208077789574,-0.11998074907012324,0.0069085776460466874,-0.01220111464110607,-0.0858087591532346,-1.3152394140327601,0.46674345944802553,-0.8484959545847346,3.6300000000000523,3.6299999999999955
2016-10-01,2016,10,-0.11014058909853475,-0.006028678265010967,-0.00013086432898750007,-0.5757637291552236,-0.00489648033425949,1.509268002950968,-0.7603335624899614,-0.9715102258634829,-1.1257501209929899,-0.5140516162813,-5.55588311739848,0.26169832503194357,-0.37079332947870824,-1.4051755736496148,-0.9824116855723446,-0.007664535177780429,-0.023865129815289432,-0.2110575872386775,-1.2441901592223417,0.6339405514507916,-0.61024960777155,3.6100000000000136,3.6299999999999955
2016-11-01,2016,11,-0.025502471302388585,0.03650233167422812,-0.00022661134805940057,-0.8988680346509099,-0.02318426654124639,0.41962661729508,-1.8909262813143641,-0.5766356655171876,0.766909138755608,-1.214821007804801,-7.3138001892803,0.27057303823008283,-1.7376487286349516,-1.6058829284672242,-0.5792759145007267,-0.020412684832296968,-0.015321655017999092,-0.4718054434625589,-0.026491620304653907,-0.287683601830679,-0.31417522213532934,3.419999999999959,3.420000000000016
2016-12-01,2016,12,-0.15367224467331653,-0.35122574768899995,-0.00017416220254950002,-0.6988998659673449,-0.012440135349600867,0.01302084931370473,-1.911302789105548,-0.8505466105646633,0.5141756377014417,-1.1460421206370128,-6.995191384718055,0.08824716054172654,-1.6870159822062618,-1.6655037166507327,-0.8484367634595742,-0.013242361147058901,-0.007823514223786798,-0.32272930814117373,-0.11504538440956935,-0.2436892253497298,-0.3587346097592956,3.019999999999982,3.0299999999999727
2017-01-01,2017,1,-0.1437734790272316,-0.3357475999700341,-0.00015247794768400054,-0.6047548574872685,-0.005648900949825286,-1.5795711536155963,-2.1834816511756685,-0.8625737358829042,3.183322433139267,-0.19439649657912028,-0.7271847550146049,0.17119108785576032,-0.655175640211759,-1.7147953072304745,-0.8545141865654955,-0.007795265742839952,0.0333688548403126,-0.09110595666166965,2.5513522016508503,-0.4606267946277889,2.090725407023058,2.7099999999999795,2.650000000000034
2017-02-01,2017,2,-0.19151374673037935,-0.6386554495606447,-0.0001225869905391013,-0.4387676471159878,-0.021845064868117103,-0.5373961767070625,-1.422849973923519,-1.0045885953445008,1.5636563232500862,-0.08527494899993471,-7.470977280201623,-0.05174326201014878,-0.03632520345593093,-1.123340195527021,-1.012642327804997,-0.007915815047383035,0.013630444501963712,0.043893638901888465,1.6643493308042423,-0.30756351085699407,1.3567858199472482,2.670000000000016,2.6200000000000045
2017-03-01,2017,3,-0.11284224851465297,-0.6991614819936558,-0.00014537801547140003,-0.6842334331552316,0.00965625200011766,-1.90562790196838,-2.3359398776612466,-0.9051096425180845,3.242241024928802,0.1567606854584298,4.783953934413148,0.2883410450290569,-0.13240471889390903,-1.7428437441081996,-0.9091589464104004,-0.014851812707490808,0.02685400109322611,-0.14671143681612264,2.6647345755474134,-0.5971454374453629,2.0675891381020506,2.490000000000009,2.4699999999999704
2017-04-01,2017,4,-0.18048886114377183,-0.5853242193635992,-0.00010292780558790113,-0.6428142136634563,0.0011354609961798934,-2.4881604679993288,-2.648737047518125,-1.2067282183529642,3.0482353572343754,0.3631140469888763,-3.5528912278969074,0.3773435532737892,0.15946702708173888,-1.9325899889829543,-1.2072705447171188,-0.009643928282199177,0.027515299136602778,-0.022666732897002717,2.4672447840534346,-0.7166893848993254,1.7505553991541092,2.2600000000000477,2.25
2017-05-01,2017,5,-0.02357250342305406,-0.09555830327968806,-1.269444793819928e-05,-0.28527407127112525,0.018235167955663045,-1.6858198511718427,-0.4712047224505227,-0.3325174954813974,0.7592336373551518,0.6554312704654137,-6.199061322462512,0.18690934873430365,0.6069427541784407,-0.4139157641121187,-0.33649154267817494,-0.003616007510562902,0.003710843199164593,0.10237783116447297,0.5238357723338822,-0.06126300553518149,0.4625727667987025,2.2299999999999613,2.230000000000018
2017-06-01,2017,6,-0.017470086613400326,-0.07833368776454108,-1.43042040059993e-06,-0.14705317056046496,0.004022728446431034,-0.6982296905803693,0.11479843750646523,-0.15552131144966097,-1.1808910909331871,0.06742940730098823,-1.62282935611438,0.17952255537520045,0.4192099482698879,-0.40589116636624567,-0.1509383699318505,0.0007182810047683397,-0.01754919086732265,0.03488701325140475,-1.0086331053394986,0.5252725453905214,-0.4833605599489772,2.2099999999999795,2.2299999999999613
2017-07-01,2017,7,-0.0686641787709732,-0.0788000014333079,-6.225164146020021e-05,-0.22938698506033717,0.0029931627539128147,-0.5726346297836713,-0.9981943358364447,-0.41521564166868075,0.4508162850269457,0.028654637053477927,-6.148485314595746,0.15971332885172274,-0.05761725234589932,-0.8629680820693011,-0.4175411503248938,-0.006456997580438273,-0.0011604393145767666,-0.09804023862784739,0.20483106677585994,-0.1375517624233602,0.06727930435249618,1.990000000000009,2.0500000000000114
2017-08-01,2017,8,-0.08316740125314936,-0.014404385557043042,-1.373813448620094e-05,-0.01391948231843898,-0.01403593641538492,0.9641512163415626,0.9529739903218797,-0.39895956610524763,-1.8720959999799902,-0.31415407042181087,-1.654420268314425,-0.15158687470216137,-0.21873826243116312,-0.24797398957400674,-0.39939985916635123,-0.007145479650158215,-0.025416010826067925,-0.20495284167743044,-1.6250933172871669,1.2005076868347828,-0.42458563045238407,1.75,1.8400000000000318
2017-09-01,2017,9,-0.10273174429187293,0.09162807045811405,-0.00011938178639260034,-0.25616037018576776,-0.0024762614208162503,-0.07644764169094742,-0.7132094495943875,-0.5693535794588911,-0.9963862737744762,-0.2554047232382395,-1.0136322348116664,0.023444225783379125,-0.262139195429274,-1.0194559321068368,-0.561522605775906,-0.01205078559415984,-0.024805807854325845,-0.13801142869974115,-1.0265649717488827,0.3140774561954309,-0.7124875155534482,1.6599999999999682,1.7000000000000455
2017-10-01,2017,10,0.014317576658982034,0.19824605912339166,4.4894568182300004e-05,0.271866362463264,0.00651642234716987,-0.7488631686182146,0.2267745387439959,-0.2982172808858081,-1.087467563961809,-0.2673451218576304,-4.574929574271664,-0.37808426662928696,-0.435418644463212,0.4007943564879497,-0.29747703382190593,-0.020602179481014282,-0.031012263821870167,-0.0933947417696448,-0.8774568199380894,-0.17327957068005162,-1.050736390618141,1.7399999999999523,1.7300000000000182
2017-11-01,2017,11,-0.1273009036128201,-0.07966511288930178,-3.4678191665991898e-06,0.003445265133908748,0.004398028662276787,-0.7998312411785236,0.05834709868781829,-0.621991576474727,-1.7667917953701249,0.14415031378652188,-8.153779242784367,-0.17767691051230372,0.4441711524929417,-0.4874602617131245,-0.6279235721364671,-0.019637786807274793,-0.03643311510329994,0.053824022168431185,-1.2890940461513765,0.5398753647392027,-0.7492186814121773,1.920000000000016,1.8999999999999773
2017-12-01,2017,12,0.004696706416950747,0.28740995104607236,-7.547955374759968e-05,-0.13815658618348436,-0.0021059375862826357,0.423301203478033,-0.1582645261091784,-0.3862785448750401,-1.7382797129457686,0.20926639651805345,-8.526185380993411,0.0814930197396393,0.32692190171744073,-0.28359200857937594,-0.3868644910311332,-0.010472605549359137,-0.0370586498165042,-0.036435093812700714,-1.7021172274860206,0.12474153631410445,-1.5773756911719055,2.079999999999984,2.0400000000000205
2018-01-01,2018,1,-0.14633278640354774,-0.010940622239672848,-7.10750390348e-05,-0.1384746586161043,0.009804577266324443,0.5139849121425115,-0.7013004391399136,-1.1077405572746102,-1.3680092812618057,-0.11555959936698912,-11.42413525142183,0.060119055145861466,-0.1768659256112315,-0.7652165757275498,-1.1131360696546722,-0.008633629543630228,-0.027435908209861193,-0.21924619486516939,-1.4894346626519237,0.058520624207577754,-1.4309140384443424,2.2099999999999795,2.240000000000009
2018-02-01,2018,2,-0.1870101919628837,-0.15946498427763345,-8.365445551839976e-05,-0.031750959961797776,-0.004131089429931678,2.4760905322482216,0.22248763597309562,-0.9998897676171623,-3.101338194976478,-0.5593320986624697,-4.353771309237345,-0.10494739981731982,-0.38095902188630504,-0.8362403718366522,-0.9878353966371378,0.002363067693217147,-0.03654464559971382,-0.26985107855138857,-2.8180177183829755,1.070782378789776,-1.7472353395932032,2.329999999999984,2.3799999999999955
2018-03-01,2018,3,-0.23426912252358534,0.06058271391049175,-7.45096281126005e-05,-0.3678235394720488,-0.0026817475543965408,-0.057174293341233806,-1.2593863473248916,-1.3515221980763954,-0.7930550558171205,0.17976907914342632,-14.932254065017332,0.20378716506729688,0.18776872181022242,-1.114105755814478,-1.3429559477237376,0.000502301997689969,-0.01348998492039799,0.1287079451968829,-0.9888425782175645,-0.13671434115775227,-1.1255569193753274,2.4699999999999704,2.490000000000009
2018-04-01,2018,4,-0.011753154094606089,-0.06370399745486566,-7.746682902809963e-05,-0.07882366242747807,0.0015835143603467605,-0.28427943050984084,-0.11898783294782334,-0.32176308569103185,-0.26350512419583083,-0.0026680439264943345,-10.227594460884575,-0.013881197136470291,-0.12601217740398596,-0.07144749966920472,-0.3205809038208258,-0.006873638093320977,-0.010660125642352636,-0.0381896858252464,-0.3729680605368344,-0.046358151408412596,-0.419326211945247,2.4799999999999613,2.519999999999982
2018-05-01,2018,5,-0.15945583681195785,-0.3018679164028413,-0.00010171625281790025,-0.31196206290837836,-0.007701732807485762,0.16989455882931281,-1.8533925863791865,-0.8360390460983922,1.3444455886206867,0.1840007346114021,-7.714075004259939,0.14230498954768223,-0.1838236035330567,-1.1928836469987232,-0.8338286232200858,-0.006327816390371943,0.00965589098339903,-0.02959683643248745,0.8343162609285173,-0.6582985165021569,0.17601774442635865,2.2900000000000205,2.3100000000000023
2018-06-01,2018,6,-0.06364380634266809,0.0007891308626426508,-0.00012365239267000082,-0.3454081860995828,-0.0035107720499040207,0.009492488021066947,-0.9907580148044985,-0.7457979526770373,-0.11628273461340655,0.08009324008834184,-16.341800283742486,0.05307952000094929,0.028348511622333206,-0.8034709552290451,-0.7503678272036609,-0.005466358649662162,-0.007786208043706111,0.0213435061798517,-0.2211069830803467,-0.19185693410207705,-0.41296391718242376,2.2200000000000273,2.1899999999999977
2018-07-01,2018,7,-0.08984504660827497,0.11017746813973872,-5.857887963869879e-05,-0.04466422647194079,-0.0010479588596142841,0.423116893250004,-0.2683103440497234,-0.7905559639415287,-0.4678296445083845,0.23100167454402865,-14.198120113564073,-0.04658476269196399,0.387953152194477,-0.34452816151690513,-0.7973664866920558,-0.004822164286643726,-0.010228401344770433,0.16810136944887333,-0.26429340416595437,0.06940729471665819,-0.19488610944929974,2.3899999999999864,2.3999999999999773
2018-08-01,2018,8,-0.1808409965731812,-0.18566221790479176,-9.23173636159999e-05,-0.2803896569442479,0.005583924159565545,-0.6355244930712942,-1.1574663493954063,-1.203288523106437,-0.18752816782603077,0.17590973444935187,-16.1857474353601,0.0653703101841927,0.32539534305254847,-0.927591720658711,-1.2036391219166944,-0.004421680002970607,-0.008572529986782484,0.2530662256869185,-0.10341286940700911,-0.23022522754694918,-0.33363809695396185,2.579999999999984,2.6000000000000227
2018-09-01,2018,9,-0.1403944313852321,-0.4660437315222907,3.6642978373004065e-06,-0.14873953817377839,-0.00649117485495132,-0.9355361391670058,-1.266477595504739,-0.6709822289135445,2.1786562517113737,0.6007138996125008,-10.40200753271347,0.11961302276944252,0.48438949675474063,-0.4668009528277821,-0.6770345595123786,0.0008495542543918155,0.028418087533708558,0.31366722413102366,1.9427188260841817,-0.8057289732757873,1.136989852808398,2.569999999999993,2.569999999999993
2018-10-01,2018,10,-0.06722144252302087,-0.4921107209518709,7.622298954009649e-07,-0.05237521037285475,-0.013192487250575424,0.3149037139010886,-0.15653080246909212,0.17198269402933875,0.8809476795260309,0.7217377308728814,-3.9345981653168565,0.11006370410714794,0.7603838439844495,0.08570738352682383,0.16557226692827953,0.01422941809221534,0.023286458787350917,0.21483863778599677,0.8095300885304368,-0.24864861309697517,0.5608814754334617,2.5100000000000477,2.4799999999999613
2018-11-01,2018,11,-0.056275093966462464,-0.10355330686860498,0.00010556833236169925,0.27443517495351344,-0.00473989875539349,0.7412711979797706,0.14461769747475728,-0.25070351063641283,1.0170291245666192,0.8683523244370832,3.593500853225123,0.008266502555215993,1.0718965032230088,0.5427714136618533,-0.2495752220529539,0.025244053284735557,0.03718071019571889,0.3198143825778157,1.2123068007973359,-0.3970254276036336,0.8152813731936988,2.420000000000016,2.339999999999975
2018-12-01,2018,12,-0.050318484661033835,-0.28994128703084243,0.00010237443748340076,0.3115051691917756,0.005689867295117335,-1.25981444245771,-0.27389691608919975,-0.0035183643441314416,2.312578508231951,0.8884951568583297,3.2355731333518634,-0.05453503897845735,0.8557041368931166,0.35501993362817075,-0.013487890785540912,0.01509933700782451,0.04601865152896156,0.2898293890010759,2.334322527245213,-0.63888637615878,1.695436151086426,2.430000000000007,2.3600000000000136
2019-01-01,2019,1,0.01943662813590663,-0.01648020567125741,9.793550403260076e-05,0.3648582269577041,-0.016606920747094356,1.0850502746985882,1.1374268654941488,0.4786944162087252,-1.0377015323555838,0.2015599598250759,1.9745047346368665,-0.06267179121846311,0.4443487303732496,0.8155806209877596,0.47736044759739116,0.01822926330281316,0.0040130275881673505,0.16954803616852132,-0.732240970588947,0.32051227589505515,-0.4117286946938954,2.400000000000034,2.430000000000007
2019-02-01,2019,2,-0.0220562508261537,0.16116755655764337,8.202153114700121e-05,-0.07672729537255663,-0.005994157800807476,-2.3983787525554163,-1.3269981723736919,0.05501962214447076,3.4062997212249115,0.9049276369092887,4.568112600391032,0.360167554274085,0.686575357268957,0.02847194431490152,0.044346220906049894,0.006686754417359886,0.044057773289876145,0.34427770869550933,2.8277798873104985,-1.3661435179270178,1.4616363693834842,2.1100000000000136,2.1499999999999773
2019-03-01,2019,3,0.20961223002728957,0.04194909966486193,7.649425321869935e-05,0.2997884611140016,-0.013302929487840953,0.3129340937961871,1.0811050350199594,1.0326336761598327,0.6659061236888419,0.004769502180511864,2.547038311196957,0.0026943048356145027,0.08326373771539153,1.1693210001428724,1.0226901586028134,0.008825167411213641,0.016420255656318883,0.08197611186318099,0.7417060543881107,-0.09815948267993235,0.6435465717081854,2.1200000000000045,2.1299999999999955
2019-04-01,2019,4,0.07420713934351397,0.32726340231727136,0.0001161869728700006,0.3434415582388297,-0.007487047790348256,1.7912422304707007,1.7066775503701024,0.45163405138197277,-1.464057384663107,-0.38219258968642933,0.48345643197535537,-0.1368583771786973,-0.25551691870887083,1.0788298455872223,0.44364300094991904,0.009105690968741698,-0.0074058809992134655,-0.026368524252685432,-1.2005233365068477,0.6198566543508264,-0.5806666821560214,2.2700000000000387,2.269999999999982
2019-05-01,2019,5,0.04059744153187239,0.1356099240039157,8.301612223439968e-05,0.27637189977717114,-0.021002174132769946,0.40291867725640884,1.2267727090568314,0.18172232468151606,-1.7076231575742042,-0.7895936963480885,7.611911825602874,-0.13941753682226476,-0.45873090641057956,0.8765965470819879,0.17685133511537288,-0.00016921275200187935,-0.02020377061049672,-0.06584333237380058,-1.2373428308144057,0.3453051724087004,-0.8920376584057106,2.430000000000007,2.420000000000016
2019-06-01,2019,6,0.11569079901232726,0.32663595381876576,0.00018306679325920047,0.6036751778218168,0.006350400606921602,0.34075806226118033,1.80112303056967,0.6273692585464232,-0.501145757607361,-0.36059163867147603,4.742487199575407,-0.26973916400260123,-0.4132645257686427,1.7070661983823925,0.6191600447442056,-0.005868699932110921,-0.007200764115501634,-0.10180761358741286,-0.28407948070193356,0.08584761838505983,-0.19823186231687373,2.480000000000018,2.5
2019-07-01,2019,7,0.07476449547414177,-0.020912405331444006,6.745642355289981e-05,0.13761516323730305,-0.024127100652319933,-0.9176891164774617,0.5169836234630338,0.31390701788552633,0.11842383305403814,-0.14173838600007116,4.265934384646243,-0.05110741464727653,-0.2745805933893912,0.7447016415486587,0.3167490436873095,0.0003343716882056036,0.004262541371847117,-0.09809776176820151,0.036689040311983945,-0.2248759922838417,-0.18818695197185775,2.3899999999999864,2.400000000000034
2019-08-01,2019,8,0.15874310536230496,0.12451661154284466,9.776405577899966e-05,0.27908275209039957,-0.014214529655817598,-0.8386706092814364,0.23094629274402223,0.7614067529646036,1.8460944229674112,0.12657984615793438,5.377167419195757,-0.014234431877241605,-0.13748799055912997,0.9475177246930571,0.7521699386496152,0.0029754778426971384,0.02652026081758052,-0.09346627736197632,1.5962610181275636,-0.7258082462640303,0.8704527718635404,2.509999999999991,2.509999999999991
2019-09-01,2019,9,0.16011958877095367,0.3568264514797761,5.3306107748800693e-05,0.29704362114653904,0.0027848489428503598,0.1936908918312028,0.835673495692447,0.6351081214620535,0.7247686065240657,0.0415091512170207,1.0646184304350754,-0.16209658010217254,-0.14393150093337326,1.2745485086185795,0.6308731854406346,0.009159776412067444,0.017985271041953244,-0.08417956012557681,0.701424534475855,-0.4431099489475514,0.25831458552829645,2.730000000000018,2.7299999999999613
2019-10-01,2019,10,0.08392237289888271,0.029488145398772758,4.1167610259400245e-05,0.13927816735984067,-0.0015017038641960134,-1.5605796780016945,-0.09269427573002531,0.1287816676752982,2.261266215630286,0.015645856229870247,-0.6383930351730669,-0.15775720309372332,-0.09863614842189605,0.4707071244984036,0.12782364457819995,-0.01306073650212225,0.0207973782693327,0.05374677428245711,2.3047414140722537,-0.5643594233255271,1.7403819907467266,2.7799999999999727,2.7600000000000477
2019-11-01,2019,11,0.133726547080812,0.12565251191284688,3.6237232603000824e-06,0.015231163837484019,0.0021571204119028575,-0.7940486402814599,0.2772650745858414,0.6015021313120315,1.554246470303724,0.2266787770116956,0.24116446397965774,-0.09253296878105743,-0.10025889724888515,0.5927729393428649,0.6018046913180228,-0.017586904985329888,0.004382031968797939,0.03098048333023229,1.31984176482419,-0.31520530475103925,1.0046364600731579,2.75,2.7000000000000455
2019-12-01,2019,12,0.17317446311858475,0.2870368959152074,4.843007443249871e-05,-0.09702928794263954,-0.011023473489092384,-0.003936255496540753,1.1544440773969313,0.6979131000273355,-0.3497787363326381,0.003367528144845977,0.25542045528709423,-0.10346220301980225,0.18791396203317134,0.932091253536953,0.6951916808345118,-0.012844809227240184,-0.012100441086688285,0.03889793251464191,-0.061770099424563796,0.21963140466715458,0.15786130524258724,2.569999999999993,2.5499999999999545
2020-01-01,2020,1,0.3230158914452659,0.20017004206505362,0.0001667859991660997,0.5168890148178811,0.006034972267021321,-0.10487946952135019,2.5693806602513973,1.049597284796448,-1.0142842700396386,-0.00753462179226716,1.2978757579403464,-0.47159906883140934,0.20930632955965933,1.8642664476270738,1.0502783729258454,-0.022144434641107047,-0.02498863280243402,-0.1358740421215483,-0.32584424985628857,0.7057953007537208,0.37995105089743575,2.5,2.42999999999995
2020-02-01,2020,2,0.34884140022177235,0.4238411413253971,0.0001278323587506,0.5289628177386128,0.010223702112116873,-0.6293255674098575,2.7185423149174426,1.2187191779142381,-2.6189893936782482,-0.47062389211163236,-1.0555283619178226,-0.4999703136921312,-0.3228900677179354,1.8495081009124874,1.2274052481363924,-0.02590266925307283,-0.04993976273027423,-0.3862875502569114,-1.97128525559242,0.8777202842271095,-1.0935649713653106,2.599999999999966,2.579999999999984
2020-03-01,2020,3,-0.037353952715250216,0.21315704770063348,6.926193418020123e-05,0.31249158705825053,-0.00860627717169482,-0.6393869394061582,1.2968920183413957,-0.06675391616693105,-2.4841391241275232,-0.37171904480390694,6.122812800880638,-0.38825233436520534,-0.3068754784746943,0.5250411763948364,-0.0579818419657272,-0.01744361748947476,-0.04240517650489961,-0.3040246222733014,-2.0310432234331017,0.7806229161477631,-1.2504203072853386,2.5400000000000205,2.5600000000000023
2020-04-01,2020,4,0.04490886530635407,-0.06569155440746499,2.1129906456994474e-06,0.1647925430433972,-0.0025826661051078226,-1.2021346274912759,0.18185356834953836,0.11074086769832547,0.18921710147634485,0.16969522463602615,4.7195027221459895,-0.07373000508911787,0.28147342405078746,0.30387644538024006,0.12041882115119051,-0.00080055530667833,0.002133045251121235,0.034273616417692665,0.37472530598020626,-0.11234492357783665,0.2623803824023696,2.509999999999991,2.5300000000000296
2020-05-01,2020,5,0.08141961825083399,0.30857653201411495,7.25529472857013e-05,0.13065187916031817,0.02231479459407204,-0.5295843590586742,0.5556018791447741,0.11623123447128592,0.0462054247434196,0.2855632798498675,-4.935802293664892,0.054494609007065264,0.49237241715655955,0.6064261260999046,0.12032287905861949,0.014159152263073072,0.012536275042755118,0.10550195587785893,0.19851995304297532,-0.04673260236779697,0.15178735067519078,2.4499999999999886,2.4699999999999704
2020-06-01,2020,6,-0.010211010327452641,-0.09156051806473897,-2.2727408909999774e-05,0.07603476108906904,-0.002108417932118689,-0.13848658756483445,0.256890131789703,-0.2094273990669535,-0.31950872772196703,0.35065362350506035,-1.1980518032360123,0.009439115523150576,0.5638739829397501,0.1509925601252462,-0.20647605847767636,0.018499865997093856,0.012677519212456634,0.1770400366514444,-0.11572748381044562,0.10884891225373394,-0.006878571556711677,2.339999999999975,2.390000000000043
2020-07-01,2020,7,-0.017814130065403333,0.17238318308579892,4.323359523039985e-05,0.2659927096357677,0.01753473438538755,0.8000821116895764,0.7783408009441928,0.10854211128105362,-1.0676667198333973,-0.2355099991635896,-1.9726695082790684,-0.03687652271500497,0.10527092451576792,0.4426598994813844,0.10741610931506784,0.013018606197200189,-0.002951605730515894,0.08069265827488437,-0.6900092734390455,0.3345548994968226,-0.3554543739422229,2.2900000000000205,2.349999999999966
2020-08-01,2020,8,-0.06919359972363281,0.13732938327245847,9.974201740300948e-06,0.08984375642387121,-0.009068228836936476,0.0628018429153272,0.18738408721372934,-0.11826026339031159,-0.8102757649035937,-0.007849321962357436,0.14807855075923726,0.11708578459391106,0.15556161050922412,0.16971417105185083,-0.11566249241275273,0.01012090166394275,-0.005123014905186629,0.11136035723029813,-0.7639506170258983,0.020267687139440937,-0.7436829298864609,2.090000000000032,2.1399999999999864
2020-09-01,2020,9,0.07781741187108082,0.030395299769679696,2.844266355669922e-05,0.1883032244308147,-0.008860895332081342,-0.8557955598864098,1.0964097396904435,0.28771905376964924,-1.536764393836421,0.20633184058145204,-2.76956241283915,0.16096142205816477,0.5095232910176826,0.40159725959603065,0.2878527770395749,0.00630696594630642,-0.015809866010300766,0.17156597977962917,-1.3945343654583269,0.6949462033643385,-0.6995881620939883,2.069999999999993,2.080000000000041
2020-10-01,2020,10,-0.07031555612348939,0.30328442008385537,-6.390209424430096e-05,0.09358432271027084,-0.006581458637256454,0.587680990278244,0.5341164385945945,-0.4689345782364285,-3.0518039512782593,0.522534770010072,1.4817688666080358,0.3753862518950939,0.7606319133624524,-0.3240249514860807,-0.4615686048601333,0.023245740652969804,-0.024813388738615494,0.07988806113252167,-3.189093059821012,0.8655073634569703,-2.3235856963640344,2.2200000000000273,2.2099999999999795
2020-11-01,2020,11,0.13638886559141383,0.19427122456278312,-6.579706598519933e-05,0.0060732479447835885,-0.0029855810721738374,-0.4441035254732526,0.9874544920538142,0.46255848871277294,-2.475144278327548,0.6087163605290442,15.456812530363095,0.3997283728623131,0.967136136543786,0.0349840963939414,0.4666413064759922,0.038211938317191496,-0.0020355548298205406,0.07095778489845728,-2.5164528751751334,0.9565532134230921,-1.5598996617520413,2.3799999999999955,2.329999999999984
2020-12-01,2020,12,-0.19248020546621092,-0.16358602257787425,-0.00013258621664839938,-0.03273625552697723,-0.0040338568442374045,-0.2768045738181826,-0.6719881039839493,-1.004434730956575,-2.3219522590429733,0.46801055795832625,23.560133351798868,0.41334566345477697,0.8113212451881822,-1.3474921377827513,-0.99177205777994,0.03333240589963715,-0.007477361188475751,0.0390546410504502,-2.391987235267834,0.6881667069754407,-1.7038205282923968,2.3799999999999955,2.3100000000000023
2021-01-01,2021,1,-0.27726293633833166,-0.27570351001918425,-0.00024231019713209963,-0.6630153863645738,-0.008603535052784994,-1.1084637337868628,-3.117127593193743,-1.2285148403485664,0.7274864331573383,0.3830196528158325,23.881487908860436,0.8061165670218315,0.2533091275696293,-2.3707673046772015,-1.214079604487722,0.027966463288880306,0.02047745560294212,0.0549131993394365,-0.20834065911074617,-0.7319250526556971,-0.9402657117664432,2.3000000000000114,2.3600000000000136
2021-02-01,2021,2,-0.46175719760663014,-0.4583494834046178,-0.00026454669873279997,-0.7853333822627242,-0.013683709774923836,-0.2717753824698619,-3.5578500221774902,-1.9967902799303943,1.8120346855697562,0.40947915713661587,21.386362433288014,0.6732877158068504,0.2313517769902802,-2.889817274136192,-1.9855379794341275,0.02079869422804581,0.0330775164174657,0.091992678091529,0.9606195896165559,-0.6567804475450316,0.30383914207152785,2.25,2.319999999999993
2021-03-01,2021,3,-0.2513608136354719,-0.45659469681140763,-0.00026478343708210075,-0.7004107086790796,0.0007923782722848438,-1.2285119461068774,-2.879807990040433,-1.1527350949941138,2.1840252604066563,0.32869526276646965,17.128508450521622,0.6061230123381733,0.1407724931975025,-2.4229832850603543,-1.1413605450359796,0.006607013197616141,0.027839615646882976,0.0993545233358013,1.389979478499498,-0.44545015502194474,0.9445293234775534,2.0500000000000114,2.089999999999975
2021-04-01,2021,4,-0.2935217903218472,-0.4456741420913204,-0.00024020856955320018,-0.6196887230133896,-0.007530747146984762,-0.7505844636833672,-2.527413488890261,-1.1273796769303317,0.8336940855676573,0.07502949217604282,27.11850866601162,0.41781887183549316,0.025794843681971713,-2.2736845208194154,-1.1247054414801596,-0.005838502931487355,0.0016176004878660777,0.05136089405243638,0.3666405652381002,-0.2510547326206698,0.11558583261742683,1.9499999999999886,1.9699999999999704
2021-05-01,2021,5,-0.16956207185495487,-0.4701333840617963,-0.00017552694358270032,-0.4349556297247794,0.004158064038238374,-1.0075129986113822,-1.3295699671469379,-0.401654007982188,0.6094454215332235,0.27800581549758263,26.544151158246677,0.22188247640403347,0.16050348400779058,-1.3294701357858116,-0.39943562876487704,-0.011322172811579989,-0.005482808829853969,0.060179716565761154,0.27006061363946543,0.002118547856184705,0.2721791614956448,2.1999999999999886,2.2200000000000273
2021-06-01,2021,6,-0.10329279466856178,-0.3914700949939629,-0.00012837106304220032,-0.45642646034008294,-0.01602334168550934,-1.0919069818596725,-1.605876595530333,-0.0849086788199429,1.895855569465283,0.32684336292162186,23.081631729204673,0.2894175196324227,0.250132484552438,-1.1054392929099208,-0.08271220390486178,-0.009331433692897129,0.013789610508835981,0.07483871101794115,1.5297271714636835,-0.49824082770533096,1.0314863437583597,2.319999999999993,2.339999999999975
2021-07-01,2021,7,0.07612985947241668,-0.1962173826427147,-3.2007024916600596e-05,-0.14546269213592566,0.0028918339317423047,-1.6232816491126059,-0.6660694836859875,0.38884835212513735,2.1645356466088685,0.5257494251177626,28.64683267516375,0.14319484256660076,0.2510418634594913,0.0016606054973635764,0.38868823681838194,-0.01269607138197415,0.01584657393344191,0.10148693162435407,1.7466332423840072,-0.6678902044901065,1.0787430378939007,2.2799999999999727,2.3000000000000114
2021-08-01,2021,8,0.08833981919087819,-0.1823742942200397,-0.00011499266153220007,-0.21231723173408668,-0.00473287335918271,-1.0090634770511286,-0.3896086710456075,0.42039099466870766,1.1955190308693773,0.3094284569054082,16.83566866030742,0.07071188563020314,0.22177172326851036,-0.2810857756523433,0.42112548145979645,-0.011510210443731683,0.0069989415345594885,0.10874023495076024,1.037150411602255,-0.10778840860217187,0.9293620030000795,2.419999999999959,2.3999999999999773
2021-09-01,2021,9,0.012265037766269415,-0.1385274927756086,-6.152693938340018e-05,-0.15424089581627243,0.004940185887457149,-0.4561485558454663,-0.22253466802618505,-0.036343575376236004,0.17386181354163455,-0.0992323155323298,19.195691365966923,0.015562573048754302,-0.08672819037501611,-0.41772979512938946,-0.04561928552948302,-0.015545636591332013,-0.009235930755700839,0.007038988943238067,0.17080336565013,0.18591941694996095,0.3567227826000874,2.3799999999999955,2.349999999999966
2021-10-01,2021,10,0.11362693116814171,-0.06737259262934003,6.535968598699732e-06,-0.2208131666889095,0.003578510988903938,-1.7252833369996878,-0.2724260042402875,0.46128674567557937,1.0333643547495797,-0.41162172022507804,15.125051479000831,0.08050381164852638,-0.561255437518561,0.03335513051609951,0.45007191872025487,-0.009433957245062352,0.00465215132749508,-0.09328480257028282,0.8032268258076058,-0.31699596171170796,0.4862308640958872,2.169999999999959,2.1200000000000045
2021-11-01,2021,11,-0.06294908046152159,-0.45782152840439494,-5.792376995600659e-06,-0.18068256676416894,-0.006320464481339161,-1.5427549503073195,-1.0682428253167018,-0.20284829523745884,1.1737101919326278,-0.6655234448898639,-5.831904709266382,0.059938562271241835,-0.8821198771889911,-0.46252903380576527,-0.20353582211885168,-0.01662387017975231,-0.0005907380692105058,-0.20473570123970575,0.8971751973622872,-0.6064013183923258,0.2907738789699579,2.329999999999984,2.25
2021-12-01,2021,12,0.178022231684281,0.03290935103285619,6.238690829019934e-05,0.1185321517354474,0.0033474358303543505,-0.22049833077227277,0.9626539939316672,0.9037377905666517,-0.11383455595728265,-0.8207502903705333,-16.534614498043084,-0.12338792890463424,-1.0397923487688416,0.9627820752447178,0.9058823059369843,-0.018625864873913045,-0.015496297608303511,-0.27836079302598016,-0.20948868545096389,0.002016434057281913,-0.20747225139368553,2.4600000000000364,2.410000000000025
2022-01-01,2022,1,0.11315237289664992,-0.15332327842020277,3.06251324735992e-05,-0.17691641368175937,-0.0018646335510097423,-2.2188887930333223,0.14440703303642977,0.6441832291694141,2.4937362964461443,-0.23244918483681332,-13.048139745762455,-0.08817601399721298,-0.4630495130196124,0.4912839865057208,0.6354097634878144,-0.019068009791578966,0.020162197647294988,-0.10973237534393299,2.3513119822606257,-0.3556504191508907,1.995661563109735,2.4499999999999886,2.3700000000000045
2022-02-01,2022,2,0.24759089280502167,-0.18727352925083096,4.7811657076299655e-05,-0.1274785186879086,0.007088460310095579,-2.6225354981210245,0.4303423552516392,0.9509326580778747,1.7169001914311934,-0.0892880525004891,-9.005962732146145,0.07370163217240133,-0.25253848838375603,0.5358196175474177,0.9443110978572236,-0.013192338362150835,0.012470096598899083,-0.1153622592828416,1.4799481233755216,-0.11209882251642966,1.3678493008590884,2.4399999999999977,2.330000000000041
2022-03-01,2022,3,0.3317082149161479,0.17944005998469947,0.0001382591399823,0.1370751735113913,0.012061991948237205,-1.4783392723229767,0.722847222917153,0.932008339327524,0.9166296638100562,0.029416841371293856,-10.838918607798405,0.08218145166534896,-0.15850631321968933,1.4592098914914686,0.9298681794418826,0.004548221688085441,0.012150713408978664,-0.11633593926913299,0.6465250575537027,-0.7385028284599571,-0.09197777090625436,2.670000000000016,2.640000000000043
2022-04-01,2022,4,0.19064760207010067,0.31068277006937706,0.0001363657860957001,0.1512382458295214,0.011536061390611141,-0.9107179691053915,1.6031241185638692,0.4950676661981106,-0.4397807385398096,0.220859542537859,-11.552851448461297,0.011804550791993051,0.11261630225953922,1.3503077901681309,0.49941894789998287,0.006937593000180264,-0.0004977797834762043,-0.0278120239039108,-0.5598285296101224,0.257167610097607,-0.30266091951250473,2.769999999999982,2.740000000000009
2022-05-01,2022,5,0.05492790915769774,0.04795067719675217,-8.290163426001237e-06,-0.28475194027402395,-0.014780944821716435,-1.6710705627840454,-0.09977284645725604,-0.06605739979596592,-0.18629747057605073,0.11124805502497637,-13.236731907891226,0.25383841566966225,0.17743160814719516,-0.30637142462103384,-0.06260569200588861,0.0027347533288009096,-0.00307697825710207,0.0176072125528961,-0.3739523331234693,0.2100502859538551,-0.16390204716961598,2.4399999999999977,2.419999999999959
2022-06-01,2022,6,0.14339575736960342,0.09270068557236755,-3.605416127159915e-05,-0.390069417614324,0.009057478147961762,-1.6894342506618472,-0.0496834791775882,0.3586811585841474,1.3038188547012624,0.19079432114255823,-12.159915121505037,0.2809260796062176,-0.16104856774637355,-0.21486857616639554,0.3620824284577111,-0.002003348626833823,0.0122333805994006,-0.09046336539683963,0.6710498862061129,0.16858636686237105,0.8396362530684769,2.2200000000000273,2.240000000000009
2022-07-01,2022,7,0.05525761425519704,0.26017473354602316,1.7148779375999318e-05,0.050590940416199714,0.001263851753972256,0.39912003073225577,1.2496304819730426,0.04417401840379398,-1.9524399438701607,-0.014713804942552144,-9.219009122200077,-0.030881957723465803,0.01613520685561909,0.19837594795944824,0.04347457201538418,-0.0007690245122744521,-0.025497640390239606,-0.11170655969283594,-1.8907089743485415,1.0505550876251846,-0.8401538867233569,2.2100000000000364,2.2200000000000273
2022-08-01,2022,8,0.021398204433182855,0.13742288543181758,9.246515969339904e-05,0.17123528918422082,0.006862766274338128,0.6261675743277948,1.3969098852247726,-0.01377744186856944,-1.6736386943727837,-0.20663646630188737,0.9018199923448265,-0.09735489930034191,-0.0699793109902842,0.6256953464622939,-0.018600934735957253,-0.0011691783095928443,-0.02084096592174367,-0.10049437899830238,-1.43962663976086,0.7663910458950873,-0.673235593865769,2.240000000000009,2.259999999999991
2022-09-01,2022,9,0.010355208523264992,0.019483925506733613,-6.368433665799103e-06,-0.20767982096945303,-0.007080542190927797,-0.6439696992078012,0.01645555432293122,0.10430299091513007,0.2951786932801497,-0.21476593915300413,0.42686288205732126,0.05180838932693632,-0.24398022235664385,-0.027253045280190236,0.11124032347993307,0.004382061777849611,0.006939446933503124,-0.09794661052577425,0.21415602074958429,0.050645932167920904,0.26480195291750874,2.240000000000009,2.2800000000000296
2022-10-01,2022,10,0.016967664707635777,-0.05906206383406243,-3.287624242510022e-05,-0.15120492687832154,0.0018021762490834092,-0.17004739920312062,0.17939669697591398,-0.024834623107437892,-0.022343330619463586,-0.06853360453449397,-1.2235238106222823,0.06620913026210928,-0.037714066153021975,-0.11613953694978818,-0.019722508152653973,0.005582575036953585,0.003583697698898547,-0.019388310551279986,-0.057732922500122186,0.300648348880479,0.2429154263803639,2.3100000000000023,2.319999999999993
2022-11-01,2022,11,-0.1872137354238248,0.11757019792605661,-7.415013648029954e-05,-0.2417957232669714,-0.0016947318469429096,-0.4516181598784925,-0.7232509657284254,-0.9520327179442916,-0.05588374698993448,0.11143609712961933,-2.2764875615102937,0.08654885307586824,0.26268039114761166,-0.7922248850401274,-0.9526577080897027,0.0019281980289536094,-0.0002135283815820621,0.09614051741066021,0.008811693952168298,0.06834892916628732,0.07716062311845917,2.259999999999991,2.329999999999984
2022-12-01,2022,12,-0.11900521840033207,-0.2977026075143385,-6.925473981449909e-05,-0.30888139349560717,0.0021338259247665192,-1.6482736168114585,-1.5406602164676428,-0.8058725603787593,2.3176205719276766,0.10525478344504435,6.615144278315711,0.1266139061229694,-0.09593910017048302,-0.8444463866578644,-0.8147024073120406,-0.006380546531780773,0.022123122037671195,0.019041259310656145,1.9898127821891762,-0.7050436767430668,1.2847691054461166,2.3100000000000023,2.3899999999999864
2023-01-01,2023,1,-0.07712828136226335,-0.15579158880785826,-1.876289827779966e-05,0.01392092536947942,0.0028882023934877488,-0.39599471540070397,-0.6441725413530435,-0.7038536004254183,-0.08541291176970844,-0.04912719947009947,0.6537598780996632,0.04664961286061953,-0.2157622369839558,-0.31426408912045645,-0.7083599769388229,-0.004608860492368194,-0.008123099816488288,-0.08299304251379702,-0.2986975621442127,-0.33441482874599515,-0.6331123908902079,2.1899999999999977,2.1999999999999886
2023-02-01,2023,2,0.0033961088984142407,-0.07494339870112299,3.157058675149968e-05,0.2323203015330293,-0.00028091236055771684,1.6095002444710573,0.1216432628639268,-0.03766043933677565,0.2597278342611844,0.021717079804869144,-3.3612990065157646,-0.06678860446825752,-0.08254729454038312,0.44986919503946865,-0.03396442219059281,0.005212537670310269,0.00841511068734313,-0.02755720496489822,0.222252064384179,-0.324529915029359,-0.10227785064518002,2.009999999999991,2.009999999999991
2023-03-01,2023,3,0.009178331632256231,-0.12702144181480435,1.050970936049972e-05,0.005311333774464799,-0.018686889317415356,0.11170431681976112,0.567261664829573,0.32691175087546753,-0.11495604599619469,-0.10297656781035514,0.8787021101161372,-0.15749946686912608,-0.05142682886535255,0.3625722162763054,0.31733282624361436,-0.0049658659126432525,-0.00249358599472993,-0.008387436607149468,0.09409315981793043,0.19511052392141437,0.2892036837393448,1.8199999999999932,1.8199999999999932
2023-04-01,2023,4,-0.00898867722378327,-0.17946999946519782,2.482382167970018e-05,0.193958297648944,-0.008964321055098923,0.0847430895496899,-0.42017049928477945,0.014212781563912813,1.4759862693283878,-0.014002662269742672,5.894346013388713,-0.07566649226828304,-0.10224937271337353,0.001852528070628523,-0.00033877585570962765,-0.008388585173104257,0.014405927250920048,-0.01859894643045834,1.4634060511530507,-0.4365745847750304,1.026831466378015,1.910000000000025,1.910000000000025
2023-05-01,2023,5,0.14324277866529656,0.19951919118966543,0.00017427495071400088,0.939522586849602,0.0019047572351074127,1.7601172137534817,1.601406026258644,0.6491915874860297,0.8048686904684814,-0.12319800593033037,12.722194738162216,-0.5001880707678481,-0.28070773389952564,1.9949047213394806,0.6465782609819826,-0.01479182831363035,0.005713573831291008,-0.07840738087748989,1.1475470332671591,-0.3961120215848837,0.7514350116822754,2.1200000000000045,2.1299999999999955
2023-06-01,2023,6,0.19434880359648332,0.19827858199892034,0.00022176437266379842,0.7398612412647871,-0.00937356526130817,0.8270572482028342,1.7215788998187804,0.9601767851696081,-0.3999862270412109,-0.06373349865815214,9.028816121295677,-0.3000791777220968,0.09205221229207083,2.0090853408165117,0.963040571498027,-0.0007677806036867629,-0.0014325472784797455,0.013835009018308142,0.05587866163114086,-0.2846426546693124,-0.22876399303817152,2.159999999999968,2.159999999999968
2023-07-01,2023,7,0.3256319012669451,0.08525916907916553,0.00016670370804880083,0.4258337585563652,-0.004388651422696621,-0.028127115765720134,1.2767337020526384,1.7370828418743827,1.9535766644891908,0.1156307167769306,4.957427054760046,-0.17105894243181297,-0.05723128677726308,2.0860805146023154,1.74033247698776,-0.0006856751721016074,0.028635130287310684,-0.04863171413624734,1.9517736033668314,-0.8060971774362997,1.1456764259305317,2.259999999999991,2.259999999999991
2023-08-01,2023,8,0.33156214592503375,0.23783536825465035,0.00018096911879490057,0.38032413433171186,-0.007409499897307104,-0.7742476028443122,0.8801481623053178,1.8074767044564055,2.4377059533511556,0.16795678178432993,4.7065866668272065,-0.2142549313227562,-0.19774122502210645,2.089515032673148,1.8131164384655563,-0.0030585004904777335,0.030029727952790797,-0.10999130586250949,2.2862628778675003,-1.2037271363586797,1.0825357415088206,2.3899999999999864,2.3800000000000523
2023-09-01,2023,9,0.47523243201612786,0.48855750678353616,0.0002874048904616001,0.886988686190282,0.0010887662541014809,-0.3649347818321189,2.173892401845535,2.2175457856372986,1.0399486584622082,0.03772717394020475,4.096212338423356,-0.4679071545880049,-0.2786226828373337,3.2858973950318386,2.220602057788142,-0.011570252406020831,0.005927876418513556,-0.1278540602562952,1.1915059562726924,-1.1089487210354605,0.08255723523723191,2.5600000000000023,2.5600000000000023
2023-10-01,2023,10,0.31997515916157226,0.5539626568116205,0.0002562464132920012,0.6793926065291309,-0.020915184528023545,0.3674592290429288,2.4842448860836726,1.824865211087399,-0.545027922118237,-0.23670929294949516,6.053916782475426,-0.5875556303640792,-0.2974647709539582,2.814486983438087,1.8271268103423495,-0.020352323072337253,-0.016623757836916386,-0.07661579978272748,-0.01822776975862439,-0.32798049809946406,-0.3462082678580849,2.6999999999999886,2.7099999999999795
2023-11-01,2023,11,0.5812185880408265,0.7194291858867814,0.00034041698439419947,1.1453996085839684,-0.00201089335347715,1.0904910006902853,3.990035018296055,2.7924086807055346,-1.2750979447868644,-0.4449409800002364,12.435797137528425,-0.7967732799832845,-0.5107689157777671,4.033368578966986,2.790315844597501,-0.023104953512497417,-0.025428791209306745,-0.12513464435064137,-0.5441526005810715,-0.045426396778960765,-0.5895789973600358,2.5600000000000023,2.5600000000000023
2023-12-01,2023,12,0.5162855153237729,0.8126721778934325,0.0003083953853049992,1.0008623015558022,-0.011632345422443513,1.9791403875956846,3.7408603398192213,2.614014051870072,-1.8937367601886308,-0.004652811697170023,2.993155805612332,-0.5120281532614683,0.05714505863749508,3.564790473782409,2.6205918219846467,-0.008978028271540595,-0.025130415444149623,-0.03940832707748143,-1.3199107365925045,0.18264763615139046,-1.137263100441114,2.589999999999975,2.579999999999984
2024-01-01,2024,1,0.3894989864284639,0.9960004700636205,0.0003011781630394006,0.9279504228046029,-0.004754729241683964,3.1541627525034315,3.819447964623464,2.3202120593423956,-3.300234056512636,-0.10872429910577353,9.217615480505629,-0.5161902881557978,0.2727570418862584,3.1507136662628454,2.327257092605862,-0.001708770890046729,-0.03720287203014738,0.05435309566012414,-2.402562427364778,0.6757793316240885,-1.7267830957406964,2.839999999999975,2.830000000000041
2024-02-01,2024,2,0.41599793473920954,0.9493339856002194,0.0003044535024396,0.985991733102864,-0.007570421497172686,1.5459427125797447,3.741025373294633,2.1833909675882524,-2.8514788489729597,-0.36705034138033454,11.284609896218171,-0.627402571301019,-0.20504141813122345,3.464888690335954,2.178773333350364,-0.005588114243122888,-0.03642185765272288,-0.04720837429171887,-2.0620673544228225,0.2715190487207906,-1.7905483057020284,3.150000000000034,3.1499999999999773
2024-03-01,2024,3,0.17083767098102953,0.8468114643363265,0.0002754054217859996,1.1472052277089944,0.010875235552475715,2.929306887730128,3.221308116655905,1.032357371615717,-2.8689696602679646,-0.35099063967458477,14.088141548621934,-0.6967891144364842,-0.18778462667442142,2.6095517826557852,1.026267515458187,-0.005806211749574963,-0.034407003986115736,-0.0421635268318159,-2.008974532831303,0.6056664778425898,-1.4033080549887131,3.430000000000007,3.430000000000007
2024-04-01,2024,4,0.29592398587431035,0.982585666615762,0.00030801571517550044,0.8609802985553614,0.006150729290974155,1.947456629848162,3.4504459092734123,1.512875520709997,-3.2608306749563383,-0.5233525711274858,4.832785451581003,-0.7824797711514293,-0.3037998077117763,2.9654384692792632,1.5139745086304401,-0.01811806585905762,-0.05085931282627998,-0.053623279495150555,-2.2587981403892172,0.48610642791459213,-1.7726917124746269,3.3899999999999864,3.3899999999999864
2024-05-01,2024,5,0.18513373414310763,0.5384066620194972,0.00012865946368669987,0.30085211576890103,-0.0014524963844007033,0.35229064324008874,1.5220385677972672,0.9938833914965244,-1.8152973820590148,0.06131374924195043,-0.7303159898146987,-0.297271060346759,0.14477200972218895,1.2445319172546192,0.9952070652941529,-0.009831224263477711,-0.029010687224475085,0.04401825815569893,-1.4345680612320848,0.27883032434027655,-1.1557377368918083,3.3700000000000045,3.3600000000000136
2024-06-01,2024,6,0.07673083949566717,0.46655029182113594,5.522497205970138e-05,0.25924955208530776,0.010770885408872832,1.178226171408717,1.5420362036032316,0.6366478817255938,-2.286924562974775,-0.2605785227212003,3.461589134501992,-0.3439772840809212,-0.020177521676718158,0.8634804105821559,0.6377918186462352,-0.018618386503173046,-0.04128940075836285,0.014583825262338479,-1.7025462778493932,0.6796997299417207,-1.022846547907676,3.640000000000043,3.650000000000034
2024-07-01,2024,7,-0.11846682350977744,0.18952384189839222,-2.3683949040599617e-05,-0.05983435678912841,-0.0023761732117624224,0.6717179209823101,-0.47982751728426365,-0.5311348866968046,-1.2775294677563807,-0.2281676931937504,-5.297284669824876,-0.004221399998897368,-0.09791648682045562,-0.5861640792944058,-0.5303417887142245,-0.011053466510355214,-0.02904165774736356,0.018289704295854747,-1.1430568613841388,0.10712965999272228,-1.0359272013914165,3.680000000000007,3.680000000000007
2024-08-01,2024,8,-0.004471033974084548,0.16526364407377514,-1.2969569892299845e-05,0.17752461362709226,0.010618600632722686,0.18951089716104974,0.006383065378486208,-0.39162385422991974,-0.9205926563607534,-0.11901377147293957,-5.607441984509933,-0.04264415072341876,-0.060879400813291795,0.010440049799740336,-0.3920712767861687,-0.007103384940420732,-0.018882008950658058,0.029000039180475667,-0.8198141349776336,-0.004504406977503095,-0.8243185419551402,3.490000000000009,3.5
2024-09-01,2024,9,-0.21471390643466748,0.07262991080784786,-4.0044405800701566e-05,-0.0299481404387123,-8.221533629859668e-05,0.46344807520695497,-0.17555968380298737,-0.9017234263664022,-1.112461923001291,-0.07775805087436183,2.9956036525109084,0.05456286776632169,0.14363343488077973,-0.6117016366270605,-0.8980196000448473,-0.0036596428864315023,-0.01727045455226328,0.07628534465107961,-0.9456333050124783,0.43984577914562806,-0.5057875258668503,3.409999999999968,3.409999999999968
2024-10-01,2024,10,-0.04040710688218496,-0.05927208281264029,-4.21194917336002e-05,0.009437497525162541,0.01247435065708824,0.2844532679687859,-0.3521067923176133,-0.3175402363591502,0.20528027526714254,0.1698024721237701,2.4474850549013354,0.13178684606995716,0.11470161450338168,-0.3135980108683043,-0.31936005260820366,-0.0045108598800247535,-0.004568102335286817,0.003467560131648284,0.01839257157681118,-0.0403285976983625,-0.021936026121554875,3.5,3.5
2024-11-01,2024,11,-0.16097458511376317,-0.1787858974226424,-8.627767071469998e-05,-0.36875107555281517,0.008733754529199445,-0.44885130625056036,-0.8788348698707864,-0.8934234632253606,-0.19806213499106207,0.3578684687375926,-5.999391518693301,0.3765044766128085,0.2661892448372143,-1.2484998045882207,-0.8949168348715943,-0.005018320554597722,-0.014138073786250871,-0.0007792593013036253,-0.6662458355042418,0.3681715630712006,-0.2980742724330412,3.660000000000025,3.650000000000034
2024-12-01,2024,12,-0.09530940444790303,-0.12700644257000704,-0.00012652243213289935,-0.25299229261409195,0.006057847043294484,-0.563907820419729,-1.1778579264545783,-0.8480457465366271,0.6966999065588766,0.2906098482653796,-0.2182057690079091,0.16299673119726776,0.3755809673300661,-1.2220133884497386,-0.8525591004523676,-0.00788623735786853,-6.389871691458993e-05,0.09655033629605825,0.618674294426313,0.03964210807941981,0.6583164025057293,3.7099999999999795,3.7200000000000273
2025-01-01,2025,1,0.06250794769306367,-0.4333386446934355,-0.00017328670256130073,-0.4967980385983637,0.0007412529358137299,-2.5865213989955507,-1.6232953561810746,-0.14399111797268915,2.762778256390618,0.2248415745241239,-13.188704255022458,0.1563274385855209,0.028393945428511813,-1.0760247069696334,-0.14958686852855863,-0.01873604899264958,0.018028009309412507,0.038666150748294825,2.4100031887094744,-0.5528663997673107,1.8571367889421708,3.830000000000041,3.839999999999975
2025-02-01,2025,2,-0.16307360635232726,-0.3976624313690422,-0.00018196759986720094,-0.5638086826004951,0.006680493152918965,-1.4552699717263877,-1.6072129039625338,-0.9340822936583209,0.644735725518558,0.26106264892824527,-8.897108598685008,0.19202360663157947,0.36721757734240157,-1.8288400886661407,-0.9354965235039572,-0.018848367834637614,-0.009204852042106193,0.1205841083372281,0.5588670473011632,0.22021295485797054,0.7790800021591302,3.6499999999999773,3.650000000000034
2025-03-01,2025,3,-0.013125331200171786,-0.36556191999869725,-0.00013814947876359882,-0.49325352801317024,0.00622814864693233,-1.5752582300941285,-1.5396573200810622,-0.24129348346826873,1.2936584779294833,0.005916636814337295,-9.38149089323997,0.23933206449507338,-0.14836573120525287,-1.0610256080206568,-0.2224265747913705,-0.00565767498593317,0.006822077603393595,-0.09739213056119311,0.9000440454148304,-0.45976480338351067,0.4402792420313233,3.169999999999959,3.180000000000007
2025-04-01,2025,4,-0.02370700882198662,-0.4416421381019404,-0.00017040426191729935,-0.3960537825872983,0.002172355946124971,-0.5455154528093047,-0.7870815969369005,-0.19481112418992552,-0.20986395070858066,-0.17862274735132644,-13.78175087038835,0.21925591784039966,-0.2627531662030975,-1.127359534940183,-0.1836103242475815,0.007662640168888846,0.0016443511613597472,-0.1739271888018532,-0.5132502874007514,0.3514787379456301,-0.16177154945512484,3.0500000000000114,3.0600000000000023
2025-05-01,2025,5,-0.06640904883931853,-0.3393730121206886,-0.00011270150482669931,-0.29938098265302315,0.014377978214279663,-0.6360949420540507,-0.6601530022855968,-0.4038903215990217,-0.05356223540573524,-0.4777703571085361,-7.7510341657471145,0.12453962420298126,-0.472455433778066,-0.9187431313760612,-0.3982380758070576,0.007452394072606339,0.00453361994014978,-0.1450271756393935,-0.17278693627818598,0.2642423748824285,0.09145543860424254,2.9599999999999795,2.9700000000000273
2025-06-01,2025,6,-0.15223947785813152,-0.217588845903947,-0.00013886827397180043,-0.41499841720901287,-0.012553458972668796,-1.1590057887968896,-2.021654205740049,-1.0837620181348484,1.5742240264471263,-0.07424465518499446,-11.823919887334341,0.21746951741948806,-0.47240511496883286,-1.6883049638624357,-1.0802906117852444,-0.003960760032535315,0.014501584184956506,-0.09761869393528677,0.9585940492437999,-0.32987783552801275,0.6287162137157907,2.6399999999999864,2.6299999999999955
2025-07-01,2025,7,-0.2274851670910607,-0.47897813014594703,-0.0001767233869866009,-0.5565973970144391,-0.032220675143531885,-1.3873996783947504,-2.0345226758333865,-0.8108660033293518,2.2266814168233964,-0.04071765509554126,1.4621727237827145,0.2635342579815756,-0.347457134864559,-2.1872795757562358,-0.8083681107063398,0.00126294617297118,0.03331954586467578,-0.13403818103803822,1.656407679072771,0.15525479254586116,1.8116624716186323,2.6200000000000045,2.6200000000000045
2025-08-01,2025,8,-0.22755265323075946,-0.38184248999584725,-0.00026292027320170067,-0.838660634720668,-0.043178928169141706,-0.3261784495774478,-2.206308240834801,-0.7721360952943428,1.8955709368568705,0.1168374174399851,-4.193810246157227,0.40047100184679607,-0.10207412366872504,-2.8079763716888806,-0.775719655072237,0.002723652764855977,0.028915278300130964,-0.13878431422138782,1.2761883939012932,0.5980845710761855,1.8742729649774823,2.7700000000000387,2.759999999999991
2025-09-01,2025,9,-0.07827981815762541,-0.40909124733610724,-0.0002366304395636995,-0.9085966361271716,-0.030961580984714465,-0.5288756550566731,-2.6694794314754517,-0.19349343246858552,2.653623016019367,0.13765147404863853,-8.914586996877915,0.4349372518454402,-0.2191056135299263,-2.4251041876474346,-0.19575426927559647,0.007063548375479289,0.03982173996467875,-0.14374905564057983,1.8619286765953689,-0.24663608063502807,1.6152925959603408,2.5600000000000023,2.5600000000000023
2025-10-01,2025,10,-0.10428601631105039,-0.2372932069679905,-0.00024660704629820077,-0.7813790515279422,-0.01597971618333416,-0.9999104671277763,-2.358977965036104,-0.321635146578501,2.5586306754076418,-0.28262784973472677,-6.597983895349898,0.26035624844504923,-0.5848092994540224,-2.3787963429857655,-0.31329076817121404,-0.008761680641416802,0.02982186653310226,-0.1945989500860854,1.9960929772432792,0.0281627563569522,2.024255733600228,2.3800000000000523,2.3700000000000045
2025-11-01,2025,11,-0.0140371919720792,-0.382111917959719,-0.0002942058453096995,-0.8716431023273401,-0.04079946226150638,-0.6608363255869563,-2.9751242671736122,0.09452280414939196,3.67196435837468,-0.307451235890543,-1.7906481571990298,0.25022022568839475,-0.7755567790499214,-2.1358899581113064,0.1169129857892699,-0.01656544852730324,0.03739751314971285,-0.14958176142510382,2.9536385895268538,-0.8168441274224278,2.136794462104433,2.410000000000025,2.419999999999959
2025-12-01,2025,12,-0.24096080250518526,-0.5383361857282694,-0.0002421558653672995,-0.9860494397964459,-0.039838004393153326,0.8180444897675443,-2.421160582046184,-0.2495570764208992,2.9868630879718694,-0.17363588650202288,-3.002192335712607,0.36829442618019925,-0.5467918343105396,-2.5428116773057354,-0.23026392956194286,-0.012099108892092758,0.03233041004683024,-0.1471108430271464,2.245412713983164,0.1409442421185041,2.3863569561016824,2.140000000000043,2.1399999999999864
